# Blender 5.2.2 LTS
# www.blender.org
mtllib ghost_body.mtl
o GHOST_BODY
v 0.153001 -2.683459 -0.261334
v 0.000000 -2.689840 -0.329648
v 0.099401 -2.497010 -0.185909
v 0.000000 -2.497393 -0.234058
v 0.308064 -2.749689 -0.230754
v 0.165547 -3.273327 -0.362835
v -0.000044 -3.268498 -0.414437
v 0.310807 -3.296321 -0.179948
v 0.145309 -2.939061 -0.394194
v 0.274475 -2.987526 -0.224952
v 0.000000 -2.928650 -0.428411
v 0.415640 -2.837935 -0.201711
v 0.349646 -2.989438 -0.185800
v 0.587077 -3.269537 -0.117073
v 0.543050 -3.355502 -0.127392
v 0.688607 -3.632641 0.030136
v 0.598902 -3.707269 0.025874
v 0.644386 -3.452840 -0.052901
v 0.574704 -3.531987 -0.064448
v 0.515107 -3.043607 -0.162628
v 0.430455 -3.152262 -0.163383
v 0.000239 -3.557996 -0.435468
v 0.188586 -3.553643 -0.379174
v 0.368596 -3.566786 -0.207523
v 0.000000 -3.801053 -0.439471
v 0.212715 -3.791913 -0.392868
v 0.409671 -3.819822 -0.188637
v 0.193567 -2.691959 0.054381
v -0.000110 -2.709784 0.084918
v 0.100677 -2.505329 -0.025102
v 0.000496 -2.514845 0.015995
v 0.305155 -2.751040 0.078324
v 0.317073 -3.370789 0.287450
v 0.000000 -3.407111 0.373000
v 0.422139 -3.341084 0.118564
v 0.194652 -3.003224 0.225617
v 0.310618 -3.028007 0.142021
v 0.000480 -2.984188 0.232006
v 0.401474 -2.838272 0.079792
v 0.339923 -3.043227 0.130564
v 0.608091 -3.258722 0.182453
v 0.484114 -3.422375 0.078778
v 0.694536 -3.655052 0.191830
v 0.609230 -3.730282 0.181212
v 0.665638 -3.457787 0.205853
v 0.540044 -3.572037 0.139686
v 0.511350 -3.065990 0.151499
v 0.410845 -3.225888 0.086558
v 0.001063 -3.701285 0.388927
v 0.367811 -3.674245 0.292037
v 0.475771 -3.633761 0.082786
v 0.000201 -3.867782 0.331452
v 0.371488 -3.885621 0.268366
v 0.479350 -3.861866 0.079979
v -0.153001 -2.683459 -0.261334
v -0.099401 -2.497010 -0.185909
v -0.308064 -2.749689 -0.230754
v -0.165617 -3.273515 -0.362646
v -0.310813 -3.296338 -0.179935
v -0.145316 -2.939059 -0.394213
v -0.274475 -2.987526 -0.224952
v -0.415640 -2.837935 -0.201711
v -0.349646 -2.989438 -0.185800
v -0.587077 -3.269537 -0.117073
v -0.543050 -3.355502 -0.127392
v -0.688607 -3.632641 0.030136
v -0.598902 -3.707269 0.025874
v -0.644386 -3.452840 -0.052901
v -0.574704 -3.531987 -0.064448
v -0.515107 -3.043607 -0.162628
v -0.430455 -3.152262 -0.163383
v -0.188603 -3.553625 -0.378664
v -0.368397 -3.566942 -0.207364
v -0.212701 -3.791797 -0.392934
v -0.393880 -3.831807 -0.181460
v -0.193736 -2.692249 0.054208
v -0.100602 -2.505204 -0.024900
v -0.305155 -2.751040 0.078324
v -0.317105 -3.370906 0.287451
v -0.422124 -3.341087 0.118535
v -0.195219 -3.004070 0.224635
v -0.310620 -3.028028 0.141957
v -0.401474 -2.838272 0.079792
v -0.339923 -3.043227 0.130564
v -0.608091 -3.258722 0.182453
v -0.484114 -3.422375 0.078778
v -0.694536 -3.655052 0.191830
v -0.609230 -3.730282 0.181212
v -0.665638 -3.457787 0.205853
v -0.540044 -3.572037 0.139686
v -0.511350 -3.065990 0.151499
v -0.410845 -3.225888 0.086558
v -0.367518 -3.675023 0.293662
v -0.475461 -3.634654 0.083439
v -0.370320 -3.886357 0.270780
v -0.476453 -3.866036 0.083200
v 0.095596 -2.394282 -0.180639
v 0.000000 -2.390259 -0.234392
v 0.101995 -2.431306 -0.030846
v 0.102391 -2.581299 -0.191028
v 0.000000 -2.586212 -0.252758
v 0.132162 -2.580241 -0.020047
v 0.000438 -2.591110 0.017060
v -0.102391 -2.581299 -0.191028
v -0.132148 -2.580115 -0.019806
v 0.069998 -2.688819 -0.317915
v 0.098271 -2.543523 -0.189124
v 0.000000 -2.546238 -0.244395
v 0.055909 -2.497535 -0.227050
v 0.146797 -2.793619 -0.354657
v 0.290894 -2.843247 -0.279392
v 0.240912 -2.720413 -0.243401
v 0.176416 -3.419933 -0.369437
v -0.000031 -3.104969 -0.416250
v 0.348862 -3.428289 -0.179434
v 0.244662 -3.280053 -0.286903
v 0.082300 -3.269681 -0.402586
v 0.154550 -3.113220 -0.368376
v 0.280239 -3.149037 -0.194168
v 0.000000 -2.784817 -0.388386
v 0.071134 -2.929617 -0.421561
v 0.218238 -2.960536 -0.335862
v 0.395754 -2.909070 -0.242946
v 0.571698 -3.317572 -0.143768
v 0.473291 -2.937760 -0.179211
v 0.484893 -3.245051 -0.158535
v 0.663504 -3.700570 0.004613
v 0.616935 -3.348326 -0.091862
v 0.576095 -3.628812 -0.012719
v 0.662023 -3.556739 -0.001423
v 0.566163 -3.433285 -0.107567
v 0.618306 -3.493951 -0.092217
v 0.547163 -3.143437 -0.152425
v 0.388087 -3.059623 -0.176216
v 0.481334 -3.097383 -0.202570
v 0.000000 -3.418792 -0.420519
v 0.203099 -3.676966 -0.396814
v 0.391798 -3.688043 -0.206971
v 0.284268 -3.554992 -0.304326
v 0.090294 -3.557312 -0.424504
v 0.000470 -3.687070 -0.454625
v 0.330095 -3.789664 -0.317451
v 0.095487 -3.802570 -0.426635
v 0.096165 -2.706250 0.082962
v 0.109034 -2.541548 -0.025575
v 0.000525 -2.549467 0.014164
v 0.055838 -2.512325 0.006876
v 0.172374 -2.838347 0.160490
v 0.293650 -2.870327 0.160455
v 0.257111 -2.727795 0.068804
v 0.374810 -3.544926 0.303203
v -0.000158 -3.163987 0.263645
v 0.445052 -3.493741 0.102222
v 0.410012 -3.356211 0.224434
v 0.204237 -3.398622 0.354873
v 0.272824 -3.181534 0.265469
v 0.367096 -3.185977 0.148261
v 0.000621 -2.829402 0.166106
v 0.099060 -2.989975 0.238550
v 0.268538 -3.017704 0.192011
v 0.383655 -2.936147 0.183818
v 0.507003 -3.373879 0.240620
v 0.460795 -2.947361 0.124178
v 0.458557 -3.327724 0.055917
v 0.671690 -3.726384 0.221993
v 0.638506 -3.349279 0.198224
v 0.575225 -3.655090 0.175842
v 0.675765 -3.574389 0.209834
v 0.507542 -3.495243 0.105608
v 0.584135 -3.531435 0.256855
v 0.561968 -3.164750 0.145949
v 0.367933 -3.127147 0.111841
v 0.456595 -3.165058 0.225346
v 0.000230 -3.589750 0.404136
v 0.387349 -3.789342 0.286938
v 0.482332 -3.753423 0.081973
v 0.449262 -3.652139 0.198665
v 0.200909 -3.695979 0.364433
v -0.000066 -3.788843 0.368949
v 0.472426 -3.876858 0.188348
v 0.187662 -3.878836 0.317968
v 0.418017 -2.795718 -0.071590
v 0.542282 -3.012531 -0.027593
v 0.122359 -2.496695 -0.094440
v 0.507273 -3.390300 -0.056313
v 0.407696 -3.203093 -0.061214
v 0.427774 -3.596782 -0.055038
v 0.450580 -3.847300 -0.052997
v 0.378050 -3.326903 -0.035674
v 0.713760 -3.653117 0.110526
v 0.602546 -3.742595 0.103408
v 0.605409 -3.214947 -0.028319
v 0.659003 -3.433003 0.051059
v 0.230377 -2.643876 -0.097035
v 0.541488 -3.562408 0.020350
v 0.300227 -3.065149 -0.018903
v 0.322428 -3.056295 -0.040722
v 0.320653 -2.707875 -0.085197
v -0.069998 -2.688819 -0.317915
v -0.098271 -2.543523 -0.189124
v -0.055909 -2.497535 -0.227050
v -0.146797 -2.793619 -0.354657
v -0.290894 -2.843247 -0.279392
v -0.240912 -2.720413 -0.243401
v -0.176493 -3.419990 -0.368958
v -0.348862 -3.428289 -0.179434
v -0.244699 -3.280155 -0.286801
v -0.082393 -3.269742 -0.402302
v -0.154592 -3.113389 -0.368441
v -0.280239 -3.149037 -0.194168
v -0.071134 -2.929617 -0.421561
v -0.218238 -2.960536 -0.335862
v -0.395754 -2.909070 -0.242946
v -0.571698 -3.317572 -0.143768
v -0.473291 -2.937760 -0.179211
v -0.484893 -3.245051 -0.158535
v -0.663504 -3.700570 0.004613
v -0.616935 -3.348326 -0.091862
v -0.576095 -3.628812 -0.012719
v -0.662023 -3.556739 -0.001423
v -0.566163 -3.433285 -0.107567
v -0.618306 -3.493951 -0.092217
v -0.547163 -3.143437 -0.152425
v -0.388087 -3.059623 -0.176216
v -0.481334 -3.097383 -0.202570
v -0.203090 -3.676884 -0.396305
v -0.390114 -3.689571 -0.206011
v -0.284218 -3.555087 -0.304055
v -0.090183 -3.557145 -0.423858
v -0.330161 -3.789871 -0.317149
v -0.095439 -3.802475 -0.426632
v -0.096570 -2.706641 0.083492
v -0.108955 -2.541460 -0.025369
v -0.055210 -2.512160 0.006880
v -0.172872 -2.839160 0.160839
v -0.293686 -2.870371 0.160367
v -0.257142 -2.727826 0.068748
v -0.374652 -3.545164 0.303592
v -0.444990 -3.493829 0.102295
v -0.410043 -3.356223 0.224380
v -0.204237 -3.398622 0.354873
v -0.273107 -3.181753 0.265150
v -0.367071 -3.185974 0.148212
v -0.098900 -2.991829 0.236493
v -0.268767 -3.017995 0.191583
v -0.383655 -2.936147 0.183818
v -0.507003 -3.373879 0.240620
v -0.460795 -2.947361 0.124178
v -0.458557 -3.327724 0.055917
v -0.671690 -3.726384 0.221993
v -0.638506 -3.349279 0.198224
v -0.575225 -3.655090 0.175842
v -0.675765 -3.574389 0.209834
v -0.507542 -3.495243 0.105608
v -0.584135 -3.531435 0.256855
v -0.561968 -3.164750 0.145949
v -0.367933 -3.127147 0.111841
v -0.456595 -3.165058 0.225346
v -0.386318 -3.789939 0.288989
v -0.480715 -3.756478 0.084465
v -0.448714 -3.652761 0.199592
v -0.199771 -3.697541 0.367638
v -0.471169 -3.878351 0.190861
v -0.186762 -3.879297 0.320242
v -0.418017 -2.795718 -0.071590
v -0.542282 -3.012531 -0.027593
v -0.122361 -2.496693 -0.094433
v -0.507273 -3.390300 -0.056313
v -0.407696 -3.203093 -0.061214
v -0.426552 -3.598197 -0.054131
v -0.441020 -3.858150 -0.047672
v -0.378050 -3.326903 -0.035674
v -0.713760 -3.653117 0.110526
v -0.602546 -3.742595 0.103408
v -0.605409 -3.214947 -0.028319
v -0.659003 -3.433003 0.051059
v -0.230377 -2.643876 -0.097035
v -0.541488 -3.562408 0.020350
v -0.300227 -3.065149 -0.018903
v -0.322428 -3.056295 -0.040722
v -0.320653 -2.707875 -0.085197
v 0.050171 -2.386670 -0.223654
v -0.063893 -2.402637 -0.221610
v 0.120135 -2.631977 -0.212859
v 0.000000 -2.637680 -0.283048
v 0.172837 -2.626681 -0.003339
v 0.000023 -2.643614 0.029852
v -0.120135 -2.631977 -0.212859
v -0.172829 -2.626674 -0.003309
v -0.141423 -2.574523 -0.089352
v -0.076797 -2.587893 0.010613
v -0.055656 -2.585390 -0.242103
v 0.141414 -2.574527 -0.089367
v 0.077326 -2.588104 0.010665
v 0.055656 -2.585390 -0.242103
v 0.054292 -2.545901 -0.235497
v 0.226216 -3.126860 -0.300412
v 0.077267 -3.106427 -0.404720
v 0.070781 -2.785462 -0.380096
v 0.225421 -2.817438 -0.318107
v 0.527036 -3.194534 -0.191774
v 0.624098 -3.599646 -0.046801
v 0.601000 -3.392120 -0.129267
v 0.442055 -2.995074 -0.222334
v 0.265888 -3.421801 -0.291548
v 0.086412 -3.419573 -0.409979
v 0.307966 -3.676008 -0.317652
v 0.094150 -3.685202 -0.442866
v 0.062051 -2.547148 0.005742
v 0.342480 -3.183809 0.219091
v 0.138575 -3.176374 0.289400
v 0.088372 -2.832101 0.166730
v 0.240472 -2.856118 0.162474
v 0.473476 -3.277527 0.222156
v 0.618318 -3.628998 0.257409
v 0.545524 -3.450201 0.249350
v 0.416443 -3.040404 0.214585
v 0.444686 -3.518088 0.218508
v 0.207708 -3.576317 0.372629
v 0.487293 -3.776678 0.196908
v 0.192943 -3.791251 0.348424
v 0.496483 -2.901653 -0.044575
v 0.465022 -3.299440 -0.071499
v 0.435468 -3.719692 -0.055155
v 0.418495 -3.458102 -0.046516
v 0.715603 -3.764527 0.114133
v 0.634317 -3.314197 0.012107
v 0.126936 -2.538977 -0.091828
v 0.564756 -3.649827 0.073000
v 0.682376 -3.547257 0.095636
v 0.320639 -3.183365 -0.025942
v 0.528618 -3.473734 -0.024050
v 0.576207 -3.110410 -0.030768
v 0.357138 -3.118846 -0.053198
v 0.280551 -2.676267 -0.091869
v -0.054292 -2.545901 -0.235497
v -0.226234 -3.126920 -0.300399
v -0.077321 -3.106561 -0.404720
v -0.070781 -2.785462 -0.380096
v -0.225421 -2.817438 -0.318107
v -0.527036 -3.194534 -0.191774
v -0.624098 -3.599646 -0.046801
v -0.601000 -3.392120 -0.129267
v -0.442055 -2.995074 -0.222334
v -0.265932 -3.421871 -0.291327
v -0.086459 -3.419527 -0.409514
v -0.307772 -3.676445 -0.317250
v -0.094143 -3.684681 -0.441652
v -0.061396 -2.547036 0.005731
v -0.342520 -3.183854 0.218866
v -0.139052 -3.176745 0.289518
v -0.087739 -2.832589 0.167599
v -0.240930 -2.856513 0.162037
v -0.473476 -3.277527 0.222156
v -0.618318 -3.628998 0.257409
v -0.545524 -3.450201 0.249350
v -0.416443 -3.040404 0.214585
v -0.444648 -3.518157 0.218620
v -0.207364 -3.576902 0.373548
v -0.486432 -3.777774 0.198572
v -0.191921 -3.792467 0.352520
v -0.496483 -2.901653 -0.044575
v -0.465022 -3.299440 -0.071499
v -0.429974 -3.726847 -0.051333
v -0.418427 -3.458176 -0.046451
v -0.715603 -3.764527 0.114133
v -0.634317 -3.314197 0.012107
v -0.126953 -2.538976 -0.091793
v -0.564756 -3.649827 0.073000
v -0.682376 -3.547257 0.095636
v -0.320639 -3.183365 -0.025942
v -0.528618 -3.473734 -0.024050
v -0.576207 -3.110410 -0.030768
v -0.357138 -3.118846 -0.053198
v -0.280551 -2.676267 -0.091869
v -0.181627 -2.618773 -0.094727
v -0.096786 -2.639441 0.028404
v -0.063273 -2.636775 -0.270557
v 0.181627 -2.618773 -0.094727
v 0.096804 -2.639430 0.028284
v 0.063273 -2.636775 -0.270557
v 0.343671 -2.770414 -0.223121
v 0.379625 -2.800334 -0.213140
v 0.352402 -2.776737 -0.220915
v 0.361667 -2.784250 -0.218393
v 0.371010 -2.792271 -0.215761
v 0.328935 -2.974368 -0.188283
v 0.300431 -2.969858 -0.202213
v 0.321659 -2.971171 -0.190633
v 0.313899 -2.969464 -0.193962
v 0.306478 -2.968973 -0.197882
v 0.369178 -2.799254 0.077310
v 0.332826 -2.767594 0.079328
v 0.359965 -2.789950 0.077737
v 0.350985 -2.781905 0.078274
v 0.342202 -2.774478 0.078787
v 0.324027 -3.002368 0.145697
v 0.335629 -3.024010 0.140600
v 0.326422 -3.004246 0.146607
v 0.330190 -3.009835 0.146739
v 0.333972 -3.016671 0.145130
v -0.379625 -2.800334 -0.213140
v -0.343671 -2.770414 -0.223121
v -0.371010 -2.792271 -0.215761
v -0.361667 -2.784250 -0.218393
v -0.352402 -2.776737 -0.220915
v -0.300431 -2.969858 -0.202213
v -0.328935 -2.974368 -0.188283
v -0.306478 -2.968973 -0.197882
v -0.313899 -2.969464 -0.193962
v -0.321659 -2.971171 -0.190633
v -0.332826 -2.767594 0.079328
v -0.369178 -2.799254 0.077310
v -0.342202 -2.774478 0.078787
v -0.350985 -2.781905 0.078274
v -0.359965 -2.789950 0.077737
v -0.335629 -3.024010 0.140600
v -0.324027 -3.002368 0.145697
v -0.333972 -3.016671 0.145130
v -0.330190 -3.009835 0.146739
v -0.326422 -3.004246 0.146607
v 0.363722 -2.881494 -0.252446
v 0.325879 -2.856712 -0.265668
v 0.354550 -2.874570 -0.255452
v 0.344631 -2.867846 -0.258844
v 0.334820 -2.861716 -0.262343
v 0.365971 -2.903014 0.174884
v 0.324617 -2.873437 0.166410
v 0.356978 -2.892403 0.172394
v 0.347162 -2.884576 0.170549
v 0.337193 -2.878223 0.168760
v 0.344248 -2.730628 -0.081784
v 0.374325 -2.760255 -0.077548
v 0.350887 -2.737287 -0.080823
v 0.358290 -2.744884 -0.079754
v 0.366347 -2.752656 -0.078653
v 0.314494 -3.048210 -0.033651
v 0.304281 -3.048749 -0.021763
v 0.310743 -3.046466 -0.029904
v 0.306951 -3.046324 -0.026417
v 0.304135 -3.047414 -0.023458
v -0.363722 -2.881494 -0.252446
v -0.325879 -2.856712 -0.265668
v -0.354550 -2.874570 -0.255452
v -0.344631 -2.867846 -0.258844
v -0.334820 -2.861716 -0.262343
v -0.365971 -2.903014 0.174884
v -0.324617 -2.873437 0.166410
v -0.356978 -2.892403 0.172394
v -0.347162 -2.884576 0.170549
v -0.337193 -2.878223 0.168760
v -0.344248 -2.730628 -0.081784
v -0.374325 -2.760255 -0.077548
v -0.350887 -2.737287 -0.080823
v -0.358290 -2.744884 -0.079754
v -0.366347 -2.752656 -0.078653
v -0.314494 -3.048210 -0.033651
v -0.304281 -3.048749 -0.021763
v -0.310743 -3.046466 -0.029904
v -0.306951 -3.046324 -0.026417
v -0.304135 -3.047414 -0.023458
v -0.527108 -3.316438 -0.137205
v -0.503897 -3.275482 -0.149171
v -0.519787 -3.302561 -0.140772
v -0.515141 -3.294436 -0.143184
v -0.510489 -3.286494 -0.145749
v -0.556674 -3.177360 -0.149290
v -0.569175 -3.219798 -0.137689
v -0.559199 -3.186694 -0.147384
v -0.561750 -3.196000 -0.145014
v -0.564495 -3.205605 -0.142208
v -0.466790 -3.357011 0.061319
v -0.475382 -3.389107 0.068982
v -0.469223 -3.365865 0.063208
v -0.471232 -3.373409 0.065075
v -0.473157 -3.380721 0.066940
v -0.593186 -3.223824 0.170577
v -0.574335 -3.188740 0.159797
v -0.588685 -3.214668 0.167712
v -0.583948 -3.205748 0.165028
v -0.579572 -3.197646 0.162283
v -0.538367 -3.224818 -0.179265
v -0.555056 -3.271831 -0.159028
v -0.542581 -3.236313 -0.174347
v -0.545524 -3.244735 -0.170468
v -0.548907 -3.253881 -0.166616
v -0.476470 -3.299218 0.225035
v -0.490461 -3.336213 0.233229
v -0.480378 -3.309988 0.227557
v -0.483441 -3.318334 0.229392
v -0.486948 -3.327053 0.231402
v -0.480534 -3.330294 -0.067091
v -0.494681 -3.360260 -0.061839
v -0.484352 -3.338115 -0.065764
v -0.487967 -3.345676 -0.064460
v -0.491425 -3.353079 -0.063157
v -0.584959 -3.142762 -0.030004
v -0.595168 -3.178751 -0.030570
v -0.587517 -3.151857 -0.030427
v -0.589999 -3.160620 -0.030433
v -0.592495 -3.169289 -0.030461
v 0.503897 -3.275482 -0.149171
v 0.527108 -3.316438 -0.137205
v 0.510489 -3.286494 -0.145749
v 0.515141 -3.294436 -0.143184
v 0.519787 -3.302561 -0.140772
v 0.569175 -3.219798 -0.137689
v 0.556674 -3.177360 -0.149290
v 0.564495 -3.205605 -0.142208
v 0.561750 -3.196000 -0.145014
v 0.559199 -3.186694 -0.147384
v 0.475382 -3.389107 0.068982
v 0.466790 -3.357011 0.061319
v 0.473157 -3.380721 0.066940
v 0.471232 -3.373409 0.065075
v 0.469223 -3.365865 0.063208
v 0.574335 -3.188740 0.159797
v 0.593186 -3.223824 0.170577
v 0.579572 -3.197646 0.162283
v 0.583948 -3.205748 0.165028
v 0.588685 -3.214668 0.167712
v 0.538367 -3.224818 -0.179265
v 0.555056 -3.271831 -0.159028
v 0.542581 -3.236313 -0.174347
v 0.545524 -3.244735 -0.170468
v 0.548907 -3.253881 -0.166616
v 0.476470 -3.299218 0.225035
v 0.490461 -3.336213 0.233229
v 0.480378 -3.309988 0.227557
v 0.483441 -3.318334 0.229392
v 0.486948 -3.327053 0.231402
v 0.480534 -3.330294 -0.067091
v 0.494681 -3.360260 -0.061839
v 0.484352 -3.338115 -0.065764
v 0.487967 -3.345676 -0.064460
v 0.491425 -3.353079 -0.063157
v 0.595168 -3.178751 -0.030570
v 0.584959 -3.142762 -0.030004
v 0.592495 -3.169289 -0.030461
v 0.589999 -3.160620 -0.030433
v 0.587517 -3.151857 -0.030427
v 0.115322 -2.411530 -0.103528
v 0.007725 -2.462862 0.026039
v -0.048504 -2.465503 0.012803
v -0.103777 -2.422194 -0.177055
v 0.097654 -2.475981 -0.025657
v 0.096980 -2.454028 -0.188987
v 0.000000 -2.448842 -0.232090
v -0.096980 -2.454028 -0.188987
v -0.097705 -2.475899 -0.025481
v 0.000321 -2.487494 0.017379
v 0.115945 -2.463589 -0.103111
v -0.055234 -2.449808 -0.226329
v -0.115945 -2.463589 -0.103111
v -0.053385 -2.484299 0.007524
v 0.055234 -2.449808 -0.226329
v 0.053750 -2.484506 0.007613
v 0.000044 -3.891638 -0.365101
v 0.218681 -3.915265 -0.323141
v 0.405079 -4.001827 -0.157449
v 0.000798 -3.970430 0.284258
v 0.350782 -4.002065 0.241620
v 0.471231 -3.999517 0.081683
v -0.218551 -3.914411 -0.325001
v -0.398473 -4.006461 -0.155927
v -0.350698 -4.003952 0.245364
v -0.469198 -4.004524 0.084660
v 0.327434 -3.938823 -0.263218
v 0.108495 -3.940658 -0.314273
v 0.439097 -3.999929 0.176169
v 0.185635 -3.999932 0.278647
v 0.459084 -4.008260 -0.038344
v -0.328267 -3.937917 -0.265671
v -0.107351 -3.939248 -0.316054
v -0.439164 -4.002591 0.179453
v -0.184318 -4.000716 0.281424
v -0.450873 -4.017443 -0.034177
v 0.001635 -4.042006 0.224584
v 0.000923 -3.994500 -0.225577
v 0.001867 -4.061896 0.154022
v 0.001494 -4.055813 0.091960
v 0.001182 -4.050139 0.034362
v 0.001323 -4.056487 -0.036605
v 0.001301 -4.042983 -0.121436
v -0.072554 -4.025980 -0.210219
v -0.098736 -4.069493 0.224998
v -0.060008 -4.070271 -0.115299
v -0.054752 -4.082941 -0.034944
v -0.055294 -4.081596 0.031686
v -0.057510 -4.086434 0.088757
v -0.066976 -4.088908 0.151053
v 0.101457 -4.068853 0.222508
v 0.075183 -4.026278 -0.208498
v 0.070646 -4.087500 0.149165
v 0.061463 -4.084163 0.087714
v 0.058895 -4.078511 0.031467
v 0.058088 -4.079966 -0.034382
v 0.063171 -4.068675 -0.114512
v 0.268646 -4.741271 -0.098317
v 0.308348 -4.741995 -0.069091
v 0.283257 -4.742727 0.031459
v 0.314303 -4.743028 -0.013587
v -0.271846 -4.740457 -0.120968
v -0.322035 -4.740228 -0.081837
v -0.288703 -4.744892 0.044872
v -0.327728 -4.742514 -0.011040
v 0.291481 -4.741529 -0.088960
v 0.243899 -4.741008 -0.095456
v 0.302581 -4.743101 0.012438
v 0.259902 -4.742035 0.040607
v 0.316362 -4.742580 -0.042380
v -0.301124 -4.739975 -0.108165
v -0.240007 -4.741220 -0.117210
v -0.312724 -4.743871 0.021377
v -0.259961 -4.745454 0.056057
v -0.331171 -4.741177 -0.047405
v -0.212209 -4.741835 -0.098178
v -0.231676 -4.745651 0.054373
v -0.192787 -4.742427 -0.069542
v -0.183051 -4.743231 -0.037574
v -0.182744 -4.744182 -0.006637
v -0.191311 -4.745020 0.020508
v -0.208002 -4.745529 0.041647
v 0.236783 -4.741284 0.039225
v 0.221757 -4.740554 -0.081406
v 0.217399 -4.740668 0.028754
v 0.203784 -4.740212 0.011453
v 0.196950 -4.739915 -0.010490
v 0.197466 -4.739844 -0.035030
v 0.205770 -4.740076 -0.059800
v -0.126863 -4.131150 -0.171893
v -0.202826 -4.573960 -0.140033
v -0.156564 -4.223338 -0.155720
v -0.179541 -4.319556 -0.159164
v -0.195704 -4.439229 -0.162415
v -0.177244 -4.578901 -0.097706
v -0.105834 -4.154666 -0.100621
v -0.167096 -4.451682 -0.114470
v -0.151833 -4.338304 -0.110547
v -0.130372 -4.242024 -0.099010
v -0.243398 -4.151091 0.244320
v -0.274904 -4.601465 0.100573
v -0.271516 -4.267471 0.202007
v -0.285849 -4.376645 0.162448
v -0.286801 -4.488347 0.132771
v -0.321940 -4.603067 0.085549
v -0.350511 -4.148386 0.232647
v -0.344784 -4.488789 0.115857
v -0.351309 -4.376030 0.148335
v -0.351534 -4.266527 0.192042
v -0.456673 -4.155428 0.086417
v -0.379705 -4.588539 0.000280
v -0.446455 -4.261440 0.071339
v -0.435665 -4.356162 0.044428
v -0.416099 -4.463388 0.016998
v -0.386190 -4.571424 -0.056600
v -0.453701 -4.174126 -0.018634
v -0.427205 -4.433455 -0.053597
v -0.442794 -4.335566 -0.035886
v -0.449628 -4.262153 -0.021207
v -0.375586 -4.550897 -0.116409
v -0.414440 -4.197588 -0.129848
v -0.410386 -4.390452 -0.132532
v -0.416290 -4.308398 -0.125912
v -0.416714 -4.262122 -0.123363
v -0.128353 -4.170939 0.139694
v -0.196146 -4.591592 0.066103
v -0.161734 -4.267362 0.124577
v -0.181256 -4.362700 0.104559
v -0.191862 -4.472977 0.084148
v -0.229832 -4.596661 0.091709
v -0.170071 -4.165895 0.196187
v -0.231420 -4.481493 0.118563
v -0.225175 -4.371041 0.143531
v -0.205855 -4.267701 0.171264
v -0.168885 -4.101009 -0.233239
v -0.242155 -4.567793 -0.170151
v -0.200231 -4.206180 -0.198555
v -0.222534 -4.299915 -0.193584
v -0.239092 -4.423322 -0.195899
v -0.107026 -4.167339 0.082877
v -0.175118 -4.587824 0.031432
v -0.134179 -4.266959 0.072182
v -0.152441 -4.356042 0.056512
v -0.167392 -4.466384 0.040562
v -0.332303 -4.157436 -0.209820
v -0.340247 -4.544251 -0.163317
v -0.341296 -4.237744 -0.194785
v -0.349119 -4.290043 -0.190739
v -0.355091 -4.377255 -0.191235
v -0.290785 -4.556795 -0.180076
v -0.240316 -4.100955 -0.246626
v -0.293613 -4.401421 -0.207834
v -0.279843 -4.287807 -0.206122
v -0.262796 -4.207604 -0.213572
v -0.100405 -4.160263 0.028113
v -0.165268 -4.585468 -0.008579
v -0.121923 -4.264995 0.017812
v -0.138039 -4.353407 0.002253
v -0.154501 -4.463004 -0.008430
v -0.100190 -4.158423 -0.030437
v -0.165631 -4.582992 -0.052195
v -0.120001 -4.256002 -0.038382
v -0.138191 -4.349118 -0.054766
v -0.153807 -4.459608 -0.061169
v -0.358507 -4.599057 0.049438
v -0.422509 -4.148005 0.170675
v -0.388685 -4.480691 0.073952
v -0.402980 -4.368958 0.106279
v -0.412441 -4.263079 0.143178
v 0.110166 -4.151956 -0.099615
v 0.189723 -4.579487 -0.091687
v 0.136159 -4.238886 -0.097337
v 0.159572 -4.338074 -0.108701
v 0.177447 -4.452960 -0.111361
v 0.212394 -4.575386 -0.128146
v 0.130502 -4.129656 -0.169326
v 0.203655 -4.441352 -0.155805
v 0.185621 -4.320525 -0.155097
v 0.161160 -4.221777 -0.152266
v 0.171014 -4.102188 -0.228308
v 0.246705 -4.570731 -0.153091
v 0.202989 -4.206441 -0.193030
v 0.226369 -4.302257 -0.187209
v 0.243771 -4.427404 -0.186086
v 0.288287 -4.563935 -0.160120
v 0.240448 -4.103724 -0.240258
v 0.294234 -4.410296 -0.195621
v 0.280857 -4.291968 -0.197710
v 0.263157 -4.209547 -0.206119
v 0.131875 -4.167248 0.136152
v 0.203771 -4.589303 0.054916
v 0.166125 -4.262980 0.119535
v 0.186628 -4.360163 0.097189
v 0.198228 -4.471373 0.074652
v 0.185536 -4.586168 0.023070
v 0.111521 -4.164384 0.080384
v 0.176358 -4.465796 0.033265
v 0.159972 -4.354435 0.050797
v 0.140016 -4.262547 0.068634
v 0.419837 -4.144240 0.165612
v 0.349457 -4.598993 0.040141
v 0.407899 -4.260104 0.136265
v 0.396757 -4.367647 0.097711
v 0.381172 -4.480904 0.064824
v 0.317083 -4.601264 0.073019
v 0.349375 -4.144862 0.227358
v 0.340787 -4.487072 0.104795
v 0.347966 -4.373373 0.138717
v 0.349221 -4.262989 0.184702
v 0.243812 -4.147480 0.239714
v 0.274694 -4.598969 0.086922
v 0.271521 -4.263465 0.195017
v 0.285630 -4.373425 0.152789
v 0.286510 -4.485974 0.121153
v 0.233893 -4.594062 0.078678
v 0.171999 -4.161920 0.192036
v 0.234680 -4.479220 0.107526
v 0.227987 -4.367882 0.134717
v 0.208217 -4.263365 0.165033
v 0.454038 -4.151192 0.082819
v 0.367483 -4.591684 -0.003875
v 0.440559 -4.259424 0.066397
v 0.427217 -4.357247 0.038440
v 0.405344 -4.467480 0.011375
v 0.177647 -4.584509 -0.013104
v 0.105131 -4.157703 0.026893
v 0.165498 -4.463185 -0.012765
v 0.146833 -4.352312 -0.001179
v 0.128363 -4.260203 0.016121
v 0.452165 -4.169754 -0.019665
v 0.371494 -4.579562 -0.053769
v 0.443409 -4.261642 -0.022170
v 0.433602 -4.340177 -0.037160
v 0.414368 -4.444855 -0.053411
v 0.411129 -4.194488 -0.125736
v 0.360554 -4.565323 -0.104870
v 0.410499 -4.263265 -0.117897
v 0.408319 -4.316280 -0.120101
v 0.398607 -4.412251 -0.124565
v 0.178922 -4.582710 -0.051843
v 0.104838 -4.155944 -0.030414
v 0.165178 -4.460226 -0.061817
v 0.146940 -4.348260 -0.055474
v 0.126363 -4.251500 -0.038388
v 0.330046 -4.558352 -0.144706
v 0.330326 -4.158858 -0.203002
v 0.350635 -4.395364 -0.178493
v 0.346515 -4.296370 -0.180876
v 0.338791 -4.239831 -0.186158
v 0.061893 -2.450168 0.011016
v -0.093894 -2.458736 -0.027311
v -0.114971 -2.443768 -0.099402
v 0.107960 -1.657837 -0.460344
v 0.167723 -1.755599 -0.537881
v 0.214881 -1.735644 -0.489254
v 0.234351 -1.690351 -0.431280
v 0.230008 -1.642756 -0.382571
v 0.209391 -1.610773 -0.348709
v 0.177454 -1.593385 -0.330366
v 0.138798 -1.585009 -0.324787
v 0.090260 -1.586251 -0.334357
v 0.037454 -1.591470 -0.359167
v -0.008239 -1.598314 -0.395435
v -0.037997 -1.606576 -0.433963
v -0.048375 -1.620907 -0.469610
v -0.043074 -1.641570 -0.504115
v -0.016547 -1.672827 -0.534388
v 0.033122 -1.714763 -0.555873
v 0.101438 -1.748956 -0.561428
v 0.064047 -1.876960 -0.632331
v 0.007200 -2.052549 -0.593144
v -0.074325 -1.796695 -0.607209
v 0.194635 -1.894717 -0.552746
v 0.206255 -2.068973 -0.538761
v 0.315913 -1.845840 -0.475009
v 0.338146 -2.012076 -0.389516
v 0.341048 -1.745919 -0.351443
v 0.409152 -1.897213 -0.227076
v 0.349483 -1.636541 -0.247992
v 0.439401 -1.752677 -0.069722
v 0.321854 -1.590976 -0.165285
v 0.396128 -1.681422 0.037980
v 0.254838 -1.548119 -0.137461
v 0.322347 -1.616997 0.105857
v 0.177852 -1.522998 -0.135929
v 0.229173 -1.503052 0.105936
v 0.065645 -1.522581 -0.163086
v 0.044684 -1.470898 0.075298
v -0.054415 -1.524802 -0.224157
v -0.168097 -1.454430 -0.051004
v -0.159970 -1.550298 -0.301375
v -0.369355 -1.521577 -0.178790
v -0.233276 -1.573357 -0.387604
v -0.471948 -1.588869 -0.323783
v -0.260810 -1.611321 -0.453417
v -0.492572 -1.716700 -0.393759
v -0.257769 -1.661917 -0.520784
v -0.453583 -1.785337 -0.483117
v -0.188790 -1.702318 -0.578363
v -0.364971 -1.850983 -0.563130
v -0.478225 -2.139328 -0.540792
v -0.187466 -1.970120 -0.593347
v -0.256731 -2.172199 -0.517067
v -0.273455 -2.306771 -0.369246
v -0.051347 -2.219193 -0.517022
v -0.091236 -2.332763 -0.349374
v 0.148466 -2.207146 -0.417129
v 0.326269 -2.173090 -0.285539
v 0.075562 -2.314484 -0.276768
v 0.215919 -2.295277 -0.161169
v 0.057805 -2.349499 -0.246218
v -0.002282 -2.362486 -0.260110
v 0.098594 -2.350163 -0.198253
v 0.109381 -2.364978 -0.126734
v 0.084102 -2.387234 -0.052710
v 0.112887 -2.388374 -0.039945
v 0.033256 -2.408036 -0.000505
v -0.031406 -2.434669 0.061587
v -0.028993 -2.429620 0.022324
v -0.087073 -2.442048 0.008439
v -0.126769 -2.441469 -0.037986
v -0.109566 -2.453140 0.052347
v -0.166474 -2.472520 0.149452
v -0.153981 -2.449493 -0.015841
v -0.136602 -2.418858 -0.192935
v -0.213689 -2.465695 0.000003
v -0.137859 -2.428953 -0.105428
v -0.117753 -2.411894 -0.176491
v -0.067490 -2.386588 -0.235167
v -0.268874 -2.416318 -0.213213
v -0.257178 -2.476762 0.034948
v -0.410931 -2.405049 -0.202885
v -0.312929 -2.456804 0.056526
v -0.535022 -2.380497 -0.144128
v -0.342287 -2.432192 0.089823
v -0.632105 -2.369031 -0.052592
v -0.335603 -2.411816 0.137754
v -0.607325 -2.364865 0.102579
v -0.297795 -2.395916 0.192346
v -0.428620 -2.313628 0.172420
v -0.234726 -2.384668 0.243281
v -0.277627 -2.288789 0.296615
v -0.160234 -2.379100 0.276599
v -0.098143 -2.273359 0.374963
v -0.092801 -2.382130 0.286604
v 0.049133 -2.284702 0.504718
v -0.044015 -2.395732 0.272742
v 0.197329 -2.267643 0.456033
v -0.023183 -2.421388 0.234217
v 0.237558 -2.286059 0.329667
v -0.025056 -2.448392 0.177300
v 0.239357 -2.325560 0.195913
v -0.015327 -2.441352 0.121553
v 0.188263 -2.360455 0.067117
v 0.257939 -2.296822 0.033408
v 0.308592 -2.235653 -0.012335
v 0.343407 -2.254744 0.185679
v 0.169464 -2.341142 -0.097302
v 0.419160 -2.187812 0.157163
v 0.342696 -2.198525 0.339110
v 0.414192 -2.116127 0.326418
v 0.290530 -2.149207 0.477299
v 0.347313 -2.040885 0.473639
v 0.418553 -1.817865 0.380254
v 0.505588 -1.925008 0.240825
v 0.245702 -1.671191 0.467467
v 0.350408 -2.043645 0.474580
v 0.205514 -1.976134 0.538938
v 0.293625 -2.151967 0.478240
v 0.163896 -2.135994 0.535607
v -0.054546 -2.125611 0.401102
v -0.021904 -1.913467 0.418218
v -0.263735 -2.189860 0.257744
v -0.255812 -2.029502 0.215722
v -0.495315 -2.179958 0.130528
v -0.560961 -1.980559 0.087405
v -0.711298 -2.242865 -0.000047
v -0.760750 -2.094158 -0.052159
v -0.714210 -2.275160 -0.139785
v -0.754861 -2.178751 -0.203192
v -0.604760 -2.314338 -0.241930
v -0.639350 -2.244908 -0.319681
v -0.459904 -2.352938 -0.306963
v -0.479688 -2.297683 -0.394067
v -0.280875 -2.362662 -0.297000
v -0.119150 -2.376385 -0.274212
v -0.637479 -2.064733 -0.460177
v -0.741147 -1.959623 -0.330948
v -0.768407 -1.795180 -0.154052
v -0.586575 -1.586493 0.007285
v -0.275994 -1.467054 0.130800
v -0.011277 -1.516196 0.357857
v 0.520060 -2.017303 0.071423
v 0.407943 -2.090989 -0.109427
vn 0.4458 0.6774 -0.5851
vn -0.0000 0.6014 -0.7990
vn 0.8701 0.0495 -0.4904
vn -0.0000 0.1090 -0.9940
vn 0.5336 0.6226 -0.5724
vn 0.5628 0.0475 -0.8252
vn -0.0015 0.0179 -0.9998
vn 0.8848 0.2168 -0.4125
vn 0.4780 0.0545 -0.8767
vn 0.8347 -0.2183 -0.5056
vn -0.0000 0.0985 -0.9951
vn 0.7195 0.4670 -0.5141
vn -0.5079 -0.5223 -0.6850
vn 0.8780 0.1549 -0.4528
vn -0.4797 -0.3721 -0.7946
vn 0.8975 0.0641 -0.4364
vn -0.5460 -0.6685 -0.5051
vn 0.9351 0.0404 -0.3521
vn -0.5778 -0.3940 -0.7148
vn 0.8286 0.2454 -0.5031
vn -0.6286 -0.3862 -0.6750
vn -0.0036 0.1266 -0.9919
vn 0.5129 0.1494 -0.8453
vn 0.8570 0.1657 -0.4880
vn -0.0016 -0.3845 -0.9231
vn 0.3972 -0.2361 -0.8868
vn 0.8957 -0.0100 -0.4446
vn 0.2932 0.7062 0.6444
vn 0.0013 0.5971 0.8022
vn 0.7953 0.1286 0.5924
vn 0.0006 -0.0303 0.9995
vn 0.3474 0.7351 0.5821
vn 0.4709 0.2166 0.8552
vn 0.0005 0.2405 0.9707
vn 0.9592 0.2807 -0.0330
vn 0.2518 0.3357 0.9077
vn 0.9190 0.0692 0.3882
vn -0.0057 0.3114 0.9503
vn 0.6863 0.5901 0.4252
vn -0.8357 -0.3533 0.4205
vn 0.6962 0.3791 0.6096
vn -0.9426 -0.3340 0.0018
vn 0.8835 0.0781 0.4619
vn -0.6028 -0.7034 0.3765
vn 0.8184 0.2076 0.5358
vn -0.9334 -0.3019 0.1942
vn 0.7602 0.3458 0.5499
vn -0.9017 -0.3980 0.1690
vn 0.0083 -0.1479 0.9890
vn 0.5604 -0.0263 0.8278
vn 0.9892 0.1231 -0.0793
vn 0.0079 -0.3727 0.9279
vn 0.4434 -0.2612 0.8574
vn 0.9964 -0.0505 -0.0678
vn -0.4458 0.6774 -0.5851
vn -0.8701 0.0495 -0.4904
vn -0.5336 0.6226 -0.5724
vn -0.5624 0.0464 -0.8255
vn -0.8848 0.2167 -0.4126
vn -0.4780 0.0547 -0.8767
vn -0.8347 -0.2183 -0.5056
vn -0.7195 0.4670 -0.5141
vn 0.5079 -0.5223 -0.6850
vn -0.8780 0.1549 -0.4528
vn 0.4797 -0.3721 -0.7946
vn -0.8975 0.0641 -0.4364
vn 0.5460 -0.6685 -0.5051
vn -0.9351 0.0404 -0.3521
vn 0.5778 -0.3940 -0.7148
vn -0.8286 0.2454 -0.5031
vn 0.6286 -0.3862 -0.6750
vn -0.5119 0.1484 -0.8461
vn -0.8611 0.1554 -0.4841
vn -0.3960 -0.2299 -0.8890
vn -0.9092 -0.0231 -0.4156
vn -0.2951 0.7057 0.6441
vn -0.7929 0.1270 0.5960
vn -0.3454 0.7353 0.5831
vn -0.4715 0.2177 0.8546
vn -0.9593 0.2805 -0.0332
vn -0.2486 0.3350 0.9088
vn -0.9186 0.0689 0.3891
vn -0.6863 0.5901 0.4252
vn 0.8357 -0.3533 0.4205
vn -0.6962 0.3791 0.6096
vn 0.9426 -0.3340 0.0018
vn -0.8835 0.0781 0.4619
vn 0.6028 -0.7034 0.3765
vn -0.8184 0.2076 0.5358
vn 0.9334 -0.3019 0.1942
vn -0.7602 0.3458 0.5499
vn 0.9017 -0.3980 0.1690
vn -0.5638 -0.0204 0.8256
vn -0.9898 0.1104 -0.0897
vn -0.4436 -0.2565 0.8587
vn -0.9937 -0.0551 -0.0975
vn 0.8887 -0.0704 -0.4531
vn 0.0722 -0.3610 -0.9298
vn 0.8191 0.2294 0.5257
vn 0.7740 0.3652 -0.5172
vn -0.0000 0.3597 -0.9331
vn 0.6401 0.5472 0.5393
vn 0.0003 0.2038 0.9790
vn -0.7740 0.3652 -0.5172
vn -0.6387 0.5472 0.5410
vn 0.2683 0.6139 -0.7424
vn 0.8483 0.1208 -0.5156
vn -0.0000 0.1877 -0.9822
vn 0.4417 0.0742 -0.8941
vn 0.4371 0.3861 -0.8123
vn 0.5861 0.0708 -0.8072
vn 0.4844 0.6636 -0.5701
vn 0.5402 0.1036 -0.8351
vn -0.0004 -0.0456 -0.9990
vn 0.8567 0.2091 -0.4716
vn 0.7778 0.1038 -0.6199
vn 0.2858 0.0252 -0.9580
vn 0.5432 -0.0477 -0.8383
vn 0.9366 0.0997 -0.3360
vn -0.0000 0.4041 -0.9147
vn 0.2383 0.0939 -0.9666
vn 0.7069 -0.0485 -0.7056
vn 0.2627 -0.0864 -0.9610
vn 0.3759 -0.1166 -0.9193
vn 0.8114 0.3157 -0.4920
vn -0.5320 -0.4397 -0.7237
vn 0.3947 -0.5330 -0.7484
vn 0.9037 0.1441 -0.4032
vn -0.6599 -0.4440 -0.6062
vn 0.9166 0.0372 -0.3981
vn -0.4890 -0.3840 -0.7832
vn 0.4187 -0.2919 -0.8599
vn 0.8414 0.2231 -0.4922
vn -0.6202 -0.4028 -0.6731
vn 0.1761 -0.0779 -0.9813
vn -0.0026 0.0769 -0.9970
vn 0.4783 0.0885 -0.8737
vn 0.8900 0.1238 -0.4389
vn 0.6980 0.1796 -0.6932
vn 0.2635 0.1310 -0.9557
vn -0.0034 0.0052 -1.0000
vn 0.6825 -0.0938 -0.7248
vn 0.1866 -0.3646 -0.9123
vn 0.0698 0.6001 0.7969
vn 0.7571 0.2894 0.5856
vn 0.0004 0.0438 0.9990
vn 0.3694 0.0205 0.9291
vn 0.1625 0.4733 0.8658
vn 0.1939 0.3032 0.9330
vn 0.3087 0.7364 0.6021
vn 0.5822 0.0415 0.8120
vn -0.0028 0.2753 0.9614
vn 0.9846 0.1692 -0.0443
vn 0.8319 0.2461 0.4973
vn 0.2213 0.2261 0.9486
vn 0.3910 0.2980 0.8708
vn 0.9352 0.3477 0.0671
vn -0.0016 0.4820 0.8762
vn 0.0358 0.3243 0.9453
vn 0.5340 0.2970 0.7916
vn 0.0726 0.2167 0.9735
vn -0.5123 -0.0195 0.8586
vn 0.7234 0.4732 0.5027
vn -0.9376 -0.3473 0.0140
vn 0.2832 -0.5935 0.7534
vn 0.7561 0.2949 0.5842
vn -0.8705 -0.3526 0.3433
vn 0.8248 0.1597 0.5424
vn -0.9420 -0.3263 0.0787
vn -0.2880 -0.0786 0.9544
vn 0.7790 0.3499 0.5203
vn -0.8736 -0.3738 0.3115
vn -0.1614 -0.0806 0.9836
vn 0.0031 0.0138 0.9999
vn 0.5183 -0.1025 0.8490
vn 0.9923 0.0584 -0.1093
vn 0.9020 0.0920 0.4218
vn 0.2530 -0.1165 0.9604
vn 0.0087 -0.2887 0.9574
vn 0.8737 -0.1901 0.4478
vn 0.1423 -0.3269 0.9343
vn 0.7591 0.6509 0.0116
vn 0.9280 0.3724 0.0134
vn 0.9917 0.1237 0.0357
vn -0.8303 -0.3829 -0.4049
vn -0.8576 -0.4567 -0.2367
vn 0.9473 0.1242 -0.2954
vn 0.9633 0.0226 -0.2676
vn 0.9177 0.2925 -0.2687
vn 0.9956 0.0851 -0.0402
vn -0.5789 -0.8105 -0.0898
vn 0.9522 0.2732 -0.1368
vn 0.9825 0.1637 -0.0884
vn 0.5500 0.8336 -0.0507
vn -0.9205 -0.3166 -0.2291
vn 0.9842 -0.0887 -0.1536
vn -0.8262 -0.5327 -0.1834
vn 0.5582 0.8297 -0.0020
vn -0.2683 0.6139 -0.7424
vn -0.8483 0.1208 -0.5156
vn -0.4417 0.0742 -0.8941
vn -0.4371 0.3861 -0.8123
vn -0.5861 0.0708 -0.8072
vn -0.4844 0.6636 -0.5701
vn -0.5397 0.1026 -0.8356
vn -0.8574 0.2071 -0.4712
vn -0.7775 0.1033 -0.6203
vn -0.2870 0.0241 -0.9576
vn -0.5430 -0.0480 -0.8384
vn -0.9366 0.0996 -0.3361
vn -0.2381 0.0940 -0.9667
vn -0.7071 -0.0484 -0.7055
vn -0.2627 -0.0864 -0.9610
vn -0.3759 -0.1166 -0.9193
vn -0.8114 0.3157 -0.4920
vn 0.5320 -0.4397 -0.7237
vn -0.3947 -0.5330 -0.7484
vn -0.9037 0.1441 -0.4032
vn 0.6599 -0.4440 -0.6062
vn -0.9166 0.0372 -0.3981
vn 0.4890 -0.3840 -0.7832
vn -0.4187 -0.2919 -0.8599
vn -0.8414 0.2231 -0.4922
vn 0.6202 -0.4028 -0.6731
vn -0.1761 -0.0779 -0.9813
vn -0.4770 0.0903 -0.8742
vn -0.9021 0.0824 -0.4236
vn -0.6991 0.1770 -0.6928
vn -0.2659 0.1294 -0.9553
vn -0.7079 -0.0958 -0.6998
vn -0.1863 -0.3602 -0.9141
vn -0.0713 0.6001 0.7968
vn -0.7545 0.2894 0.5890
vn -0.3649 0.0190 0.9309
vn -0.1626 0.4689 0.8682
vn -0.1901 0.3029 0.9339
vn -0.3076 0.7362 0.6028
vn -0.5837 0.0460 0.8107
vn -0.9849 0.1666 -0.0461
vn -0.8320 0.2465 0.4970
vn -0.2214 0.2276 0.9483
vn -0.3898 0.3000 0.8707
vn -0.9352 0.3478 0.0672
vn -0.0386 0.3220 0.9460
vn -0.5323 0.2966 0.7929
vn -0.0726 0.2167 0.9735
vn 0.5123 -0.0195 0.8586
vn -0.7234 0.4732 0.5027
vn 0.9376 -0.3473 0.0140
vn -0.2832 -0.5935 0.7534
vn -0.7561 0.2949 0.5842
vn 0.8705 -0.3526 0.3433
vn -0.8248 0.1597 0.5424
vn 0.9420 -0.3263 0.0787
vn 0.2880 -0.0786 0.9544
vn -0.7790 0.3499 0.5203
vn 0.8736 -0.3738 0.3115
vn 0.1614 -0.0806 0.9836
vn -0.5213 -0.1020 0.8472
vn -0.9906 0.0410 -0.1306
vn -0.9034 0.0904 0.4192
vn -0.2481 -0.1089 0.9626
vn -0.8765 -0.1853 0.4443
vn -0.1351 -0.3290 0.9346
vn -0.7591 0.6509 0.0116
vn -0.9280 0.3724 0.0134
vn -0.9917 0.1233 0.0354
vn 0.8303 -0.3829 -0.4049
vn 0.8576 -0.4567 -0.2367
vn -0.9487 0.1066 -0.2976
vn -0.9549 0.0101 -0.2968
vn -0.9178 0.2923 -0.2687
vn -0.9956 0.0851 -0.0402
vn 0.5789 -0.8105 -0.0898
vn -0.9522 0.2732 -0.1368
vn -0.9825 0.1637 -0.0884
vn -0.5499 0.8337 -0.0505
vn 0.9205 -0.3166 -0.2291
vn -0.9842 -0.0886 -0.1536
vn 0.8262 -0.5327 -0.1834
vn -0.5581 0.8297 -0.0020
vn 0.4733 -0.2648 -0.8402
vn -0.3777 -0.3819 -0.8435
vn 0.5719 0.6477 -0.5035
vn -0.0000 0.5997 -0.8002
vn 0.5343 0.6851 0.4951
vn 0.0005 0.4763 0.8793
vn -0.5719 0.6477 -0.5035
vn -0.5352 0.6842 0.4954
vn -0.8518 0.5161 -0.0898
vn -0.2320 0.3180 0.9193
vn -0.4444 0.3508 -0.8243
vn 0.8518 0.5162 -0.0894
vn 0.2345 0.3185 0.9184
vn 0.4444 0.3508 -0.8243
vn 0.4524 0.1510 -0.8789
vn 0.7915 -0.0127 -0.6110
vn 0.2711 -0.0480 -0.9613
vn 0.2430 0.4084 -0.8799
vn 0.5677 0.2656 -0.7792
vn 0.2745 -0.1113 -0.9551
vn 0.2836 -0.3399 -0.8967
vn 0.4195 -0.1497 -0.8953
vn 0.2122 -0.0986 -0.9722
vn 0.7321 0.1584 -0.6626
vn 0.2749 0.0818 -0.9580
vn 0.6980 0.1346 -0.7033
vn 0.2452 0.0245 -0.9692
vn 0.3195 0.1293 0.9387
vn 0.7259 0.3351 0.6006
vn 0.0865 0.2935 0.9520
vn 0.0623 0.4824 0.8738
vn 0.2548 0.4082 0.8766
vn -0.4989 0.0466 0.8654
vn -0.1446 -0.1857 0.9719
vn -0.4167 -0.0647 0.9067
vn -0.1234 0.0966 0.9876
vn 0.8943 0.1079 0.4342
vn 0.2706 0.0196 0.9625
vn 0.9112 0.0040 0.4120
vn 0.2009 -0.2350 0.9510
vn 0.8742 0.4848 0.0279
vn -0.8258 -0.4659 -0.3177
vn 0.9554 0.0818 -0.2839
vn 0.9360 0.2024 -0.2879
vn 0.6406 -0.7656 -0.0591
vn 0.9669 0.2362 -0.0962
vn 0.9714 0.2359 -0.0271
vn -0.9321 -0.3537 -0.0778
vn 0.9807 0.1875 -0.0561
vn 0.9439 0.2535 -0.2118
vn -0.8704 -0.3410 -0.3551
vn 0.9413 0.3346 -0.0439
vn -0.8752 -0.4452 -0.1891
vn 0.4996 0.8661 -0.0165
vn -0.4524 0.1510 -0.8789
vn -0.7916 -0.0128 -0.6109
vn -0.2712 -0.0485 -0.9613
vn -0.2430 0.4084 -0.8799
vn -0.5678 0.2656 -0.7792
vn -0.2745 -0.1113 -0.9551
vn -0.2836 -0.3399 -0.8967
vn -0.4195 -0.1497 -0.8953
vn -0.2122 -0.0986 -0.9722
vn -0.7316 0.1577 -0.6632
vn -0.2771 0.0808 -0.9574
vn -0.7094 0.1217 -0.6942
vn -0.2473 0.0272 -0.9685
vn -0.3154 0.1280 0.9403
vn -0.7253 0.3358 0.6010
vn -0.0882 0.2971 0.9508
vn -0.0638 0.4775 0.8763
vn -0.2529 0.4068 0.8778
vn 0.4989 0.0466 0.8654
vn 0.1446 -0.1857 0.9719
vn 0.4167 -0.0647 0.9067
vn 0.1234 0.0966 0.9876
vn -0.8948 0.1085 0.4330
vn -0.2688 0.0259 0.9629
vn -0.9130 0.0018 0.4078
vn -0.1945 -0.2373 0.9518
vn -0.8742 0.4848 0.0279
vn 0.8258 -0.4659 -0.3177
vn -0.9521 0.0386 -0.3035
vn -0.9367 0.1988 -0.2884
vn -0.6406 -0.7656 -0.0591
vn -0.9669 0.2362 -0.0962
vn -0.9713 0.2363 -0.0271
vn 0.9321 -0.3537 -0.0778
vn -0.9807 0.1875 -0.0561
vn -0.9439 0.2535 -0.2117
vn 0.8704 -0.3410 -0.3551
vn -0.9413 0.3346 -0.0439
vn 0.8752 -0.4452 -0.1891
vn -0.4992 0.8664 -0.0163
vn -0.6837 0.7230 -0.0997
vn -0.1345 0.5434 0.8286
vn -0.3364 0.6145 -0.7136
vn 0.6833 0.7233 -0.0996
vn 0.1343 0.5434 0.8287
vn 0.3364 0.6145 -0.7136
vn 0.5783 0.5843 -0.5693
vn 0.6508 0.5370 -0.5367
vn 0.6175 0.5588 -0.5536
vn 0.6319 0.5491 -0.5470
vn 0.6424 0.5433 -0.5406
vn -0.3382 -0.6710 -0.6598
vn 0.5537 -0.5834 -0.5941
vn -0.1364 -0.7389 -0.6599
vn 0.0505 -0.7590 -0.6492
vn 0.2810 -0.7262 -0.6274
vn 0.6388 0.6460 0.4179
vn 0.4114 0.7327 0.5421
vn 0.6006 0.6698 0.4366
vn 0.5617 0.6869 0.4611
vn 0.5067 0.7090 0.4904
vn -0.0229 -0.4821 0.8758
vn -0.6647 -0.4414 0.6028
vn -0.3321 -0.5606 0.7585
vn -0.4110 -0.5492 0.7276
vn -0.4450 -0.5170 0.7312
vn -0.6508 0.5370 -0.5367
vn -0.5783 0.5843 -0.5693
vn -0.6424 0.5433 -0.5406
vn -0.6319 0.5491 -0.5470
vn -0.6175 0.5588 -0.5536
vn -0.5537 -0.5834 -0.5941
vn 0.3382 -0.6710 -0.6598
vn -0.2810 -0.7262 -0.6274
vn -0.0505 -0.7590 -0.6492
vn 0.1364 -0.7389 -0.6599
vn -0.4110 0.7328 0.5423
vn -0.6388 0.6460 0.4179
vn -0.5067 0.7090 0.4904
vn -0.5617 0.6869 0.4611
vn -0.6006 0.6698 0.4366
vn 0.6647 -0.4414 0.6028
vn 0.0247 -0.4820 0.8758
vn 0.4450 -0.5170 0.7312
vn 0.4110 -0.5492 0.7276
vn 0.3321 -0.5606 0.7585
vn 0.2416 -0.1276 -0.9620
vn 0.4616 -0.0602 -0.8850
vn 0.2925 -0.1415 -0.9458
vn 0.3354 -0.1379 -0.9319
vn 0.3858 -0.1229 -0.9144
vn 0.2493 0.2274 0.9414
vn 0.0143 0.2859 0.9582
vn 0.2187 0.2562 0.9416
vn 0.1257 0.2709 0.9544
vn 0.0637 0.2876 0.9556
vn 0.6305 0.7762 0.0022
vn 0.6984 0.7156 0.0108
vn 0.6693 0.7430 0.0063
vn 0.6853 0.7283 0.0079
vn 0.6928 0.7210 0.0091
vn -0.7000 -0.6975 -0.1532
vn 0.5994 -0.8003 -0.0137
vn -0.5101 -0.8510 -0.1249
vn -0.2777 -0.9546 -0.1075
vn 0.0512 -0.9942 -0.0949
vn -0.2416 -0.1276 -0.9620
vn -0.4616 -0.0602 -0.8850
vn -0.2925 -0.1415 -0.9458
vn -0.3354 -0.1379 -0.9319
vn -0.3858 -0.1229 -0.9144
vn -0.2493 0.2274 0.9414
vn -0.0130 0.2859 0.9582
vn -0.2187 0.2562 0.9416
vn -0.1257 0.2709 0.9544
vn -0.0637 0.2876 0.9556
vn -0.6305 0.7762 0.0022
vn -0.6984 0.7156 0.0108
vn -0.6693 0.7430 0.0063
vn -0.6853 0.7283 0.0079
vn -0.6928 0.7210 0.0091
vn 0.7000 -0.6975 -0.1532
vn -0.5994 -0.8003 -0.0137
vn 0.5101 -0.8510 -0.1249
vn 0.2777 -0.9546 -0.1075
vn -0.0512 -0.9942 -0.0949
vn 0.4371 -0.4233 -0.7936
vn 0.4549 -0.4858 -0.7463
vn 0.4331 -0.4578 -0.7764
vn 0.4332 -0.4734 -0.7670
vn 0.4314 -0.4851 -0.7607
vn -0.8743 0.1673 -0.4557
vn -0.8720 0.1349 -0.4705
vn -0.8798 0.1432 -0.4533
vn -0.8811 0.1338 -0.4536
vn -0.8758 0.1363 -0.4630
vn 0.9497 -0.3128 -0.0142
vn 0.9444 -0.3281 -0.0212
vn 0.9441 -0.3291 -0.0181
vn 0.9435 -0.3307 -0.0186
vn 0.9444 -0.3282 -0.0184
vn -0.6886 0.4106 0.5977
vn -0.6255 0.4497 0.6377
vn -0.6736 0.4250 0.6047
vn -0.6583 0.4355 0.6140
vn -0.6675 0.4334 0.6055
vn -0.3740 -0.2024 -0.9051
vn -0.3862 -0.1858 -0.9035
vn -0.3897 -0.2181 -0.8947
vn -0.3935 -0.2188 -0.8929
vn -0.3887 -0.2073 -0.8977
vn 0.6130 0.0774 0.7863
vn 0.5660 0.0324 0.8238
vn 0.5668 0.0572 0.8219
vn 0.5722 0.0497 0.8186
vn 0.5558 0.0448 0.8301
vn 0.8150 -0.4562 -0.3572
vn 0.8214 -0.4093 -0.3971
vn 0.8106 -0.4496 -0.3751
vn 0.8096 -0.4436 -0.3845
vn 0.8111 -0.4340 -0.3921
vn -0.9433 0.3258 -0.0639
vn -0.9472 0.2975 -0.1194
vn -0.9433 0.3212 -0.0843
vn -0.9450 0.3142 -0.0909
vn -0.9449 0.3114 -0.1008
vn -0.4549 -0.4858 -0.7463
vn -0.4371 -0.4233 -0.7936
vn -0.4314 -0.4851 -0.7607
vn -0.4332 -0.4734 -0.7670
vn -0.4331 -0.4578 -0.7764
vn 0.8720 0.1349 -0.4705
vn 0.8743 0.1673 -0.4557
vn 0.8758 0.1363 -0.4630
vn 0.8811 0.1338 -0.4536
vn 0.8798 0.1432 -0.4533
vn -0.9444 -0.3281 -0.0212
vn -0.9497 -0.3128 -0.0142
vn -0.9444 -0.3282 -0.0184
vn -0.9435 -0.3307 -0.0186
vn -0.9441 -0.3291 -0.0181
vn 0.6255 0.4497 0.6377
vn 0.6886 0.4106 0.5977
vn 0.6675 0.4334 0.6055
vn 0.6583 0.4355 0.6140
vn 0.6736 0.4250 0.6047
vn 0.3740 -0.2024 -0.9051
vn 0.3862 -0.1858 -0.9035
vn 0.3897 -0.2181 -0.8947
vn 0.3935 -0.2188 -0.8929
vn 0.3887 -0.2073 -0.8977
vn -0.6130 0.0774 0.7863
vn -0.5660 0.0324 0.8238
vn -0.5668 0.0572 0.8219
vn -0.5722 0.0497 0.8186
vn -0.5558 0.0448 0.8301
vn -0.8150 -0.4562 -0.3572
vn -0.8214 -0.4093 -0.3971
vn -0.8106 -0.4496 -0.3751
vn -0.8096 -0.4436 -0.3845
vn -0.8111 -0.4340 -0.3921
vn 0.9472 0.2975 -0.1194
vn 0.9433 0.3258 -0.0639
vn 0.9449 0.3114 -0.1008
vn 0.9450 0.3142 -0.0909
vn 0.9433 0.3212 -0.0843
vn 0.9867 0.1451 0.0728
vn 0.0885 -0.0275 0.9957
vn -0.3437 -0.2060 0.9162
vn -0.7339 -0.4282 -0.5273
vn 0.8346 0.0311 0.5500
vn 0.8548 0.0545 -0.5160
vn -0.0001 0.0192 -0.9998
vn -0.8508 0.0108 -0.5254
vn -0.8170 0.1118 0.5657
vn -0.0068 -0.1436 0.9896
vn 0.9980 0.0617 -0.0127
vn -0.4170 0.0139 -0.9088
vn -0.9972 0.0746 0.0008
vn -0.4245 -0.0273 0.9050
vn 0.4313 0.0394 -0.9013
vn 0.4201 -0.0905 0.9030
vn 0.0014 -0.6820 -0.7313
vn 0.2456 -0.4331 -0.8672
vn 0.8462 -0.0991 -0.5236
vn 0.0078 -0.4717 0.8817
vn 0.4117 -0.2059 0.8878
vn 0.9924 -0.0951 0.0777
vn -0.2427 -0.4229 -0.8731
vn -0.8665 -0.0506 -0.4965
vn -0.4090 -0.1923 0.8921
vn -0.9960 -0.0740 0.0494
vn 0.5901 -0.2497 -0.7677
vn -0.0559 -0.6282 -0.7760
vn 0.8185 -0.1766 0.5467
vn 0.0150 -0.3599 0.9329
vn 0.9694 -0.0458 -0.2412
vn -0.6291 -0.2189 -0.7458
vn 0.0603 -0.6217 -0.7809
vn -0.8243 -0.1594 0.5433
vn -0.0049 -0.3506 0.9365
vn -0.9658 -0.0084 -0.2592
vn 0.0092 -0.7899 0.6131
vn 0.0046 -0.8321 -0.5547
vn 0.0103 -0.9878 0.1555
vn 0.0173 -0.9979 -0.0616
vn 0.0236 -0.9996 -0.0145
vn 0.0222 -0.9981 -0.0581
vn 0.0126 -0.9463 -0.3232
vn 0.4454 -0.7037 -0.5536
vn 0.3430 -0.6405 0.6871
vn 0.6250 -0.7257 -0.2876
vn 0.6806 -0.7303 -0.0580
vn 0.6841 -0.7294 -0.0012
vn 0.6616 -0.7496 0.0209
vn 0.5624 -0.7861 0.2564
vn -0.3307 -0.6542 0.6802
vn -0.4384 -0.7131 -0.5470
vn -0.5495 -0.7983 0.2465
vn -0.6452 -0.7638 0.0150
vn -0.6626 -0.7489 -0.0019
vn -0.6597 -0.7497 -0.0534
vn -0.6103 -0.7404 -0.2816
vn 0.0768 -0.7733 -0.6294
vn 0.5410 -0.7845 -0.3030
vn 0.3099 -0.7944 0.5223
vn 0.5944 -0.7956 0.1174
vn -0.0962 -0.7576 -0.6455
vn -0.5677 -0.7674 -0.2980
vn -0.3327 -0.7922 0.5115
vn -0.6105 -0.7839 0.1134
vn 0.3641 -0.7794 -0.5099
vn -0.2390 -0.7623 -0.6015
vn 0.5018 -0.7998 0.3295
vn 0.0261 -0.7746 0.6319
vn 0.6078 -0.7891 -0.0887
vn -0.3948 -0.7622 -0.5130
vn 0.2381 -0.7492 -0.6181
vn -0.5203 -0.7925 0.3181
vn -0.0523 -0.7780 0.6261
vn -0.6273 -0.7742 -0.0845
vn 0.4819 -0.7392 -0.4706
vn 0.2516 -0.7542 0.6065
vn 0.6190 -0.7290 -0.2923
vn 0.6840 -0.7204 -0.1147
vn 0.6940 -0.7165 0.0706
vn 0.6382 -0.7204 0.2716
vn 0.4939 -0.7329 0.4679
vn -0.2777 -0.7456 0.6058
vn -0.4808 -0.7447 -0.4629
vn -0.5142 -0.7214 0.4640
vn -0.6520 -0.7087 0.2695
vn -0.7042 -0.7064 0.0721
vn -0.6930 -0.7124 -0.1106
vn -0.6244 -0.7263 -0.2874
vn 0.7210 -0.4424 -0.5333
vn 0.7102 -0.1800 -0.6806
vn 0.7609 -0.2519 -0.5980
vn 0.7407 -0.1197 -0.6611
vn 0.7195 -0.1181 -0.6844
vn 0.9040 -0.1405 -0.4038
vn 0.8826 -0.3881 -0.2651
vn 0.9072 -0.1185 -0.4036
vn 0.9122 -0.1359 -0.3866
vn 0.9222 -0.2132 -0.3225
vn 0.1096 -0.3100 0.9444
vn -0.0460 -0.2840 0.9577
vn 0.1255 -0.3548 0.9265
vn 0.0580 -0.3063 0.9502
vn -0.0024 -0.2662 0.9639
vn -0.4985 -0.3255 0.8035
vn -0.3902 -0.2017 0.8984
vn -0.4863 -0.2926 0.8233
vn -0.4369 -0.3022 0.8472
vn -0.3923 -0.3102 0.8660
vn -0.9797 -0.0963 0.1759
vn -0.9323 -0.3113 0.1839
vn -0.9621 -0.1476 0.2292
vn -0.9541 -0.1932 0.2288
vn -0.9458 -0.2574 0.1978
vn -0.9477 -0.2930 -0.1269
vn -0.9819 -0.0325 -0.1866
vn -0.9704 -0.2031 -0.1308
vn -0.9879 -0.0984 -0.1202
vn -0.9893 -0.0599 -0.1331
vn -0.8420 -0.2706 -0.4668
vn -0.8450 -0.0386 -0.5334
vn -0.8568 -0.1158 -0.5024
vn -0.8599 -0.0042 -0.5105
vn -0.8532 -0.0088 -0.5216
vn 0.7710 -0.4728 0.4266
vn 0.7377 -0.1462 0.6591
vn 0.7824 -0.3161 0.5366
vn 0.7734 -0.2378 0.5877
vn 0.7709 -0.1595 0.6166
vn 0.4121 -0.2126 0.8860
vn 0.5360 -0.4456 0.7171
vn 0.4699 -0.2099 0.8574
vn 0.5075 -0.2733 0.8172
vn 0.5474 -0.3511 0.7596
vn 0.3671 -0.4529 -0.8125
vn 0.3555 -0.2228 -0.9077
vn 0.4346 -0.2713 -0.8588
vn 0.4190 -0.0906 -0.9034
vn 0.3817 -0.1081 -0.9180
vn 0.8890 -0.4196 0.1834
vn 0.9157 -0.1076 0.3872
vn 0.9141 -0.2652 0.3067
vn 0.9117 -0.2108 0.3526
vn 0.9216 -0.1337 0.3644
vn -0.5008 -0.1650 -0.8497
vn -0.5602 -0.2504 -0.7896
vn -0.4685 -0.0625 -0.8813
vn -0.4912 0.0189 -0.8708
vn -0.5203 -0.0612 -0.8518
vn -0.1204 -0.2481 -0.9612
vn -0.0775 -0.3340 -0.9394
vn -0.0651 -0.0858 -0.9942
vn -0.0119 -0.0380 -0.9992
vn 0.0001 -0.1942 -0.9810
vn 0.9256 -0.3763 0.0399
vn 0.9877 -0.0990 0.1210
vn 0.9723 -0.2142 0.0940
vn 0.9772 -0.1804 0.1120
vn 0.9856 -0.1224 0.1170
vn 0.9290 -0.3645 -0.0643
vn 0.9841 -0.1122 -0.1376
vn 0.9762 -0.1946 -0.0958
vn 0.9793 -0.1540 -0.1311
vn 0.9836 -0.1179 -0.1365
vn -0.7990 -0.3277 0.5041
vn -0.7909 -0.1533 0.5924
vn -0.8026 -0.2857 0.5237
vn -0.7805 -0.2620 0.5677
vn -0.7727 -0.2360 0.5893
vn -0.8772 -0.4035 -0.2602
vn -0.8954 -0.1622 -0.4147
vn -0.9200 -0.2292 -0.3179
vn -0.9104 -0.1546 -0.3837
vn -0.9025 -0.1430 -0.4063
vn -0.6931 -0.2103 -0.6895
vn -0.7168 -0.4558 -0.5277
vn -0.7075 -0.1485 -0.6910
vn -0.7355 -0.1373 -0.6635
vn -0.7587 -0.2645 -0.5954
vn -0.3616 -0.4655 -0.8078
vn -0.3332 -0.2578 -0.9069
vn -0.4264 -0.2811 -0.8597
vn -0.4007 -0.1066 -0.9100
vn -0.3555 -0.1427 -0.9237
vn 0.1286 -0.2832 -0.9504
vn 0.0826 -0.3470 -0.9342
vn 0.0923 -0.1222 -0.9882
vn 0.0409 -0.0549 -0.9977
vn 0.0146 -0.2023 -0.9792
vn -0.7675 -0.4885 0.4152
vn -0.7504 -0.1617 0.6409
vn -0.7840 -0.3314 0.5249
vn -0.7796 -0.2523 0.5732
vn -0.7818 -0.1743 0.5986
vn -0.9227 -0.1219 0.3657
vn -0.8842 -0.4325 0.1768
vn -0.9278 -0.1475 0.3428
vn -0.9140 -0.2251 0.3375
vn -0.9124 -0.2814 0.2973
vn 0.7878 -0.1744 0.5907
vn 0.7992 -0.3362 0.4982
vn 0.7730 -0.2537 0.5815
vn 0.7835 -0.2731 0.5582
vn 0.8054 -0.2942 0.5145
vn 0.4977 -0.3357 0.7998
vn 0.3954 -0.2179 0.8923
vn 0.4906 -0.3037 0.8167
vn 0.4427 -0.3149 0.8396
vn 0.3981 -0.3264 0.8573
vn -0.1034 -0.3255 0.9399
vn 0.0391 -0.2978 0.9538
vn -0.1238 -0.3720 0.9200
vn -0.0580 -0.3222 0.9449
vn 0.0004 -0.2810 0.9597
vn -0.4255 -0.2282 0.8757
vn -0.5328 -0.4629 0.7084
vn -0.4800 -0.2257 0.8477
vn -0.5135 -0.2893 0.8079
vn -0.5499 -0.3674 0.7501
vn 0.9731 -0.1292 0.1908
vn 0.9307 -0.3223 0.1731
vn 0.9579 -0.1737 0.2287
vn 0.9523 -0.2095 0.2218
vn 0.9444 -0.2690 0.1889
vn -0.9884 -0.1126 0.1016
vn -0.9204 -0.3891 0.0390
vn -0.9853 -0.1375 0.1016
vn -0.9749 -0.1968 0.1043
vn -0.9685 -0.2320 0.0903
vn 0.9796 -0.0813 -0.1839
vn 0.9400 -0.3106 -0.1413
vn 0.9854 -0.0954 -0.1408
vn 0.9835 -0.1243 -0.1317
vn 0.9640 -0.2259 -0.1404
vn 0.8311 -0.0853 -0.5495
vn 0.8266 -0.2999 -0.4761
vn 0.8457 -0.0436 -0.5319
vn 0.8552 -0.0377 -0.5169
vn 0.8485 -0.1580 -0.5051
vn -0.9801 -0.1278 -0.1517
vn -0.9235 -0.3787 -0.0614
vn -0.9802 -0.1371 -0.1426
vn -0.9764 -0.1724 -0.1304
vn -0.9726 -0.2128 -0.0935
vn 0.5492 -0.2881 -0.7845
vn 0.4855 -0.1909 -0.8531
vn 0.5323 -0.1049 -0.8400
vn 0.5066 -0.0090 -0.8622
vn 0.4738 -0.0819 -0.8768
vn 0.4784 0.1443 0.8662
vn -0.7707 -0.4188 0.4802
vn -0.8584 -0.5070 -0.0785
vn 0.2575 0.7808 -0.5692
vn 0.4350 0.4564 -0.7762
vn 0.4929 0.5278 -0.6917
vn 0.5145 0.6023 -0.6103
vn 0.4490 0.7025 -0.5522
vn 0.3214 0.8393 -0.4385
vn 0.2377 0.8810 -0.4091
vn 0.1268 0.9069 -0.4019
vn 0.1033 0.9082 -0.4056
vn 0.1384 0.9043 -0.4038
vn 0.1538 0.9146 -0.3739
vn 0.1391 0.9088 -0.3934
vn 0.1015 0.8643 -0.4927
vn 0.0984 0.8120 -0.5753
vn 0.1660 0.6705 -0.7231
vn 0.2012 0.5716 -0.7955
vn 0.3094 0.5086 -0.8035
vn 0.1964 0.0752 -0.9776
vn 0.1047 -0.3327 -0.9372
vn -0.0201 0.2142 -0.9766
vn 0.5273 0.0194 -0.8494
vn 0.5167 -0.3935 -0.7604
vn 0.7644 0.1471 -0.6277
vn 0.8395 -0.2403 -0.4873
vn 0.8307 0.3165 -0.4581
vn 0.9422 -0.0093 -0.3350
vn 0.7402 0.5784 -0.3429
vn 0.9377 0.3038 -0.1686
vn 0.6275 0.7666 -0.1362
vn 0.8158 0.5752 0.0597
vn 0.5043 0.8488 -0.1589
vn 0.7165 0.6849 0.1322
vn 0.2737 0.9357 -0.2227
vn 0.4645 0.8796 0.1022
vn 0.1292 0.9560 -0.2633
vn 0.1530 0.9874 0.0409
vn 0.0844 0.9415 -0.3262
vn -0.0406 0.9904 -0.1319
vn 0.0067 0.9413 -0.3376
vn -0.2767 0.9349 -0.2221
vn -0.0895 0.8913 -0.4444
vn -0.4484 0.7680 -0.4573
vn -0.2312 0.7589 -0.6088
vn -0.5508 0.5299 -0.6449
vn -0.2901 0.6546 -0.6981
vn -0.5111 0.4130 -0.7538
vn -0.1251 0.4735 -0.8719
vn -0.3161 0.1507 -0.9367
vn -0.3120 -0.3422 -0.8863
vn -0.1176 -0.1397 -0.9832
vn -0.0748 -0.5176 -0.8523
vn -0.0304 -0.7844 -0.6195
vn 0.0817 -0.6591 -0.7476
vn 0.1021 -0.8315 -0.5460
vn 0.4287 -0.7111 -0.5573
vn 0.7394 -0.5782 -0.3449
vn 0.3945 -0.7803 -0.4853
vn 0.5805 -0.7747 -0.2508
vn 0.4375 -0.6500 -0.6213
vn 0.2173 -0.7330 -0.6445
vn 0.6523 -0.5945 -0.4702
vn 0.8245 -0.5294 -0.1997
vn 0.8684 -0.4722 0.1513
vn 0.3799 -0.9046 -0.1936
vn 0.5042 -0.6435 0.5760
vn 0.2537 -0.9619 -0.1021
vn 0.1666 -0.7728 0.6124
vn -0.0985 -0.9716 0.2153
vn -0.1395 -0.9868 -0.0819
vn 0.1861 -0.9766 -0.1078
vn -0.0457 -0.9627 0.2666
vn 0.1452 -0.9753 -0.1664
vn 0.1734 -0.9287 -0.3277
vn 0.0891 -0.9807 -0.1743
vn 0.0268 -0.9841 -0.1758
vn -0.0217 -0.9258 -0.3774
vn 0.0303 -0.8231 -0.5671
vn -0.0087 -0.9294 -0.3689
vn -0.1062 -0.9939 -0.0294
vn -0.1930 -0.9366 -0.2925
vn -0.2883 -0.9511 0.1112
vn -0.3565 -0.9154 -0.1871
vn -0.2847 -0.9376 0.1996
vn -0.5588 -0.8293 -0.0016
vn -0.3069 -0.7983 0.5182
vn -0.5637 -0.5344 0.6298
vn -0.3668 -0.6896 0.6244
vn -0.4625 -0.2040 0.8628
vn -0.3215 -0.6794 0.6596
vn -0.4923 -0.2089 0.8450
vn -0.2681 -0.6779 0.6845
vn -0.5220 -0.2119 0.8262
vn -0.1829 -0.7824 0.5953
vn -0.2138 -0.4916 0.8441
vn 0.1132 -0.8889 0.4439
vn 0.3929 -0.7083 0.5864
vn 0.1954 -0.8919 0.4078
vn 0.4838 -0.8101 0.3313
vn 0.2472 -0.9508 0.1868
vn 0.5070 -0.8511 0.1367
vn 0.2873 -0.9563 -0.0534
vn 0.4922 -0.8683 -0.0617
vn 0.6223 -0.7704 -0.1385
vn 0.6975 -0.6954 -0.1730
vn 0.6560 -0.7512 0.0739
vn 0.5198 -0.8287 -0.2073
vn 0.7931 -0.6088 0.0219
vn 0.6838 -0.6319 0.3650
vn 0.8292 -0.3918 0.3987
vn 0.6949 -0.5553 0.4569
vn 0.8070 -0.2757 0.5222
vn 0.7862 0.3282 0.5237
vn 0.9600 0.1041 0.2598
vn 0.2806 0.5512 0.7858
vn 0.4469 0.0166 0.8944
vn 0.0318 0.0813 0.9962
vn 0.3551 -0.2453 0.9021
vn -0.0447 -0.1497 0.9877
vn -0.5681 0.1206 0.8140
vn -0.5291 0.1237 0.8395
vn -0.5303 0.1498 0.8345
vn -0.5310 0.1302 0.8373
vn -0.4896 0.1305 0.8621
vn -0.5278 0.1226 0.8405
vn -0.8243 -0.2463 0.5098
vn -0.9062 -0.0341 0.4215
vn -0.7926 -0.5974 -0.1224
vn -0.9180 -0.3262 -0.2254
vn -0.5009 -0.7817 -0.3715
vn -0.6398 -0.5726 -0.5126
vn -0.2203 -0.8583 -0.4635
vn -0.2594 -0.7374 -0.6236
vn -0.0148 -0.8482 -0.5294
vn 0.0953 -0.8791 -0.4670
vn -0.6654 -0.0943 -0.7405
vn -0.8615 0.1276 -0.4914
vn -0.9126 0.4053 0.0544
vn -0.6252 0.6478 0.4352
vn -0.3907 0.7833 0.4836
vn -0.2220 0.6982 0.6806
vn 0.9782 -0.1844 -0.0954
vn 0.8753 -0.4011 -0.2702
vt 0.935680 0.803020
vt 0.741960 0.803690
vt 0.739583 0.745660
vt 0.916667 0.744792
vt 0.500000 0.807039
vt 0.750000 0.809720
vt 0.750000 0.753472
vt 0.500000 0.750000
vt 0.500000 0.250000
vt 0.500000 0.375000
vt 0.750000 0.378472
vt 0.750000 0.250000
vt 0.500000 0.500000
vt 0.750000 0.534722
vt 1.000000 0.500000
vt 1.000000 0.375000
vt 1.000000 0.250000
vt 0.916667 0.000000
vt 0.989583 0.000000
vt 0.989583 0.000000
vt 1.000000 0.000000
vt 1.000000 0.000000
vt 0.760417 0.000000
vt 0.760417 0.000000
vt 0.666667 0.000000
vt 0.666667 0.000000
vt 0.923611 0.000000
vt 0.758681 0.000000
vt 0.750000 0.000000
vt 0.652778 0.000868
vt 0.500000 0.000000
vt 0.998264 0.000868
vt 0.991319 0.000000
vt 1.000000 0.000000
vt 0.916667 0.000000
vt 0.916667 0.000000
vt 0.744337 0.861719
vt 0.500000 0.864079
vt 0.500000 0.807040
vt 1.000000 0.807040
vt 1.000000 0.864079
vt 0.994337 0.861719
vt 0.991960 0.803690
vt 0.739583 0.250000
vt 0.739583 0.379340
vt 0.916667 0.250000
vt 0.916667 0.380208
vt 0.916667 0.541667
vt 0.739583 0.538194
vt 0.989583 0.000000
vt 0.760417 0.000000
vt 0.940000 0.030000
vt 0.745556 0.036944
vt 0.757569 0.004028
vt 0.919167 0.003090
vt 0.652778 0.000868
vt 0.990208 0.000556
vt 0.993819 0.003090
vt 0.989584 0.000000
vt 0.954693 0.861247
vt 0.935680 0.803020
vt 1.000000 0.000000
vt 0.989583 0.379340
vt 0.989583 0.250000
vt 0.989583 0.538194
vt 0.998889 0.004028
vt 0.993819 0.036944
vt 0.500000 0.864079
vt 0.750000 0.809720
vt 0.750000 0.865967
vt 1.000000 0.864079
vt 0.739583 0.250000
vt 0.916667 0.250000
vt 0.940000 0.030000
vt 0.757569 0.004028
vt 0.919167 0.003090
vt 0.990208 0.000556
vt 0.993819 0.003090
vt 0.991960 0.803690
vt 0.994337 0.861719
vt 0.998264 0.000868
vt 0.989583 0.250000
vt 0.989583 0.379340
vt 0.998889 0.004028
vt 0.993820 0.036944
vt 0.990208 0.129028
vt 0.919167 0.128958
vt 1.000000 0.125000
vt 0.500000 0.125000
vt 0.750000 0.125000
vt 0.740208 0.129028
vt 0.990208 0.129028
vt 0.919167 0.128958
vt 0.740208 0.129028
vt 1.000000 0.000000
vt 1.000000 0.000000
vt 1.000000 0.750000
vt 0.989583 0.745660
vt 0.989583 0.745660
vt 0.666806 0.000000
vt 0.760338 0.000000
vt 0.667349 0.000000
vt 0.760033 0.000000
vt 0.668889 0.000000
vt 0.667001 0.000000
vt 0.762246 0.000000
vt 0.666737 0.000000
vt 0.760805 0.000000
vt 0.760320 0.000000
vt 0.759945 0.000000
vt 0.762257 0.000000
vt 0.760807 0.000000
vt 0.989583 0.000000
vt 0.989406 0.000000
vt 1.000038 0.000000
vt 0.989270 0.000000
vt 0.989424 0.000000
vt 1.000035 0.000000
vt 0.760807 0.000000
vt 0.760802 0.000000
vt 0.762257 0.000000
vt 0.760801 0.000000
vt 0.762237 0.000000
vt 0.760803 0.000000
vt 0.762257 0.000000
vt 0.916328 0.000000
vt 0.915706 0.000000
vt 0.916348 0.000000
vt 0.916667 0.000000
vt 0.916478 0.000000
vt 0.760170 0.000000
vt 0.915847 0.000000
vt 0.916382 0.000000
vt 0.760037 0.000000
vt 0.760417 0.000000
vt 0.760421 0.000000
vt 0.760434 0.000000
vt 1.000003 0.000000
vt 0.989611 0.000000
vt 0.989562 0.000000
vt 1.000006 0.000000
vt 0.989626 0.000000
vt 0.759945 0.000000
vt 0.759946 0.000000
vt 0.759945 0.000000
vt 0.760417 0.000000
vt 0.760056 0.000000
vt 0.760417 0.000000
vt 0.760068 0.000000
vt 0.760320 0.000000
vt 0.760415 0.000000
vt 0.760415 0.000000
vt 0.989613 0.000000
vt 1.000004 0.000000
vt 0.989554 0.000000
vt 0.989630 0.000000
vt 1.000007 0.000000
vt 0.916470 0.000000
vt 0.915801 0.000000
vt 0.916364 0.000000
vt 0.760338 0.000000
vt 0.760417 0.000000
vt 0.760416 0.000000
vt 0.760338 0.000000
vt 0.762246 0.000000
vt 0.762246 0.000000
vt 0.760799 0.000000
vt 0.762224 0.000000
vt 0.760799 0.000000
vt 0.760800 0.000000
vt 0.760414 0.000000
vt 0.760162 0.000000
vt 0.760415 0.000000
vt 0.760014 0.000000
vt 0.760421 0.000000
vt 0.760436 0.000000
vt 0.760421 0.000000
vt 1.000041 0.000000
vt 1.000037 0.000000
vt 0.916295 0.000000
vt 0.760022 0.000000
vt 0.915616 0.000000
vt 0.916324 0.000000
vt 0.760043 0.000000
vt 0.760033 0.000000
vt 0.760033 0.000000
vt 0.760035 0.000000
vt 0.760033 0.000000
vt 0.989389 0.000000
vt 0.989232 0.000000
vt 0.989411 0.000000
vt 0.812500 0.875000
vt 0.781250 1.000000
vt 0.750000 0.875000
vt 0.718750 1.000000
vt 0.687500 0.875000
vt 0.656250 1.000000
vt 0.625000 0.875000
vt 0.593750 1.000000
vt 0.562500 0.875000
vt 0.531250 1.000000
vt 0.500000 0.875000
vt 0.468750 1.000000
vt 0.437500 0.875000
vt 0.406250 1.000000
vt 0.375000 0.875000
vt 0.343750 1.000000
vt 0.312500 0.875000
vt 0.281250 1.000000
vt 0.250000 0.875000
vt 0.218750 1.000000
vt 0.187500 0.875000
vt 0.156250 1.000000
vt 0.125000 0.875000
vt 0.093750 1.000000
vt 0.062500 0.875000
vt 0.031250 1.000000
vt 0.000000 0.875000
vt 1.000000 0.875000
vt 0.968750 1.000000
vt 0.937500 0.875000
vt 0.906250 1.000000
vt 0.875000 0.875000
vt 0.843750 1.000000
vt 0.812500 0.750000
vt 0.750000 0.750000
vt 0.875000 0.750000
vt 0.812500 0.625000
vt 0.750000 0.625000
vt 0.875000 0.625000
vt 0.687500 0.750000
vt 0.687500 0.625000
vt 0.625000 0.750000
vt 0.625000 0.625000
vt 0.562500 0.750000
vt 0.562500 0.625000
vt 0.500000 0.750000
vt 0.500000 0.625000
vt 0.437500 0.750000
vt 0.437500 0.625000
vt 0.375000 0.750000
vt 0.375000 0.625000
vt 0.312500 0.750000
vt 0.312500 0.625000
vt 0.250000 0.750000
vt 0.250000 0.625000
vt 0.187500 0.750000
vt 0.187500 0.625000
vt 0.125000 0.750000
vt 0.125000 0.625000
vt 0.062500 0.750000
vt 0.062500 0.625000
vt 0.000000 0.750000
vt 0.000000 0.625000
vt 1.000000 0.750000
vt 0.937500 0.750000
vt 1.000000 0.625000
vt 0.937500 0.625000
vt 0.937500 0.500000
vt 0.875000 0.500000
vt 0.812500 0.500000
vt 0.875000 0.375000
vt 0.812500 0.375000
vt 0.937500 0.375000
vt 0.750000 0.500000
vt 0.812490 0.375000
vt 0.687500 0.500000
vt 0.687500 0.375000
vt 0.750000 0.499983
vt 0.759204 0.282842
vt 0.750000 0.250017
vt 0.726551 0.296909
vt 0.708134 0.311003
vt 0.687510 0.375000
vt 0.702832 0.285319
vt 0.700083 0.250000
vt 0.687500 0.312500
vt 0.687500 0.250000
vt 0.687500 0.125000
vt 0.700811 0.214233
vt 0.717933 0.188525
vt 0.750000 0.125000
vt 0.750000 0.178714
vt 0.812500 0.125000
vt 0.782071 0.188524
vt 0.781250 0.000000
vt 0.718750 0.000000
vt 0.799195 0.214233
vt 0.812500 0.250000
vt 0.799924 0.250000
vt 0.875000 0.125000
vt 0.875000 0.250000
vt 0.843750 0.000000
vt 0.812500 0.312500
vt 0.790386 0.271759
vt 0.937500 0.125000
vt 0.937500 0.250000
vt 0.906250 0.000000
vt 1.000000 0.125000
vt 1.000000 0.250000
vt 0.968750 0.000000
vt 0.062500 0.125000
vt 0.062500 0.250000
vt 0.000000 0.250000
vt 0.000000 0.125000
vt 0.031250 0.000000
vt 0.125000 0.125000
vt 0.125000 0.250000
vt 0.093750 0.000000
vt 0.187500 0.125000
vt 0.187500 0.250000
vt 0.156250 0.000000
vt 0.250000 0.125000
vt 0.250000 0.250000
vt 0.218750 0.000000
vt 0.312500 0.125000
vt 0.312500 0.250000
vt 0.281250 0.000000
vt 0.375000 0.125000
vt 0.375000 0.250000
vt 0.343750 0.000000
vt 0.437500 0.125000
vt 0.437500 0.250000
vt 0.406250 0.000000
vt 0.500000 0.125000
vt 0.500000 0.250000
vt 0.468750 0.000000
vt 0.562500 0.125000
vt 0.562500 0.250000
vt 0.531250 0.000000
vt 0.625000 0.125000
vt 0.625000 0.250000
vt 0.593750 0.000000
vt 0.656250 0.000000
vt 0.625000 0.312500
vt 0.562500 0.312500
vt 0.625000 0.375000
vt 0.562500 0.375000
vt 0.500000 0.312500
vt 0.500000 0.375000
vt 0.437500 0.312500
vt 0.437500 0.375000
vt 0.500000 0.500000
vt 0.437500 0.500000
vt 0.375000 0.500000
vt 0.375000 0.375000
vt 0.375000 0.312500
vt 0.312500 0.312500
vt 0.312500 0.375000
vt 0.250000 0.312500
vt 0.250000 0.375000
vt 0.187500 0.312500
vt 0.187500 0.375000
vt 0.125000 0.312500
vt 0.125000 0.375000
vt 0.062500 0.312500
vt 0.062500 0.375000
vt 0.000000 0.312500
vt 0.000000 0.375000
vt 1.000000 0.312500
vt 0.937500 0.312500
vt 1.000000 0.375000
vt 0.875000 0.312500
vt 0.062500 0.500000
vt 0.000000 0.500000
vt 0.125000 0.500000
vt 0.187500 0.500000
vt 0.250000 0.500000
vt 0.312500 0.500000
vt 0.562500 0.500000
vt 0.625000 0.500000
vt 0.000000 0.000000
s 1
usemtl Black
f 546/1/546 557/2/557 147/3/147 30/4/30
f 548/5/548 556/6/556 109/7/109 4/8/4
f 101/9/101 108/10/108 296/11/296 295/12/295
f 108/10/108 4/13/4 109/14/109 296/11/296
f 296/11/296 109/14/109 3/15/3 107/16/107
f 295/12/295 296/11/296 107/16/107 100/17/100
f 9/18/9 122/19/122 297/20/297 118/18/118
f 122/19/122 10/21/10 119/22/119 297/20/297
f 297/20/297 119/22/119 8/22/8 116/20/116
f 118/18/118 297/20/297 116/20/116 6/18/6
f 9/18/9 118/18/118 298/23/298 121/24/121
f 118/18/118 6/18/6 117/24/117 298/23/298
f 298/23/298 117/24/117 7/25/7 114/26/114
f 121/24/121 298/23/298 114/26/114 11/25/11
f 1/22/1 110/27/110 299/28/299 106/29/106
f 110/27/110 9/18/9 121/24/121 299/28/299
f 299/28/299 121/24/121 11/25/11 120/30/120
f 106/29/106 299/28/299 120/30/120 2/31/2
f 1/22/1 112/32/112 300/33/300 110/27/110
f 112/32/112 5/22/5 111/34/111 300/33/300
f 300/33/300 111/34/111 10/21/10 122/19/122
f 110/27/110 300/33/300 122/19/122 9/18/9
f 20/22/20 133/34/133 301/34/301 135/34/135
f 135/34/135 301/34/301 126/34/126 21/22/21
f 18/22/18 130/34/130 302/22/302 132/22/132
f 130/34/130 16/34/16 127/34/127 302/22/302
f 302/22/302 127/34/127 17/34/17 129/34/129
f 132/22/132 302/22/302 129/34/129 19/22/19
f 14/22/14 128/34/128 303/34/303 124/34/124
f 128/34/128 18/22/18 132/22/132 303/34/303
f 303/34/303 132/22/132 19/22/19 131/34/131
f 124/34/124 303/34/303 131/34/131 15/22/15
f 12/22/12 125/34/125 304/34/304 123/22/123
f 125/34/125 20/22/20 135/34/135 304/34/304
f 304/34/304 135/34/135 21/22/21 134/34/134
f 123/22/123 304/34/304 134/34/134 13/22/13
f 6/18/6 116/20/116 305/19/305 113/35/113
f 116/20/116 8/22/8 115/22/115 305/19/305
f 305/19/305 115/22/115 24/22/24 139/20/139
f 113/35/113 305/19/305 139/20/139 23/36/23
f 6/18/6 113/35/113 306/23/306 117/24/117
f 113/35/113 23/36/23 140/24/140 306/23/306
f 306/23/306 140/24/140 22/25/22 136/26/136
f 117/24/117 306/23/306 136/26/136 7/25/7
f 23/36/23 139/20/139 307/19/307 137/36/137
f 139/20/139 24/22/24 138/34/138 307/19/307
f 307/19/307 138/34/138 27/22/27 142/20/142
f 137/36/137 307/19/307 142/20/142 26/18/26
f 23/36/23 137/36/137 308/23/308 140/24/140
f 137/36/137 26/18/26 143/24/143 308/23/308
f 308/23/308 143/24/143 25/26/25 141/26/141
f 140/24/140 308/23/308 141/26/141 22/25/22
f 557/2/557 791/37/791 543/38/543 551/39/551
f 547/40/547 97/41/97 542/42/542 552/43/552
f 103/9/103 294/44/294 309/45/309 146/10/146
f 294/44/294 102/46/102 145/47/145 309/45/309
f 309/45/309 145/47/145 30/48/30 147/49/147
f 146/10/146 309/45/309 147/49/147 31/13/31
f 36/35/36 156/35/156 310/50/310 160/20/160
f 156/35/156 33/35/33 154/50/154 310/50/310
f 310/50/310 154/50/154 35/22/35 157/22/157
f 160/20/160 310/50/310 157/22/157 37/21/37
f 36/35/36 159/51/159 311/51/311 156/35/156
f 159/51/159 38/25/38 152/26/152 311/51/311
f 311/51/311 152/26/152 34/25/34 155/51/155
f 156/35/156 311/51/311 155/51/155 33/35/33
f 28/52/28 144/53/144 312/54/312 148/55/148
f 144/53/144 29/31/29 158/56/158 312/54/312
f 312/54/312 158/56/158 38/25/38 159/51/159
f 148/55/148 312/54/312 159/51/159 36/35/36
f 28/52/28 148/55/148 313/57/313 150/58/150
f 148/55/148 36/35/36 160/20/160 313/57/313
f 313/57/313 160/20/160 37/21/37 149/34/149
f 150/58/150 313/57/313 149/34/149 32/22/32
f 47/22/47 173/34/173 314/34/314 171/34/171
f 173/34/173 48/22/48 164/34/164 314/34/314
f 45/22/45 170/22/170 315/34/315 168/22/168
f 170/22/170 46/22/46 167/22/167 315/34/315
f 315/34/315 167/22/167 44/34/44 165/34/165
f 168/22/168 315/34/315 165/34/165 43/34/43
f 41/22/41 162/34/162 316/34/316 166/34/166
f 162/34/162 42/22/42 169/34/169 316/34/316
f 316/34/316 169/34/169 46/22/46 170/22/170
f 166/34/166 316/34/316 170/22/170 45/22/45
f 39/22/39 161/22/161 317/34/317 163/34/163
f 161/22/161 40/22/40 172/34/172 317/34/317
f 317/34/317 172/34/172 48/22/48 173/34/173
f 163/34/163 317/34/317 173/34/173 47/22/47
f 33/35/33 151/35/151 318/19/318 154/50/154
f 151/35/151 50/35/50 177/20/177 318/19/318
f 318/19/318 177/20/177 51/22/51 153/34/153
f 154/50/154 318/19/318 153/34/153 35/22/35
f 33/35/33 155/51/155 319/51/319 151/35/151
f 155/51/155 34/25/34 174/26/174 319/51/319
f 319/51/319 174/26/174 49/25/49 178/51/178
f 151/35/151 319/51/319 178/51/178 50/35/50
f 50/35/50 175/35/175 320/59/320 177/20/177
f 175/35/175 53/35/53 180/50/180 320/59/320
f 320/59/320 180/50/180 54/22/54 176/34/176
f 177/20/177 320/59/320 176/34/176 51/22/51
f 50/35/50 178/51/178 321/51/321 175/35/175
f 178/51/178 49/25/49 179/26/179 321/51/321
f 321/51/321 179/26/179 52/26/52 181/23/181
f 175/35/175 321/51/321 181/23/181 53/35/53
f 20/22/20 125/34/125 322/34/322 183/34/183
f 125/34/125 12/22/12 182/34/182 322/34/322
f 322/34/322 182/34/182 39/22/39 163/34/163
f 183/34/183 322/34/322 163/34/163 47/22/47
f 552/43/552 542/42/542 99/60/99 546/1/546
f 549/61/549 545/60/545 283/37/283 553/2/553
f 21/22/21 126/34/126 323/34/323 186/34/186
f 186/34/186 323/34/323 164/34/164 48/22/48
f 27/22/27 138/34/138 324/34/324 188/34/188
f 138/34/138 24/22/24 187/34/187 324/34/324
f 324/34/324 187/34/187 51/22/51 176/34/176
f 188/34/188 324/34/324 176/34/176 54/22/54
f 24/22/24 115/22/115 325/22/325 187/34/187
f 115/22/115 8/22/8 189/22/189 325/22/325
f 325/22/325 189/22/189 35/22/35 153/34/153
f 187/34/187 325/22/325 153/34/153 51/22/51
f 17/34/17 127/34/127 326/62/326 191/34/191
f 127/34/127 16/34/16 190/34/190 326/62/326
f 326/62/326 190/34/190 43/34/43 165/34/165
f 191/34/191 326/62/326 165/34/165 44/34/44
f 18/22/18 128/34/128 327/34/327 193/34/193
f 128/34/128 14/22/14 192/34/192 327/34/327
f 327/34/327 192/34/192 41/22/41 166/34/166
f 193/34/193 327/34/327 166/34/166 45/22/45
f 100/17/100 107/16/107 328/63/328 293/64/293
f 107/16/107 3/15/3 184/65/184 328/63/328
f 328/63/328 184/65/184 30/48/30 145/47/145
f 293/64/293 328/63/328 145/47/145 102/46/102
f 19/22/19 129/34/129 329/22/329 195/22/195
f 129/34/129 17/34/17 191/34/191 329/22/329
f 329/22/329 191/34/191 44/34/44 167/22/167
f 195/22/195 329/22/329 167/22/167 46/22/46
f 16/34/16 130/34/130 330/22/330 190/34/190
f 130/34/130 18/22/18 193/34/193 330/22/330
f 330/22/330 193/34/193 45/22/45 168/22/168
f 190/34/190 330/22/330 168/22/168 43/34/43
f 8/22/8 119/22/119 331/34/331 189/22/189
f 119/22/119 10/21/10 196/34/196 331/34/331
f 331/34/331 196/34/196 37/21/37 157/22/157
f 189/22/189 331/34/331 157/22/157 35/22/35
f 15/22/15 131/34/131 332/34/332 185/34/185
f 131/34/131 19/22/19 195/22/195 332/34/332
f 332/34/332 195/22/195 46/22/46 169/34/169
f 185/34/185 332/34/332 169/34/169 42/22/42
f 133/34/133 20/22/20 183/34/183 333/34/333
f 333/34/333 183/34/183 47/22/47 171/34/171
f 13/22/13 134/34/134 334/34/334 197/34/197
f 134/34/134 21/22/21 186/34/186 334/34/334
f 334/34/334 186/34/186 48/22/48 172/34/172
f 197/34/197 334/34/334 172/34/172 40/22/40
f 5/22/5 112/32/112 335/66/335 198/34/198
f 112/32/112 1/22/1 194/67/194 335/66/335
f 335/66/335 194/67/194 28/52/28 150/58/150
f 198/34/198 335/66/335 150/58/150 32/22/32
f 553/2/553 283/37/283 98/68/98 548/5/548
f 555/69/555 544/70/544 792/71/792 550/40/550
f 101/9/101 292/72/292 336/45/336 108/10/108
f 292/72/292 104/73/104 200/47/200 336/45/336
f 336/45/336 200/47/200 56/48/56 201/49/201
f 108/10/108 336/45/336 201/49/201 4/13/4
f 60/35/60 209/35/209 337/50/337 212/20/212
f 209/35/209 58/35/58 207/50/207 337/50/337
f 337/50/337 207/50/207 59/22/59 210/22/210
f 212/20/212 337/50/337 210/22/210 61/21/61
f 60/35/60 211/51/211 338/51/338 209/35/209
f 211/51/211 11/25/11 114/26/114 338/51/338
f 338/51/338 114/26/114 7/25/7 208/51/208
f 209/35/209 338/51/338 208/51/208 58/35/58
f 55/74/55 199/53/199 339/75/339 202/76/202
f 199/53/199 2/31/2 120/30/120 339/75/339
f 339/75/339 120/30/120 11/25/11 211/51/211
f 202/76/202 339/75/339 211/51/211 60/35/60
f 55/74/55 202/76/202 340/77/340 204/78/204
f 202/76/202 60/35/60 212/20/212 340/77/340
f 340/77/340 212/20/212 61/21/61 203/34/203
f 204/78/204 340/77/340 203/34/203 57/22/57
f 70/22/70 225/34/225 341/34/341 223/34/223
f 225/34/225 71/22/71 216/34/216 341/34/341
f 68/22/68 222/22/222 342/34/342 220/22/220
f 222/22/222 69/22/69 219/22/219 342/34/342
f 342/34/342 219/22/219 67/34/67 217/34/217
f 220/22/220 342/34/342 217/34/217 66/34/66
f 64/22/64 214/34/214 343/34/343 218/34/218
f 214/34/214 65/22/65 221/34/221 343/34/343
f 343/34/343 221/34/221 69/22/69 222/22/222
f 218/34/218 343/34/343 222/22/222 68/22/68
f 62/22/62 213/22/213 344/34/344 215/34/215
f 213/22/213 63/22/63 224/34/224 344/34/344
f 344/34/344 224/34/224 71/22/71 225/34/225
f 215/34/215 344/34/344 225/34/225 70/22/70
f 58/35/58 205/35/205 345/19/345 207/50/207
f 205/35/205 72/35/72 228/20/228 345/19/345
f 345/19/345 228/20/228 73/22/73 206/34/206
f 207/50/207 345/19/345 206/34/206 59/22/59
f 58/35/58 208/51/208 346/51/346 205/35/205
f 208/51/208 7/25/7 136/26/136 346/51/346
f 346/51/346 136/26/136 22/25/22 229/51/229
f 205/35/205 346/51/346 229/51/229 72/35/72
f 72/35/72 226/35/226 347/59/347 228/20/228
f 226/35/226 74/35/74 230/50/230 347/59/347
f 347/59/347 230/50/230 75/22/75 227/34/227
f 228/20/228 347/59/347 227/34/227 73/22/73
f 72/35/72 229/51/229 348/51/348 226/35/226
f 229/51/229 22/25/22 141/26/141 348/51/348
f 348/51/348 141/26/141 25/26/25 231/23/231
f 226/35/226 348/51/348 231/23/231 74/35/74
f 554/79/554 793/80/793 545/60/545 549/61/549
f 551/39/551 543/38/543 544/70/544 555/69/555
f 103/9/103 146/10/146 349/11/349 291/12/291
f 146/10/146 31/13/31 234/14/234 349/11/349
f 349/11/349 234/14/234 77/15/77 233/16/233
f 291/12/291 349/11/349 233/16/233 105/17/105
f 81/18/81 245/19/245 350/20/350 242/18/242
f 245/19/245 82/21/82 243/22/243 350/20/350
f 350/20/350 243/22/243 80/22/80 240/20/240
f 242/18/242 350/20/350 240/20/240 79/18/79
f 81/18/81 242/18/242 351/23/351 244/24/244
f 242/18/242 79/18/79 241/24/241 351/23/351
f 351/23/351 241/24/241 34/25/34 152/26/152
f 244/24/244 351/23/351 152/26/152 38/25/38
f 76/22/76 235/27/235 352/28/352 232/29/232
f 235/27/235 81/18/81 244/24/244 352/28/352
f 352/28/352 244/24/244 38/25/38 158/56/158
f 232/29/232 352/28/352 158/56/158 29/31/29
f 76/22/76 237/81/237 353/33/353 235/27/235
f 237/81/237 78/22/78 236/34/236 353/33/353
f 353/33/353 236/34/236 82/21/82 245/19/245
f 235/27/235 353/33/353 245/19/245 81/18/81
f 91/22/91 256/34/256 354/34/354 258/34/258
f 258/34/258 354/34/354 249/34/249 92/22/92
f 89/22/89 253/34/253 355/22/355 255/22/255
f 253/34/253 87/34/87 250/34/250 355/22/355
f 355/22/355 250/34/250 88/34/88 252/22/252
f 255/22/255 355/22/355 252/22/252 90/22/90
f 85/22/85 251/34/251 356/34/356 247/34/247
f 251/34/251 89/22/89 255/22/255 356/34/356
f 356/34/356 255/22/255 90/22/90 254/34/254
f 247/34/247 356/34/356 254/34/254 86/22/86
f 83/22/83 248/34/248 357/34/357 246/22/246
f 248/34/248 91/22/91 258/34/258 357/34/357
f 357/34/357 258/34/258 92/22/92 257/34/257
f 246/22/246 357/34/357 257/34/257 84/22/84
f 79/18/79 240/20/240 358/19/358 238/35/238
f 240/20/240 80/22/80 239/22/239 358/19/358
f 358/19/358 239/22/239 94/22/94 261/20/261
f 238/35/238 358/19/358 261/20/261 93/36/93
f 79/18/79 238/35/238 359/23/359 241/24/241
f 238/35/238 93/36/93 262/24/262 359/23/359
f 359/23/359 262/24/262 49/25/49 174/26/174
f 241/24/241 359/23/359 174/26/174 34/25/34
f 93/36/93 261/20/261 360/19/360 259/36/259
f 261/20/261 94/22/94 260/34/260 360/19/360
f 360/19/360 260/34/260 96/22/96 263/20/263
f 259/36/259 360/19/360 263/20/263 95/18/95
f 93/36/93 259/36/259 361/23/361 262/24/262
f 259/36/259 95/18/95 264/24/264 361/23/361
f 361/23/361 264/24/264 52/26/52 179/26/179
f 262/24/262 361/23/361 179/26/179 49/25/49
f 70/22/70 266/34/266 362/34/362 215/34/215
f 266/34/266 91/22/91 248/34/248 362/34/362
f 362/34/362 248/34/248 83/22/83 265/34/265
f 215/34/215 362/34/362 265/34/265 62/22/62
f 550/40/550 792/71/792 793/80/793 554/79/554
f 71/22/71 269/34/269 363/34/363 216/34/216
f 269/34/269 92/22/92 249/34/249 363/34/363
f 75/22/75 271/34/271 364/34/364 227/34/227
f 271/34/271 96/22/96 260/34/260 364/34/364
f 364/34/364 260/34/260 94/22/94 270/34/270
f 227/34/227 364/34/364 270/34/270 73/22/73
f 73/22/73 270/34/270 365/22/365 206/34/206
f 270/34/270 94/22/94 239/22/239 365/22/365
f 365/22/365 239/22/239 80/22/80 272/21/272
f 206/34/206 365/22/365 272/21/272 59/22/59
f 67/34/67 274/34/274 366/34/366 217/34/217
f 274/34/274 88/34/88 250/34/250 366/34/366
f 366/34/366 250/34/250 87/34/87 273/34/273
f 217/34/217 366/34/366 273/34/273 66/34/66
f 68/22/68 276/34/276 367/34/367 218/34/218
f 276/34/276 89/22/89 251/34/251 367/34/367
f 367/34/367 251/34/251 85/22/85 275/34/275
f 218/34/218 367/34/367 275/34/275 64/22/64
f 104/73/104 290/82/290 368/83/368 200/47/200
f 290/82/290 105/17/105 233/16/233 368/83/368
f 368/83/368 233/16/233 77/15/77 267/65/267
f 200/47/200 368/83/368 267/65/267 56/48/56
f 69/22/69 278/22/278 369/34/369 219/22/219
f 278/22/278 90/22/90 252/22/252 369/34/369
f 369/34/369 252/22/252 88/34/88 274/34/274
f 219/22/219 369/34/369 274/34/274 67/34/67
f 66/34/66 273/34/273 370/22/370 220/22/220
f 273/34/273 87/34/87 253/34/253 370/22/370
f 370/22/370 253/34/253 89/22/89 276/34/276
f 220/22/220 370/22/370 276/34/276 68/22/68
f 59/22/59 272/21/272 371/22/371 210/22/210
f 272/21/272 80/22/80 243/22/243 371/22/371
f 371/22/371 243/22/243 82/21/82 279/34/279
f 210/22/210 371/22/371 279/34/279 61/21/61
f 65/22/65 268/34/268 372/34/372 221/34/221
f 268/34/268 86/22/86 254/34/254 372/34/372
f 372/34/372 254/34/254 90/22/90 278/22/278
f 221/34/221 372/34/372 278/22/278 69/22/69
f 373/34/373 256/34/256 91/22/91 266/34/266
f 223/34/223 373/34/373 266/34/266 70/22/70
f 63/22/63 280/34/280 374/34/374 224/34/224
f 280/34/280 84/22/84 257/34/257 374/34/374
f 374/34/374 257/34/257 92/22/92 269/34/269
f 224/34/224 374/34/374 269/34/269 71/22/71
f 57/22/57 281/34/281 375/84/375 204/78/204
f 281/34/281 78/22/78 237/81/237 375/84/375
f 375/84/375 237/81/237 76/22/76 277/85/277
f 204/78/204 375/84/375 277/85/277 55/74/55
f 556/6/556 282/70/282 97/41/97 547/40/547
f 55/74/55 277/85/277 376/86/376 288/87/288
f 277/85/277 76/22/76 289/88/289 376/86/376
f 376/86/376 289/88/289 105/17/105 290/82/290
f 288/87/288 376/86/376 290/82/290 104/73/104
f 29/31/29 287/89/287 377/90/377 232/29/232
f 287/89/287 103/9/103 291/12/291 377/90/377
f 377/90/377 291/12/291 105/17/105 289/88/289
f 232/29/232 377/90/377 289/88/289 76/22/76
f 2/31/2 199/53/199 378/91/378 285/89/285
f 199/53/199 55/74/55 288/87/288 378/91/378
f 378/91/378 288/87/288 104/73/104 292/72/292
f 285/89/285 378/91/378 292/72/292 101/9/101
f 1/22/1 284/88/284 379/92/379 194/67/194
f 284/88/284 100/17/100 293/64/293 379/92/379
f 379/92/379 293/64/293 102/46/102 286/93/286
f 194/67/194 379/92/379 286/93/286 28/52/28
f 29/31/29 144/53/144 380/94/380 287/89/287
f 144/53/144 28/52/28 286/93/286 380/94/380
f 380/94/380 286/93/286 102/46/102 294/44/294
f 287/89/287 380/94/380 294/44/294 103/9/103
f 2/31/2 285/89/285 381/90/381 106/29/106
f 285/89/285 101/9/101 295/12/295 381/90/381
f 381/90/381 295/12/295 100/17/100 284/88/284
f 106/29/106 381/90/381 284/88/284 1/22/1
f 383/22/383 422/22/422 424/22/424 386/22/386
f 386/22/386 424/22/424 425/22/425 385/22/385
f 385/22/385 425/22/425 426/22/426 384/22/384
f 384/22/384 426/22/426 423/22/423 382/22/382
f 388/22/388 423/22/423 426/22/426 391/22/391
f 391/22/391 426/22/426 425/22/425 390/22/390
f 390/22/390 425/22/425 424/22/424 389/22/389
f 389/22/389 424/22/424 422/22/422 387/22/387
f 398/22/398 427/22/427 429/22/429 401/21/401
f 401/21/401 429/22/429 430/22/430 400/22/400
f 400/22/400 430/22/430 431/22/431 399/22/399
f 399/22/399 431/22/431 428/22/428 397/22/397
f 393/22/393 428/22/428 431/22/431 396/22/396
f 396/22/396 431/22/431 430/22/430 395/22/395
f 395/22/395 430/22/430 429/22/429 394/22/394
f 394/22/394 429/22/429 427/22/427 392/22/392
f 382/22/382 432/34/432 434/34/434 384/22/384
f 384/22/384 434/34/434 435/34/435 385/22/385
f 385/22/385 435/34/435 436/34/436 386/22/386
f 386/22/386 436/34/436 433/34/433 383/22/383
f 392/22/392 433/34/433 436/34/436 394/22/394
f 394/22/394 436/34/436 435/34/435 395/22/395
f 395/22/395 435/34/435 434/34/434 396/22/396
f 396/22/396 434/34/434 432/34/432 393/22/393
f 387/22/387 437/22/437 439/22/439 389/22/389
f 389/22/389 439/22/439 440/22/440 390/22/390
f 390/22/390 440/22/440 441/22/441 391/22/391
f 391/22/391 441/22/441 438/22/438 388/22/388
f 397/22/397 438/22/438 441/22/441 399/22/399
f 399/22/399 441/22/441 440/22/440 400/22/400
f 400/22/400 440/22/440 439/22/439 401/21/401
f 401/21/401 439/22/439 437/22/437 398/22/398
f 408/22/408 442/22/442 444/22/444 411/22/411
f 411/22/411 444/22/444 445/22/445 410/22/410
f 410/22/410 445/22/445 446/22/446 409/22/409
f 409/22/409 446/22/446 443/22/443 407/22/407
f 403/22/403 443/22/443 446/22/446 406/22/406
f 406/22/406 446/22/446 445/22/445 405/22/405
f 405/22/405 445/22/445 444/22/444 404/22/404
f 404/22/404 444/22/444 442/22/442 402/22/402
f 413/22/413 447/22/447 449/22/449 416/22/416
f 416/22/416 449/22/449 450/22/450 415/22/415
f 415/22/415 450/22/450 451/22/451 414/22/414
f 414/22/414 451/22/451 448/22/448 412/22/412
f 418/22/418 448/22/448 451/22/451 421/22/421
f 421/22/421 451/22/451 450/22/450 420/22/420
f 420/22/420 450/22/450 449/22/449 419/22/419
f 419/22/419 449/22/449 447/22/447 417/22/417
f 412/22/412 452/34/452 454/62/454 414/22/414
f 414/22/414 454/62/454 455/34/455 415/22/415
f 415/22/415 455/34/455 456/34/456 416/22/416
f 416/22/416 456/34/456 453/34/453 413/22/413
f 402/22/402 453/34/453 456/34/456 404/22/404
f 404/22/404 456/34/456 455/34/455 405/22/405
f 405/22/405 455/34/455 454/62/454 406/22/406
f 406/22/406 454/62/454 452/34/452 403/22/403
f 417/22/417 457/22/457 459/22/459 419/22/419
f 419/22/419 459/22/459 460/22/460 420/22/420
f 420/22/420 460/22/460 461/22/461 421/22/421
f 421/22/421 461/22/461 458/22/458 418/22/418
f 407/22/407 458/22/458 461/22/461 409/22/409
f 409/22/409 461/22/461 460/22/460 410/22/410
f 410/22/410 460/22/460 459/22/459 411/22/411
f 411/22/411 459/22/459 457/22/457 408/22/408
f 12/22/12 383/22/383 433/34/433 182/34/182
f 383/22/383 12/22/12 123/22/123 422/22/422
f 382/22/382 5/22/5 198/34/198 432/34/432
f 5/22/5 382/22/382 423/22/423 111/34/111
f 10/21/10 388/22/388 438/22/438 196/34/196
f 111/34/111 423/22/423 388/22/388 10/21/10
f 387/22/387 13/22/13 197/34/197 437/22/437
f 422/22/422 123/22/123 13/22/13 387/22/387
f 182/34/182 433/34/433 392/22/392 39/22/39
f 32/22/32 149/34/149 428/22/428 393/22/393
f 392/22/392 427/22/427 161/22/161 39/22/39
f 432/34/432 198/34/198 32/22/32 393/22/393
f 196/34/196 438/22/438 397/22/397 37/21/37
f 427/22/427 398/22/398 40/22/40 161/22/161
f 149/34/149 37/21/37 397/22/397 428/22/428
f 437/22/437 197/34/197 40/22/40 398/22/398
f 62/22/62 265/34/265 453/34/453 402/22/402
f 57/22/57 203/34/203 443/22/443 403/22/403
f 402/22/402 442/22/442 213/22/213 62/22/62
f 403/22/403 452/34/452 281/34/281 57/22/57
f 61/21/61 279/34/279 458/22/458 407/22/407
f 442/22/442 408/22/408 63/22/63 213/22/213
f 203/34/203 61/21/61 407/22/407 443/22/443
f 408/22/408 457/22/457 280/34/280 63/22/63
f 265/34/265 83/22/83 413/22/413 453/34/453
f 413/22/413 83/22/83 246/22/246 447/22/447
f 452/34/452 412/22/412 78/22/78 281/34/281
f 78/22/78 412/22/412 448/22/448 236/34/236
f 279/34/279 82/21/82 418/22/418 458/22/458
f 236/34/236 448/22/448 418/22/418 82/21/82
f 457/22/457 417/22/417 84/22/84 280/34/280
f 447/22/447 246/22/246 84/22/84 417/22/417
f 478/95/478 497/34/497 499/34/499 481/96/481
f 481/96/481 499/34/499 500/34/500 480/96/480
f 480/96/480 500/34/500 501/34/501 479/96/479
f 479/96/479 501/34/501 498/34/498 477/95/477
f 497/34/497 467/22/467 469/95/469 499/34/499
f 499/34/499 469/95/469 470/95/470 500/34/500
f 500/34/500 470/95/470 471/95/471 501/34/501
f 501/34/501 471/95/471 468/95/468 498/34/498
f 493/34/493 462/22/462 464/22/464 496/34/496
f 496/34/496 464/22/464 465/22/465 495/34/495
f 495/34/495 465/22/465 466/22/466 494/34/494
f 494/34/494 466/22/466 463/22/463 492/34/492
f 473/22/473 493/34/493 496/34/496 476/95/476
f 476/95/476 496/34/496 495/34/495 475/95/475
f 475/95/475 495/34/495 494/34/494 474/95/474
f 474/95/474 494/34/494 492/34/492 472/22/472
f 488/34/488 473/22/473 476/95/476 491/34/491
f 491/34/491 476/95/476 475/95/475 490/34/490
f 490/34/490 475/95/475 474/95/474 489/34/489
f 489/34/489 474/95/474 472/22/472 487/34/487
f 477/95/477 488/34/488 491/34/491 479/96/479
f 479/96/479 491/34/491 490/34/490 480/96/480
f 480/96/480 490/34/490 489/34/489 481/96/481
f 481/96/481 489/34/489 487/34/487 478/95/478
f 483/34/483 468/95/468 471/95/471 486/34/486
f 486/34/486 471/95/471 470/95/470 485/34/485
f 485/34/485 470/95/470 469/95/469 484/34/484
f 484/34/484 469/95/469 467/22/467 482/34/482
f 462/22/462 483/34/483 486/34/486 464/22/464
f 464/22/464 486/34/486 485/34/485 465/22/465
f 465/22/465 485/34/485 484/34/484 466/22/466
f 466/22/466 484/34/484 482/34/482 463/22/463
f 538/34/538 517/22/517 519/22/519 541/34/541
f 541/34/541 519/22/519 520/21/520 540/34/540
f 540/34/540 520/21/520 521/21/521 539/34/539
f 539/34/539 521/21/521 518/21/518 537/22/537
f 508/22/508 538/34/538 541/34/541 511/21/511
f 511/21/511 541/34/541 540/34/540 510/21/510
f 510/21/510 540/34/540 539/34/539 509/22/509
f 509/22/509 539/34/539 537/22/537 507/21/507
f 533/62/533 512/22/512 514/22/514 536/62/536
f 536/62/536 514/22/514 515/22/515 535/62/535
f 535/62/535 515/22/515 516/22/516 534/62/534
f 534/62/534 516/22/516 513/22/513 532/62/532
f 503/22/503 533/62/533 536/62/536 506/22/506
f 506/22/506 536/62/536 535/62/535 505/22/505
f 505/22/505 535/62/535 534/62/534 504/22/504
f 504/22/504 534/62/534 532/62/532 502/22/502
f 528/22/528 518/21/518 521/21/521 531/22/531
f 531/22/531 521/21/521 520/21/520 530/22/530
f 530/22/530 520/21/520 519/22/519 529/22/529
f 529/22/529 519/22/519 517/22/517 527/22/527
f 512/22/512 528/22/528 531/22/531 514/22/514
f 514/22/514 531/22/531 530/22/530 515/22/515
f 515/22/515 530/22/530 529/22/529 516/22/516
f 516/22/516 529/22/529 527/22/527 513/22/513
f 523/62/523 503/22/503 506/22/506 526/62/526
f 526/62/526 506/22/506 505/22/505 525/62/525
f 525/62/525 505/22/505 504/22/504 524/62/524
f 524/62/524 504/22/504 502/22/502 522/62/522
f 507/21/507 523/62/523 526/62/526 509/22/509
f 509/22/509 526/62/526 525/62/525 510/21/510
f 510/21/510 525/62/525 524/62/524 511/21/511
f 511/21/511 524/62/524 522/62/522 508/22/508
f 462/22/462 493/34/493 268/34/268 65/22/65
f 341/34/341 216/34/216 463/22/463 482/34/482
f 483/34/483 462/22/462 65/22/65 214/34/214
f 216/34/216 363/34/363 492/34/492 463/22/463
f 223/34/223 341/34/341 482/34/482 467/22/467
f 64/22/64 275/34/275 498/34/498 468/95/468
f 467/22/467 497/34/497 373/34/373 223/34/223
f 468/95/468 483/34/483 214/34/214 64/22/64
f 493/34/493 473/22/473 86/22/86 268/34/268
f 354/34/354 487/34/487 472/22/472 249/34/249
f 363/34/363 249/34/249 472/22/472 492/34/492
f 488/34/488 247/34/247 86/22/86 473/22/473
f 256/34/256 478/95/478 487/34/487 354/34/354
f 497/34/497 478/95/478 256/34/256 373/34/373
f 477/95/477 85/22/85 247/34/247 488/34/488
f 275/34/275 85/22/85 477/95/477 498/34/498
f 503/22/503 15/22/15 185/34/185 533/62/533
f 301/34/301 522/62/522 502/22/502 126/34/126
f 126/34/126 502/22/502 532/62/532 323/34/323
f 523/62/523 124/34/124 15/22/15 503/22/503
f 133/34/133 508/22/508 522/62/522 301/34/301
f 508/22/508 133/34/133 333/34/333 538/34/538
f 507/21/507 14/22/14 124/34/124 523/62/523
f 14/22/14 507/21/507 537/22/537 192/34/192
f 533/62/533 185/34/185 42/22/42 512/22/512
f 314/34/314 164/34/164 513/22/513 527/22/527
f 528/22/528 512/22/512 42/22/42 162/34/162
f 323/34/323 532/62/532 513/22/513 164/34/164
f 171/34/171 314/34/314 527/22/527 517/22/517
f 192/34/192 537/22/537 518/21/518 41/22/41
f 538/34/538 333/34/333 171/34/171 517/22/517
f 518/21/518 528/22/528 162/34/162 41/22/41
f 109/7/109 556/6/556 547/40/547 3/97/3
f 77/97/77 550/40/550 554/79/554 267/98/267
f 31/8/31 551/39/551 555/69/555 234/7/234
f 267/98/267 554/79/554 549/61/549 56/4/56
f 234/7/234 555/69/555 550/40/550 77/97/77
f 201/3/201 553/2/553 548/5/548 4/8/4
f 56/4/56 549/61/549 553/2/553 201/3/201
f 184/99/184 552/43/552 546/1/546 30/4/30
f 3/97/3 547/40/547 552/43/552 184/99/184
f 147/3/147 557/2/557 551/39/551 31/8/31
f 98/68/98 282/70/282 556/6/556 548/5/548
f 99/60/99 791/37/791 557/2/557 546/1/546
f 181/23/181 52/26/52 561/26/561 571/23/571
f 263/20/263 96/22/96 567/22/567 575/20/575
f 27/22/27 188/34/188 572/34/572 560/22/560
f 96/22/96 271/34/271 577/34/577 567/22/567
f 230/50/230 74/35/74 564/35/564 573/50/573
f 53/35/53 181/23/181 571/23/571 562/35/562
f 52/26/52 264/24/264 576/24/576 561/26/561
f 271/34/271 75/22/75 565/22/565 577/34/577
f 75/22/75 230/50/230 573/50/573 565/22/565
f 264/24/264 95/18/95 566/18/566 576/24/576
f 231/23/231 25/26/25 558/26/558 574/23/574
f 26/18/26 142/20/142 568/20/568 559/18/559
f 74/35/74 231/23/231 574/23/574 564/35/564
f 142/20/142 27/22/27 560/22/560 568/20/568
f 180/50/180 53/35/53 562/35/562 570/50/570
f 25/26/25 143/24/143 569/24/569 558/26/558
f 143/24/143 26/18/26 559/18/559 569/24/569
f 54/22/54 180/50/180 570/50/570 563/22/563
f 95/18/95 263/20/263 575/20/575 566/18/566
f 188/34/188 54/22/54 563/22/563 572/34/572
f 592/23/592 578/26/578 580/100/580 594/101/594
f 594/101/594 580/100/580 581/102/581 595/103/595
f 595/103/595 581/102/581 582/104/582 596/51/596
f 596/51/596 582/104/582 583/105/583 597/106/597
f 597/106/597 583/105/583 584/107/584 598/108/598
f 598/108/598 584/107/584 579/26/579 593/51/593
f 578/26/578 586/24/586 591/109/591 580/100/580
f 580/100/580 591/109/591 590/110/590 581/102/581
f 581/102/581 590/110/590 589/51/589 582/104/582
f 582/104/582 589/51/589 588/111/588 583/105/583
f 583/105/583 588/111/588 587/112/587 584/107/584
f 584/107/584 587/112/587 585/51/585 579/26/579
f 592/23/592 571/23/571 561/26/561 578/26/578
f 574/23/574 558/26/558 579/26/579 585/51/585
f 586/24/586 578/26/578 561/26/561 576/24/576
f 569/24/569 593/51/593 579/26/579 558/26/558
f 652/21/652 706/113/706 708/114/708 655/115/655
f 655/115/655 708/114/708 709/116/709 654/21/654
f 654/21/654 709/116/709 710/117/710 653/118/653
f 653/118/653 710/117/710 707/113/707 651/21/651
f 702/111/702 636/119/636 638/120/638 705/121/705
f 705/121/705 638/120/638 639/122/639 704/123/704
f 704/123/704 639/122/639 640/124/640 703/125/703
f 703/125/703 640/124/640 637/119/637 701/111/701
f 706/113/706 646/18/646 648/126/648 708/114/708
f 708/114/708 648/126/648 649/127/649 709/116/709
f 709/116/709 649/127/649 650/128/650 710/117/710
f 710/117/710 650/128/650 647/129/647 707/113/707
f 677/23/677 691/35/691 693/130/693 680/131/680
f 680/131/680 693/130/693 694/132/694 679/23/679
f 679/23/679 694/132/694 695/133/695 678/134/678
f 678/134/678 695/133/695 692/35/692 676/135/676
f 697/23/697 702/111/702 705/121/705 700/136/700
f 700/136/700 705/121/705 704/123/704 699/137/699
f 699/137/699 704/123/704 703/125/703 698/136/698
f 698/136/698 703/125/703 701/111/701 696/23/696
f 687/113/687 661/22/661 663/138/663 690/139/690
f 690/139/690 663/138/663 664/22/664 689/140/689
f 689/140/689 664/22/664 665/141/665 688/142/688
f 688/142/688 665/141/665 662/22/662 686/113/686
f 682/110/682 697/23/697 700/136/700 685/143/685
f 685/143/685 700/136/700 699/137/699 684/144/684
f 684/144/684 699/137/699 698/136/698 683/145/683
f 683/145/683 698/136/698 696/23/696 681/110/681
f 691/35/691 687/113/687 690/139/690 693/130/693
f 693/130/693 690/139/690 689/140/689 694/132/694
f 694/132/694 689/140/689 688/142/688 695/133/695
f 695/133/695 688/142/688 686/113/686 692/35/692
f 642/51/642 671/146/671 673/51/673 645/147/645
f 645/147/645 673/51/673 674/148/674 644/51/644
f 644/51/644 674/148/674 675/146/675 643/149/643
f 643/149/643 675/146/675 672/146/672 641/51/641
f 667/109/667 682/110/682 685/143/685 670/109/670
f 670/109/670 685/143/685 684/144/684 669/109/669
f 669/109/669 684/144/684 683/145/683 668/150/668
f 668/150/668 683/145/683 681/110/681 666/109/666
f 632/24/632 677/23/677 680/131/680 635/151/635
f 635/151/635 680/131/680 679/23/679 634/146/634
f 634/146/634 679/23/679 678/134/678 633/152/633
f 633/152/633 678/134/678 676/135/676 631/146/631
f 671/146/671 667/109/667 670/109/670 673/51/673
f 673/51/673 670/109/670 669/109/669 674/148/674
f 674/148/674 669/109/669 668/150/668 675/146/675
f 675/146/675 668/150/668 666/109/666 672/146/672
f 661/22/661 656/34/656 658/62/658 663/138/663
f 663/138/663 658/62/658 659/34/659 664/22/664
f 664/22/664 659/34/659 660/34/660 665/141/665
f 665/141/665 660/34/660 657/34/657 662/22/662
f 656/34/656 652/21/652 655/115/655 658/62/658
f 658/62/658 655/115/655 654/21/654 659/34/659
f 659/34/659 654/21/654 653/118/653 660/34/660
f 660/34/660 653/118/653 651/21/651 657/34/657
f 646/18/646 642/51/642 645/147/645 648/126/648
f 648/126/648 645/147/645 644/51/644 649/127/649
f 649/127/649 644/51/644 643/149/643 650/128/650
f 650/128/650 643/149/643 641/51/641 647/129/647
f 636/119/636 632/24/632 635/151/635 638/120/638
f 638/120/638 635/151/635 634/146/634 639/122/639
f 639/122/639 634/146/634 633/152/633 640/124/640
f 640/124/640 633/152/633 631/146/631 637/119/637
f 777/22/777 786/50/786 788/153/788 780/154/780
f 780/154/780 788/153/788 789/155/789 779/22/779
f 779/22/779 789/155/789 790/156/790 778/157/778
f 778/157/778 790/156/790 787/50/787 776/22/776
f 786/50/786 726/18/726 728/158/728 788/153/788
f 788/153/788 728/158/728 729/159/729 789/155/789
f 789/155/789 729/159/729 730/160/730 790/156/790
f 790/156/790 730/160/730 727/18/727 787/50/787
f 732/161/732 756/135/756 758/162/758 735/161/735
f 735/161/735 758/162/758 759/163/759 734/161/734
f 734/161/734 759/163/759 760/23/760 733/164/733
f 733/164/733 760/23/760 757/135/757 731/161/731
f 712/108/712 781/165/781 783/166/783 715/167/715
f 715/167/715 783/166/783 784/168/784 714/169/714
f 714/169/714 784/168/784 785/165/785 713/170/713
f 713/170/713 785/165/785 782/165/782 711/108/711
f 722/51/722 716/51/716 718/171/718 725/172/725
f 725/172/725 718/171/718 719/51/719 724/51/724
f 724/51/724 719/51/719 720/173/720 723/174/723
f 723/174/723 720/173/720 717/51/717 721/51/721
f 781/165/781 766/24/766 768/175/768 783/166/783
f 783/166/783 768/175/768 769/176/769 784/168/784
f 784/168/784 769/176/769 770/177/770 785/165/785
f 785/165/785 770/177/770 767/24/767 782/165/782
f 772/34/772 777/22/777 780/154/780 775/62/775
f 775/62/775 780/154/780 779/22/779 774/34/774
f 774/34/774 779/22/779 778/157/778 773/34/773
f 773/34/773 778/157/778 776/22/776 771/34/771
f 762/22/762 772/34/772 775/62/775 765/178/765
f 765/178/765 775/62/775 774/34/774 764/22/764
f 764/22/764 774/34/774 773/34/773 763/179/763
f 763/179/763 773/34/773 771/34/771 761/22/761
f 752/51/752 746/129/746 748/180/748 755/181/755
f 755/181/755 748/180/748 749/182/749 754/51/754
f 754/51/754 749/182/749 750/183/750 753/184/753
f 753/184/753 750/183/750 747/129/747 751/51/751
f 766/24/766 736/185/736 738/186/738 768/175/768
f 768/175/768 738/186/738 739/187/739 769/176/769
f 769/176/769 739/187/739 740/188/740 770/177/770
f 770/177/770 740/188/740 737/185/737 767/24/767
f 742/20/742 762/22/762 765/178/765 745/189/745
f 745/189/745 765/178/765 764/22/764 744/190/744
f 744/190/744 764/22/764 763/179/763 743/191/743
f 743/191/743 763/179/763 761/22/761 741/50/741
f 756/135/756 752/51/752 755/181/755 758/162/758
f 758/162/758 755/181/755 754/51/754 759/163/759
f 759/163/759 754/51/754 753/184/753 760/23/760
f 760/23/760 753/184/753 751/51/751 757/135/757
f 746/129/746 742/20/742 745/189/745 748/180/748
f 748/180/748 745/189/745 744/190/744 749/182/749
f 749/182/749 744/190/744 743/191/743 750/183/750
f 750/183/750 743/191/743 741/50/741 747/129/747
f 736/185/736 732/161/732 735/161/735 738/186/738
f 738/186/738 735/161/735 734/161/734 739/187/739
f 739/187/739 734/161/734 733/164/733 740/188/740
f 740/188/740 733/164/733 731/161/731 737/185/737
f 726/18/726 722/51/722 725/172/725 728/158/728
f 728/158/728 725/172/725 724/51/724 729/159/729
f 729/159/729 724/51/724 723/174/723 730/160/730
f 730/160/730 723/174/723 721/51/721 727/18/727
f 716/51/716 712/108/712 715/167/715 718/171/718
f 718/171/718 715/167/715 714/169/714 719/51/719
f 719/51/719 714/169/714 713/170/713 720/173/720
f 720/173/720 713/170/713 711/108/711 717/51/717
f 585/51/585 587/112/587 637/119/637 631/146/631
f 677/23/677 632/24/632 617/51/617 613/23/613
f 574/23/574 585/51/585 631/146/631 676/135/676
f 632/24/632 636/119/636 619/112/619 617/51/617
f 636/119/636 702/111/702 620/111/620 619/112/619
f 587/112/587 588/111/588 701/111/701 637/119/637
f 576/24/576 566/18/566 647/129/647 641/51/641
f 671/146/671 642/51/642 615/24/615 618/24/618
f 586/24/586 576/24/576 641/51/641 672/146/672
f 642/51/642 646/18/646 605/18/605 615/24/615
f 646/18/646 706/113/706 614/20/614 605/18/605
f 566/18/566 575/20/575 707/113/707 647/129/647
f 567/22/567 577/34/577 657/34/657 651/21/651
f 706/113/706 652/21/652 606/22/606 614/20/614
f 575/20/575 567/22/567 651/21/651 707/113/707
f 652/21/652 656/34/656 616/34/616 606/22/606
f 656/34/656 661/22/661 604/22/604 616/34/616
f 577/34/577 565/22/565 662/22/662 657/34/657
f 661/22/661 687/113/687 612/50/612 604/22/604
f 565/22/565 573/50/573 686/113/686 662/22/662
f 591/109/591 586/24/586 672/146/672 666/109/666
f 682/110/682 667/109/667 623/109/623 622/110/622
f 590/110/590 591/109/591 666/109/666 681/110/681
f 667/109/667 671/146/671 618/24/618 623/109/623
f 691/35/691 677/23/677 613/23/613 603/35/603
f 564/35/564 574/23/574 676/135/676 692/35/692
f 697/23/697 682/110/682 622/110/622 621/51/621
f 589/51/589 590/110/590 681/110/681 696/23/696
f 573/50/573 564/35/564 692/35/692 686/113/686
f 687/113/687 691/35/691 603/35/603 612/50/612
f 702/111/702 697/23/697 621/51/621 620/111/620
f 588/111/588 589/51/589 696/23/696 701/111/701
f 598/108/598 593/51/593 717/51/717 711/108/711
f 781/165/781 712/108/712 630/108/630 629/106/629
f 597/106/597 598/108/598 711/108/711 782/165/782
f 712/108/712 716/51/716 625/51/625 630/108/630
f 716/51/716 722/51/722 608/24/608 625/51/625
f 593/51/593 569/24/569 721/51/721 717/51/717
f 569/24/569 559/18/559 727/18/727 721/51/721
f 722/51/722 726/18/726 599/18/599 608/24/608
f 726/18/726 786/50/786 607/20/607 599/18/599
f 559/18/559 568/20/568 787/50/787 727/18/727
f 594/101/594 595/103/595 737/185/737 731/161/731
f 756/135/756 732/161/732 626/101/626 624/23/624
f 592/23/592 594/101/594 731/161/731 757/135/757
f 732/161/732 736/185/736 627/103/627 626/101/626
f 736/185/736 766/24/766 628/51/628 627/103/627
f 595/103/595 596/51/596 767/24/767 737/185/737
f 570/50/570 562/35/562 747/129/747 741/50/741
f 762/22/762 742/20/742 609/50/609 602/22/602
f 563/22/563 570/50/570 741/50/741 761/22/761
f 742/20/742 746/129/746 601/35/601 609/50/609
f 746/129/746 752/51/752 610/23/610 601/35/601
f 562/35/562 571/23/571 751/51/751 747/129/747
f 571/23/571 592/23/592 757/135/757 751/51/751
f 752/51/752 756/135/756 624/23/624 610/23/610
f 772/34/772 762/22/762 602/22/602 611/34/611
f 572/34/572 563/22/563 761/22/761 771/34/771
f 766/24/766 781/165/781 629/106/629 628/51/628
f 596/51/596 597/106/597 782/165/782 767/24/767
f 777/22/777 772/34/772 611/34/611 600/22/600
f 560/22/560 572/34/572 771/34/771 776/22/776
f 786/50/786 777/22/777 600/22/600 607/20/607
f 568/20/568 560/22/560 776/22/776 787/50/787
f 810/192/810 794/193/794 795/194/795
f 795/194/795 794/195/794 796/196/796
f 796/196/796 794/197/794 797/198/797
f 797/198/797 794/199/794 798/200/798
f 798/200/798 794/201/794 799/202/799
f 799/202/799 794/203/794 800/204/800
f 800/204/800 794/205/794 801/206/801
f 801/206/801 794/207/794 802/208/802
f 802/208/802 794/209/794 803/210/803
f 803/210/803 794/211/794 804/212/804
f 804/212/804 794/213/794 805/214/805
f 805/214/805 794/215/794 806/216/806
f 806/216/806 794/217/794 807/218/807
f 807/219/807 794/220/794 808/221/808
f 808/221/808 794/222/794 809/223/809
f 809/223/809 794/224/794 810/192/810
f 811/225/811 810/192/810 795/194/795 814/226/814
f 813/227/813 809/223/809 810/192/810 811/225/811
f 812/228/812 811/225/811 814/226/814 815/229/815
f 843/230/843 813/227/813 811/225/811 812/228/812
f 814/226/814 795/194/795 796/196/796 816/231/816
f 815/229/815 814/226/814 816/231/816 817/232/817
f 816/231/816 796/196/796 797/198/797 818/233/818
f 817/232/817 816/231/816 818/233/818 819/234/819
f 818/233/818 797/198/797 798/200/798 820/235/820
f 819/234/819 818/233/818 820/235/820 821/236/821
f 820/235/820 798/200/798 799/202/799 822/237/822
f 821/236/821 820/235/820 822/237/822 823/238/823
f 822/237/822 799/202/799 800/204/800 824/239/824
f 823/238/823 822/237/822 824/239/824 825/240/825
f 824/239/824 800/204/800 801/206/801 826/241/826
f 825/240/825 824/239/824 826/241/826 827/242/827
f 826/241/826 801/206/801 802/208/802 828/243/828
f 827/242/827 826/241/826 828/243/828 829/244/829
f 828/243/828 802/208/802 803/210/803 830/245/830
f 829/244/829 828/243/828 830/245/830 831/246/831
f 830/245/830 803/210/803 804/212/804 832/247/832
f 831/246/831 830/245/830 832/247/832 833/248/833
f 832/247/832 804/212/804 805/214/805 834/249/834
f 833/248/833 832/247/832 834/249/834 835/250/835
f 834/249/834 805/214/805 806/216/806 836/251/836
f 835/250/835 834/249/834 836/251/836 837/252/837
f 836/251/836 806/216/806 807/218/807 838/253/838
f 837/252/837 836/251/836 838/253/838 839/254/839
f 838/255/838 807/219/807 808/221/808 840/256/840
f 839/257/839 838/255/838 840/256/840 841/258/841
f 840/256/840 808/221/808 809/223/809 813/227/813
f 841/258/841 840/256/840 813/227/813 843/230/843
f 842/259/842 841/258/841 843/230/843 844/260/844
f 928/15/928 839/257/839 841/258/841 842/259/842
f 844/260/844 843/230/843 812/228/812 846/261/846
f 845/262/845 844/260/844 846/261/846 847/263/847
f 925/264/925 842/259/842 844/260/844 845/262/845
f 846/261/846 812/228/812 815/229/815 848/265/848
f 847/263/847 846/261/846 848/265/848 850/266/850
f 848/265/848 815/229/815 817/232/817 849/267/849
f 851/268/851 850/269/850 848/265/848 849/267/849
f 853/270/853 847/263/847 850/271/850 852/272/852
f 851/268/851 854/273/854 852/272/852 850/274/850
f 851/268/851 855/275/855 854/273/854
f 856/276/856 855/275/855 851/268/851 899/277/899 857/278/857
f 859/279/859 858/280/858 856/276/856 857/278/857
f 859/279/859 860/281/860 858/280/858
f 863/282/863 861/283/861 860/281/860 859/279/859
f 865/284/865 862/285/862 861/283/861 863/282/863
f 864/286/864 865/284/865 863/282/863
f 864/287/864 863/282/863 859/279/859
f 868/288/868 865/284/865 866/289/866 869/290/869
f 867/291/867 871/292/871 866/289/866 865/284/865
f 864/293/864 867/291/867 865/284/865
f 862/285/862 865/284/865 868/288/868
f 866/289/866 927/294/927 847/263/847 870/295/870 869/290/869
f 870/295/870 847/263/847 853/270/853
f 872/296/872 873/297/873 871/292/871 867/291/867
f 864/298/864 872/296/872 867/291/867
f 874/299/874 875/300/875 873/297/873 872/296/872
f 864/301/864 874/299/874 872/296/872
f 876/302/876 877/303/877 875/304/875 874/305/874
f 864/306/864 876/302/876 874/305/874
f 878/307/878 879/308/879 877/303/877 876/302/876
f 864/309/864 878/307/878 876/302/876
f 880/310/880 881/311/881 879/308/879 878/307/878
f 864/312/864 880/310/880 878/307/878
f 882/313/882 883/314/883 881/311/881 880/310/880
f 864/315/864 882/313/882 880/310/880
f 884/316/884 885/317/885 883/314/883 882/313/882
f 864/318/864 884/316/884 882/313/882
f 886/319/886 887/320/887 885/317/885 884/316/884
f 864/321/864 886/319/886 884/316/884
f 888/322/888 889/323/889 887/320/887 886/319/886
f 864/324/864 888/322/888 886/319/886
f 890/325/890 891/326/891 889/323/889 888/322/888
f 864/327/864 890/325/890 888/322/888
f 892/328/892 893/329/893 891/326/891 890/325/890
f 864/330/864 892/328/892 890/325/890
f 894/331/894 895/332/895 893/329/893 892/328/892
f 864/333/864 894/331/894 892/328/892
f 859/279/859 857/278/857 895/332/895 894/331/894
f 864/334/864 859/279/859 894/331/894
f 895/332/895 896/335/896 898/336/898 893/329/893
f 857/278/857 899/277/899 896/335/896 895/332/895
f 896/335/896 899/277/899 851/268/851 897/337/897
f 896/335/896 897/337/897 900/338/900 898/336/898
f 893/329/893 898/336/898 901/339/901 891/326/891
f 898/336/898 900/338/900 902/340/902 901/339/901
f 891/326/891 901/339/901 903/341/903 889/323/889
f 901/339/901 902/340/902 904/342/904 903/341/903
f 902/340/902 906/343/906 905/344/905 904/342/904
f 905/344/905 825/240/825 827/242/827 907/345/907
f 906/343/906 823/238/823 825/240/825 905/344/905
f 908/342/908 905/344/905 907/345/907 909/346/909
f 910/341/910 908/342/908 909/346/909 911/347/911
f 889/323/889 910/341/910 911/347/911 887/320/887
f 887/320/887 911/347/911 912/348/912 885/317/885
f 911/347/911 909/346/909 913/349/913 912/348/912
f 885/317/885 912/348/912 914/350/914 883/314/883
f 912/348/912 913/349/913 915/351/915 914/350/914
f 883/314/883 914/350/914 916/352/916 881/311/881
f 914/350/914 915/351/915 917/353/917 916/352/916
f 881/311/881 916/352/916 918/354/918 879/308/879
f 916/352/916 917/353/917 919/355/919 918/354/918
f 879/308/879 918/354/918 920/356/920 877/303/877
f 918/354/918 919/355/919 921/357/921 920/356/920
f 877/303/877 920/356/920 922/358/922 875/304/875
f 920/356/920 921/357/921 923/359/923 922/358/922
f 875/300/875 922/360/922 924/361/924 873/297/873
f 922/360/922 923/362/923 925/264/925 924/361/924
f 873/297/873 924/361/924 926/363/926 871/292/871
f 924/361/924 925/264/925 845/262/845 926/363/926
f 871/292/871 926/363/926 927/294/927 866/289/866
f 927/294/927 926/363/926 845/262/845 847/263/847
f 923/362/923 928/15/928 842/259/842 925/264/925
f 921/357/921 929/364/929 928/365/928 923/359/923
f 929/364/929 837/252/837 839/254/839 928/365/928
f 930/366/930 835/250/835 837/252/837 929/364/929
f 919/355/919 930/366/930 929/364/929 921/357/921
f 931/367/931 833/248/833 835/250/835 930/366/930
f 917/353/917 931/367/931 930/366/930 919/355/919
f 932/368/932 831/246/831 833/248/833 931/367/931
f 915/351/915 932/368/932 931/367/931 917/353/917
f 933/369/933 829/244/829 831/246/831 932/368/932
f 913/349/913 933/369/933 932/368/932 915/351/915
f 907/345/907 827/242/827 829/244/829 933/369/933
f 909/346/909 907/345/907 933/369/933 913/349/913
f 934/370/934 821/236/821 823/238/823 906/343/906
f 900/338/900 934/370/934 906/343/906 902/340/902
f 935/371/935 819/234/819 821/236/821 934/370/934
f 897/337/897 935/371/935 934/370/934 900/338/900
f 849/267/849 817/232/817 819/234/819 935/371/935
f 851/268/851 849/267/849 935/371/935 897/337/897
f 97/372/97 854/372/854 855/372/855 542/372/542
f 542/372/542 855/372/855 856/372/856 99/372/99
f 99/372/99 856/372/856 858/372/858 791/372/791
f 791/372/791 858/372/858 860/372/860 543/372/543
f 543/372/543 860/372/860 861/372/861 544/372/544
f 544/372/544 861/372/861 862/372/862 792/372/792
f 792/372/792 862/372/862 868/372/868 793/372/793
f 793/372/793 868/372/868 869/372/869 545/372/545
f 545/372/545 869/372/869 870/372/870 283/372/283
f 283/372/283 870/372/870 853/372/853 98/372/98
f 98/372/98 853/372/853 852/372/852 282/372/282
f 282/372/282 852/372/852 854/372/854 97/372/97
f 615/24/615 622/110/622 623/109/623 618/24/618
f 605/18/605 621/51/621 622/110/622 615/24/615
f 614/20/614 620/111/620 621/51/621 605/18/605
f 606/22/606 619/112/619 620/111/620 614/20/614
f 616/34/616 617/51/617 619/112/619 606/22/606
f 604/22/604 613/23/613 617/51/617 616/34/616
f 612/50/612 603/35/603 613/23/613 604/22/604
f 624/23/624 626/101/626 627/103/627 610/23/610
f 610/23/610 627/103/627 628/51/628 601/35/601
f 601/35/601 628/51/628 629/106/629 609/50/609
f 609/50/609 629/106/629 630/108/630 602/22/602
f 602/22/602 630/108/630 625/51/625 611/34/611
f 611/34/611 625/51/625 608/24/608 600/22/600
f 600/22/600 608/24/608 599/18/599 607/20/607
