# Blender 5.2.2 LTS
# www.blender.org
mtllib ghost_mask.mtl
o GHOST_MASK
v 0.291773 -1.895042 -0.712882
v 0.655585 -2.342782 0.071691
v 0.765467 -1.707970 -0.070204
v 0.906377 -1.122678 0.158246
v 0.143558 -1.423780 -0.565128
v 0.693525 -1.820765 -0.402389
v 0.489586 -1.866408 -0.576599
v 0.587460 -1.348827 -0.273809
v 0.369052 -1.398346 -0.433251
v 0.719583 -0.983137 0.001066
v 1.052370 -0.714807 0.207993
v 0.807554 -0.708972 0.046949
v 0.984083 -0.307781 0.110823
v 0.778482 -0.456681 0.010306
v 0.864140 -1.067495 -0.000599
v 0.750107 -1.399350 -0.223087
v 0.978297 -0.724059 0.061545
v 0.884608 -0.367581 0.036663
v 0.745650 -0.364708 0.001297
v 0.789991 -0.328142 0.019234
v 0.922727 -0.227191 0.088682
v 0.882781 -0.259091 0.069149
v 0.805502 -0.588391 0.034577
v 1.039433 -0.487741 0.163256
v 0.962925 -0.547091 0.040728
v 0.784547 -0.843353 0.036824
v 0.997027 -0.927245 0.208632
v 0.936513 -0.897985 0.053481
v 0.616421 -1.135648 -0.053968
v 0.807635 -1.336265 0.076800
v 0.775790 -1.239219 -0.089224
v -0.116552 -1.632334 0.387671
v -0.331284 -1.657427 0.255695
v 0.379361 -2.235672 0.490886
v 0.464033 -1.086615 0.183963
v 0.239188 -1.233591 0.265868
v 0.432878 -1.594445 0.446274
v -0.004726 -1.269235 0.148895
v -0.228015 -1.292952 0.014685
v 0.112161 -1.609520 0.506758
v 0.620677 -0.990252 0.380126
v 0.573772 -0.936836 0.229235
v 0.346721 -1.267963 0.401741
v 0.627916 -1.278276 0.356813
v 0.767739 -1.078706 0.374894
v 0.774000 -0.659914 0.381501
v 0.690520 -0.672335 0.229343
v 0.651888 -0.801500 0.244454
v 0.878893 -0.890064 0.393451
v 0.935906 -0.678238 0.390510
v 0.769948 -0.331644 0.216370
v 0.686287 -0.428185 0.153296
v 0.697543 -0.555233 0.202150
v 0.931254 -0.452404 0.337018
v 0.889318 -0.277392 0.260589
v 0.777689 -0.489007 0.330998
v 0.487145 -1.146455 0.360840
v 0.722260 -0.830477 0.388856
v 0.720766 -0.305934 0.127192
v 0.680111 -0.343844 0.102257
v 0.855909 -0.206274 0.193415
v 0.815941 -0.238167 0.173912
v 0.387376 -1.882353 -0.650265
v 0.573489 -1.217566 -0.105753
v 0.716940 -2.204959 0.016288
v 0.289427 -2.405338 -0.607338
v 0.255004 -1.410959 -0.497629
v 0.238611 -1.627323 -0.679559
v 0.598716 -1.844729 -0.491325
v 0.801919 -1.025750 -0.027572
v 0.479915 -1.384009 -0.362767
v 0.447487 -2.385927 -0.494411
v 0.668926 -2.321046 -0.276099
v 0.455762 -1.605826 -0.545233
v 0.667113 -1.574263 -0.398098
v 0.703920 -1.388065 -0.266499
v 0.855395 -1.225009 0.121652
v 0.900603 -0.718733 0.034922
v 0.757022 -0.912947 0.023782
v 1.031275 -0.824578 0.215392
v 0.843636 -0.428281 -0.000961
v 0.808676 -0.650043 0.043566
v 1.015214 -0.388244 0.135658
v 0.901981 -1.101947 0.061923
v 0.774713 -1.506776 -0.206075
v 1.030544 -0.722633 0.120122
v 0.956218 -0.346340 0.055585
v 0.934922 -0.460888 0.030671
v 0.820056 -1.153476 -0.042096
v 0.963160 -0.811910 0.062605
v 0.772254 -0.343973 -0.000971
v 0.759594 -0.402220 -0.001107
v 0.824875 -0.346092 0.022928
v 0.906556 -0.241971 0.068829
v 0.887089 -0.298746 0.058942
v 0.950570 -0.254632 0.093803
v 0.795503 -0.521701 0.022982
v 1.055393 -0.599055 0.188470
v 0.978320 -0.635116 0.052773
v 0.891348 -0.571972 0.020439
v 1.016780 -0.518974 0.085438
v 0.801089 -0.773438 0.043623
v 0.953974 -1.025071 0.188770
v 0.902865 -0.982650 0.032411
v 0.870104 -0.872501 0.019998
v 0.980865 -0.917103 0.117350
v 0.671843 -1.058383 -0.025812
v 0.772395 -1.472091 0.017401
v 0.747943 -1.323655 -0.149893
v 0.704312 -1.184957 -0.099793
v 0.813348 -1.292937 -0.033341
v -0.225742 -1.644818 0.320542
v 0.391927 -1.158448 0.176477
v 0.389055 -2.064477 0.519522
v -0.320724 -2.124603 0.331628
v -0.116471 -1.280809 0.081792
v -0.303614 -1.440741 0.167393
v 0.000222 -1.619116 0.455592
v 0.577289 -0.954456 0.323821
v 0.109742 -1.258153 0.212169
v -0.146371 -2.061674 0.440013
v 0.145796 -2.046833 0.599862
v -0.082982 -1.420326 0.299210
v 0.142961 -1.399700 0.417615
v 0.292328 -1.253603 0.370742
v 0.700776 -1.175625 0.363008
v 0.718251 -0.661481 0.320284
v 0.618901 -0.869249 0.239978
v 0.915554 -0.788233 0.396499
v 0.708886 -0.386159 0.209741
v 0.697014 -0.615469 0.216945
v 0.913113 -0.354539 0.299679
v 0.685506 -1.033282 0.400321
v 0.357588 -1.369858 0.440437
v 0.848014 -0.665346 0.406006
v 0.821373 -0.303910 0.267275
v 0.770928 -0.409486 0.287687
v 0.555597 -1.069101 0.371025
v 0.754679 -0.746356 0.389040
v 0.692623 -0.318427 0.122579
v 0.677287 -0.376528 0.126028
v 0.735796 -0.317950 0.162503
v 0.828877 -0.217655 0.190583
v 0.802145 -0.272150 0.192077
v 0.867959 -0.228669 0.223409
v 0.694038 -0.490415 0.180733
v 0.939917 -0.562432 0.370885
v 0.780568 -0.573082 0.362556
v 0.724821 -0.519940 0.280915
v 0.845557 -0.464876 0.354998
v 0.675203 -0.733827 0.240505
v 0.828459 -0.985444 0.385044
v 0.677292 -0.911371 0.385372
v 0.668860 -0.809051 0.335039
v 0.793825 -0.858207 0.410056
v 0.520785 -1.010154 0.210371
v 0.544937 -1.397828 0.370783
v 0.415388 -1.215939 0.366960
v 0.455296 -1.104901 0.288723
v 0.542860 -1.205896 0.388219
v 0.963873 -0.919799 0.320254
v 0.858310 -1.116845 0.284091
v 0.891350 -0.203231 0.139751
v 0.961687 -0.271409 0.197155
v 0.726896 -0.691792 0.123730
v 0.732019 -0.579810 0.106701
v 0.717415 -0.453501 0.073397
v 0.520424 -2.310300 0.292665
v 0.318240 -2.566013 0.214166
v 0.120146 -2.633901 0.097518
v -0.048089 -2.659466 -0.006325
v 1.013148 -0.459647 0.264500
v 1.023629 -0.698799 0.318811
v 0.390565 -1.234380 -0.017331
v 0.526556 -1.099520 0.055443
v 0.706761 -0.352599 0.046413
v 0.755892 -0.308706 0.071015
v 0.642194 -1.674164 0.232809
v 0.742098 -1.343729 0.241956
v 0.631177 -0.950609 0.103715
v 0.817279 -0.320714 0.114436
v 0.179220 -1.283564 -0.143937
v -0.045690 -1.310094 -0.279196
v 0.700119 -0.817090 0.127837
v 0.843984 -0.243076 0.117014
v 0.744847 -1.556111 -0.316708
v 0.360827 -2.396911 -0.560939
v 0.567560 -2.360963 -0.382610
v 0.346196 -1.615764 -0.612942
v 0.565026 -1.592060 -0.474191
v 1.011303 -0.821987 0.125520
v 0.856642 -1.196094 0.019128
v 0.989572 -0.426467 0.066830
v 0.872524 -0.497268 0.009381
v 0.755480 -1.105132 -0.063084
v 0.891449 -0.795016 0.029626
v 0.809658 -0.380232 -0.012349
v 0.931973 -0.285700 0.054970
v 0.900277 -0.645515 0.030995
v 1.033230 -0.619429 0.104549
v 0.839727 -0.948948 0.001764
v 0.943481 -1.009541 0.095722
v 0.673193 -1.269315 -0.154580
v 0.783578 -1.396195 -0.104012
v 0.247129 -1.391609 0.454772
v -0.234477 -2.110205 0.383075
v -0.194030 -1.429166 0.233605
v 0.030015 -1.410248 0.362025
v 0.828669 -0.764597 0.411430
v 0.617318 -1.119714 0.392834
v 0.832776 -0.376829 0.313739
v 0.719156 -0.449349 0.249340
v 0.517213 -1.029097 0.309282
v 0.697962 -0.734143 0.332545
v 0.692132 -0.343253 0.171051
v 0.820334 -0.250724 0.229979
v 0.726156 -0.590992 0.303347
v 0.852451 -0.562625 0.388168
v 0.629117 -0.882358 0.331387
v 0.745357 -0.946966 0.405636
v 0.386678 -1.176367 0.290784
v 0.459134 -1.290802 0.400059
v 0.914563 -1.018709 0.305037
v 0.925231 -0.222128 0.165036
v 0.731175 -0.637625 0.116670
v 0.727529 -0.516245 0.091971
v 0.430121 -2.469253 0.267232
v 0.034567 -2.648505 0.044633
v 0.991758 -0.355022 0.230633
v 1.026321 -0.576399 0.296843
v 0.465353 -1.171656 0.024173
v 0.726637 -0.320498 0.053363
v 0.213863 -2.611028 0.154627
v 0.572293 -2.127324 0.286000
v 0.799633 -1.223650 0.261916
v 0.706933 -0.397966 0.055667
v 0.582083 -1.023237 0.081827
v 0.787850 -0.317800 0.094240
v 0.687765 -1.479048 0.227087
v 0.290102 -1.266569 -0.077267
v 0.066391 -1.297038 -0.211137
v 0.671428 -0.883655 0.119854
v 0.863579 -0.213258 0.123871
v 0.717955 -0.751228 0.128368
v 1.001514 -0.814002 0.325789
v 0.832451 -0.286154 0.117814
v -0.480589 -2.481664 -0.625084
v -0.515147 -1.864512 -0.855556
v -0.881132 -1.341177 -0.937968
v -0.170951 -1.926445 -0.932512
v 0.080062 -1.916500 -0.827939
v -0.320809 -1.459845 -0.830825
v -0.075877 -1.452698 -0.706190
v -0.685290 -1.154864 -0.860492
v -1.060591 -0.973089 -1.087810
v -0.812443 -0.906995 -0.946536
v -1.016553 -0.552332 -1.116094
v -0.811747 -0.651065 -0.964924
v -0.732281 -1.262636 -0.979626
v -0.427860 -1.543341 -0.945491
v -0.897410 -0.953339 -1.088758
v -0.897106 -0.585372 -1.055997
v -0.805594 -0.554327 -0.950024
v -0.847248 -0.528273 -0.984825
v -0.984334 -0.460304 -1.080850
v -0.944017 -0.482393 -1.051160
v -0.821828 -0.787310 -0.963405
v -1.055389 -0.743805 -1.121422
v -0.903427 -0.775227 -1.103838
v -0.769826 -1.033355 -0.916416
v -0.999592 -1.171305 -1.015821
v -0.841440 -1.115316 -1.036873
v -0.564799 -1.280036 -0.778367
v -0.728553 -1.524043 -0.865289
v -0.585278 -1.405592 -0.923918
v -0.546039 -1.684892 0.124273
v -0.748109 -2.373491 -0.200550
v -0.716497 -1.230919 -0.540013
v -0.664451 -1.344050 -0.288302
v -0.844897 -1.750640 -0.337338
v -0.448255 -1.323496 -0.123126
v -0.755164 -1.715576 -0.025199
v -0.974973 -1.185299 -0.598428
v -0.830780 -1.108523 -0.632126
v -0.825292 -1.411226 -0.317011
v -0.906966 -1.465895 -0.584474
v -1.019194 -1.297134 -0.720967
v -1.101363 -0.889152 -0.768592
v -0.928471 -0.870235 -0.763525
v -0.902182 -0.991464 -0.708600
v -1.117371 -1.134080 -0.830786
v -1.176965 -0.936508 -0.905238
v -1.011680 -0.549425 -0.876238
v -0.902474 -0.622389 -0.821033
v -0.928149 -0.753952 -0.794828
v -1.167453 -0.708943 -0.950043
v -1.112462 -0.522083 -0.967030
v -1.088485 -0.717122 -0.813459
v -0.872057 -1.312599 -0.472709
v -1.055221 -1.047751 -0.701208
v -0.916036 -0.506011 -0.876599
v -0.869590 -0.533275 -0.848118
v -1.051106 -0.439381 -0.976088
v -1.010807 -0.461463 -0.946366
v 0.192563 -1.906232 -0.769922
v -0.485946 -1.347068 -0.755467
v -0.482821 -2.351614 -0.719482
v 0.033069 -1.438029 -0.633903
v -0.046774 -1.923639 -0.887246
v -0.688595 -1.207946 -0.941650
v -0.189098 -1.465765 -0.773080
v 0.117256 -2.426298 -0.696949
v -0.183594 -2.425256 -0.798913
v 0.021408 -1.658875 -0.811790
v -0.206463 -1.681020 -0.933862
v -0.371345 -1.519501 -0.925922
v -0.808563 -1.428406 -0.898792
v -0.840858 -0.931603 -1.033053
v -0.734045 -1.095211 -0.890636
v -1.038588 -1.077591 -1.053980
v -0.835327 -0.633512 -1.030608
v -0.820308 -0.849164 -0.955431
v -1.037938 -0.639215 -1.123466
v -0.797920 -1.309737 -0.980564
v -0.434751 -1.654617 -0.947797
v -0.972182 -0.967440 -1.108077
v -0.948873 -0.579212 -1.112738
v -0.897450 -0.684871 -1.093056
v -0.661281 -1.334550 -0.950546
v -0.876278 -1.036756 -1.065455
v -0.818885 -0.538469 -0.976759
v -0.802987 -0.593225 -0.959381
v -0.862622 -0.552366 -1.011953
v -0.957152 -0.469784 -1.074116
v -0.929933 -0.520853 -1.055372
v -0.996215 -0.492601 -1.100090
v -0.818948 -0.719046 -0.967102
v -1.065044 -0.858250 -1.111917
v -0.905317 -0.865366 -1.102393
v -0.849829 -0.784808 -1.047362
v -0.971367 -0.761999 -1.133820
v -0.795350 -0.968581 -0.935415
v -0.946038 -1.257322 -0.976438
v -0.793251 -1.189978 -1.007756
v -0.787322 -1.075100 -0.996442
v -0.913811 -1.148702 -1.044586
v -0.627467 -1.217206 -0.822632
v -0.636880 -1.644357 -0.846856
v -0.504753 -1.476780 -0.918126
v -0.554204 -1.338794 -0.871595
v -0.641554 -1.470779 -0.925580
v -0.436869 -1.670715 0.191065
v -0.665706 -1.287729 -0.472130
v -0.807689 -2.210763 -0.214398
v -0.338130 -1.307983 -0.054172
v -0.659361 -1.699777 0.051052
v -0.912623 -1.136578 -0.589888
v -0.556114 -1.339556 -0.196184
v -0.503677 -2.105350 0.220890
v -0.775136 -2.159405 0.035088
v -0.519943 -1.473937 0.031150
v -0.726929 -1.506045 -0.115875
v -0.776670 -1.384273 -0.284836
v -0.962365 -1.378922 -0.656937
v -1.022704 -0.874289 -0.747381
v -0.871887 -1.051478 -0.674269
v -1.154005 -1.041209 -0.872687
v -0.969523 -0.591322 -0.819566
v -0.930376 -0.814396 -0.781074
v -1.143788 -0.605968 -0.961744
v -1.013598 -1.240975 -0.641677
v -0.846261 -1.517012 -0.297840
v -1.154417 -0.910116 -0.822012
v -1.083952 -0.536810 -0.901192
v -1.061311 -0.633452 -0.835959
v -0.924599 -1.250036 -0.536725
v -1.084360 -0.971154 -0.738776
v -0.897452 -0.512793 -0.852557
v -0.883569 -0.567322 -0.831188
v -0.951639 -0.524217 -0.872340
v -1.034774 -0.445462 -0.952327
v -1.014812 -0.494249 -0.922196
v -1.078892 -0.466646 -0.970524
v -0.919122 -0.687602 -0.808560
v -1.181770 -0.821780 -0.930268
v -1.102795 -0.803298 -0.792442
v -1.015743 -0.732701 -0.786510
v -1.143599 -0.708024 -0.864879
v -0.920801 -0.928917 -0.738266
v -1.071116 -1.217642 -0.779896
v -1.018246 -1.118628 -0.654440
v -0.988157 -1.011599 -0.681149
v -1.100370 -1.089747 -0.751585
v -0.778064 -1.168921 -0.586166
v -0.861946 -1.569802 -0.492007
v -0.833828 -1.368639 -0.399138
v -0.801829 -1.258568 -0.482226
v -0.910142 -1.383506 -0.502855
v -1.084807 -1.170223 -0.936127
v -0.972077 -1.340585 -0.838419
v -1.019838 -0.436848 -1.032312
v -1.089264 -0.522110 -1.060619
v -0.847853 -0.884284 -0.842007
v -0.854762 -0.773772 -0.866414
v -0.841202 -0.644021 -0.882446
v -0.621968 -2.449943 -0.407923
v -0.419300 -2.656167 -0.238141
v -0.217794 -2.675210 -0.109728
v -1.138089 -0.722607 -1.054776
v -1.148535 -0.964317 -1.013298
v -0.480876 -1.340902 -0.551755
v -0.628280 -1.240683 -0.652776
v -0.830478 -0.540506 -0.896320
v -0.881393 -0.508842 -0.933073
v -0.734299 -1.842445 -0.611339
v -0.844175 -1.537630 -0.730848
v -0.742814 -1.118562 -0.738904
v -0.944443 -0.536062 -0.965964
v -0.268072 -1.338233 -0.418256
v -0.817730 -1.002627 -0.803005
v -0.972052 -0.465063 -0.996695
v -0.315456 -1.685716 -0.966957
v 0.215784 -2.414645 -0.649908
v -0.038284 -2.435022 -0.754156
v 0.130807 -1.642171 -0.745153
v -0.091517 -1.672239 -0.876945
v -0.951057 -1.061859 -1.077924
v -0.723791 -1.389281 -0.950094
v -0.959307 -0.664691 -1.128347
v -0.844968 -0.707209 -1.043894
v -0.623001 -1.273633 -0.908457
v -0.818774 -1.004068 -1.019192
v -0.818855 -0.579296 -1.011057
v -0.948373 -0.515548 -1.098178
v -0.850121 -0.859477 -1.042460
v -0.977766 -0.865246 -1.128721
v -0.744511 -1.142600 -0.969792
v -0.862129 -1.230253 -1.011593
v -0.477447 -1.409966 -0.860226
v -0.548060 -1.558970 -0.920657
v -0.806719 -1.520430 -0.191519
v -0.406377 -2.131217 0.277659
v -0.411900 -1.456161 0.099854
v -0.626602 -1.490559 -0.040690
v -1.133288 -1.004420 -0.791767
v -0.961954 -1.312759 -0.575677
v -1.117098 -0.615175 -0.882048
v -0.997829 -0.659228 -0.803625
v -0.860385 -1.197490 -0.535549
v -1.011863 -0.943146 -0.716028
v -0.935614 -0.542224 -0.827187
v -1.059959 -0.480565 -0.923137
v -1.023619 -0.804879 -0.769727
v -1.158684 -0.808460 -0.845189
v -0.954655 -1.075953 -0.639883
v -1.059655 -1.167605 -0.701313
v -0.761047 -1.316661 -0.413074
v -0.869007 -1.453150 -0.414441
v -1.032419 -1.256702 -0.888977
v -1.053644 -0.464019 -1.048536
v -0.853021 -0.831272 -0.854860
v -0.850979 -0.709196 -0.876071
v -0.532075 -2.586868 -0.322847
v -0.131132 -2.668760 -0.056984
v -1.117252 -0.612821 -1.062746
v -1.151856 -0.842652 -1.038954
v -0.561236 -1.297143 -0.605397
v -0.850949 -0.513336 -0.914114
v -0.313196 -2.675454 -0.168599
v -0.670956 -2.279295 -0.476440
v -0.908066 -1.432393 -0.785353
v -0.830740 -0.585926 -0.887332
v -0.689259 -1.178642 -0.697840
v -0.914264 -0.525861 -0.949605
v -0.783497 -1.658896 -0.675183
v -0.378390 -1.348283 -0.487230
v -0.157046 -1.324327 -0.348202
v -0.786433 -1.061859 -0.774199
v -0.991916 -0.440067 -1.014037
v -0.837582 -0.941372 -0.825587
v -1.124759 -1.073910 -0.978178
v -0.960137 -0.505274 -0.981515
v -0.008775 -2.237670 0.512896
v 0.005348 -1.882249 0.525466
v 0.070933 -2.209493 0.556850
v -0.075464 -2.214396 0.476718
v 0.125199 -1.961081 0.589762
v 0.126596 -2.140628 0.588153
v -0.066297 -1.903951 0.486059
v 0.075733 -1.902748 0.563576
v -0.123967 -2.150745 0.451005
v -0.125099 -1.966095 0.453046
v -0.676978 -1.965654 0.107021
v -0.597243 -2.309603 0.152001
v -0.541280 -2.016968 0.197817
v -0.507519 -2.197629 0.215782
v -0.737791 -2.002191 0.064671
v -0.607053 -1.970052 0.154434
v -0.739921 -2.246548 0.056746
v -0.772284 -2.070786 0.039369
v -0.540226 -2.271208 0.191678
v -0.675848 -2.300778 0.098860
v 0.116534 -2.312808 0.568038
v 0.174525 -2.462086 0.465832
v 0.121583 -2.391255 0.554252
v 0.134981 -2.419710 0.535173
v -0.284264 -2.398247 0.326720
v -0.208151 -2.559043 0.234658
v -0.267989 -2.484471 0.317369
v -0.253350 -2.515704 0.299723
v -0.038235 -2.534061 0.339023
v -0.108152 -2.368384 0.433950
v -0.082390 -2.490861 0.404587
v -0.096379 -2.459478 0.422246
v 0.279275 -2.328330 0.520101
v 0.163195 -2.266825 0.589581
v 0.219307 -2.306874 0.572334
v 0.186537 -2.297808 0.585191
v 0.186294 -1.624291 0.534685
v 0.302436 -1.626708 0.521943
v 0.240365 -1.549000 0.522076
v 0.224142 -1.632682 0.541291
v 0.259958 -1.633577 0.537655
v -0.125957 -2.548403 0.285022
v -0.201343 -2.386714 0.376888
v -0.171123 -2.505144 0.350023
v -0.185611 -2.473878 0.367629
v 0.065684 -2.509849 0.403993
v 0.005090 -2.377635 0.501725
v 0.025732 -2.466063 0.472598
v 0.013660 -2.434136 0.491588
v 0.294326 -2.057460 0.588818
v 0.176778 -2.054821 0.603708
v 0.251598 -2.056272 0.605033
v 0.212504 -2.054250 0.609360
v -0.596553 -2.556340 -0.007042
v -0.687519 -2.411093 0.074939
v -0.647829 -2.515398 0.055104
v -0.663788 -2.487256 0.072612
v -0.461157 -2.411534 0.217463
v -0.378949 -2.575709 0.130075
v -0.439983 -2.501479 0.211526
v -0.425021 -2.532743 0.194463
v -0.735024 -2.376620 0.038736
v -0.713769 -2.449716 -0.088896
v -0.735926 -2.410567 0.019478
v -0.737343 -2.423812 -0.014344
v -0.848841 -1.767441 -0.184093
v -0.809642 -1.746064 -0.076111
v -0.835439 -1.680515 -0.137680
v -0.842890 -1.768409 -0.138680
v -0.830567 -1.761636 -0.105530
v -0.366827 -2.406942 0.275402
v -0.290410 -2.568505 0.184169
v -0.350231 -2.494000 0.266673
v -0.335554 -2.525243 0.249183
v -0.568867 -2.447793 0.149736
v -0.485984 -2.577283 0.065674
v -0.553752 -2.503495 0.143615
v -0.536681 -2.534811 0.127690
v -0.790684 -2.173083 0.010396
v -0.828554 -2.194717 -0.099803
v -0.811410 -2.179411 -0.018570
v -0.824354 -2.187792 -0.054810
v 0.122428 -2.680907 -0.280100
v 0.213866 -2.602807 -0.444767
v 0.171236 -2.674920 -0.360880
v 0.187297 -2.660104 -0.390023
v 0.381659 -2.578452 -0.334946
v 0.292304 -2.655607 -0.172898
v 0.357183 -2.635035 -0.281366
v 0.341269 -2.649895 -0.252630
v 0.491759 -2.585257 -0.053783
v 0.587920 -2.512697 -0.190962
v 0.541834 -2.579989 -0.130427
v 0.557992 -2.566623 -0.156390
v 0.648347 -2.461066 -0.159498
v 0.622968 -2.460407 -0.009448
v 0.648557 -2.476052 -0.124745
v 0.648157 -2.473470 -0.090488
v 0.777608 -1.795555 -0.222578
v 0.747328 -1.823983 -0.331049
v 0.772001 -1.732876 -0.302164
v 0.774180 -1.816985 -0.264786
v 0.765158 -1.825038 -0.295970
v 0.294087 -2.592506 -0.393855
v 0.205967 -2.669950 -0.227816
v 0.270095 -2.649352 -0.337857
v 0.254552 -2.664088 -0.308483
v 0.486419 -2.553579 -0.261821
v 0.386238 -2.632977 -0.115354
v 0.455037 -2.611173 -0.219347
v 0.436825 -2.626947 -0.193151
v 0.742174 -2.256334 -0.110733
v 0.711307 -2.297703 -0.226665
v 0.739700 -2.274683 -0.157249
v 0.729764 -2.286124 -0.193633
v -0.050911 -2.697560 -0.383379
v 0.039296 -2.620301 -0.544905
v -0.003047 -2.691983 -0.463787
v 0.012712 -2.677141 -0.492617
v -0.189514 -2.607728 -0.667734
v -0.255619 -2.676614 -0.512124
v -0.197417 -2.658962 -0.619655
v -0.210887 -2.671999 -0.592043
v -0.374094 -2.582284 -0.620911
v -0.252784 -2.571218 -0.712129
v -0.311369 -2.590759 -0.678931
v -0.280886 -2.589664 -0.694739
v -0.256826 -1.946751 -0.946838
v -0.370716 -1.935927 -0.926802
v -0.309103 -1.865037 -0.965161
v -0.295370 -1.954701 -0.946341
v -0.328231 -1.951765 -0.940847
v 0.037831 -2.690503 -0.330928
v 0.132045 -2.612314 -0.493229
v 0.086657 -2.684611 -0.411447
v 0.103164 -2.669757 -0.440229
v -0.146749 -2.698128 -0.442216
v -0.075414 -2.622255 -0.606373
v -0.101357 -2.692733 -0.523199
v -0.089005 -2.677675 -0.552988
v -0.249834 -2.415189 -0.816097
v -0.372839 -2.392629 -0.794530
v -0.289075 -2.410664 -0.818450
v -0.327516 -2.405136 -0.811734
v -0.335176 -1.877917 0.306014
v -0.130103 -1.853157 0.432577
v -0.239362 -1.865221 0.364477
v -0.540899 -1.903376 0.180660
v -0.430916 -1.888634 0.247028
v 0.743823 -1.977953 -0.023801
v 0.316363 -2.167614 -0.698646
v 0.485241 -2.143395 -0.571878
v 0.694866 -2.080914 -0.356297
v 0.412118 -1.845915 0.489991
v 0.115122 -1.830004 0.562516
v 0.394585 -2.157353 -0.645690
v 0.599577 -2.117255 -0.462887
v 0.607119 -1.903572 0.258983
v -0.499137 -2.129890 -0.786064
v 0.126444 -2.187282 -0.792020
v -0.166453 -2.186207 -0.884488
v -0.830160 -1.997769 -0.271853
v -0.766879 -1.937839 0.021581
v 0.233669 -2.177048 -0.744485
v -0.024342 -2.193539 -0.845539
v -0.701705 -2.063564 -0.543670
v 0.177131 -1.822613 0.577399
v 0.217046 -1.821947 0.582510
v 0.257438 -1.823278 0.579054
v 0.303875 -1.827546 0.563213
v -0.850564 -1.968663 -0.144763
v -0.844952 -1.958036 -0.097001
v -0.830548 -1.950011 -0.059944
v -0.808444 -1.943106 -0.027035
v 0.770097 -2.019483 -0.170025
v 0.767147 -2.034828 -0.220934
v 0.756305 -2.046556 -0.257683
v 0.737605 -2.058871 -0.294142
v -0.243829 -2.178844 -0.896010
v -0.286322 -2.174010 -0.897086
v -0.325533 -2.168400 -0.891033
v -0.374409 -2.159385 -0.871909
v -0.670275 -1.888584 0.095362
v -0.000870 -1.806743 0.505903
v 0.437234 -1.874961 -0.615036
v 0.339298 -1.888973 -0.682688
v 0.589471 -1.173951 -0.070712
v 0.575922 -1.272679 -0.173356
v 0.689795 -2.289921 0.041626
v 0.753008 -1.853335 -0.041882
v 0.309325 -2.034849 -0.713636
v 0.311955 -1.404639 -0.465444
v 0.199009 -1.417254 -0.531054
v 0.267620 -1.756109 -0.701192
v 0.201085 -1.514949 -0.640764
v 0.649633 -1.832169 -0.446541
v 0.544253 -1.856338 -0.535053
v 0.835852 -1.047232 -0.019386
v 0.762801 -1.003852 -0.022293
v 0.532811 -1.372287 -0.322328
v 0.425245 -1.391917 -0.399410
v 0.491415 -2.006269 -0.579808
v 0.695610 -1.950433 -0.384095
v 0.477534 -1.731600 -0.565640
v 0.423428 -1.492242 -0.508061
v 0.686030 -1.695505 -0.407891
v 0.638308 -1.461985 -0.362196
v 0.734155 -1.395879 -0.245055
v 0.659368 -1.374066 -0.279589
v 0.830731 -1.279609 0.100637
v 0.880965 -1.172889 0.140690
v 0.942336 -0.722049 0.044287
v 0.854504 -0.714589 0.033961
v 0.772074 -0.878302 0.031440
v 0.739571 -0.947626 0.013366
v 1.015530 -0.876698 0.213743
v 1.043765 -0.770679 0.213445
v 0.867252 -0.404500 0.011553
v 0.812681 -0.446103 -0.002046
v 0.807765 -0.619908 0.039577
v 0.808607 -0.679297 0.046130
v 1.028137 -0.436139 0.149493
v 1.000371 -0.344962 0.122486
v 0.909639 -1.114724 0.105172
v 0.886412 -1.085936 0.026713
v 0.778861 -1.599677 -0.161745
v 0.763119 -1.438915 -0.223092
v 1.046193 -0.719617 0.159901
v 1.007752 -0.724191 0.087118
v 0.975437 -0.328589 0.077983
v 0.927816 -0.359995 0.042736
v 0.950631 -0.503867 0.034975
v 0.914869 -0.417484 0.029231
v 0.797230 -1.196563 -0.064900
v 0.842620 -1.110376 -0.020543
v 0.950975 -0.855171 0.059440
v 0.972437 -0.768191 0.063226
v 0.784049 -0.334083 0.007590
v 0.757618 -0.355447 -0.002856
v 0.751410 -0.379969 -0.002275
v 0.768878 -0.427922 0.003795
v 0.848026 -0.357799 0.029934
v 0.805190 -0.335155 0.018641
v 0.917150 -0.233033 0.077272
v 0.893986 -0.251619 0.066059
v 0.885483 -0.275089 0.063293
v 0.887664 -0.327434 0.052899
v 0.967108 -0.277883 0.101328
v 0.935333 -0.237310 0.088713
v 0.787624 -0.488338 0.016783
v 0.801474 -0.555402 0.028965
v 1.056442 -0.657105 0.199346
v 1.049123 -0.542294 0.176332
v 0.980320 -0.679610 0.057870
v 0.972320 -0.590872 0.046874
v 0.929331 -0.559942 0.027547
v 0.848835 -0.582506 0.021112
v 1.033034 -0.503649 0.119911
v 0.992658 -0.533453 0.059558
v 0.805291 -0.740300 0.045904
v 0.794227 -0.808103 0.040696
v 0.930705 -1.073604 0.174506
v 0.976275 -0.976504 0.200246
v 0.884181 -1.024954 0.017230
v 0.920368 -0.940406 0.044504
v 0.906083 -0.885945 0.032174
v 0.828838 -0.858001 0.019722
v 0.993638 -0.923711 0.159124
v 0.961533 -0.908423 0.082105
v 0.696928 -1.020154 -0.012094
v 0.644744 -1.097202 -0.039901
v 0.765585 -1.573222 -0.019755
v 0.787172 -1.396680 0.049263
v 0.747660 -1.366183 -0.191144
v 0.758018 -1.281262 -0.116199
v 0.743253 -1.211805 -0.100575
v 0.661608 -1.159231 -0.085131
v 0.816880 -1.316749 0.013101
v 0.799407 -1.266636 -0.066941
v -0.172013 -1.638659 0.353641
v -0.278680 -1.651051 0.287982
v 0.433897 -1.123642 0.171868
v 0.328565 -1.191471 0.210028
v 0.379963 -2.163299 0.513846
v 0.424543 -1.732369 0.467909
v -0.335521 -1.767504 0.284555
v -0.060652 -1.274956 0.115432
v -0.172360 -1.286632 0.048350
v -0.320827 -1.546512 0.216535
v -0.276898 -1.350044 0.105764
v 0.058349 -1.613284 0.484225
v -0.058747 -1.625692 0.422481
v 0.595513 -0.970968 0.356518
v 0.568598 -0.942201 0.281551
v 0.170357 -1.250605 0.240014
v 0.051741 -1.263807 0.181503
v -0.126292 -1.741223 0.413372
v 0.110143 -1.716870 0.536859
v -0.102392 -1.524027 0.348900
v -0.054731 -1.328718 0.238363
v 0.124423 -1.502988 0.467653
v 0.174352 -1.308743 0.358277
v 0.322232 -1.261592 0.392744
v 0.263354 -1.244171 0.333778
v 0.665245 -1.226507 0.358747
v 0.734919 -1.126422 0.368806
v 0.743814 -0.659703 0.355172
v 0.698267 -0.665599 0.278002
v 0.636851 -0.835583 0.243098
v 0.597667 -0.902655 0.235467
v 0.899132 -0.840106 0.395881
v 0.927851 -0.734297 0.394908
v 0.734112 -0.362786 0.220102
v 0.691623 -0.408456 0.186536
v 0.697847 -0.586056 0.210139
v 0.694742 -0.643831 0.223213
v 0.923216 -0.401509 0.318532
v 0.901404 -0.312685 0.280239
v 0.724245 -1.055920 0.394933
v 0.650912 -1.011230 0.394919
v 0.382070 -1.467736 0.454256
v 0.347370 -1.303262 0.420764
v 0.890180 -0.670644 0.404318
v 0.809017 -0.661810 0.398360
v 0.852777 -0.289652 0.271143
v 0.795292 -0.318447 0.250503
v 0.774419 -0.448622 0.311132
v 0.768171 -0.371513 0.259135
v 0.521521 -1.108293 0.365448
v 0.588880 -1.029665 0.376073
v 0.740074 -0.788795 0.389619
v 0.765999 -0.703331 0.386500
v 0.706857 -0.309290 0.127725
v 0.682896 -0.331553 0.112599
v 0.676612 -0.356369 0.113030
v 0.681231 -0.400746 0.139460
v 0.749929 -0.326971 0.183720
v 0.725430 -0.309740 0.143334
v 0.842436 -0.209646 0.194379
v 0.819344 -0.228254 0.183052
v 0.809258 -0.251226 0.182766
v 0.792268 -0.297554 0.202415
v 0.878060 -0.249688 0.241336
v 0.859712 -0.213621 0.207259
v 0.690691 -0.458410 0.167377
v 0.696293 -0.523057 0.192388
v 0.939762 -0.620372 0.382681
v 0.936941 -0.506217 0.355070
v 0.778736 -0.616350 0.373613
v 0.779988 -0.530552 0.348218
v 0.749485 -0.503583 0.309253
v 0.705230 -0.537981 0.244955
v 0.886602 -0.456682 0.352537
v 0.809439 -0.475922 0.346923
v 0.683940 -0.702189 0.235418
v 0.664568 -0.767248 0.243603
v 0.799101 -1.031969 0.380237
v 0.855203 -0.938344 0.389620
v 0.650300 -0.950913 0.383096
v 0.701314 -0.871295 0.387334
v 0.692645 -0.818673 0.366298
v 0.653387 -0.802664 0.294361
v 0.834703 -0.873677 0.407810
v 0.756216 -0.843751 0.403456
v 0.548001 -0.972747 0.220868
v 0.492542 -1.048434 0.197920
v 0.496223 -1.484385 0.398216
v 0.588175 -1.332083 0.358900
v 0.376106 -1.245431 0.385126
v 0.452423 -1.182658 0.359637
v 0.467503 -1.123182 0.329512
v 0.453167 -1.092192 0.240200
v 0.580356 -1.240541 0.381666
v 0.512202 -1.174297 0.380763
v 0.987902 -0.926458 0.265316
v 0.924802 -0.906601 0.364025
v 0.815067 -1.100444 0.337113
v 0.889368 -1.124010 0.221015
v 0.910964 -0.214294 0.108372
v 0.870339 -0.201577 0.172048
v 0.928590 -0.269594 0.234768
v 0.980187 -0.286238 0.153053
v 0.763747 -0.701226 0.078404
v 0.700944 -0.681586 0.176148
v 0.707604 -0.569217 0.154456
v 0.765637 -0.586939 0.064606
v 0.696033 -0.443283 0.113941
v 0.745809 -0.458611 0.036947
v 0.603952 -2.334875 0.161163
v 0.435195 -2.271171 0.416440
v 0.976339 -0.453110 0.306914
v 1.033825 -0.472100 0.213946
v 0.983736 -0.688254 0.361892
v 1.046093 -0.707838 0.264152
v 0.484526 -1.276304 -0.152384
v 0.306872 -1.217201 0.122694
v 0.489627 -1.089413 0.120667
v 0.570214 -1.115351 -0.005186
v 0.728247 -0.359347 0.017918
v 0.688961 -0.346815 0.078333
v 0.734824 -0.304665 0.104344
v 0.776578 -0.318094 0.039249
v 0.715532 -1.700779 0.089546
v 0.545156 -1.642642 0.353274
v 0.686024 -1.316821 0.309849
v 0.783165 -1.348200 0.158512
v 0.595885 -0.940305 0.167772
v 0.674179 -0.965173 0.045241
v 0.791100 -0.317616 0.161149
v 0.847553 -0.335318 0.072653
v 0.283164 -1.329979 -0.304530
v 0.077160 -1.258178 0.016080
v 0.057324 -1.356674 -0.437888
v -0.146946 -1.283717 -0.119344
v 0.668758 -0.806952 0.186880
v 0.740268 -0.829519 0.074961
v 0.866089 -0.251358 0.086777
v 0.825535 -0.238662 0.150340
v 0.711530 -1.568230 -0.359423
v 0.725564 -1.464379 -0.303295
v 0.765126 -1.541278 -0.263774
v 0.324525 -2.401143 -0.585236
v 0.383950 -2.280740 -0.617130
v 0.400393 -2.392178 -0.532222
v 0.505278 -2.376265 -0.443033
v 0.590739 -2.244704 -0.431522
v 0.624678 -2.340683 -0.323475
v 0.292260 -1.621163 -0.646402
v 0.311160 -1.502931 -0.573558
v 0.400754 -1.610870 -0.579307
v 0.370834 -1.743992 -0.635902
v 0.510778 -1.599854 -0.510337
v 0.533725 -1.479168 -0.437783
v 0.617516 -1.582392 -0.436499
v 0.586288 -1.714697 -0.490033
v 0.990191 -0.817795 0.090785
v 1.022635 -0.772922 0.124403
v 1.025896 -0.824472 0.166584
v 0.997201 -0.869998 0.123162
v 0.842322 -1.175924 -0.016133
v 0.879547 -1.148710 0.041573
v 0.861863 -1.212978 0.064246
v 0.834197 -1.244219 -0.005605
v 0.964091 -0.443666 0.046078
v 0.972597 -0.384341 0.059903
v 1.007370 -0.407910 0.096479
v 1.004361 -0.471514 0.075676
v 0.834840 -0.512513 0.009694
v 0.859089 -0.460844 0.004521
v 0.905152 -0.479261 0.017653
v 0.883271 -0.534628 0.014706
v 0.715545 -1.080954 -0.053385
v 0.779731 -1.065169 -0.044932
v 0.790716 -1.129608 -0.058432
v 0.729760 -1.145229 -0.081420
v 0.847311 -0.784550 0.028471
v 0.897443 -0.756517 0.033086
v 0.930262 -0.804248 0.041763
v 0.882177 -0.833805 0.025474
v 0.786850 -0.393972 -0.012938
v 0.791899 -0.360888 -0.011475
v 0.823700 -0.363660 -0.000181
v 0.826958 -0.401975 -0.007566
v 0.911922 -0.295463 0.050395
v 0.921005 -0.262223 0.058069
v 0.945849 -0.271905 0.069431
v 0.942990 -0.313526 0.054208
v 0.854665 -0.649309 0.030887
v 0.896948 -0.608934 0.026142
v 0.941857 -0.640812 0.038412
v 0.901497 -0.681909 0.034135
v 1.009109 -0.627941 0.074810
v 1.026900 -0.568467 0.095182
v 1.049369 -0.609810 0.142085
v 1.034331 -0.671165 0.113179
v 0.800186 -0.930676 0.003927
v 0.855856 -0.910836 0.012268
v 0.874038 -0.966460 0.012194
v 0.821836 -0.987114 -0.011730
v 0.926180 -0.997141 0.060486
v 0.962799 -0.963495 0.108178
v 0.953700 -1.019278 0.138059
v 0.923262 -1.055618 0.080134
v 0.625747 -1.243613 -0.139615
v 0.682506 -1.224792 -0.120399
v 0.714689 -1.295166 -0.157181
v 0.683052 -1.323350 -0.209707
v 0.770912 -1.357243 -0.133280
v 0.795581 -1.342643 -0.065270
v 0.785412 -1.438066 -0.056660
v 0.778538 -1.454346 -0.151555
v 0.301816 -1.388464 0.454470
v 0.262042 -1.312705 0.414481
v 0.195320 -1.397246 0.441664
v -0.190547 -2.097775 0.408329
v -0.240745 -1.979455 0.377032
v -0.277887 -2.118385 0.357643
v -0.212701 -1.534397 0.282469
v -0.138694 -1.424623 0.266520
v -0.166191 -1.338391 0.172321
v -0.249011 -1.434476 0.200613
v 0.010957 -1.512541 0.413370
v 0.087325 -1.404113 0.390616
v 0.059318 -1.319030 0.300939
v -0.026824 -1.415693 0.331330
v 0.813093 -0.812090 0.411332
v 0.870475 -0.775647 0.409860
v 0.840307 -0.715672 0.409887
v 0.789923 -0.754845 0.404336
v 0.580884 -1.163061 0.389618
v 0.655786 -1.147185 0.385976
v 0.652273 -1.076417 0.396686
v 0.583994 -1.093498 0.387328
v 0.839549 -0.419339 0.335323
v 0.870817 -0.363845 0.313469
v 0.826140 -0.338090 0.290204
v 0.800083 -0.392163 0.303357
v 0.722370 -0.484363 0.266426
v 0.743535 -0.428641 0.270829
v 0.715041 -0.415834 0.229856
v 0.700623 -0.470828 0.219084
v 0.486048 -1.067187 0.299176
v 0.532617 -1.047258 0.344841
v 0.547907 -0.991409 0.317566
v 0.512130 -1.016026 0.264586
v 0.684522 -0.771557 0.334922
v 0.723649 -0.739262 0.365279
v 0.709443 -0.697428 0.327364
v 0.679807 -0.731845 0.290594
v 0.700208 -0.362285 0.190504
v 0.711762 -0.328349 0.174977
v 0.688528 -0.328058 0.149394
v 0.679567 -0.360346 0.153671
v 0.819806 -0.274871 0.247395
v 0.841469 -0.239155 0.233122
v 0.822250 -0.231305 0.212861
v 0.805939 -0.262278 0.216511
v 0.723696 -0.626156 0.312300
v 0.751365 -0.581059 0.336753
v 0.726292 -0.555566 0.293057
v 0.705691 -0.602894 0.263136
v 0.851927 -0.613914 0.399028
v 0.894372 -0.560904 0.386010
v 0.850099 -0.512771 0.373054
v 0.814363 -0.566843 0.379962
v 0.604568 -0.918299 0.328246
v 0.650015 -0.895651 0.362775
v 0.650500 -0.846005 0.333714
v 0.617083 -0.872765 0.290519
v 0.716673 -0.990242 0.403197
v 0.785021 -0.966014 0.401870
v 0.771164 -0.903069 0.408014
v 0.709320 -0.928633 0.399763
v 0.338380 -1.211019 0.324645
v 0.398898 -1.192847 0.333681
v 0.424358 -1.141441 0.281820
v 0.382160 -1.164444 0.239030
v 0.410570 -1.334226 0.419168
v 0.493518 -1.342992 0.396878
v 0.502785 -1.247978 0.390420
v 0.434572 -1.248205 0.389329
v 0.941381 -1.025427 0.247373
v 0.940396 -0.969819 0.313634
v 0.874302 -1.004252 0.352257
v 0.887012 -1.067319 0.295002
v 0.943530 -0.235483 0.127600
v 0.907636 -0.208951 0.151282
v 0.897946 -0.221144 0.199131
v 0.943701 -0.242549 0.180612
v 0.766406 -0.645770 0.073582
v 0.729452 -0.664593 0.120464
v 0.706450 -0.627277 0.166449
v 0.732122 -0.609527 0.112184
v 0.758873 -0.522365 0.051949
v 0.730546 -0.548429 0.099955
v 0.704211 -0.505583 0.136758
v 0.722967 -0.484304 0.082937
v 0.479791 -2.394848 0.284092
v 0.374756 -2.525932 0.242867
v 0.076647 -2.641857 0.070659
v -0.006873 -2.654261 0.019032
v 1.011023 -0.368977 0.182824
v 0.977838 -0.309553 0.213866
v 0.956417 -0.350701 0.271130
v 1.003402 -0.405451 0.247508
v 1.048783 -0.587397 0.242981
v 1.021158 -0.516793 0.281362
v 0.987066 -0.567762 0.340699
v 1.027363 -0.637738 0.309585
v 0.518231 -1.192099 -0.048607
v 0.430763 -1.205773 0.005481
v 0.421074 -1.160435 0.102402
v 0.496893 -1.136144 0.040575
v 0.749726 -0.330163 0.021721
v 0.714633 -0.334491 0.048039
v 0.706291 -0.316148 0.088994
v 0.740695 -0.311636 0.061219
v 0.264503 -2.592975 0.184368
v 0.165806 -2.624038 0.125560
v 0.658224 -2.167353 0.141097
v 0.590524 -2.019346 0.273803
v 0.475381 -2.090104 0.420255
v 0.550225 -2.222624 0.292904
v 0.834800 -1.229979 0.191354
v 0.829005 -1.168554 0.272871
v 0.751795 -1.203459 0.320911
v 0.770633 -1.282692 0.251669
v 0.731974 -0.403008 0.023072
v 0.711670 -0.424596 0.064026
v 0.687390 -0.389125 0.091718
v 0.704644 -0.373884 0.049314
v 0.625925 -1.038771 0.021362
v 0.554985 -1.061485 0.069175
v 0.545326 -1.013032 0.147400
v 0.607567 -0.986121 0.093374
v 0.811062 -0.329574 0.055722
v 0.771685 -0.311723 0.082249
v 0.761822 -0.314007 0.132920
v 0.803813 -0.322826 0.105867
v 0.740562 -1.487251 0.120055
v 0.714200 -1.406377 0.232985
v 0.615993 -1.446540 0.313488
v 0.663594 -1.569508 0.226834
v 0.393660 -1.313502 -0.235303
v 0.235177 -1.275931 -0.110376
v 0.190024 -1.243795 0.080632
v 0.342892 -1.253861 -0.045524
v 0.169299 -1.343509 -0.370016
v 0.010225 -1.303476 -0.245046
v -0.034969 -1.271048 -0.051621
v 0.122819 -1.290476 -0.177492
v 0.712660 -0.897073 0.064567
v 0.652618 -0.916737 0.112678
v 0.638302 -0.873542 0.180964
v 0.687227 -0.850483 0.124882
v 0.886236 -0.224583 0.091867
v 0.852603 -0.226050 0.119284
v 0.843297 -0.211143 0.159169
v 0.876584 -0.205139 0.130651
v 0.756680 -0.762251 0.078805
v 0.710313 -0.783701 0.128916
v 0.689054 -0.740970 0.184537
v 0.723274 -0.720557 0.126491
v 1.024220 -0.821430 0.271549
v 1.014828 -0.757653 0.324093
v 0.962344 -0.802000 0.368378
v 0.984384 -0.867973 0.324407
v 0.859142 -0.294127 0.082940
v 0.826353 -0.307059 0.117827
v 0.811953 -0.279351 0.156900
v 0.837726 -0.263794 0.116952
v 0.138385 -1.911547 -0.798522
v 0.243328 -1.900747 -0.741650
v -0.531505 -1.310975 -0.758166
v -0.417717 -1.394138 -0.782719
v -0.478347 -2.432711 -0.674753
v -0.509118 -2.007617 -0.815896
v -0.021365 -1.445330 -0.669997
v 0.088137 -1.430768 -0.599159
v -0.110787 -1.925127 -0.912886
v 0.017699 -1.920718 -0.858105
v -0.706893 -1.235811 -0.965495
v -0.679973 -1.180212 -0.907094
v -0.249976 -1.467957 -0.802404
v -0.131460 -1.459940 -0.740863
v 0.106656 -2.053342 -0.815924
v -0.165207 -2.055670 -0.911967
v 0.051984 -1.783610 -0.826817
v -0.017194 -1.546052 -0.778413
v -0.184816 -1.801945 -0.941954
v -0.245242 -1.569966 -0.904072
v -0.402116 -1.534773 -0.941890
v -0.342758 -1.496560 -0.894161
v -0.769639 -1.475233 -0.880812
v -0.845702 -1.383951 -0.918213
v -0.866803 -0.943192 -1.065192
v -0.820558 -0.919343 -0.993294
v -0.753477 -1.064781 -0.904125
v -0.711128 -1.124955 -0.876295
v -1.021082 -1.125647 -1.035237
v -1.051812 -1.026836 -1.071697
v -0.860879 -0.615741 -1.048247
v -0.817686 -0.645394 -1.001891
v -0.821688 -0.819087 -0.959708
v -0.817398 -0.878054 -0.951040
v -1.047377 -0.689843 -1.123345
v -1.027433 -0.592834 -1.121092
v -0.837161 -1.328247 -0.966077
v -0.762872 -1.287539 -0.984733
v -0.459327 -1.751029 -0.921081
v -0.426598 -1.584342 -0.952702
v -1.014638 -0.971526 -1.103932
v -0.932830 -0.961401 -1.102970
v -0.980155 -0.567635 -1.121311
v -0.922709 -0.586197 -1.092124
v -0.900569 -0.730152 -1.100299
v -0.895030 -0.638720 -1.080714
v -0.623609 -1.370241 -0.936249
v -0.697738 -1.298665 -0.965188
v -0.860550 -1.076606 -1.051502
v -0.888570 -0.995674 -1.078062
v -0.833335 -0.531787 -0.984293
v -0.808799 -0.546921 -0.963483
v -0.802284 -0.569888 -0.955099
v -0.806855 -0.620534 -0.962545
v -0.876877 -0.568645 -1.027886
v -0.852146 -0.537742 -0.997743
v -0.970805 -0.463811 -1.080542
v -0.947511 -0.476717 -1.063265
v -0.937224 -0.497891 -1.054507
v -0.919815 -0.548374 -1.055562
v -1.006004 -0.519070 -1.108710
v -0.988101 -0.472424 -1.090860
v -0.815896 -0.684346 -0.966597
v -0.820914 -0.753718 -0.965987
v -1.064891 -0.916410 -1.101591
v -1.061573 -0.800298 -1.118081
v -0.902867 -0.909805 -1.097020
v -0.905265 -0.820382 -1.104581
v -0.874839 -0.780478 -1.078885
v -0.829960 -0.787716 -1.008432
v -1.011573 -0.753575 -1.133972
v -0.935443 -0.769137 -1.122877
v -0.805025 -0.937140 -0.941645
v -0.783673 -1.000980 -0.926973
v -0.914744 -1.299186 -0.957241
v -0.974455 -1.214954 -0.996066
v -0.764251 -1.226453 -0.993694
v -0.819000 -1.153021 -1.022187
v -0.811447 -1.095890 -1.021124
v -0.771562 -1.053629 -0.961746
v -0.955076 -1.161915 -1.035951
v -0.875797 -1.133012 -1.044663
v -0.657263 -1.185686 -0.842570
v -0.596358 -1.248910 -0.801023
v -0.583363 -1.738117 -0.847015
v -0.684696 -1.576596 -0.853381
v -0.460782 -1.513899 -0.932238
v -0.546324 -1.440700 -0.916105
v -0.565843 -1.371825 -0.903397
v -0.552959 -1.307695 -0.829981
v -0.679864 -1.499706 -0.904798
v -0.610446 -1.438972 -0.931554
v -0.490649 -1.677691 0.158231
v -0.383896 -1.663970 0.223456
v -0.686132 -1.260550 -0.515005
v -0.661746 -1.312524 -0.397294
v -0.781337 -2.305253 -0.198337
v -0.836083 -1.886468 -0.305187
v -0.393256 -1.315684 -0.088570
v -0.283161 -1.300227 -0.019618
v -0.711078 -1.707373 0.012307
v -0.603200 -1.692287 0.088564
v -0.946529 -1.159462 -0.589161
v -0.873702 -1.118503 -0.602958
v -0.608531 -1.345818 -0.237653
v -0.502686 -1.331603 -0.158520
v -0.545311 -1.792457 0.156414
v -0.761955 -1.823507 0.001977
v -0.537056 -1.577307 0.082280
v -0.494771 -1.382647 -0.031562
v -0.744777 -1.609262 -0.065436
v -0.704339 -1.416156 -0.180597
v -0.807758 -1.399719 -0.300238
v -0.733051 -1.365968 -0.277281
v -0.934111 -1.422007 -0.622080
v -0.991072 -1.337402 -0.689682
v -1.064970 -0.880803 -0.754090
v -0.975951 -0.870250 -0.748735
v -0.888413 -1.022026 -0.692291
v -0.852743 -1.079948 -0.654017
v -1.137154 -1.089014 -0.852899
v -1.167465 -0.990422 -0.890074
v -0.993810 -0.574001 -0.839570
v -0.937585 -0.607606 -0.812599
v -0.929909 -0.785028 -0.788104
v -0.929924 -0.842425 -0.773135
v -1.156579 -0.655736 -0.956931
v -1.128876 -0.560860 -0.964859
v -1.021827 -1.269354 -0.675870
v -0.997565 -1.212734 -0.616032
v -0.851961 -1.618580 -0.302530
v -0.836145 -1.447931 -0.305043
v -1.170457 -0.922529 -0.859396
v -1.131225 -0.898978 -0.791520
v -1.103616 -0.528795 -0.928642
v -1.055191 -0.544644 -0.884331
v -1.076634 -0.674889 -0.824052
v -1.041603 -0.592734 -0.850734
v -0.897877 -1.281796 -0.505017
v -0.950552 -1.217841 -0.568005
v -1.071018 -1.010177 -0.721058
v -1.094637 -0.930769 -0.754561
v -0.909828 -0.506908 -0.863729
v -0.882088 -0.522851 -0.847149
v -0.875356 -0.546077 -0.838735
v -0.892883 -0.593161 -0.825887
v -0.974949 -0.537815 -0.874085
v -0.931642 -0.512295 -0.872888
v -1.045465 -0.440417 -0.963402
v -1.022098 -0.453346 -0.946237
v -1.013392 -0.474021 -0.934999
v -1.015138 -0.518486 -0.906002
v -1.095427 -0.490920 -0.968932
v -1.063686 -0.448731 -0.972292
v -0.911505 -0.654257 -0.815192
v -0.924649 -0.721195 -0.801677
v -1.181920 -0.879719 -0.918470
v -1.176402 -0.764545 -0.940967
v -1.104138 -0.846506 -0.781085
v -1.097373 -0.760034 -0.803100
v -1.054402 -0.724084 -0.797006
v -0.972289 -0.743035 -0.783806
v -1.160837 -0.706954 -0.903083
v -1.118725 -0.711615 -0.835550
v -0.925700 -0.898946 -0.751715
v -0.913002 -0.960085 -0.723864
v -1.045849 -1.257490 -0.751204
v -1.095137 -1.176748 -0.806453
v -0.997473 -1.152332 -0.627424
v -1.037536 -1.083847 -0.679040
v -1.024441 -1.028564 -0.686728
v -0.946638 -0.998246 -0.686876
v -1.113566 -1.111827 -0.786993
v -1.080627 -1.068281 -0.723013
v -0.805810 -1.138233 -0.609375
v -0.747995 -1.200073 -0.562856
v -0.849596 -1.648897 -0.427126
v -0.881952 -1.511786 -0.542675
v -0.827466 -1.392552 -0.352981
v -0.849433 -1.341793 -0.438745
v -0.839926 -1.282997 -0.472287
v -0.760346 -1.240528 -0.504003
v -0.914691 -1.423290 -0.535192
v -0.895701 -1.346394 -0.482652
v -1.045715 -1.175041 -0.981828
v -1.108617 -1.155160 -0.882997
v -1.002780 -1.322651 -0.777707
v -0.928798 -1.346256 -0.894000
v -0.998812 -0.447739 -1.062825
v -1.039408 -0.435018 -0.999131
v -1.108258 -0.518571 -1.014357
v -1.055869 -0.535119 -1.095587
v -0.822362 -0.895107 -0.894299
v -0.884505 -0.875386 -0.796150
v -0.888042 -0.764264 -0.824096
v -0.831109 -0.782120 -0.914620
v -0.869386 -0.634635 -0.846074
v -0.820594 -0.650083 -0.923671
v -0.538266 -2.474496 -0.539318
v -0.700671 -2.410015 -0.280146
v -1.160522 -0.714313 -1.003546
v -1.100378 -0.732978 -1.094882
v -1.170910 -0.951631 -0.959474
v -1.108586 -0.971219 -1.057235
v -0.395561 -1.383882 -0.692110
v -0.570722 -1.324475 -0.415503
v -0.671399 -1.231333 -0.591349
v -0.591151 -1.257312 -0.717408
v -0.813573 -0.547813 -0.927624
v -0.851847 -0.535159 -0.866589
v -0.902267 -0.504777 -0.899625
v -0.860790 -0.518241 -0.964890
v -0.635408 -1.865930 -0.738932
v -0.803577 -1.807523 -0.473852
v -0.884220 -1.508762 -0.653125
v -0.787792 -1.540228 -0.804899
v -0.785657 -1.109180 -0.679478
v -0.707521 -1.134068 -0.802106
v -0.974715 -0.533463 -0.921762
v -0.918288 -0.551168 -1.010274
v -0.163807 -1.384597 -0.578679
v -0.368950 -1.312713 -0.257506
v -0.857843 -0.993559 -0.749329
v -0.786501 -1.016146 -0.861350
v -0.953612 -0.473791 -1.029180
v -0.994136 -0.461093 -0.965598
v -0.261075 -1.687109 -0.955897
v -0.334962 -1.594012 -0.953681
v -0.373615 -1.680473 -0.962124
v 0.253841 -2.409786 -0.628595
v 0.234807 -2.298985 -0.708654
v 0.172312 -2.420063 -0.672118
v 0.044953 -2.432537 -0.725346
v -0.025733 -2.320068 -0.809594
v -0.118997 -2.431589 -0.779542
v 0.184842 -1.634355 -0.712341
v 0.091593 -1.529775 -0.708356
v 0.076420 -1.650541 -0.778374
v 0.162814 -1.769512 -0.763625
v -0.034507 -1.666430 -0.844905
v -0.129769 -1.560214 -0.844763
v -0.149448 -1.676091 -0.906922
v -0.065311 -1.794305 -0.889739
v -0.911924 -1.050303 -1.075713
v -0.963657 -1.015720 -1.093717
v -0.993217 -1.071281 -1.071665
v -0.934366 -1.106106 -1.061398
v -0.689976 -1.363227 -0.955835
v -0.761936 -1.349359 -0.965089
v -0.762891 -1.411582 -0.932157
v -0.683699 -1.429761 -0.936475
v -0.926831 -0.674807 -1.113556
v -0.953171 -0.619740 -1.121101
v -0.996502 -0.652857 -1.132423
v -0.965664 -0.712323 -1.132469
v -0.826067 -0.715537 -1.008880
v -0.841202 -0.668682 -1.038206
v -0.869710 -0.696214 -1.070806
v -0.847802 -0.746229 -1.046898
v -0.618319 -1.244001 -0.871396
v -0.656647 -1.240747 -0.925811
v -0.638227 -1.304278 -0.934751
v -0.588527 -1.306372 -0.889878
v -0.800273 -0.985945 -0.981932
v -0.831215 -0.967822 -1.027038
v -0.844845 -1.021231 -1.046846
v -0.804237 -1.039947 -1.008742
v -0.805936 -0.588669 -0.989736
v -0.815251 -0.557341 -0.997082
v -0.838643 -0.566859 -1.019636
v -0.826824 -0.604128 -1.021771
v -0.933845 -0.521084 -1.081548
v -0.950431 -0.490981 -1.089614
v -0.969624 -0.506046 -1.105259
v -0.947634 -0.544630 -1.105244
v -0.829391 -0.855162 -1.001884
v -0.850814 -0.822575 -1.045697
v -0.875691 -0.862983 -1.076224
v -0.847027 -0.895642 -1.038172
v -0.939487 -0.866131 -1.120194
v -0.975691 -0.813257 -1.132935
v -1.019618 -0.862717 -1.126750
v -0.976763 -0.916994 -1.120152
v -0.732320 -1.118005 -0.935903
v -0.767532 -1.109274 -0.983297
v -0.765651 -1.166889 -0.993367
v -0.718073 -1.175347 -0.956101
v -0.825666 -1.211281 -1.013858
v -0.889661 -1.189934 -1.027869
v -0.902222 -1.246140 -1.000111
v -0.831436 -1.270107 -0.995958
v -0.474388 -1.378090 -0.814288
v -0.519488 -1.371720 -0.857538
v -0.488776 -1.442274 -0.895222
v -0.423659 -1.458630 -0.888413
v -0.523554 -1.515474 -0.927129
v -0.596887 -1.512854 -0.919220
v -0.583256 -1.605368 -0.896015
v -0.493713 -1.609861 -0.931780
v -0.830948 -1.526930 -0.240214
v -0.791591 -1.441499 -0.231674
v -0.771488 -1.515433 -0.151254
v -0.450060 -2.129497 0.249182
v -0.421292 -2.001523 0.266321
v -0.363510 -2.128851 0.305136
v -0.428358 -1.561021 0.150131
v -0.465949 -1.464947 0.065698
v -0.386024 -1.365518 0.037405
v -0.357847 -1.448015 0.133779
v -0.645556 -1.592839 0.010711
v -0.677987 -1.497685 -0.078747
v -0.601605 -1.399851 -0.104402
v -0.573684 -1.482643 -0.004095
v -1.118035 -1.048144 -0.772959
v -1.148263 -1.022411 -0.828159
v -1.145620 -0.958425 -0.808010
v -1.111784 -0.987303 -0.761912
v -0.935550 -1.348424 -0.540356
v -0.967920 -1.345662 -0.609784
v -0.988262 -1.276950 -0.609395
v -0.947118 -1.280656 -0.551648
v -1.131623 -0.660289 -0.873526
v -1.135796 -0.609127 -0.917114
v -1.100250 -0.573566 -0.891181
v -1.090936 -0.623315 -0.856336
v -1.008148 -0.695896 -0.794838
v -1.031089 -0.645565 -0.817483
v -0.984738 -0.623609 -0.812557
v -0.959263 -0.673727 -0.798864
v -0.831137 -1.228195 -0.508606
v -0.895291 -1.221801 -0.530843
v -0.887750 -1.166899 -0.562871
v -0.821047 -1.178989 -0.553003
v -1.001500 -0.977651 -0.699054
v -1.051072 -0.956198 -0.723093
v -1.018774 -0.908679 -0.732488
v -0.967329 -0.933185 -0.719535
v -0.952957 -0.564363 -0.823323
v -0.950289 -0.531513 -0.844298
v -0.917611 -0.524387 -0.835593
v -0.911785 -0.554868 -0.822248
v -1.070840 -0.505978 -0.912070
v -1.074016 -0.473297 -0.941576
v -1.049117 -0.460055 -0.934780
v -1.039751 -0.487889 -0.915384
v -1.024256 -0.839820 -0.759656
v -1.065857 -0.803191 -0.777684
v -1.020832 -0.769129 -0.778391
v -0.977113 -0.808595 -0.768867
v -1.159017 -0.859725 -0.834211
v -1.175436 -0.813911 -0.883328
v -1.153090 -0.757635 -0.855429
v -1.134033 -0.805009 -0.814919
v -0.934821 -1.106469 -0.615806
v -0.989143 -1.096016 -0.642461
v -0.972456 -1.044390 -0.661587
v -0.915037 -1.060046 -0.649075
v -1.037341 -1.204647 -0.672476
v -1.070351 -1.192809 -0.735962
v -1.080764 -1.129442 -0.727707
v -1.041923 -1.142699 -0.674210
v -0.763669 -1.345730 -0.351202
v -0.801324 -1.339558 -0.402371
v -0.775777 -1.288142 -0.454179
v -0.715531 -1.298622 -0.434144
v -0.856964 -1.489165 -0.358164
v -0.872082 -1.509918 -0.440595
v -0.887143 -1.417878 -0.461973
v -0.856279 -1.405994 -0.402303
v -0.992135 -1.261774 -0.938382
v -1.059901 -1.214329 -0.913075
v -1.058970 -1.240569 -0.833349
v -1.002967 -1.298344 -0.864053
v -1.026299 -0.476269 -1.080425
v -1.036130 -0.446550 -1.040759
v -1.071936 -0.461936 -1.008926
v -1.071875 -0.488927 -1.055468
v -0.829020 -0.840790 -0.904835
v -0.850873 -0.857766 -0.848691
v -0.887907 -0.822166 -0.811313
v -0.854418 -0.803460 -0.860784
v -0.828337 -0.716380 -0.921429
v -0.853684 -0.742080 -0.871596
v -0.882135 -0.699493 -0.836091
v -0.846630 -0.676166 -0.879640
v -0.581762 -2.524609 -0.366920
v -0.476393 -2.629973 -0.279111
v -0.173670 -2.672455 -0.082852
v -0.089405 -2.664349 -0.031582
v -1.081078 -0.624708 -1.100186
v -1.104365 -0.564074 -1.063073
v -1.138247 -0.606746 -1.013451
v -1.128365 -0.666031 -1.059828
v -1.112264 -0.851556 -1.082311
v -1.146420 -0.781750 -1.047935
v -1.174858 -0.832028 -0.985130
v -1.152767 -0.904230 -1.027410
v -0.516619 -1.318596 -0.683243
v -0.523616 -1.322433 -0.579805
v -0.612801 -1.286812 -0.531636
v -0.595748 -1.269705 -0.629501
v -0.831459 -0.523442 -0.947963
v -0.838540 -0.524346 -0.904466
v -0.874224 -0.509345 -0.880279
v -0.865588 -0.507983 -0.923855
v -0.364762 -2.669894 -0.201537
v -0.264242 -2.676606 -0.138173
v -0.573774 -2.317948 -0.614443
v -0.687160 -2.175527 -0.509754
v -0.753450 -2.240313 -0.333342
v -0.650635 -2.369413 -0.443539
v -0.860132 -1.437162 -0.848086
v -0.940267 -1.384824 -0.812159
v -0.942690 -1.410587 -0.718255
v -0.875958 -1.483965 -0.758126
v -0.812075 -0.591748 -0.923838
v -0.835504 -0.613717 -0.884799
v -0.855526 -0.577726 -0.854496
v -0.828369 -0.561274 -0.890827
v -0.652407 -1.195030 -0.762593
v -0.659517 -1.209942 -0.675636
v -0.732778 -1.169263 -0.636415
v -0.717119 -1.148046 -0.719008
v -0.888393 -0.537310 -0.986492
v -0.897682 -0.515781 -0.941514
v -0.937642 -0.521743 -0.909299
v -0.930621 -0.534837 -0.957798
v -0.710794 -1.664665 -0.770008
v -0.813041 -1.593063 -0.703617
v -0.833972 -1.623784 -0.575722
v -0.756792 -1.743149 -0.644234
v -0.276128 -1.395371 -0.646067
v -0.323505 -1.344221 -0.452998
v -0.477806 -1.325430 -0.328925
v -0.431723 -1.348547 -0.520568
v -0.053808 -1.370726 -0.506958
v -0.101432 -1.317109 -0.313548
v -0.257906 -1.298300 -0.188343
v -0.212572 -1.331457 -0.383205
v -0.753376 -1.076277 -0.834500
v -0.766056 -1.090151 -0.757344
v -0.827591 -1.052727 -0.718016
v -0.803612 -1.032719 -0.789396
v -0.971626 -0.451682 -1.047492
v -0.980819 -0.450162 -1.005086
v -1.014532 -0.438238 -0.980171
v -1.005014 -0.435139 -1.023265
v -0.808897 -0.953622 -0.881307
v -0.829013 -0.971864 -0.815096
v -0.876260 -0.932309 -0.775413
v -0.843646 -0.912092 -0.834444
v -1.085569 -1.079324 -1.022309
v -1.138996 -1.020930 -0.996770
v -1.147273 -1.059873 -0.925374
v -1.106556 -1.123563 -0.957892
v -0.939670 -0.514008 -1.020207
v -0.953805 -0.524660 -0.973880
v -0.986822 -0.499227 -0.946224
v -0.965616 -0.484228 -0.988972
v -0.044600 -2.232131 0.493377
v 0.031674 -2.229614 0.535119
v 0.102989 -2.179377 0.574760
v 0.103632 -1.927769 0.578449
v 0.041996 -1.887328 0.545387
v -0.031156 -1.887926 0.505469
v -0.098763 -1.929914 0.467960
v -0.102081 -2.186572 0.462507
v -0.572318 -1.987800 0.177545
v -0.642368 -1.962638 0.130635
v -0.709694 -1.979212 0.084402
v -0.758722 -2.033180 0.049599
v 0.139859 -2.001450 0.597222
v -0.710966 -2.278873 0.075579
v -0.635964 -2.311225 0.125669
v -0.565314 -2.295782 0.174028
v -0.520938 -2.237772 0.205624
v 0.002084 -1.855036 0.517784
v 0.141132 -2.094807 0.596685
v -0.666626 -1.804529 0.078763
v -0.778185 -2.113669 0.034219
v -0.761861 -2.205186 0.042912
v -0.501005 -2.152771 0.221406
v -0.517619 -2.058110 0.212733
v -0.141378 -2.012120 0.443468
v -0.139662 -2.108602 0.443006
v 0.205271 -1.562608 0.522266
v 0.206250 -1.632222 0.540276
v 0.242219 -1.633562 0.540224
v 0.278222 -1.633963 0.532847
v 0.279448 -1.562598 0.515809
v 0.229148 -1.583318 0.532542
v 0.253514 -1.583829 0.530055
v -0.844636 -1.700008 -0.173551
v -0.846579 -1.771470 -0.156952
v -0.837390 -1.765559 -0.121861
v -0.821916 -1.757934 -0.090274
v -0.817845 -1.687694 -0.105189
v -0.842111 -1.717775 -0.141851
v -0.833722 -1.713265 -0.119283
v 0.145829 -2.433143 0.517396
v 0.228495 -2.416708 0.489347
v 0.237420 -2.311828 0.559366
v 0.182587 -2.379339 0.554861
v 0.127695 -2.406438 0.545900
v 0.203008 -2.302721 0.580057
v 0.159927 -2.360248 0.571633
v 0.117371 -2.370378 0.560250
v 0.171884 -2.288915 0.587764
v 0.148182 -2.294212 0.582793
v -0.241330 -2.530258 0.283024
v -0.167208 -2.553942 0.259756
v -0.159132 -2.519688 0.333344
v -0.212406 -2.510624 0.324800
v -0.261271 -2.501034 0.309715
v -0.178982 -2.490463 0.359996
v -0.226987 -2.479381 0.342455
v -0.273990 -2.460768 0.322430
v -0.191463 -2.450035 0.372660
v -0.243028 -2.392896 0.351872
v -0.083711 -2.542009 0.310921
v -0.070695 -2.505414 0.387780
v -0.128701 -2.498821 0.375950
v -0.090002 -2.476134 0.414606
v -0.143025 -2.467515 0.393473
v -0.101504 -2.436203 0.427467
v -0.158368 -2.379509 0.402395
v 0.012189 -2.523713 0.370529
v 0.036203 -2.480825 0.454938
v -0.030094 -2.480320 0.437453
v 0.019090 -2.451092 0.483284
v -0.043423 -2.448777 0.455669
v 0.009537 -2.413808 0.497183
v -0.049967 -2.386731 0.467822
v 0.119943 -2.490697 0.436981
v 0.081666 -2.446664 0.506784
v 0.070897 -2.414661 0.526350
v 0.061457 -2.357440 0.535460
v 0.285503 -2.187251 0.572444
v 0.270524 -2.057565 0.598823
v 0.241213 -2.190149 0.592634
v 0.232164 -2.055046 0.608522
v 0.203493 -2.186396 0.600713
v 0.194001 -2.054036 0.607533
v 0.169935 -2.182424 0.598250
v 0.178197 -1.933873 0.595716
v 0.219920 -1.716677 0.559538
v 0.260133 -1.717831 0.555694
v 0.307648 -1.720328 0.540094
v -0.670901 -2.466734 0.076830
v -0.717653 -2.400049 0.051808
v -0.733343 -2.399567 0.032621
v -0.701349 -2.465528 0.043444
v -0.656431 -2.502287 0.065024
v -0.737747 -2.417716 0.003126
v -0.693125 -2.486384 0.017819
v -0.634543 -2.528533 0.038822
v -0.732967 -2.430445 -0.035738
v -0.648889 -2.523956 -0.048721
v -0.325434 -2.402969 0.301336
v -0.356296 -2.470183 0.271574
v -0.308953 -2.489400 0.292188
v -0.343488 -2.510572 0.259111
v -0.294278 -2.520632 0.274590
v -0.323541 -2.539785 0.232518
v -0.249101 -2.563952 0.209534
v -0.409397 -2.410194 0.248448
v -0.446434 -2.478366 0.215934
v -0.392780 -2.498044 0.240308
v -0.433111 -2.518075 0.204190
v -0.378098 -2.529307 0.223003
v -0.412764 -2.547227 0.178002
v -0.332865 -2.572465 0.158124
v -0.513271 -2.443364 0.183692
v -0.560452 -2.483481 0.147629
v -0.494518 -2.503917 0.179029
v -0.545827 -2.520146 0.136841
v -0.478747 -2.535162 0.162310
v -0.523099 -2.549192 0.111938
v -0.430622 -2.577841 0.098969
v -0.626839 -2.441575 0.113352
v -0.612883 -2.498244 0.107013
v -0.594720 -2.529344 0.091980
v -0.542191 -2.571634 0.030919
v -0.760451 -2.296152 0.027678
v -0.801736 -2.175753 -0.003117
v -0.776616 -2.306202 -0.000352
v -0.819138 -2.183554 -0.036204
v -0.785346 -2.315632 -0.036917
v -0.826937 -2.191715 -0.074210
v -0.787443 -2.318404 -0.085554
v -0.846413 -2.078897 -0.120267
v -0.844065 -1.852821 -0.121470
v -0.830048 -1.845043 -0.084374
v -0.808062 -1.836745 -0.049899
v 0.233834 -2.515924 0.358294
v 0.344370 -2.416186 0.403500
v 0.138218 -2.191273 0.587472
v 0.160635 -2.055666 0.599251
v 0.127419 -2.562109 0.297780
v -0.001218 -2.315469 0.506968
v -0.302336 -2.273664 0.331357
v -0.385701 -2.280879 0.279026
v -0.218430 -2.260432 0.381607
v -0.139637 -2.610925 0.133279
v -0.057396 -2.600131 0.183771
v -0.222057 -2.620259 0.082790
v 0.029021 -2.585638 0.236971
v -0.139142 -2.234196 0.429298
v 0.338194 -2.272234 0.508631
v 0.330462 -2.056500 0.569633
v 0.346440 -1.612556 0.498595
v 0.242480 -1.481996 0.492246
v 0.156778 -1.611445 0.522866
v -0.518235 -2.607854 -0.102923
v -0.624013 -2.534558 -0.190374
v -0.581653 -2.386420 0.151004
v -0.735508 -2.298074 0.051646
v -0.779539 -2.170594 0.022672
v -0.410174 -2.627822 -0.031906
v -0.309345 -2.626999 0.029464
v -0.467072 -2.274282 0.228188
v -0.739307 -2.403944 -0.152162
v -0.827625 -2.198061 -0.140580
v -0.850007 -1.758807 -0.235142
v -0.788559 -1.727035 -0.056918
v -0.821840 -1.612102 -0.160469
v 0.777785 -1.735134 -0.261250
v 0.776511 -1.811833 -0.247553
v 0.770212 -1.821514 -0.280300
v 0.758257 -1.828324 -0.311158
v 0.756626 -1.753026 -0.329242
v 0.776175 -1.765845 -0.283089
v 0.770024 -1.771078 -0.304193
v -0.274958 -1.879140 -0.961861
v -0.278382 -1.955066 -0.946874
v -0.312020 -1.953832 -0.943983
v -0.345352 -1.948981 -0.935547
v -0.347313 -1.872668 -0.951230
v -0.299734 -1.901865 -0.960226
v -0.321955 -1.900097 -0.956525
v 0.566801 -2.552929 -0.168853
v 0.624036 -2.488173 -0.167249
v 0.646988 -2.473189 -0.141590
v 0.604014 -2.531585 -0.130050
v 0.550234 -2.574417 -0.143931
v 0.649285 -2.475402 -0.107677
v 0.594978 -2.537596 -0.100145
v 0.529230 -2.583138 -0.110639
v 0.643350 -2.469919 -0.069193
v 0.550045 -2.539238 -0.022305
v 0.195516 -2.645584 -0.406319
v 0.253718 -2.597854 -0.419888
v 0.277741 -2.634918 -0.354430
v 0.228552 -2.654950 -0.364347
v 0.179632 -2.668551 -0.375839
v 0.262734 -2.657756 -0.323531
v 0.212783 -2.669724 -0.335044
v 0.158724 -2.678816 -0.339701
v 0.242171 -2.667945 -0.287284
v 0.164107 -2.675671 -0.254248
v 0.336065 -2.586297 -0.365981
v 0.365061 -2.620552 -0.297369
v 0.312625 -2.642903 -0.310300
v 0.349626 -2.643515 -0.267379
v 0.297127 -2.657635 -0.281039
v 0.328737 -2.653744 -0.231731
v 0.248498 -2.663398 -0.200703
v 0.432357 -2.567946 -0.299703
v 0.464882 -2.596115 -0.232819
v 0.404654 -2.624945 -0.250874
v 0.446189 -2.620178 -0.206777
v 0.387691 -2.640162 -0.223252
v 0.423562 -2.631021 -0.173112
v 0.338006 -2.645947 -0.144425
v 0.540360 -2.534713 -0.224245
v 0.507372 -2.592150 -0.187548
v 0.488661 -2.608140 -0.162437
v 0.437493 -2.614389 -0.085516
v 0.762230 -2.141546 -0.143725
v 0.741415 -2.268086 -0.138139
v 0.771082 -1.912585 -0.244005
v 0.735781 -2.280523 -0.175647
v 0.760692 -1.922730 -0.279684
v 0.721852 -2.291383 -0.210218
v 0.741961 -1.932528 -0.317043
v 0.677654 -2.398741 -0.185510
v 0.693530 -2.391375 -0.151859
v 0.699724 -2.383004 -0.115803
v 0.700332 -2.361544 -0.068916
v -0.222264 -2.674998 -0.571503
v -0.316979 -2.645220 -0.554020
v -0.328666 -2.588736 -0.665295
v -0.268304 -2.643121 -0.629564
v -0.203637 -2.666567 -0.606253
v -0.296368 -2.590996 -0.687611
v -0.246947 -2.635604 -0.651914
v -0.192692 -2.645767 -0.634622
v -0.265848 -2.584771 -0.701400
v -0.230543 -2.592633 -0.691331
v 0.080467 -2.685895 -0.305541
v 0.074064 -2.688494 -0.390378
v 0.129353 -2.679922 -0.386208
v 0.095231 -2.678231 -0.426254
v 0.145691 -2.665078 -0.415162
v 0.111892 -2.655190 -0.456139
v 0.173612 -2.607646 -0.469014
v -0.005847 -2.694488 -0.356684
v -0.015312 -2.695799 -0.442724
v 0.042687 -2.688737 -0.437078
v 0.005178 -2.685619 -0.478616
v 0.059114 -2.673891 -0.465770
v 0.020827 -2.662630 -0.508475
v 0.088000 -2.616620 -0.518110
v -0.097721 -2.699209 -0.411641
v -0.112504 -2.696548 -0.501863
v -0.050984 -2.693784 -0.492275
v -0.094632 -2.686287 -0.538443
v -0.036729 -2.678899 -0.521558
v -0.084083 -2.663218 -0.569478
v -0.015820 -2.622730 -0.574554
v -0.198763 -2.692163 -0.475709
v -0.154437 -2.686751 -0.556826
v -0.143298 -2.671686 -0.586580
v -0.135477 -2.617325 -0.638711
v -0.245070 -2.302068 -0.862346
v -0.270064 -2.412632 -0.818524
v -0.290606 -2.051257 -0.924398
v -0.308552 -2.408179 -0.816099
v -0.328397 -2.046999 -0.918270
v -0.346276 -2.401042 -0.805181
v -0.377064 -2.038311 -0.899923
v -0.372903 -2.492733 -0.727092
v -0.327523 -2.508572 -0.745776
v -0.291548 -2.511787 -0.755972
v -0.253632 -2.512578 -0.756634
v 0.250471 -2.516228 -0.521713
v 0.173214 -2.525578 -0.566978
v 0.325846 -2.506920 -0.473372
v 0.047206 -2.679210 -0.157780
v 0.130557 -2.668178 -0.106014
v -0.036866 -2.688643 -0.208688
v 0.216439 -2.653630 -0.052268
v 0.413018 -2.494182 -0.410840
v 0.309303 -2.631011 0.004101
v 0.526515 -2.468907 -0.318260
v 0.413836 -2.584918 0.064186
v 0.526328 -2.483253 0.123602
v 0.628444 -2.429912 -0.229880
v 0.695964 -2.306912 -0.246000
v 0.648441 -2.391688 0.036123
v 0.739797 -2.235252 -0.064492
v 0.776550 -1.763154 -0.172872
v 0.726906 -1.815575 -0.361789
v 0.760168 -1.657153 -0.310672
v -0.124409 -2.695294 -0.261298
v 0.077677 -2.535174 -0.616495
v -0.058085 -2.540367 -0.676774
v -0.218741 -2.695558 -0.319729
v -0.325584 -2.675302 -0.389273
v -0.445087 -2.601995 -0.472132
v -0.187488 -2.529649 -0.730261
v -0.224453 -2.419421 -0.810455
v -0.437505 -2.524431 -0.629849
v -0.416276 -2.376567 -0.773469
v -0.419774 -1.909389 -0.906534
v -0.309730 -1.787936 -0.966800
v -0.222270 -1.931616 -0.943852
v -0.331215 -1.993245 0.322549
v -0.152833 -1.957500 0.429505
v -0.234325 -1.754981 0.346756
v -0.509898 -2.001147 0.210536
v -0.436881 -1.779750 0.222566
v -0.382901 -1.883489 0.276744
v -0.480351 -1.893874 0.216232
v -0.287490 -1.871828 0.335240
v -0.189645 -1.858338 0.394490
v 0.733361 -2.097865 -0.005101
v 0.311002 -2.289575 -0.665595
v 0.471671 -2.269488 -0.546888
v 0.689324 -2.204748 -0.319807
v 0.400154 -1.956934 0.509237
v 0.138707 -1.934280 0.586051
v 0.395432 -2.022906 -0.655485
v 0.602253 -1.980641 -0.481683
v 0.623791 -1.786978 0.244358
v -0.489972 -2.247401 -0.755326
v 0.132490 -2.310963 -0.754951
v -0.174431 -2.310334 -0.849503
v -0.822380 -2.106373 -0.240499
v -0.779632 -2.046545 0.022849
v 0.218329 -2.044595 -0.764260
v -0.032947 -2.058311 -0.871267
v -0.716599 -1.950839 -0.577651
v 0.178428 -1.716131 0.555103
v 0.215715 -1.933070 0.601810
v 0.255505 -1.934564 0.598681
v 0.299833 -1.938784 0.582685
v -0.850674 -1.861921 -0.170263
v -0.841854 -2.068702 -0.074289
v -0.827455 -2.060586 -0.037929
v -0.805512 -2.054127 -0.007566
v 0.774681 -1.897522 -0.193600
v 0.759818 -2.157896 -0.193114
v 0.748777 -2.170358 -0.229864
v 0.730120 -2.182863 -0.264301
v -0.247750 -2.053525 -0.923977
v -0.285798 -2.296822 -0.864330
v -0.325225 -2.290529 -0.858532
v -0.372703 -2.280277 -0.839738
v -0.212498 -2.182070 -0.892825
v -0.423850 -2.149001 -0.844993
v 0.721649 -2.067876 -0.319969
v 0.766184 -2.003535 -0.115189
v -0.345125 -2.165025 -0.884731
v -0.306120 -2.171330 -0.894943
v -0.266764 -2.176350 -0.897330
v 0.748370 -2.052257 -0.274790
v 0.762611 -2.040685 -0.239531
v 0.769574 -2.028764 -0.201127
v -0.792753 -1.939478 -0.007604
v -0.848864 -1.979091 -0.190978
v 0.152478 -1.823913 0.572102
v 0.345714 -1.833069 0.541614
v -0.820592 -1.946545 -0.043545
v -0.838802 -1.953907 -0.078069
v -0.848635 -1.962431 -0.116872
v 0.277344 -1.824792 0.573649
v 0.237327 -1.822358 0.581882
v 0.197617 -1.822068 0.580894
v -0.781107 -2.027501 -0.397228
v -0.599589 -2.099668 -0.680961
v -0.101560 -2.190796 -0.868237
v 0.054880 -2.192024 -0.818943
v 0.185024 -2.182000 -0.767430
v 0.276599 -2.172318 -0.721881
v 0.506418 -1.870114 0.392363
v 0.689815 -1.942051 0.109782
v 0.652927 -2.098557 -0.405547
v 0.541159 -2.132559 -0.520657
v 0.436976 -2.151173 -0.612793
v 0.355052 -2.162714 -0.673702
v -0.673558 -1.937632 0.103430
v -0.722114 -1.900753 0.056707
v -0.610349 -1.883895 0.135057
v -0.002615 -1.723337 0.486009
v 0.058037 -1.805369 0.535178
v -0.062920 -1.816969 0.470779
v -0.750699 -1.982341 0.047065
v -0.577261 -1.949983 0.167426
v -0.505173 -2.339548 0.201845
v -0.680608 -2.354802 0.087986
v 0.092106 -2.260347 0.561872
v -0.087764 -2.288525 0.457837
v -0.094323 -1.890948 0.463591
v 0.093404 -1.879151 0.564741
v 0.687124 -1.463621 -0.333459
v 0.750477 -1.458203 -0.265952
v 0.352026 -2.029275 -0.686099
v 0.441301 -2.015424 -0.620562
v 0.546347 -1.994719 -0.532662
v 0.653758 -1.965074 -0.430633
v 0.319048 -1.749934 -0.669096
v 0.255912 -1.508637 -0.607008
v 0.367183 -1.497558 -0.540855
v 0.423615 -1.738074 -0.601448
v 0.532234 -1.723958 -0.528497
v 0.479122 -1.486514 -0.474022
v 0.586767 -1.469562 -0.399069
v 0.637984 -1.704153 -0.450040
v 0.976945 -0.863432 0.088067
v 1.000687 -0.771415 0.090335
v 1.037833 -0.772843 0.164933
v 1.010994 -0.874701 0.164623
v 0.820088 -1.221314 -0.040367
v 0.864711 -1.130768 0.006260
v 0.885911 -1.163291 0.085704
v 0.838552 -1.264156 0.040334
v 0.979890 -0.487956 0.052129
v 0.945322 -0.400598 0.042600
v 0.991685 -0.365688 0.086163
v 1.021134 -0.454141 0.108035
v 0.842955 -0.547675 0.015413
v 0.824544 -0.478040 0.004023
v 0.887872 -0.439442 0.014661
v 0.918839 -0.519602 0.022093
v 0.688851 -1.120273 -0.069357
v 0.740363 -1.041964 -0.037556
v 0.814062 -1.088268 -0.038317
v 0.766509 -1.170937 -0.079165
v 0.839511 -0.821154 0.024572
v 0.852088 -0.748894 0.031924
v 0.937905 -0.763094 0.043981
v 0.919446 -0.845246 0.037994
v 0.799952 -0.418250 -0.008493
v 0.773412 -0.372679 -0.012277
v 0.803861 -0.348099 -0.001074
v 0.844864 -0.381134 0.005485
v 0.918154 -0.324779 0.046350
v 0.905203 -0.271234 0.055147
v 0.932343 -0.250946 0.069122
v 0.960058 -0.297489 0.072558
v 0.855293 -0.681707 0.033553
v 0.852621 -0.616369 0.026497
v 0.937031 -0.600350 0.033246
v 0.943642 -0.681326 0.042299
v 1.010728 -0.676163 0.081678
v 1.002737 -0.580217 0.067287
v 1.043041 -0.555780 0.131328
v 1.050309 -0.664874 0.151941
v 0.782660 -0.966924 -0.008134
v 0.815635 -0.894480 0.013080
v 0.890846 -0.926292 0.023672
v 0.855781 -1.006687 -0.002329
v 0.906872 -1.041430 0.044944
v 0.944484 -0.952900 0.072905
v 0.974337 -0.971741 0.150231
v 0.932198 -1.066827 0.122819
v 0.635801 -1.301258 -0.205154
v 0.637098 -1.198396 -0.103445
v 0.723873 -1.252342 -0.124220
v 0.720150 -1.342877 -0.203009
v 0.767010 -1.402358 -0.177320
v 0.782067 -1.311728 -0.096938
v 0.798150 -1.372147 -0.018603
v 0.780459 -1.519429 -0.103151
v 0.304391 -1.312431 0.424613
v 0.220158 -1.310375 0.390490
v -0.182271 -1.748557 0.378775
v -0.285106 -1.761296 0.315525
v -0.266945 -1.540151 0.249485
v -0.157914 -1.529167 0.315632
v -0.110568 -1.333418 0.205469
v -0.221706 -1.343803 0.139189
v -0.046027 -1.518532 0.381912
v 0.068109 -1.506513 0.442011
v 0.118437 -1.313192 0.329279
v 0.001626 -1.324096 0.270490
v 0.774829 -0.799841 0.404460
v 0.854493 -0.825490 0.409547
v 0.882374 -0.724040 0.408325
v 0.801299 -0.708791 0.402551
v 0.548575 -1.134368 0.383337
v 0.619071 -1.193786 0.382708
v 0.690849 -1.101237 0.390430
v 0.618267 -1.052380 0.391398
v 0.804915 -0.433000 0.326623
v 0.879455 -0.408433 0.333507
v 0.861419 -0.323935 0.292286
v 0.796019 -0.353746 0.276748
v 0.703375 -0.504378 0.233099
v 0.746741 -0.465688 0.291680
v 0.739986 -0.393128 0.246320
v 0.696841 -0.438354 0.203162
v 0.482540 -1.054188 0.252921
v 0.499957 -1.085597 0.336993
v 0.564749 -1.008957 0.351454
v 0.541035 -0.978530 0.274189
v 0.667598 -0.766998 0.293668
v 0.709499 -0.779148 0.366698
v 0.735221 -0.699396 0.361368
v 0.690243 -0.698042 0.284998
v 0.685068 -0.382441 0.170240
v 0.722983 -0.342874 0.196381
v 0.705046 -0.316650 0.153161
v 0.678017 -0.342481 0.135484
v 0.800162 -0.287815 0.231298
v 0.846210 -0.261614 0.251316
v 0.838830 -0.221660 0.215707
v 0.811288 -0.241833 0.202347
v 0.703279 -0.634181 0.270738
v 0.749075 -0.620260 0.347006
v 0.751262 -0.542111 0.324207
v 0.706151 -0.570877 0.254765
v 0.813246 -0.614202 0.391017
v 0.894028 -0.615758 0.397143
v 0.891736 -0.507671 0.370598
v 0.812852 -0.520624 0.364967
v 0.594194 -0.907214 0.286809
v 0.624111 -0.933329 0.360133
v 0.672858 -0.857495 0.364870
v 0.636715 -0.837975 0.293143
v 0.681401 -0.970067 0.397596
v 0.755790 -1.011011 0.398634
v 0.811440 -0.920389 0.405063
v 0.734322 -0.886614 0.401777
v 0.324216 -1.199357 0.277847
v 0.357513 -1.224946 0.359343
v 0.435068 -1.159145 0.325617
v 0.422879 -1.129176 0.230454
v 0.391169 -1.280068 0.405511
v 0.442038 -1.408382 0.422036
v 0.538996 -1.288195 0.384686
v 0.474683 -1.212483 0.381548
v 0.915892 -1.074311 0.234897
v 0.965600 -0.976408 0.257656
v 0.900936 -0.956030 0.358790
v 0.845455 -1.052029 0.344997
v 0.961991 -0.256930 0.139633
v 0.926281 -0.220962 0.117262
v 0.883719 -0.207627 0.183987
v 0.913182 -0.241433 0.216434
v 0.766591 -0.617144 0.069592
v 0.765455 -0.673337 0.076541
v 0.704339 -0.654345 0.171401
v 0.707544 -0.599053 0.160976
v 0.752884 -0.489859 0.044619
v 0.763129 -0.555073 0.058676
v 0.706535 -0.537760 0.146409
v 0.700594 -0.473778 0.125675
v 1.023261 -0.418648 0.198403
v 0.996662 -0.324153 0.167576
v 0.943263 -0.306557 0.253067
v 0.967444 -0.399967 0.289013
v 1.049970 -0.647785 0.255000
v 1.042851 -0.528556 0.229034
v 0.983089 -0.509203 0.324694
v 0.987509 -0.628101 0.353227
v 0.541537 -1.152637 -0.020905
v 0.503456 -1.235870 -0.096240
v 0.368345 -1.191425 0.113094
v 0.459579 -1.126122 0.106913
v 0.762954 -0.321257 0.029587
v 0.736898 -0.343100 0.018024
v 0.695490 -0.329786 0.081904
v 0.720168 -0.307445 0.096072
v 0.634372 -2.256902 0.155121
v 0.702897 -1.821465 0.095972
v 0.523198 -1.756045 0.373611
v 0.458671 -2.186132 0.421834
v 0.808368 -1.287979 0.175568
v 0.862072 -1.175533 0.206459
v 0.783755 -1.150612 0.328776
v 0.719291 -1.259376 0.314489
v 0.727597 -0.379361 0.019202
v 0.738495 -0.429541 0.029385
v 0.691166 -0.414913 0.102422
v 0.686275 -0.366341 0.082723
v 0.651154 -1.001242 0.033694
v 0.598811 -1.077218 0.008331
v 0.517905 -1.051287 0.134774
v 0.571414 -0.975853 0.158447
v 0.830450 -0.336557 0.064620
v 0.792797 -0.321945 0.047339
v 0.748054 -0.307674 0.117333
v 0.776627 -0.319634 0.149030
v 0.726715 -1.585557 0.101157
v 0.759851 -1.411219 0.139770
v 0.651694 -1.376059 0.308025
v 0.579032 -1.536814 0.330069
v 0.444671 -1.300295 -0.197394
v 0.339245 -1.322614 -0.270712
v 0.133380 -1.251449 0.049192
v 0.247466 -1.233719 0.108198
v 0.226213 -1.336849 -0.337261
v 0.113093 -1.350035 -0.403690
v -0.091052 -1.277239 -0.085403
v 0.021089 -1.264694 -0.017702
v 0.727865 -0.863422 0.070837
v 0.694729 -0.930708 0.055801
v 0.618412 -0.906515 0.175260
v 0.654989 -0.840394 0.184908
v 0.898204 -0.216453 0.099076
v 0.874936 -0.236248 0.088109
v 0.833102 -0.223153 0.153680
v 0.856231 -0.203315 0.164865
v 0.761068 -0.730772 0.079126
v 0.749836 -0.795482 0.077497
v 0.680046 -0.773487 0.186699
v 0.695941 -0.710324 0.180759
v 1.007599 -0.874908 0.270026
v 1.037292 -0.765796 0.269662
v 0.975263 -0.746329 0.366761
v 0.945400 -0.855358 0.367344
v 0.861772 -0.271048 0.085030
v 0.855723 -0.317900 0.079218
v 0.803234 -0.301459 0.161484
v 0.818806 -0.257597 0.152372
v -0.291668 -1.583256 -0.933728
v -0.379883 -1.596373 -0.959161
v 0.265415 -2.039886 -0.739310
v 0.166147 -2.049103 -0.789486
v 0.038983 -2.056771 -0.843912
v -0.103267 -2.057628 -0.894878
v 0.215764 -1.762626 -0.732520
v 0.146250 -1.522051 -0.674347
v 0.037290 -1.537862 -0.743321
v 0.108304 -1.776669 -0.795012
v -0.006076 -1.789721 -0.858789
v -0.072609 -1.553893 -0.812489
v -0.188824 -1.564328 -0.874765
v -0.125083 -1.797401 -0.918047
v -0.895708 -1.092339 -1.060363
v -0.924273 -1.006716 -1.090173
v -1.006060 -1.022682 -1.088512
v -0.976136 -1.117601 -1.054012
v -0.650897 -1.401123 -0.942469
v -0.727458 -1.325390 -0.970160
v -0.801072 -1.369502 -0.948861
v -0.722607 -1.454987 -0.917069
v -0.931299 -0.721574 -1.119934
v -0.923117 -0.628990 -1.103246
v -0.987960 -0.607673 -1.127882
v -1.004592 -0.701759 -1.134270
v -0.828483 -0.751986 -1.009619
v -0.822618 -0.679383 -1.006122
v -0.866505 -0.653891 -1.061235
v -0.872527 -0.738573 -1.076486
v -0.585640 -1.276062 -0.850956
v -0.649994 -1.211917 -0.890212
v -0.673449 -1.270096 -0.950554
v -0.602086 -1.338229 -0.918474
v -0.786987 -1.019972 -0.972900
v -0.811675 -0.952267 -0.988402
v -0.857380 -0.982544 -1.057002
v -0.829581 -1.059041 -1.034621
v -0.811324 -0.615207 -0.996631
v -0.804378 -0.565543 -0.979878
v -0.831907 -0.548050 -1.004231
v -0.849834 -0.588288 -1.033812
v -0.927855 -0.550429 -1.085740
v -0.939352 -0.496706 -1.076052
v -0.967122 -0.483130 -1.095751
v -0.974104 -0.533914 -1.113594
v -0.826322 -0.887262 -0.997721
v -0.830414 -0.822097 -1.005648
v -0.876133 -0.821986 -1.078702
v -0.872779 -0.903359 -1.071646
v -0.937777 -0.914342 -1.113269
v -0.938451 -0.817502 -1.123173
v -1.016858 -0.807576 -1.131934
v -1.019042 -0.917825 -1.117117
v -0.707642 -1.149093 -0.922081
v -0.753515 -1.086288 -0.949223
v -0.790189 -1.131776 -1.007246
v -0.737783 -1.201479 -0.979604
v -0.795725 -1.249550 -0.999198
v -0.852405 -1.172546 -1.029062
v -0.930343 -1.204563 -1.017840
v -0.871014 -1.287246 -0.983026
v -0.410871 -1.429199 -0.847040
v -0.519197 -1.339738 -0.812559
v -0.529386 -1.405536 -0.892799
v -0.442374 -1.484980 -0.915943
v -0.475085 -1.554188 -0.939052
v -0.568481 -1.476814 -0.925180
v -0.633974 -1.547206 -0.896873
v -0.525795 -1.679102 -0.904229
v -0.819112 -1.449764 -0.264391
v -0.752509 -1.429272 -0.206015
v -0.489022 -1.786065 0.190681
v -0.385999 -1.773634 0.253670
v -0.374545 -1.553473 0.183444
v -0.482501 -1.569077 0.116497
v -0.440479 -1.373971 0.003053
v -0.331584 -1.357399 0.071741
v -0.591814 -1.585330 0.047155
v -0.696893 -1.600057 -0.027182
v -0.653507 -1.407564 -0.144137
v -0.548599 -1.391426 -0.066982
v -1.097378 -1.028694 -0.743697
v -1.132230 -1.068340 -0.808839
v -1.161188 -0.973839 -0.844918
v -1.123284 -0.944046 -0.777727
v -0.920911 -1.313993 -0.517845
v -0.940776 -1.384456 -0.573889
v -0.995272 -1.307343 -0.643607
v -0.972938 -1.246884 -0.584430
v -1.106389 -0.666632 -0.845511
v -1.149408 -0.656435 -0.910721
v -1.120018 -0.566139 -0.922857
v -1.072447 -0.582142 -0.869115
v -0.966929 -0.708550 -0.791237
v -1.044366 -0.684627 -0.806741
v -1.014166 -0.607549 -0.829437
v -0.949275 -0.639569 -0.806342
v -0.791101 -1.209874 -0.528157
v -0.867335 -1.252730 -0.501518
v -0.921920 -1.190682 -0.560266
v -0.848758 -1.148414 -0.578121
v -0.958516 -0.965769 -0.703569
v -1.039118 -0.992893 -0.705665
v -1.059696 -0.918800 -0.739389
v -0.972905 -0.901339 -0.734950
v -0.924920 -0.579241 -0.817107
v -0.971521 -0.550004 -0.842797
v -0.930169 -0.516533 -0.849657
v -0.898211 -0.535153 -0.831159
v -1.045773 -0.513456 -0.900747
v -1.088187 -0.498068 -0.934979
v -1.060581 -0.453838 -0.949132
v -1.033198 -0.467297 -0.928809
v -0.977262 -0.839605 -0.759876
v -1.067005 -0.842252 -0.766730
v -1.061595 -0.763708 -0.787552
v -0.975561 -0.776444 -0.776567
v -1.134968 -0.852345 -0.803753
v -1.175461 -0.868725 -0.872000
v -1.170049 -0.759697 -0.893820
v -1.128273 -0.757900 -0.825455
v -0.895691 -1.089333 -0.626884
v -0.968852 -1.128048 -0.616773
v -1.007696 -1.062921 -0.665753
v -0.932060 -1.029737 -0.668930
v -1.020507 -1.178102 -0.646123
v -1.046793 -1.231353 -0.706824
v -1.092751 -1.153151 -0.762709
v -1.062029 -1.106194 -0.699860
v -0.718255 -1.326785 -0.361462
v -0.800192 -1.366460 -0.350636
v -0.815971 -1.312068 -0.441600
v -0.731993 -1.270344 -0.477787
v -0.845946 -1.431289 -0.353167
v -0.860235 -1.567568 -0.376601
v -0.890871 -1.462977 -0.492200
v -0.873257 -1.377250 -0.445094
v -0.961384 -1.303783 -0.916369
v -1.020419 -1.219172 -0.960297
v -1.084865 -1.198768 -0.859030
v -1.031543 -1.281467 -0.806098
v -1.041222 -0.501797 -1.088865
v -1.012185 -0.457913 -1.071528
v -1.054729 -0.444577 -1.004793
v -1.090296 -0.486332 -1.012227
v -0.830614 -0.812382 -0.909917
v -0.826368 -0.867917 -0.899667
v -0.886593 -0.848815 -0.804260
v -0.888521 -0.794151 -0.817833
v -0.824965 -0.682729 -0.923018
v -0.830383 -0.749859 -0.918567
v -0.886008 -0.732427 -0.830239
v -0.876369 -0.666541 -0.841419
v -1.091442 -0.677142 -1.098468
v -1.069224 -0.576681 -1.099357
v -1.124320 -0.559292 -1.014907
v -1.150184 -0.658819 -1.009652
v -1.112768 -0.912151 -1.071329
v -1.107710 -0.791434 -1.089828
v -1.169296 -0.772303 -0.995286
v -1.175494 -0.892500 -0.973264
v -0.558183 -1.287063 -0.695324
v -0.460458 -1.353695 -0.687374
v -0.593699 -1.309022 -0.476892
v -0.639666 -1.260490 -0.567215
v -0.845750 -0.517900 -0.956973
v -0.820309 -0.533448 -0.936955
v -0.860847 -0.520028 -0.872541
v -0.888069 -0.504030 -0.890202
v -0.559959 -2.402894 -0.577320
v -0.614331 -1.982491 -0.711834
v -0.791966 -1.916818 -0.432928
v -0.730650 -2.331511 -0.307533
v -0.824447 -1.487569 -0.825779
v -0.894959 -1.390307 -0.871064
v -0.972904 -1.365340 -0.748519
v -0.912971 -1.458899 -0.686518
v -0.810903 -0.567422 -0.924305
v -0.815834 -0.619538 -0.923829
v -0.862084 -0.604777 -0.850130
v -0.851111 -0.554266 -0.860100
v -0.680921 -1.164070 -0.783219
v -0.622290 -1.226481 -0.740526
v -0.702918 -1.200517 -0.613912
v -0.760474 -1.138658 -0.658351
v -0.903500 -0.548509 -0.998749
v -0.874347 -0.525731 -0.975060
v -0.918983 -0.511447 -0.905001
v -0.957339 -0.531589 -0.914348
v -0.670791 -1.756396 -0.755881
v -0.749984 -1.595776 -0.786157
v -0.857172 -1.560498 -0.617307
v -0.816545 -1.707417 -0.525786
v -0.334208 -1.395500 -0.675057
v -0.219482 -1.390905 -0.613371
v -0.423941 -1.319577 -0.292595
v -0.529030 -1.328636 -0.367999
v -0.108787 -1.377757 -0.542794
v 0.001622 -1.363624 -0.472132
v -0.202480 -1.290860 -0.153740
v -0.313471 -1.305592 -0.222878
v -0.771476 -1.046697 -0.848654
v -0.731886 -1.105092 -0.819090
v -0.808060 -1.080883 -0.699543
v -0.844199 -1.023650 -0.734490
v -0.984651 -0.446607 -1.055611
v -0.961315 -0.460706 -1.037998
v -1.003118 -0.447607 -0.972408
v -1.026593 -0.433465 -0.989802
v -0.816633 -0.923625 -0.888421
v -0.798907 -0.984795 -0.872290
v -0.868508 -0.962777 -0.762973
v -0.881329 -0.903124 -0.786523
v -1.067551 -1.128568 -1.002588
v -1.099405 -1.026978 -1.040697
v -1.161288 -1.007494 -0.943508
v -1.129567 -1.108995 -0.905158
v -0.946721 -0.492112 -1.024053
v -0.930714 -0.536268 -1.016339
v -0.983162 -0.519822 -0.934048
v -0.989653 -0.478657 -0.956691
v 0.051607 -1.856929 0.543202
v -0.123317 -1.944906 0.449917
v -0.768996 -2.041212 0.036615
v -0.543027 -1.996211 0.192526
v 0.214167 -1.587425 0.532075
v 0.241780 -1.591120 0.533005
v 0.269393 -1.588390 0.526577
v -0.845195 -1.724648 -0.156959
v -0.838291 -1.723171 -0.129365
v -0.826026 -1.714602 -0.105849
v 0.196874 -2.389140 0.538441
v 0.171005 -2.370516 0.564481
v 0.150905 -2.343894 0.576456
v -0.200395 -2.525176 0.308104
v -0.220304 -2.495950 0.334795
v -0.232927 -2.455638 0.347530
v -0.116773 -2.513359 0.359278
v -0.136486 -2.484127 0.385891
v -0.148686 -2.443584 0.398462
v -0.018909 -2.494939 0.420269
v -0.037355 -2.465521 0.447756
v -0.047864 -2.427781 0.461182
v 0.091579 -2.461432 0.488792
v 0.075619 -2.431682 0.517748
v 0.067350 -2.393980 0.532116
v 0.259809 -2.191400 0.584350
v 0.222523 -2.188305 0.598010
v 0.185696 -2.184119 0.600630
v 0.196805 -1.933214 0.599681
v 0.235691 -1.933531 0.601483
v 0.274940 -1.936193 0.593099
v -0.704526 -2.448459 0.051852
v -0.698087 -2.476750 0.031498
v -0.683178 -2.496715 -0.001263
v -0.315001 -2.465671 0.297197
v -0.302213 -2.505963 0.284563
v -0.282258 -2.535183 0.257900
v -0.398907 -2.474170 0.245011
v -0.386038 -2.514631 0.232850
v -0.366065 -2.543831 0.206397
v -0.501124 -2.483186 0.183214
v -0.487254 -2.520515 0.171849
v -0.465923 -2.549581 0.146131
v -0.620048 -2.478005 0.110559
v -0.604374 -2.514802 0.100733
v -0.580601 -2.543597 0.076569
v -0.769152 -2.300837 0.015056
v -0.782228 -2.311123 -0.018168
v -0.785962 -2.319232 -0.056984
v -0.845154 -2.073110 -0.093814
v -0.835831 -2.064511 -0.055644
v -0.817272 -2.057177 -0.022219
v 0.289665 -2.474442 0.383558
v 0.154705 -2.188362 0.593439
v 0.179667 -2.543573 0.329084
v 0.048187 -2.299346 0.535767
v -0.343955 -2.278017 0.305608
v -0.260648 -2.267834 0.356698
v -0.098652 -2.605779 0.158432
v -0.180662 -2.615804 0.108139
v -0.015331 -2.593601 0.209619
v -0.117374 -2.211787 0.447020
v -0.176001 -2.250436 0.406096
v 0.076870 -2.575527 0.266614
v 0.324228 -2.170047 0.556758
v 0.395280 -2.347085 0.412795
v 0.352668 -1.722870 0.518299
v 0.309540 -1.500998 0.486013
v 0.149911 -1.715488 0.548846
v 0.182698 -1.507074 0.492542
v -0.572243 -2.579799 -0.145019
v -0.631510 -2.382430 0.118928
v -0.748498 -2.298767 0.039536
v -0.463907 -2.622241 -0.065596
v -0.264411 -2.624048 0.056867
v -0.427626 -2.281194 0.251784
v -0.358207 -2.628709 -0.000203
v -0.496162 -2.258089 0.214716
v -0.666641 -2.476891 -0.238442
v -0.793588 -2.306685 -0.128758
v -0.850719 -1.869969 -0.219695
v -0.791517 -1.626179 -0.104933
v -0.842364 -1.641804 -0.220409
v -0.790175 -1.830434 -0.027717
v 0.777858 -1.765752 -0.267128
v 0.773086 -1.776034 -0.291464
v 0.763589 -1.777981 -0.315599
v -0.285647 -1.906260 -0.959043
v -0.311427 -1.908627 -0.956547
v -0.336781 -1.902016 -0.950692
v 0.608409 -2.522243 -0.144767
v 0.600114 -2.535514 -0.115370
v 0.585142 -2.537946 -0.079369
v 0.236456 -2.640472 -0.380821
v 0.221058 -2.663373 -0.350068
v 0.200347 -2.673605 -0.313834
v 0.320178 -2.628490 -0.326794
v 0.305296 -2.651307 -0.296028
v 0.284740 -2.661472 -0.259925
v 0.413440 -2.610229 -0.265782
v 0.396508 -2.633632 -0.237506
v 0.374827 -2.644089 -0.202740
v 0.517670 -2.576985 -0.199822
v 0.498235 -2.601298 -0.175581
v 0.475224 -2.612252 -0.142779
v 0.762060 -2.151412 -0.173454
v 0.755275 -2.164134 -0.211728
v 0.740591 -2.176317 -0.246687
v 0.687375 -2.394286 -0.168742
v 0.697686 -2.387540 -0.133919
v 0.699629 -2.376854 -0.096737
v -0.282255 -2.643974 -0.611312
v -0.257494 -2.640345 -0.641310
v -0.237537 -2.625649 -0.663555
v 0.116778 -2.683820 -0.365084
v 0.137863 -2.673543 -0.401089
v 0.154213 -2.650525 -0.431258
v 0.030166 -2.692590 -0.416046
v 0.051215 -2.682365 -0.451847
v 0.067817 -2.659338 -0.481557
v -0.062748 -2.697576 -0.471089
v -0.043423 -2.687407 -0.507300
v -0.030017 -2.664436 -0.537738
v -0.165165 -2.690531 -0.535507
v -0.148242 -2.680321 -0.572042
v -0.139648 -2.657333 -0.602932
v -0.266333 -2.299401 -0.864197
v -0.305728 -2.293828 -0.862402
v -0.344681 -2.286697 -0.852178
v -0.345373 -2.504592 -0.737599
v -0.309860 -2.510699 -0.751811
v -0.273456 -2.511735 -0.757985
v 0.212797 -2.520844 -0.544322
v 0.287709 -2.511686 -0.498379
v 0.088789 -2.673961 -0.132094
v 0.005432 -2.684151 -0.183214
v 0.172925 -2.661526 -0.079436
v 0.366513 -2.501420 -0.445216
v 0.261684 -2.643908 -0.024429
v 0.467752 -2.483743 -0.367465
v 0.470880 -2.542519 0.095686
v 0.582517 -2.449953 -0.269938
v 0.659199 -2.412123 -0.203043
v 0.359888 -2.612821 0.033447
v 0.570046 -2.411229 0.147872
v 0.705052 -2.328043 -0.027891
v 0.772120 -1.879930 -0.137256
v 0.732205 -1.694217 -0.359511
v 0.775404 -1.658540 -0.238509
v 0.724221 -1.939210 -0.345862
v -0.080017 -2.692445 -0.234557
v 0.013635 -2.539254 -0.645960
v 0.129619 -2.530377 -0.590497
v -0.170473 -2.696733 -0.289455
v -0.385783 -2.647235 -0.429675
v -0.227742 -2.520540 -0.746971
v -0.269959 -2.689811 -0.352815
v -0.128540 -2.536870 -0.706003
v -0.417031 -2.465203 -0.716024
v -0.498284 -2.541818 -0.507296
v -0.428716 -2.026717 -0.873685
v -0.379783 -1.799747 -0.946944
v -0.213411 -2.053838 -0.920844
v -0.247916 -1.814028 -0.960574
v -0.376177 -1.998035 0.294828
v -0.466656 -2.003211 0.237012
v -0.286245 -1.987043 0.349973
v -0.194745 -1.969974 0.403754
v -0.217637 -2.305493 -0.858507
v -0.418987 -2.268553 -0.813904
v 0.715329 -2.191448 -0.286364
v 0.757653 -2.124724 -0.092314
v -0.347569 -2.044211 -0.912205
v -0.309675 -2.049311 -0.922087
v -0.271527 -2.052871 -0.924927
v 0.753091 -1.927606 -0.296577
v 0.766659 -1.917724 -0.262017
v 0.773637 -1.907148 -0.224613
v -0.792494 -2.050912 0.007396
v -0.843562 -2.088259 -0.163242
v 0.158734 -1.934626 0.590765
v 0.338123 -1.943813 0.561443
v -0.820499 -1.841493 -0.067572
v -0.837959 -1.848921 -0.102592
v -0.848026 -1.856961 -0.141384
v 0.280153 -1.719046 0.550486
v 0.240129 -1.717119 0.558561
v 0.200299 -1.716689 0.558457
v -0.769282 -2.137160 -0.363574
v -0.586409 -2.214453 -0.648712
v -0.107937 -2.316380 -0.832746
v 0.058708 -2.317549 -0.782326
v 0.189476 -2.304492 -0.730688
v 0.274329 -2.294093 -0.687254
v 0.490839 -1.983126 0.409213
v 0.675782 -2.060166 0.125344
v 0.646498 -2.224155 -0.370084
v 0.529275 -2.260016 -0.493709
v 0.424188 -2.275786 -0.586683
v 0.346932 -2.285211 -0.642694
v -0.719639 -1.813308 0.038761
v -0.606678 -1.797358 0.118412
v 0.057394 -1.718295 0.515337
v -0.065066 -1.731134 0.450572
v -0.717315 -1.950929 0.071634
v -0.624241 -1.934098 0.136355
v -0.536914 -2.376569 0.179532
v -0.723457 -2.290123 0.063356
v 0.121216 -2.186873 0.581369
v -0.047687 -2.316767 0.479564
v -0.049155 -1.863797 0.489036
v 0.120980 -1.932418 0.582416
v 0.278775 -1.893087 -0.692104
v 0.635759 -2.335753 0.057825
v 0.741579 -1.707675 -0.076247
v 0.884676 -1.110506 0.156033
v 0.138953 -1.445097 -0.553396
v 0.676861 -1.819805 -0.384810
v 0.476494 -1.864797 -0.556063
v 0.583900 -1.367982 -0.258978
v 0.363593 -1.419333 -0.421458
v 0.728704 -0.994968 0.021120
v 1.027596 -0.711923 0.207814
v 0.818200 -0.709144 0.069752
v 0.961840 -0.316885 0.117519
v 0.788985 -0.448557 0.031650
v 0.847859 -1.066107 0.018829
v 0.730017 -1.408318 -0.212243
v 0.964767 -0.721068 0.082532
v 0.880502 -0.378115 0.058928
v 0.760114 -0.367884 0.021460
v 0.783763 -0.350196 0.029120
v 0.912454 -0.247342 0.099233
v 0.896516 -0.266253 0.088777
v 0.816289 -0.583444 0.056771
v 1.014938 -0.492072 0.165123
v 0.951574 -0.546324 0.063073
v 0.795343 -0.849143 0.058758
v 0.973955 -0.917730 0.207896
v 0.920761 -0.894709 0.072924
v 0.625461 -1.149143 -0.035054
v 0.785079 -1.326009 0.074393
v 0.760807 -1.241206 -0.068425
v -0.103204 -1.640097 0.366748
v -0.317580 -1.664882 0.234846
v 0.363564 -2.228907 0.472402
v 0.482565 -1.103146 0.188063
v 0.248725 -1.256621 0.259995
v 0.419942 -1.597084 0.424362
v 0.001315 -1.293297 0.142486
v -0.221560 -1.317075 0.008992
v 0.121336 -1.617571 0.483852
v 0.631231 -0.997018 0.357760
v 0.593477 -0.951991 0.232758
v 0.348323 -1.282727 0.380458
v 0.618869 -1.272046 0.333804
v 0.758922 -1.070461 0.352715
v 0.787169 -0.665210 0.360663
v 0.715099 -0.676775 0.230373
v 0.674825 -0.811083 0.247392
v 0.870124 -0.884963 0.370395
v 0.925648 -0.679819 0.367598
v 0.786052 -0.348481 0.207010
v 0.710967 -0.424440 0.152725
v 0.722513 -0.554744 0.202263
v 0.921239 -0.461292 0.315762
v 0.883891 -0.291873 0.240802
v 0.792613 -0.496414 0.312167
v 0.499147 -1.156361 0.340056
v 0.733216 -0.835443 0.366517
v 0.722922 -0.330721 0.123979
v 0.703460 -0.349859 0.108848
v 0.857329 -0.230081 0.185645
v 0.837994 -0.247927 0.180505
v 0.374427 -1.880498 -0.629501
v 0.579147 -1.234969 -0.089036
v 0.694775 -2.204110 0.003747
v 0.276932 -2.396811 -0.588668
v 0.250043 -1.432229 -0.485989
v 0.226950 -1.633389 -0.659351
v 0.584540 -1.843417 -0.471668
v 0.796825 -1.031476 -0.003451
v 0.474003 -1.404584 -0.350646
v 0.434483 -2.377249 -0.475820
v 0.653820 -2.311916 -0.258359
v 0.443178 -1.611849 -0.525393
v 0.652622 -1.579962 -0.378937
v 0.691743 -1.401389 -0.249845
v 0.833545 -1.213184 0.119255
v 0.897561 -0.718123 0.059950
v 0.766886 -0.922482 0.044752
v 1.007225 -0.817940 0.215009
v 0.837195 -0.427286 0.023260
v 0.819296 -0.647086 0.066205
v 0.991370 -0.394387 0.139682
v 0.880183 -1.094316 0.071963
v 0.750683 -1.508104 -0.201612
v 1.008767 -0.718579 0.131725
v 0.943174 -0.350332 0.076530
v 0.925103 -0.462666 0.053634
v 0.804363 -1.152748 -0.021887
v 0.948117 -0.808406 0.082500
v 0.776212 -0.358481 0.018950
v 0.771351 -0.395149 0.019914
v 0.811990 -0.365007 0.032822
v 0.908379 -0.256775 0.088857
v 0.899024 -0.302129 0.080675
v 0.931049 -0.267886 0.101911
v 0.806253 -0.515298 0.044798
v 1.030497 -0.600488 0.188899
v 0.966150 -0.632971 0.074634
v 0.888360 -0.568443 0.045188
v 0.996665 -0.520531 0.100153
v 0.811977 -0.776418 0.066095
v 0.931746 -1.013772 0.187297
v 0.886673 -0.980487 0.051711
v 0.865283 -0.874014 0.044785
v 0.959325 -0.910148 0.128153
v 0.681059 -1.071039 -0.006353
v 0.748652 -1.467041 0.012885
v 0.730425 -1.332349 -0.134426
v 0.702031 -1.193044 -0.075775
v 0.790705 -1.287232 -0.023634
v -0.212184 -1.652351 0.299637
v 0.406692 -1.178864 0.178838
v 0.372388 -2.063419 0.500498
v -0.307137 -2.124464 0.309444
v -0.110411 -1.304959 0.075774
v -0.290696 -1.453825 0.148993
v 0.012246 -1.627230 0.434050
v 0.595509 -0.967334 0.311517
v 0.115905 -1.282050 0.205232
v -0.131935 -2.062063 0.418438
v 0.149188 -2.048283 0.574314
v -0.070997 -1.433642 0.280359
v 0.153145 -1.412986 0.397748
v 0.300696 -1.272635 0.355322
v 0.691906 -1.167717 0.340623
v 0.739058 -0.668283 0.307925
v 0.640034 -0.882313 0.243331
v 0.906130 -0.786117 0.373256
v 0.727751 -0.392937 0.194648
v 0.721951 -0.616935 0.217238
v 0.904896 -0.365758 0.278767
v 0.686597 -1.032610 0.374823
v 0.353398 -1.376852 0.415919
v 0.849602 -0.668519 0.381037
v 0.833500 -0.315751 0.248739
v 0.786629 -0.419211 0.270650
v 0.567045 -1.076515 0.349135
v 0.766340 -0.751123 0.367121
v 0.709478 -0.336976 0.122834
v 0.702051 -0.373472 0.127083
v 0.735679 -0.340929 0.152328
v 0.844817 -0.236871 0.188488
v 0.825910 -0.279219 0.195273
v 0.864388 -0.246940 0.206560
v 0.718932 -0.488445 0.180587
v 0.929247 -0.568209 0.348870
v 0.794944 -0.579187 0.342821
v 0.745910 -0.523916 0.267946
v 0.849650 -0.473918 0.331865
v 0.699123 -0.740833 0.242596
v 0.819789 -0.978310 0.362470
v 0.687816 -0.917402 0.362943
v 0.688357 -0.818098 0.321744
v 0.795376 -0.858372 0.384776
v 0.539926 -1.025947 0.214338
v 0.533415 -1.396307 0.347956
v 0.421588 -1.231165 0.346741
v 0.474288 -1.119431 0.279530
v 0.543553 -1.207067 0.362398
v 0.945350 -0.910498 0.306251
v 0.841508 -1.104365 0.270391
v 0.887137 -0.227807 0.141788
v 0.943121 -0.285554 0.188146
v 0.747724 -0.692637 0.137551
v 0.753023 -0.576475 0.119878
v 0.737954 -0.445710 0.085376
v 0.502422 -2.302801 0.276623
v 0.310771 -2.545211 0.203162
v 0.119679 -2.610495 0.090279
v -0.047060 -2.635857 -0.012708
v 0.992190 -0.466668 0.252777
v 1.002712 -0.698269 0.305087
v 0.397725 -1.257067 -0.009293
v 0.541159 -1.115657 0.067658
v 0.726813 -0.357461 0.060520
v 0.753609 -0.333393 0.074394
v 0.622285 -1.672485 0.217323
v 0.724403 -1.333547 0.227411
v 0.647234 -0.964669 0.116678
v 0.826491 -0.341733 0.124358
v 0.179702 -1.308581 -0.139940
v -0.045177 -1.335110 -0.275055
v 0.719410 -0.824604 0.141837
v 0.862943 -0.251692 0.130840
v 0.724793 -1.559733 -0.302871
v 0.348175 -2.388373 -0.542323
v 0.553807 -2.351725 -0.363976
v 0.334070 -1.621868 -0.592972
v 0.551647 -1.598264 -0.454705
v 0.989668 -0.815986 0.136609
v 0.834696 -1.188468 0.029101
v 0.972146 -0.429521 0.084466
v 0.868603 -0.495038 0.034097
v 0.751669 -1.111670 -0.038831
v 0.887162 -0.795648 0.054496
v 0.803722 -0.382970 0.011815
v 0.922990 -0.291271 0.077622
v 0.897755 -0.642503 0.055902
v 1.011851 -0.618533 0.117434
v 0.834545 -0.952925 0.026198
v 0.921784 -1.002281 0.106087
v 0.666933 -1.284384 -0.135873
v 0.759525 -1.395312 -0.097967
v 0.251231 -1.402547 0.431579
v -0.221488 -2.110104 0.360543
v -0.181655 -1.442371 0.214921
v 0.041166 -1.423798 0.342852
v 0.830217 -0.765768 0.386244
v 0.618469 -1.119027 0.367199
v 0.840276 -0.387651 0.292314
v 0.739656 -0.454693 0.235919
v 0.535979 -1.042514 0.298290
v 0.717901 -0.742294 0.319462
v 0.710666 -0.353425 0.157513
v 0.835467 -0.263818 0.214837
v 0.747471 -0.595403 0.290868
v 0.854819 -0.569052 0.363920
v 0.647799 -0.893700 0.318489
v 0.746595 -0.946738 0.380246
v 0.398836 -1.196831 0.280864
v 0.456149 -1.295903 0.374818
v 0.897316 -1.006892 0.291308
v 0.910802 -0.241836 0.159605
v 0.752151 -0.636444 0.130249
v 0.748368 -0.510377 0.104513
v 0.416282 -2.454280 0.252828
v 0.035065 -2.624959 0.037940
v 0.971302 -0.364494 0.219786
v 1.005187 -0.580481 0.284081
v 0.478226 -1.189824 0.035475
v 0.737829 -0.339873 0.064508
v 0.211295 -2.588086 0.146256
v 0.552544 -2.125681 0.270084
v 0.782386 -1.212196 0.247844
v 0.727666 -0.391353 0.068002
v 0.597544 -1.038189 0.094498
v 0.779752 -0.341473 0.093588
v 0.668701 -1.473041 0.211823
v 0.291638 -1.291387 -0.072673
v 0.066740 -1.322075 -0.207137
v 0.688918 -0.895277 0.133381
v 0.874870 -0.232669 0.134855
v 0.738325 -0.754939 0.142386
v 0.981566 -0.808634 0.311675
v 0.852649 -0.291014 0.131719
v -0.460919 -2.469807 -0.614728
v -0.499412 -1.859375 -0.837301
v -0.871820 -1.325215 -0.921163
v -0.179317 -1.924468 -0.909847
v 0.067413 -1.914833 -0.807137
v -0.328957 -1.479563 -0.818810
v -0.080185 -1.473548 -0.693698
v -0.704886 -1.170206 -0.858049
v -1.050095 -0.965893 -1.066358
v -0.837180 -0.911492 -0.945432
v -1.011120 -0.558053 -1.092425
v -0.836592 -0.647262 -0.965258
v -0.742528 -1.260510 -0.956497
v -0.427050 -1.549754 -0.921831
v -0.910517 -0.950296 -1.067511
v -0.913089 -0.597357 -1.041016
v -0.829147 -0.562150 -0.953176
v -0.849362 -0.549824 -0.972417
v -0.985598 -0.479354 -1.064774
v -0.966078 -0.493930 -1.053484
v -0.846989 -0.786757 -0.963257
v -1.045550 -0.743939 -1.098500
v -0.918295 -0.774891 -1.083649
v -0.792875 -1.043281 -0.915239
v -0.990514 -1.157861 -0.996842
v -0.852263 -1.111437 -1.014407
v -0.583062 -1.296869 -0.776197
v -0.718358 -1.509784 -0.847611
v -0.596709 -1.407144 -0.900941
v -0.532072 -1.692589 0.103734
v -0.726084 -2.362102 -0.195839
v -0.725320 -1.250794 -0.552689
v -0.659401 -1.367628 -0.296927
v -0.819449 -1.748587 -0.335711
v -0.441023 -1.347411 -0.128821
v -0.737570 -1.722597 -0.042943
v -0.958683 -1.191363 -0.617277
v -0.839849 -1.127196 -0.646249
v -0.804632 -1.423660 -0.326607
v -0.883812 -1.455729 -0.587736
v -0.997227 -1.285127 -0.724267
v -1.087824 -0.894403 -0.789202
v -0.939359 -0.879011 -0.784246
v -0.913130 -1.005189 -0.726443
v -1.094099 -1.125063 -0.834192
v -1.151994 -0.933783 -0.906545
v -1.007518 -0.567721 -0.892922
v -0.913432 -0.623001 -0.843460
v -0.939265 -0.757874 -0.816846
v -1.142764 -0.713589 -0.950016
v -1.090094 -0.533166 -0.969772
v -1.077113 -0.724963 -0.834468
v -0.857245 -1.322162 -0.491769
v -1.039447 -1.052128 -0.720593
v -0.909791 -0.530298 -0.877305
v -0.884566 -0.543974 -0.865030
v -1.040692 -0.462089 -0.978342
v -1.024559 -0.475600 -0.961731
v 0.179587 -1.904384 -0.749179
v -0.500104 -1.366893 -0.750902
v -0.462209 -2.345536 -0.705789
v 0.028709 -1.459221 -0.621891
v -0.058112 -1.921977 -0.865853
v -0.706627 -1.215254 -0.925463
v -0.193573 -1.486171 -0.760088
v 0.105035 -2.417522 -0.677882
v -0.194226 -2.415580 -0.778430
v 0.010484 -1.664701 -0.790936
v -0.216002 -1.686113 -0.911667
v -0.378355 -1.532193 -0.906099
v -0.798962 -1.412737 -0.881902
v -0.861701 -0.933169 -1.018942
v -0.755178 -1.108534 -0.888675
v -1.028888 -1.066827 -1.033666
v -0.854038 -0.634017 -1.013912
v -0.845438 -0.850578 -0.954716
v -1.029968 -0.641469 -1.099932
v -0.798571 -1.299521 -0.957555
v -0.427934 -1.652174 -0.924415
v -0.973592 -0.960895 -1.083984
v -0.960928 -0.583083 -1.091187
v -0.913086 -0.687360 -1.073660
v -0.672358 -1.333257 -0.927507
v -0.887850 -1.032828 -1.043433
v -0.835634 -0.555508 -0.969536
v -0.827911 -0.590638 -0.960855
v -0.862381 -0.569677 -0.994008
v -0.973008 -0.486749 -1.064929
v -0.953726 -0.528603 -1.055550
v -0.992490 -0.503013 -1.077726
v -0.844015 -0.717022 -0.967252
v -1.054272 -0.855324 -1.089614
v -0.919641 -0.863484 -1.081853
v -0.870964 -0.783497 -1.033741
v -0.975263 -0.761573 -1.109159
v -0.819408 -0.975833 -0.934374
v -0.936994 -1.242200 -0.958734
v -0.803560 -1.187095 -0.984848
v -0.806802 -1.078404 -0.980644
v -0.915129 -1.139276 -1.021382
v -0.646435 -1.233308 -0.820457
v -0.623392 -1.634757 -0.828539
v -0.509194 -1.483876 -0.894640
v -0.572962 -1.348895 -0.857681
v -0.641202 -1.462263 -0.901771
v -0.423046 -1.678230 0.170327
v -0.670662 -1.310556 -0.481864
v -0.783805 -2.204748 -0.208552
v -0.331216 -1.332025 -0.059693
v -0.644202 -1.707511 0.031433
v -0.907487 -1.151055 -0.610216
v -0.548498 -1.363275 -0.202234
v -0.490904 -2.105942 0.198295
v -0.753838 -2.158667 0.020523
v -0.506248 -1.487044 0.013347
v -0.711536 -1.518692 -0.132550
v -0.763392 -1.402705 -0.297245
v -0.940134 -1.367212 -0.660248
v -1.019721 -0.883270 -0.770671
v -0.881800 -1.068337 -0.689954
v -1.129756 -1.034977 -0.875279
v -0.963282 -0.599643 -0.842402
v -0.941293 -0.820245 -0.802770
v -1.119780 -0.613247 -0.962894
v -0.991710 -1.237761 -0.654422
v -0.821578 -1.520477 -0.304652
v -1.132539 -0.910809 -0.834538
v -1.070836 -0.548531 -0.919122
v -1.051454 -0.643892 -0.856580
v -0.909006 -1.256942 -0.556074
v -1.069301 -0.975505 -0.758611
v -0.901796 -0.533932 -0.865303
v -0.895877 -0.568797 -0.852868
v -0.938578 -0.545585 -0.874434
v -1.036528 -0.466840 -0.965272
v -1.026790 -0.505687 -0.940922
v -1.059261 -0.482080 -0.973144
v -0.930238 -0.690034 -0.830788
v -1.156673 -0.823185 -0.930349
v -1.090614 -0.809672 -0.813523
v -1.012842 -0.738900 -0.810633
v -1.123404 -0.715098 -0.878137
v -0.931884 -0.940202 -0.757642
v -1.048670 -1.206704 -0.783388
v -1.002017 -1.123962 -0.673371
v -0.983380 -1.022445 -0.703472
v -1.078730 -1.087456 -0.764545
v -0.787167 -1.188166 -0.599520
v -0.837042 -1.563828 -0.492495
v -0.816038 -1.382448 -0.412250
v -0.799483 -1.275132 -0.501628
v -0.887472 -1.381991 -0.515198
v -1.065986 -1.156357 -0.927229
v -0.954835 -1.323944 -0.831241
v -1.015471 -0.460375 -1.025013
v -1.070706 -0.531717 -1.046861
v -0.869009 -0.890261 -0.853933
v -0.876161 -0.775621 -0.879242
v -0.862125 -0.641299 -0.895894
v -0.601261 -2.437712 -0.400226
v -0.409983 -2.633314 -0.238851
v -0.215320 -2.651444 -0.115164
v -1.117344 -0.724530 -1.040923
v -1.127371 -0.958643 -1.001215
v -0.487110 -1.365226 -0.551931
v -0.642607 -1.260356 -0.658302
v -0.850841 -0.550308 -0.906998
v -0.879035 -0.532961 -0.926847
v -0.712224 -1.835635 -0.601078
v -0.825393 -1.522989 -0.723023
v -0.758803 -1.136538 -0.745593
v -0.953530 -0.559317 -0.967264
v -0.267406 -1.363228 -0.414149
v -0.837200 -1.014879 -0.812775
v -0.991028 -0.478315 -1.006133
v -0.318240 -1.687226 -0.942528
v 0.203409 -2.406071 -0.631127
v -0.050314 -2.425573 -0.734467
v 0.119567 -1.648164 -0.724641
v -0.101735 -1.678061 -0.855525
v -0.952418 -1.053380 -1.054401
v -0.724317 -1.379037 -0.926985
v -0.966692 -0.666518 -1.104553
v -0.865436 -0.707001 -1.029326
v -0.641569 -1.281975 -0.893253
v -0.838715 -1.006613 -1.003922
v -0.837081 -0.583537 -0.994430
v -0.963435 -0.521861 -1.079254
v -0.871508 -0.858771 -1.029122
v -0.979924 -0.862001 -1.104050
v -0.763088 -1.148214 -0.953572
v -0.863046 -1.220453 -0.988484
v -0.488552 -1.425627 -0.844491
v -0.543015 -1.554530 -0.896768
v -0.786144 -1.529354 -0.204610
v -0.392214 -2.130972 0.255847
v -0.398512 -1.469241 0.081789
v -0.612204 -1.503712 -0.057875
v -1.111552 -1.003123 -0.804573
v -0.939976 -1.309526 -0.588538
v -1.099588 -0.624773 -0.897335
v -0.994031 -0.666614 -0.827288
v -0.856550 -1.212732 -0.555698
v -1.007624 -0.953217 -0.738739
v -0.930004 -0.553975 -0.848650
v -1.050932 -0.494406 -0.942023
v -1.021172 -0.811596 -0.793777
v -1.137211 -0.812551 -0.857720
v -0.949467 -1.088944 -0.661056
v -1.037850 -1.164863 -0.714090
v -0.754026 -1.337753 -0.426144
v -0.844547 -1.454896 -0.422852
v -1.014840 -1.240628 -0.881348
v -1.039075 -0.480183 -1.036184
v -0.874385 -0.835267 -0.867246
v -0.872193 -0.708469 -0.889318
v -0.515947 -2.568232 -0.318874
v -0.129586 -2.645086 -0.063035
v -1.097068 -0.617325 -1.048670
v -1.130634 -0.841557 -1.025740
v -0.573644 -1.318401 -0.609599
v -0.862271 -0.535463 -0.916775
v -0.308723 -2.651651 -0.172652
v -0.648566 -2.272501 -0.466513
v -0.890121 -1.416638 -0.777844
v -0.851854 -0.584429 -0.900660
v -0.704571 -1.197356 -0.704042
v -0.905984 -0.547532 -0.940212
v -0.762747 -1.648022 -0.666031
v -0.378751 -1.373333 -0.483800
v -0.156323 -1.349321 -0.343978
v -0.803974 -1.077763 -0.782156
v -1.003133 -0.462230 -1.016857
v -0.858208 -0.950094 -0.836709
v -1.104525 -1.063631 -0.967649
v -0.980385 -0.515078 -0.992414
v 0.003532 -2.235263 0.490296
v 0.017315 -1.887454 0.503059
v 0.081680 -2.207558 0.533452
v -0.061218 -2.211865 0.455280
v 0.125623 -1.967550 0.564793
v 0.134755 -2.138509 0.563773
v -0.051910 -1.908551 0.464970
v 0.083975 -1.908285 0.539645
v -0.107721 -2.148264 0.431044
v -0.107279 -1.970485 0.434776
v -0.661544 -1.970442 0.086741
v -0.583126 -2.306976 0.130510
v -0.532198 -2.022424 0.174188
v -0.497463 -2.195905 0.192023
v -0.719320 -2.006486 0.047017
v -0.593947 -1.974808 0.132558
v -0.722372 -2.243282 0.038123
v -0.749310 -2.074504 0.028240
v -0.528003 -2.268925 0.168999
v -0.660263 -2.298254 0.078429
v 0.126530 -2.310363 0.544406
v 0.168678 -2.442756 0.451066
v 0.126193 -2.381109 0.531251
v 0.132747 -2.403196 0.516246
v -0.271014 -2.395581 0.304584
v -0.204222 -2.536871 0.223833
v -0.256399 -2.474823 0.296546
v -0.245600 -2.497875 0.283532
v -0.035509 -2.511999 0.327622
v -0.094808 -2.365848 0.411905
v -0.075497 -2.473151 0.387902
v -0.085238 -2.449949 0.401159
v 0.266616 -2.317486 0.501222
v 0.168454 -2.264821 0.564429
v 0.209598 -2.299201 0.550221
v 0.183688 -2.292753 0.560268
v 0.192596 -1.630992 0.510427
v 0.293409 -1.632257 0.498610
v 0.239834 -1.558249 0.497939
v 0.224696 -1.637947 0.515976
v 0.255601 -1.638716 0.512798
v -0.122433 -2.526269 0.273982
v -0.188524 -2.384224 0.354483
v -0.163702 -2.487368 0.333624
v -0.174304 -2.464350 0.346600
v 0.066346 -2.488075 0.391752
v 0.017432 -2.374441 0.479290
v 0.030926 -2.448476 0.455211
v 0.023631 -2.424370 0.470097
v 0.284176 -2.056504 0.565435
v 0.182913 -2.055622 0.578621
v 0.245741 -2.055821 0.580089
v 0.213228 -2.054592 0.583597
v -0.584371 -2.534806 -0.010751
v -0.671489 -2.407911 0.055008
v -0.633065 -2.496807 0.046601
v -0.647308 -2.475659 0.056891
v -0.448006 -2.409023 0.195299
v -0.373967 -2.553371 0.120058
v -0.427942 -2.491840 0.190991
v -0.416439 -2.514827 0.178814
v -0.715501 -2.372873 0.022331
v -0.693486 -2.434845 -0.087574
v -0.713592 -2.402434 0.009999
v -0.714943 -2.412214 -0.016766
v -0.823341 -1.768770 -0.186252
v -0.789840 -1.751114 -0.092093
v -0.812301 -1.686870 -0.147304
v -0.818162 -1.769994 -0.145703
v -0.807566 -1.764158 -0.117083
v -0.353121 -2.404344 0.253542
v -0.286109 -2.546277 0.173605
v -0.338314 -2.484398 0.246019
v -0.327468 -2.507387 0.233192
v -0.555050 -2.444421 0.128206
v -0.479308 -2.554774 0.057123
v -0.540884 -2.493374 0.123900
v -0.526715 -2.516640 0.113230
v -0.771111 -2.172242 -0.006451
v -0.803660 -2.189478 -0.101696
v -0.788951 -2.177096 -0.031004
v -0.799875 -2.183633 -0.061150
v 0.121261 -2.658050 -0.282752
v 0.201391 -2.591414 -0.426697
v 0.166163 -2.653735 -0.356831
v 0.177331 -2.643656 -0.377050
v 0.368889 -2.567080 -0.316887
v 0.289285 -2.632999 -0.176663
v 0.346310 -2.618696 -0.268770
v 0.334530 -2.628914 -0.249473
v 0.481712 -2.565532 -0.062421
v 0.573050 -2.501302 -0.174885
v 0.529318 -2.561073 -0.133726
v 0.543114 -2.550501 -0.149035
v 0.630792 -2.450158 -0.147200
v 0.605164 -2.448181 -0.021047
v 0.628605 -2.464372 -0.121906
v 0.628298 -2.462159 -0.097247
v 0.753337 -1.797045 -0.224109
v 0.728336 -1.822103 -0.316202
v 0.749592 -1.735528 -0.293491
v 0.750487 -1.816472 -0.261162
v 0.743106 -1.823144 -0.286995
v 0.281491 -2.581117 -0.375828
v 0.204039 -2.647187 -0.230923
v 0.259724 -2.632946 -0.325103
v 0.248757 -2.642990 -0.304850
v 0.473198 -2.542285 -0.243847
v 0.381081 -2.610868 -0.120535
v 0.443105 -2.594955 -0.207357
v 0.428286 -2.606283 -0.191209
v 0.718629 -2.253321 -0.115945
v 0.693415 -2.289797 -0.212414
v 0.716468 -2.270384 -0.157266
v 0.708570 -2.279876 -0.185818
v -0.050242 -2.674502 -0.384883
v 0.026965 -2.608876 -0.526578
v -0.006568 -2.670608 -0.458656
v 0.003493 -2.660601 -0.479006
v -0.199182 -2.595698 -0.648467
v -0.247072 -2.654617 -0.509358
v -0.200223 -2.641364 -0.604897
v -0.205824 -2.650935 -0.584562
v -0.358222 -2.565943 -0.611857
v -0.257860 -2.558784 -0.692178
v -0.298704 -2.575473 -0.665743
v -0.276708 -2.575035 -0.677101
v -0.261939 -1.943172 -0.923476
v -0.358478 -1.932954 -0.905943
v -0.306476 -1.864627 -0.941132
v -0.293968 -1.949940 -0.922979
v -0.321147 -1.947489 -0.918347
v 0.037413 -2.667554 -0.333108
v 0.119663 -2.600898 -0.475072
v 0.082284 -2.663339 -0.406942
v 0.093575 -2.653256 -0.426996
v -0.143808 -2.675028 -0.442430
v -0.087460 -2.610818 -0.587678
v -0.102963 -2.671221 -0.517005
v -0.097203 -2.661000 -0.538709
v -0.255959 -2.405845 -0.794628
v -0.358466 -2.384982 -0.776488
v -0.287785 -2.401667 -0.796847
v -0.318087 -2.396844 -0.791721
v -0.321371 -1.881655 0.284243
v -0.115995 -1.857033 0.411094
v -0.225750 -1.868896 0.342588
v -0.527449 -1.907332 0.158773
v -0.416929 -1.892262 0.225369
v 0.720834 -1.979220 -0.034211
v 0.303633 -2.162451 -0.678935
v 0.472087 -2.137882 -0.552180
v 0.678419 -2.075741 -0.338994
v 0.396006 -1.847903 0.470453
v 0.123076 -1.834934 0.538347
v 0.381743 -2.152139 -0.625982
v 0.585404 -2.111167 -0.443612
v 0.587037 -1.903518 0.243438
v -0.479672 -2.125967 -0.770438
v 0.113876 -2.181690 -0.771971
v -0.175417 -2.180120 -0.862595
v -0.805529 -1.994776 -0.266405
v -0.748183 -1.941459 0.004000
v 0.220993 -2.171808 -0.724682
v -0.036191 -2.187166 -0.824843
v -0.679217 -2.058306 -0.533108
v 0.182447 -1.827471 0.552513
v 0.218164 -1.827080 0.557185
v 0.252876 -1.828268 0.554210
v 0.294041 -1.831849 0.539976
v -0.825013 -1.968640 -0.146299
v -0.820172 -1.959440 -0.103852
v -0.807807 -1.952501 -0.072011
v -0.787979 -1.946114 -0.042634
v 0.745838 -2.020962 -0.173070
v 0.743466 -2.035022 -0.217864
v 0.734575 -2.044928 -0.248374
v 0.718253 -2.055616 -0.280440
v -0.248017 -2.173736 -0.873004
v -0.285305 -2.169602 -0.873825
v -0.317839 -2.164759 -0.868722
v -0.360844 -2.156240 -0.851758
v -0.654965 -1.893293 0.074951
v 0.011257 -1.811836 0.483538
v 0.424274 -1.873219 -0.594339
v 0.326317 -1.887042 -0.661910
v 0.597528 -1.188945 -0.052573
v 0.578088 -1.292036 -0.158217
v 0.668549 -2.285867 0.028482
v 0.729636 -1.854134 -0.050643
v 0.296331 -2.030896 -0.693259
v 0.306849 -1.425775 -0.453691
v 0.194150 -1.438584 -0.519453
v 0.255010 -1.757297 -0.680413
v 0.192023 -1.528844 -0.623239
v 0.634377 -1.831044 -0.427728
v 0.530795 -1.854867 -0.514839
v 0.824425 -1.049313 0.003199
v 0.765085 -1.013047 0.001001
v 0.527413 -1.392371 -0.309314
v 0.419421 -1.412730 -0.387562
v 0.478295 -2.002158 -0.559478
v 0.678824 -1.947114 -0.366985
v 0.464475 -1.733329 -0.545262
v 0.413165 -1.505535 -0.490590
v 0.670009 -1.697429 -0.389452
v 0.627681 -1.474121 -0.343751
v 0.717531 -1.407016 -0.230813
v 0.651686 -1.389644 -0.262325
v 0.808565 -1.268430 0.098299
v 0.859313 -1.160671 0.138314
v 0.934196 -0.720312 0.068072
v 0.857508 -0.714597 0.058999
v 0.782500 -0.885935 0.052953
v 0.748909 -0.958643 0.033807
v 0.991955 -0.868517 0.213221
v 1.019300 -0.765807 0.213163
v 0.857057 -0.410297 0.033620
v 0.814309 -0.440286 0.022368
v 0.818461 -0.615824 0.061999
v 0.819203 -0.677796 0.068919
v 1.003886 -0.441270 0.152302
v 0.977179 -0.352402 0.127894
v 0.887156 -1.104416 0.109206
v 0.866702 -1.081321 0.041895
v 0.754459 -1.599769 -0.161959
v 0.740501 -1.443473 -0.214678
v 1.022227 -0.715937 0.165816
v 0.989414 -0.720354 0.103783
v 0.956031 -0.334874 0.092363
v 0.922300 -0.364233 0.066767
v 0.939880 -0.504126 0.057606
v 0.906483 -0.421754 0.052406
v 0.781987 -1.196764 -0.044209
v 0.826551 -1.109222 -0.000802
v 0.935500 -0.851624 0.079024
v 0.958075 -0.764926 0.083631
v 0.782149 -0.353335 0.023337
v 0.767241 -0.364174 0.018495
v 0.764508 -0.377053 0.018892
v 0.779692 -0.419476 0.024842
v 0.837226 -0.375792 0.043387
v 0.794336 -0.355453 0.028247
v 0.912002 -0.251124 0.093676
v 0.902377 -0.262433 0.086968
v 0.898460 -0.279151 0.084292
v 0.896366 -0.333890 0.075443
v 0.946081 -0.288961 0.108917
v 0.919084 -0.253751 0.098101
v 0.798218 -0.481117 0.038411
v 0.812299 -0.549727 0.050954
v 1.031512 -0.656358 0.199359
v 1.024416 -0.545533 0.177418
v 0.967562 -0.676956 0.079360
v 0.960572 -0.589371 0.068996
v 0.921945 -0.557872 0.051474
v 0.851816 -0.577852 0.045704
v 1.009733 -0.506656 0.128285
v 0.977017 -0.533753 0.079087
v 0.816043 -0.742023 0.068581
v 0.805174 -0.812336 0.062928
v 0.908776 -1.061795 0.172608
v 0.953672 -0.965934 0.199190
v 0.867864 -1.023284 0.036521
v 0.904385 -0.937642 0.063870
v 0.895077 -0.884980 0.054925
v 0.831693 -0.861908 0.044491
v 0.970712 -0.915282 0.164499
v 0.942346 -0.903160 0.097507
v 0.706072 -1.032434 0.007658
v 0.653983 -1.110201 -0.020705
v 0.741738 -1.570736 -0.025392
v 0.763966 -1.388493 0.046149
v 0.728566 -1.376349 -0.179445
v 0.742350 -1.286363 -0.096799
v 0.734499 -1.217061 -0.077021
v 0.665515 -1.170163 -0.062837
v 0.793613 -1.308135 0.016435
v 0.779478 -1.264731 -0.051058
v -0.158535 -1.646281 0.332730
v -0.265045 -1.658529 0.267098
v 0.451164 -1.141646 0.175563
v 0.340471 -1.213919 0.209876
v 0.363789 -2.159362 0.494816
v 0.409475 -1.734864 0.447521
v -0.321725 -1.772885 0.263129
v -0.054585 -1.299069 0.109259
v -0.166201 -1.310788 0.042466
v -0.307353 -1.556384 0.196569
v -0.265967 -1.368891 0.091747
v 0.069083 -1.621445 0.462040
v -0.045817 -1.633643 0.401389
v 0.610298 -0.981036 0.338204
v 0.588672 -0.956910 0.277049
v 0.177462 -1.274257 0.233110
v 0.057758 -1.287803 0.174805
v -0.112570 -1.746691 0.391978
v 0.118810 -1.722914 0.513171
v -0.089617 -1.534376 0.328744
v -0.044618 -1.347447 0.223582
v 0.134073 -1.513442 0.445924
v 0.184808 -1.326914 0.343072
v 0.327456 -1.278650 0.373902
v 0.273694 -1.264907 0.322484
v 0.656358 -1.219312 0.336048
v 0.726085 -1.118092 0.346625
v 0.761539 -0.666001 0.338433
v 0.721573 -0.671896 0.271222
v 0.658977 -0.846877 0.246310
v 0.617906 -0.917091 0.238873
v 0.890078 -0.836412 0.372677
v 0.918010 -0.733941 0.371753
v 0.748255 -0.376135 0.204162
v 0.714903 -0.409294 0.177426
v 0.722821 -0.586420 0.210299
v 0.719559 -0.646698 0.223788
v 0.913918 -0.411450 0.297424
v 0.894569 -0.325415 0.259699
v 0.720251 -1.051241 0.370290
v 0.656860 -1.014407 0.370209
v 0.373944 -1.472496 0.430306
v 0.346570 -1.313835 0.397108
v 0.885774 -0.672994 0.379623
v 0.816476 -0.665971 0.374623
v 0.855963 -0.303031 0.250108
v 0.813367 -0.330044 0.237533
v 0.789681 -0.456978 0.292994
v 0.784264 -0.383413 0.243952
v 0.533481 -1.116586 0.344053
v 0.599795 -1.036661 0.353867
v 0.751298 -0.793502 0.367414
v 0.778352 -0.708350 0.365064
v 0.716664 -0.332276 0.125482
v 0.704353 -0.344004 0.115890
v 0.701362 -0.357082 0.116368
v 0.705846 -0.396563 0.139252
v 0.754081 -0.349678 0.173763
v 0.725677 -0.333614 0.135535
v 0.851592 -0.232208 0.188366
v 0.839590 -0.242771 0.185384
v 0.832714 -0.258559 0.187341
v 0.814835 -0.308319 0.203255
v 0.873712 -0.266046 0.222786
v 0.858148 -0.234661 0.193654
v 0.715499 -0.455600 0.166969
v 0.721236 -0.521834 0.192430
v 0.929183 -0.624018 0.360163
v 0.926476 -0.513842 0.333532
v 0.792619 -0.621971 0.353364
v 0.794667 -0.537268 0.328927
v 0.767728 -0.509485 0.293033
v 0.728926 -0.539814 0.237129
v 0.883410 -0.465904 0.329349
v 0.819858 -0.484326 0.325615
v 0.708197 -0.708057 0.236980
v 0.688086 -0.775393 0.246166
v 0.790330 -1.024187 0.357899
v 0.846569 -0.932077 0.366791
v 0.660725 -0.957411 0.360671
v 0.712047 -0.876753 0.364933
v 0.708132 -0.825895 0.347579
v 0.675746 -0.812636 0.288592
v 0.831164 -0.871228 0.382910
v 0.762507 -0.846346 0.379023
v 0.567404 -0.988257 0.224605
v 0.511442 -1.064498 0.202046
v 0.483675 -1.485082 0.375898
v 0.578207 -1.327797 0.335743
v 0.378591 -1.261366 0.364759
v 0.462779 -1.195199 0.339288
v 0.483850 -1.135887 0.314072
v 0.472855 -1.108032 0.237834
v 0.575750 -1.237454 0.356601
v 0.518669 -1.180131 0.356291
v 0.966148 -0.916513 0.258165
v 0.911039 -0.899125 0.344409
v 0.802090 -1.089605 0.318531
v 0.869569 -1.111087 0.213005
v 0.903477 -0.237126 0.115211
v 0.869236 -0.226406 0.168884
v 0.916076 -0.284491 0.218952
v 0.958224 -0.298089 0.152208
v 0.780723 -0.701516 0.096863
v 0.724340 -0.683810 0.184605
v 0.731202 -0.566946 0.162322
v 0.782883 -0.582661 0.082309
v 0.719128 -0.436768 0.120892
v 0.762752 -0.450193 0.053400
v 0.585115 -2.327556 0.145948
v 0.418147 -2.263799 0.399393
v 0.960425 -0.461274 0.289339
v 1.009945 -0.477708 0.209270
v 0.967982 -0.688959 0.342368
v 1.022085 -0.706000 0.257560
v 0.488302 -1.298176 -0.141168
v 0.315696 -1.240670 0.126070
v 0.506172 -1.105972 0.129550
v 0.582638 -1.130562 0.010128
v 0.745949 -0.363486 0.035083
v 0.710842 -0.352320 0.089083
v 0.734645 -0.329715 0.104594
v 0.772353 -0.341837 0.045796
v 0.693280 -1.699244 0.078216
v 0.528187 -1.642436 0.334308
v 0.672829 -1.308368 0.289961
v 0.762213 -1.337413 0.150492
v 0.613856 -0.954986 0.177099
v 0.687751 -0.978454 0.061441
v 0.803696 -0.338953 0.164770
v 0.852587 -0.354313 0.088059
v 0.281787 -1.354295 -0.297974
v 0.079428 -1.283451 0.016910
v 0.056206 -1.381037 -0.431229
v -0.144570 -1.308971 -0.118182
v 0.690167 -0.815384 0.196615
v 0.756565 -0.836345 0.092694
v 0.882683 -0.259357 0.103676
v 0.846281 -0.247959 0.160733
v 0.695233 -1.572891 -0.341365
v 0.709088 -1.472068 -0.286535
v 0.742043 -1.543550 -0.255981
v 0.311964 -2.392618 -0.566597
v 0.371227 -2.274172 -0.598075
v 0.387600 -2.383602 -0.513630
v 0.491968 -2.367351 -0.424399
v 0.576711 -2.237112 -0.412526
v 0.610362 -2.331323 -0.305059
v 0.280320 -1.627267 -0.626356
v 0.301564 -1.516716 -0.556187
v 0.388445 -1.616921 -0.559378
v 0.358020 -1.745355 -0.615290
v 0.497831 -1.605938 -0.490652
v 0.522633 -1.492220 -0.420457
v 0.603656 -1.588602 -0.417199
v 0.572327 -1.716822 -0.470236
v 0.971292 -0.812741 0.106534
v 1.000906 -0.767741 0.135680
v 1.002459 -0.817959 0.172275
v 0.975640 -0.863430 0.134118
v 0.822678 -1.171638 -0.000484
v 0.857722 -1.140905 0.051549
v 0.839295 -1.202665 0.067935
v 0.811998 -1.237247 0.004368
v 0.951592 -0.445827 0.067640
v 0.957318 -0.388010 0.079331
v 0.985507 -0.412476 0.107602
v 0.985296 -0.473769 0.091651
v 0.837452 -0.507657 0.034251
v 0.854138 -0.459387 0.029084
v 0.897262 -0.479682 0.041442
v 0.879917 -0.531593 0.039447
v 0.718714 -1.090961 -0.030528
v 0.775161 -1.071323 -0.020766
v 0.780395 -1.132483 -0.035204
v 0.726823 -1.152273 -0.057136
v 0.850171 -0.786721 0.053437
v 0.893733 -0.756874 0.058031
v 0.920156 -0.802817 0.064840
v 0.877557 -0.834621 0.050312
v 0.789946 -0.390069 0.011672
v 0.790022 -0.369138 0.012035
v 0.811622 -0.375253 0.018301
v 0.819710 -0.401906 0.016427
v 0.913829 -0.299043 0.075093
v 0.916010 -0.271573 0.080691
v 0.929128 -0.281029 0.085554
v 0.931956 -0.317942 0.076201
v 0.857755 -0.646089 0.055718
v 0.894251 -0.605374 0.050943
v 0.934758 -0.638203 0.062423
v 0.898892 -0.679971 0.059146
v 0.991866 -0.626300 0.092893
v 1.006064 -0.569089 0.108929
v 1.025355 -0.610011 0.148821
v 1.012644 -0.668558 0.125319
v 0.802612 -0.937766 0.027974
v 0.850864 -0.913498 0.036929
v 0.862585 -0.967260 0.034765
v 0.816551 -0.992178 0.012476
v 0.906641 -0.992316 0.075666
v 0.941209 -0.956318 0.118778
v 0.931028 -1.009761 0.142752
v 0.901479 -1.048244 0.090299
v 0.625166 -1.260290 -0.121306
v 0.679346 -1.235794 -0.097920
v 0.703049 -1.307837 -0.139197
v 0.673879 -1.339775 -0.193895
v 0.748872 -1.360713 -0.122182
v 0.772215 -1.339132 -0.056746
v 0.760985 -1.434588 -0.055936
v 0.754286 -1.455042 -0.147582
v 0.300451 -1.397081 0.430098
v 0.269397 -1.327245 0.394246
v 0.203938 -1.409672 0.420534
v -0.177153 -2.097578 0.386050
v -0.227395 -1.981357 0.354770
v -0.264584 -2.118274 0.335290
v -0.199573 -1.544423 0.262356
v -0.126508 -1.437880 0.247750
v -0.155823 -1.357272 0.157924
v -0.236397 -1.447616 0.182044
v 0.022708 -1.523224 0.392802
v 0.097942 -1.417722 0.371193
v 0.068808 -1.337712 0.285697
v -0.015162 -1.429107 0.312355
v 0.814674 -0.812671 0.386097
v 0.866613 -0.775187 0.384936
v 0.841824 -0.717685 0.384775
v 0.796561 -0.757694 0.380110
v 0.581972 -1.163028 0.363880
v 0.651665 -1.142426 0.361257
v 0.653402 -1.075553 0.371132
v 0.590457 -1.097041 0.362631
v 0.845054 -0.429224 0.312851
v 0.870327 -0.375139 0.291011
v 0.836019 -0.349608 0.270169
v 0.813302 -0.402349 0.284564
v 0.743239 -0.488866 0.253275
v 0.761053 -0.436952 0.254863
v 0.734873 -0.422031 0.215801
v 0.724219 -0.472508 0.210940
v 0.505129 -1.080922 0.289085
v 0.548327 -1.057980 0.327532
v 0.566333 -1.004592 0.305820
v 0.532100 -1.031239 0.261206
v 0.704258 -0.779929 0.321610
v 0.739869 -0.745993 0.347127
v 0.729740 -0.705241 0.314692
v 0.702630 -0.740210 0.284291
v 0.718438 -0.369992 0.175070
v 0.720993 -0.346583 0.160293
v 0.707290 -0.342628 0.141292
v 0.703398 -0.362739 0.146454
v 0.833664 -0.287049 0.230369
v 0.846898 -0.255206 0.214572
v 0.838444 -0.247271 0.202276
v 0.827934 -0.272123 0.209718
v 0.744888 -0.631621 0.299991
v 0.769878 -0.586416 0.320626
v 0.747537 -0.559469 0.280315
v 0.729377 -0.606082 0.255672
v 0.853787 -0.618581 0.374327
v 0.889986 -0.567107 0.362008
v 0.853204 -0.520775 0.349377
v 0.823165 -0.573283 0.357252
v 0.622864 -0.930620 0.315587
v 0.664919 -0.904552 0.344139
v 0.669643 -0.856133 0.320593
v 0.638156 -0.885646 0.285399
v 0.717773 -0.989857 0.377748
v 0.781264 -0.962300 0.377100
v 0.772590 -0.902972 0.382683
v 0.715270 -0.931622 0.375170
v 0.346861 -1.232423 0.313006
v 0.408820 -1.211563 0.318705
v 0.441370 -1.158490 0.272852
v 0.395920 -1.185584 0.234797
v 0.405851 -1.340424 0.394512
v 0.486117 -1.344416 0.372232
v 0.502166 -1.251058 0.364680
v 0.436096 -1.258225 0.365337
v 0.920949 -1.013217 0.239832
v 0.922586 -0.959030 0.299777
v 0.861218 -0.994304 0.333283
v 0.870109 -1.054943 0.281336
v 0.925405 -0.252614 0.128936
v 0.896745 -0.231319 0.148614
v 0.888325 -0.240959 0.187158
v 0.926982 -0.259649 0.173255
v 0.783451 -0.643632 0.091863
v 0.750373 -0.664385 0.134174
v 0.730102 -0.627159 0.174472
v 0.753128 -0.607340 0.125593
v 0.776067 -0.515831 0.068996
v 0.751499 -0.543850 0.112838
v 0.727616 -0.501010 0.144191
v 0.743646 -0.477286 0.095150
v 0.463511 -2.383656 0.268582
v 0.364037 -2.507557 0.230098
v 0.076724 -2.618368 0.063724
v -0.006061 -2.630677 0.012520
v 0.987496 -0.376742 0.179703
v 0.958045 -0.320992 0.203704
v 0.941574 -0.361346 0.253958
v 0.982606 -0.413529 0.236188
v 1.024675 -0.590107 0.237079
v 1.000100 -0.522617 0.269168
v 0.970868 -0.572903 0.322246
v 1.006252 -0.639645 0.296286
v 0.528476 -1.209754 -0.034408
v 0.441617 -1.225869 0.015674
v 0.435461 -1.179519 0.110074
v 0.510782 -1.153171 0.052413
v 0.758187 -0.348235 0.036740
v 0.730996 -0.347855 0.061390
v 0.719978 -0.335891 0.096000
v 0.745561 -0.334904 0.068988
v 0.259880 -2.570739 0.174898
v 0.164527 -2.600783 0.117879
v 0.637366 -2.166201 0.126365
v 0.570519 -2.018973 0.258112
v 0.456800 -2.088618 0.403125
v 0.531082 -2.218522 0.276790
v 0.814576 -1.217847 0.183244
v 0.812063 -1.156412 0.259027
v 0.738666 -1.193477 0.301865
v 0.753126 -1.271916 0.237358
v 0.749554 -0.395672 0.039342
v 0.732192 -0.416742 0.075987
v 0.710413 -0.383498 0.099631
v 0.725662 -0.371085 0.062569
v 0.639061 -1.052926 0.037137
v 0.570102 -1.076927 0.081664
v 0.562656 -1.028536 0.156629
v 0.623300 -1.000670 0.106184
v 0.800466 -0.351937 0.059170
v 0.764509 -0.335700 0.082289
v 0.756444 -0.338028 0.128161
v 0.800016 -0.347456 0.108135
v 0.718460 -1.481106 0.110480
v 0.695956 -1.397716 0.218086
v 0.600802 -1.442406 0.293506
v 0.643976 -1.565988 0.211389
v 0.392712 -1.337511 -0.228023
v 0.235948 -1.300897 -0.106234
v 0.193222 -1.268963 0.081449
v 0.346355 -1.278167 -0.039744
v 0.167993 -1.367882 -0.363475
v 0.010602 -1.328508 -0.240997
v -0.032821 -1.296331 -0.050658
v 0.123212 -1.315509 -0.173507
v 0.727461 -0.907946 0.081518
v 0.669229 -0.929913 0.125875
v 0.657779 -0.885892 0.190604
v 0.705690 -0.860089 0.138707
v 0.893877 -0.242588 0.107410
v 0.868587 -0.240217 0.132268
v 0.857263 -0.231125 0.164802
v 0.880989 -0.228631 0.138005
v 0.773619 -0.765494 0.096988
v 0.730233 -0.789232 0.142970
v 0.711717 -0.745968 0.193780
v 0.743936 -0.722673 0.140419
v 1.001090 -0.815086 0.264630
v 0.994313 -0.754614 0.310095
v 0.947527 -0.798227 0.348470
v 0.965115 -0.860517 0.310302
v 0.876576 -0.298218 0.100395
v 0.844836 -0.316786 0.131558
v 0.834211 -0.284944 0.166797
v 0.857888 -0.268794 0.130858
v 0.125504 -1.909798 -0.777782
v 0.230331 -1.898821 -0.720884
v -0.548391 -1.329018 -0.755323
v -0.428611 -1.415092 -0.775590
v -0.458169 -2.423594 -0.662493
v -0.491020 -2.003347 -0.799226
v -0.025770 -1.466382 -0.657816
v 0.083764 -1.452036 -0.587257
v -0.120879 -1.923367 -0.890910
v 0.005526 -1.919086 -0.837108
v -0.721438 -1.238274 -0.944823
v -0.699897 -1.192122 -0.897419
v -0.255551 -1.488068 -0.789504
v -0.135689 -1.480566 -0.728047
v 0.093765 -2.049198 -0.795462
v -0.173523 -2.051317 -0.889665
v 0.040042 -1.785204 -0.805758
v -0.025764 -1.559145 -0.759911
v -0.193714 -1.802992 -0.919149
v -0.254710 -1.581964 -0.884920
v -0.405439 -1.544284 -0.919490
v -0.351876 -1.512315 -0.877778
v -0.759838 -1.460147 -0.863546
v -0.836277 -1.367934 -0.901529
v -0.884516 -0.942626 -1.047278
v -0.843948 -0.922577 -0.984443
v -0.775668 -1.076401 -0.902615
v -0.731302 -1.139580 -0.873953
v -1.011739 -1.113442 -1.015572
v -1.041710 -1.017738 -1.050780
v -0.874854 -0.622000 -1.028498
v -0.840948 -0.642619 -0.992741
v -0.846859 -0.819387 -0.959281
v -0.842394 -0.880905 -0.950078
v -1.038335 -0.690904 -1.100118
v -1.020740 -0.596621 -1.097358
v -0.832687 -1.314644 -0.945511
v -0.768440 -1.281195 -0.960878
v -0.448440 -1.746808 -0.899653
v -0.423314 -1.585734 -0.928404
v -1.010008 -0.964351 -1.080480
v -0.940171 -0.956220 -1.079561
v -0.983234 -0.571924 -1.096918
v -0.940739 -0.591964 -1.075767
v -0.915771 -0.730954 -1.080398
v -0.911043 -0.643922 -1.062216
v -0.635144 -1.369990 -0.913284
v -0.708313 -1.296839 -0.942078
v -0.871667 -1.072526 -1.029245
v -0.900848 -0.992155 -1.056380
v -0.843004 -0.551989 -0.973311
v -0.830304 -0.559453 -0.961222
v -0.827194 -0.571618 -0.957242
v -0.831632 -0.616439 -0.963325
v -0.880849 -0.585804 -1.010246
v -0.852297 -0.556733 -0.981573
v -0.979836 -0.482376 -1.066519
v -0.967720 -0.491027 -1.059895
v -0.960707 -0.506410 -1.055868
v -0.942368 -0.558651 -1.052186
v -1.001544 -0.527032 -1.085491
v -0.986376 -0.486669 -1.070448
v -0.840873 -0.681474 -0.966784
v -0.846039 -0.752437 -0.966045
v -1.054120 -0.911299 -1.079684
v -1.051144 -0.799243 -1.095449
v -0.916696 -0.907282 -1.076187
v -0.919891 -0.819233 -1.084224
v -0.893067 -0.779733 -1.061607
v -0.853767 -0.786336 -1.000268
v -1.008227 -0.753325 -1.109257
v -0.945763 -0.768787 -1.100084
v -0.829425 -0.943160 -0.940524
v -0.807325 -1.009442 -0.925958
v -0.905546 -1.283571 -0.940050
v -0.965486 -1.200526 -0.977760
v -0.774411 -1.224030 -0.970626
v -0.829565 -1.149594 -0.999499
v -0.826858 -1.095463 -1.001076
v -0.793965 -1.060623 -0.952466
v -0.951260 -1.150218 -1.014177
v -0.881903 -1.126151 -1.021239
v -0.676524 -1.201438 -0.840238
v -0.615045 -1.265323 -0.798954
v -0.568390 -1.730886 -0.828845
v -0.673230 -1.564171 -0.835232
v -0.460952 -1.521751 -0.908934
v -0.555674 -1.445029 -0.892830
v -0.581856 -1.377967 -0.884294
v -0.572405 -1.321482 -0.822009
v -0.674133 -1.487547 -0.883680
v -0.616062 -1.435318 -0.906892
v -0.476775 -1.685278 0.137567
v -0.370130 -1.671440 0.202656
v -0.693785 -1.281601 -0.526593
v -0.662878 -1.336565 -0.405442
v -0.758168 -2.296506 -0.193240
v -0.811072 -1.884064 -0.300995
v -0.386228 -1.339676 -0.094178
v -0.276400 -1.324306 -0.025150
v -0.694780 -1.714854 -0.006465
v -0.588864 -1.700071 0.068336
v -0.935084 -1.169939 -0.609523
v -0.875935 -1.135938 -0.621140
v -0.601398 -1.369465 -0.244542
v -0.495200 -1.355418 -0.164326
v -0.531490 -1.797915 0.135080
v -0.743802 -1.828393 -0.015893
v -0.523071 -1.587518 0.062872
v -0.482889 -1.401151 -0.045272
v -0.728007 -1.618843 -0.082801
v -0.692317 -1.434134 -0.194844
v -0.790433 -1.415297 -0.311659
v -0.723975 -1.386859 -0.289352
v -0.911470 -1.410958 -0.625445
v -0.969111 -1.325308 -0.692977
v -1.056863 -0.888277 -0.776727
v -0.979068 -0.879776 -0.771720
v -0.898947 -1.037312 -0.709108
v -0.862069 -1.097998 -0.668742
v -1.113380 -1.081308 -0.855972
v -1.142802 -0.985848 -0.892069
v -0.983600 -0.587831 -0.857922
v -0.939597 -0.611535 -0.837220
v -0.940919 -0.789790 -0.810012
v -0.940792 -0.849654 -0.794445
v -1.132150 -0.661554 -0.957355
v -1.105536 -0.569902 -0.966893
v -0.999173 -1.261417 -0.684170
v -0.977823 -1.214226 -0.632283
v -0.826449 -1.619229 -0.305852
v -0.813079 -1.455586 -0.314062
v -1.146340 -0.921393 -0.866599
v -1.112829 -0.901803 -0.808550
v -1.084113 -0.540179 -0.939670
v -1.049630 -0.557771 -0.904975
v -1.065854 -0.683792 -0.844938
v -1.033168 -0.605570 -0.870614
v -0.882789 -1.289706 -0.524494
v -0.934521 -1.224211 -0.587073
v -1.055525 -1.014363 -0.740645
v -1.080262 -0.935541 -0.774758
v -0.908103 -0.530883 -0.870928
v -0.892194 -0.539161 -0.863215
v -0.889008 -0.551484 -0.858949
v -0.904211 -0.593371 -0.848137
v -0.963996 -0.559690 -0.879872
v -0.920677 -0.534858 -0.874115
v -1.040206 -0.463455 -0.971805
v -1.030466 -0.471361 -0.961453
v -1.026407 -0.485811 -0.952791
v -1.023867 -0.533076 -0.924354
v -1.074292 -0.504164 -0.971854
v -1.047308 -0.467577 -0.974893
v -0.922500 -0.655823 -0.837556
v -0.935821 -0.724388 -0.823782
v -1.156794 -0.879001 -0.919090
v -1.151490 -0.767846 -0.940809
v -1.091373 -0.852264 -0.802021
v -1.085609 -0.767107 -0.824178
v -1.047050 -0.731317 -0.819904
v -0.975440 -0.748150 -0.808097
v -1.137373 -0.712918 -0.909924
v -1.103021 -0.719373 -0.853617
v -0.936665 -0.909120 -0.771754
v -0.924126 -0.972465 -0.742545
v -1.023680 -1.245926 -0.754568
v -1.072329 -1.166637 -0.810000
v -0.981121 -1.158105 -0.646214
v -1.021524 -1.088659 -0.698203
v -1.013446 -1.036335 -0.708203
v -0.949587 -1.011311 -0.708166
v -1.090492 -1.106125 -0.795572
v -1.061381 -1.069292 -0.739502
v -0.814873 -1.157222 -0.623094
v -0.757083 -1.219559 -0.575894
v -0.824301 -1.644969 -0.426236
v -0.857922 -1.503345 -0.544983
v -0.807795 -1.406386 -0.362808
v -0.833820 -1.353691 -0.455869
v -0.831234 -1.296638 -0.492422
v -0.764095 -1.259233 -0.520742
v -0.891116 -1.416758 -0.542974
v -0.875928 -1.350602 -0.498965
v -1.031634 -1.160715 -0.967003
v -1.086610 -1.143311 -0.880676
v -0.982619 -1.307762 -0.775967
v -0.915338 -1.329268 -0.881614
v -0.997552 -0.469502 -1.050621
v -1.031772 -0.458779 -0.996936
v -1.086216 -0.529245 -1.008981
v -1.043426 -0.542764 -1.075332
v -0.846018 -0.900364 -0.900758
v -0.901813 -0.882585 -0.812656
v -0.905708 -0.767037 -0.841536
v -0.855020 -0.782872 -0.922158
v -0.886770 -0.633068 -0.863947
v -0.843998 -0.646597 -0.931962
v -0.517890 -2.462383 -0.530485
v -0.679472 -2.397968 -0.273737
v -1.136624 -0.717610 -0.996705
v -1.084815 -0.733764 -1.075370
v -1.146675 -0.947448 -0.954475
v -1.092587 -0.964491 -1.039291
v -0.403257 -1.407157 -0.687931
v -0.573437 -1.349355 -0.419203
v -0.683565 -1.251401 -0.600072
v -0.607419 -1.276030 -0.719691
v -0.835730 -0.556825 -0.934904
v -0.869937 -0.545549 -0.880351
v -0.898007 -0.529286 -0.896652
v -0.860540 -0.541437 -0.955598
v -0.615945 -1.859296 -0.724681
v -0.779461 -1.802295 -0.467622
v -0.862393 -1.496028 -0.651535
v -0.773444 -1.525126 -0.791271
v -0.799168 -1.127709 -0.689457
v -0.725413 -1.151194 -0.805201
v -0.979672 -0.556947 -0.928905
v -0.930737 -0.572301 -1.005589
v -0.164702 -1.408856 -0.571831
v -0.366232 -1.337930 -0.256405
v -0.874318 -1.006621 -0.762827
v -0.808070 -1.027601 -0.866841
v -0.974371 -0.486357 -1.035188
v -1.010748 -0.474956 -0.978115
v -0.269039 -1.690750 -0.932730
v -0.341173 -1.600446 -0.930627
v -0.369982 -1.679480 -0.937946
v 0.241404 -2.401244 -0.609882
v 0.222419 -2.292369 -0.689399
v 0.160014 -2.411423 -0.653227
v 0.032786 -2.423482 -0.706014
v -0.037669 -2.312219 -0.789319
v -0.130611 -2.421899 -0.759470
v 0.173452 -1.640389 -0.691958
v 0.082887 -1.543442 -0.690434
v 0.065292 -1.656449 -0.757724
v 0.150477 -1.770823 -0.742725
v -0.045116 -1.672235 -0.823790
v -0.137881 -1.572912 -0.825619
v -0.159292 -1.681811 -0.885162
v -0.076263 -1.796059 -0.868101
v -0.918425 -1.043734 -1.052361
v -0.964998 -1.008046 -1.069937
v -0.989119 -1.061403 -1.049087
v -0.935742 -1.097071 -1.038063
v -0.695928 -1.357268 -0.931790
v -0.762550 -1.338961 -0.942105
v -0.758077 -1.397923 -0.911676
v -0.684000 -1.420113 -0.913073
v -0.939992 -0.677049 -1.092400
v -0.962968 -0.622739 -1.098311
v -0.995936 -0.654681 -1.107546
v -0.971008 -0.712901 -1.108079
v -0.849717 -0.713891 -1.000428
v -0.860949 -0.669034 -1.022716
v -0.887158 -0.697804 -1.052878
v -0.868682 -0.745336 -1.032905
v -0.638102 -1.256814 -0.862615
v -0.674872 -1.248570 -0.910019
v -0.653684 -1.307780 -0.914673
v -0.607415 -1.315365 -0.875376
v -0.823156 -0.991263 -0.972754
v -0.851524 -0.970209 -1.012272
v -0.861020 -1.020543 -1.027491
v -0.823972 -1.042611 -0.993173
v -0.829677 -0.588046 -0.981584
v -0.833708 -0.567618 -0.983740
v -0.847615 -0.578073 -0.999249
v -0.844819 -0.605373 -1.004368
v -0.955829 -0.527583 -1.071501
v -0.966547 -0.501691 -1.073814
v -0.974916 -0.513773 -1.082128
v -0.961419 -0.549382 -1.084938
v -0.853205 -0.855231 -0.993551
v -0.872126 -0.821290 -1.032312
v -0.894212 -0.861770 -1.059218
v -0.868280 -0.895984 -1.024597
v -0.948171 -0.863444 -1.096861
v -0.978582 -0.811685 -1.108182
v -1.015008 -0.859418 -1.102461
v -0.978432 -0.911940 -1.095735
v -0.753339 -1.127960 -0.926234
v -0.786623 -1.113659 -0.967282
v -0.780397 -1.168092 -0.972817
v -0.736213 -1.181983 -0.939778
v -0.831345 -1.204762 -0.990178
v -0.890818 -1.180259 -1.004737
v -0.898107 -1.233348 -0.978990
v -0.832158 -1.260159 -0.972878
v -0.487347 -1.396280 -0.803570
v -0.535991 -1.384353 -0.843242
v -0.497311 -1.454565 -0.875334
v -0.430698 -1.474795 -0.871292
v -0.523081 -1.516193 -0.902225
v -0.594790 -1.506230 -0.895081
v -0.573812 -1.597750 -0.874519
v -0.486477 -1.606708 -0.908496
v -0.807346 -1.532495 -0.249275
v -0.774413 -1.454837 -0.245887
v -0.754448 -1.526827 -0.167222
v -0.436313 -2.129256 0.227120
v -0.407173 -2.003330 0.244531
v -0.349645 -2.128671 0.283128
v -0.414605 -1.570987 0.130410
v -0.452419 -1.478039 0.047751
v -0.374532 -1.384246 0.023673
v -0.344648 -1.461082 0.115567
v -0.630690 -1.603143 -0.007948
v -0.663120 -1.510772 -0.095567
v -0.589043 -1.418155 -0.117765
v -0.559714 -1.495775 -0.021656
v -1.096374 -1.046271 -0.785880
v -1.124677 -1.018596 -0.836250
v -1.123789 -0.957955 -0.820664
v -1.092828 -0.988647 -0.778585
v -0.913338 -1.345810 -0.553139
v -0.945156 -1.337616 -0.618016
v -0.966377 -1.273549 -0.622219
v -0.927549 -1.282597 -0.568307
v -1.112481 -0.668507 -0.887634
v -1.113794 -0.617671 -0.925778
v -1.084885 -0.584413 -0.907851
v -1.078362 -0.633580 -0.875525
v -1.004897 -0.702553 -0.818794
v -1.023219 -0.655055 -0.839366
v -0.979938 -0.631644 -0.835831
v -0.962117 -0.678640 -0.823228
v -0.828179 -1.243901 -0.528584
v -0.885022 -1.233188 -0.551489
v -0.883143 -1.181772 -0.583091
v -0.824135 -1.197021 -0.570525
v -0.996931 -0.987876 -0.721667
v -1.040984 -0.963679 -0.745006
v -1.015113 -0.918526 -0.755363
v -0.970293 -0.944703 -0.741652
v -0.945975 -0.573445 -0.845654
v -0.938178 -0.549394 -0.857216
v -0.916121 -0.541068 -0.854287
v -0.915434 -0.560620 -0.846317
v -1.059754 -0.518494 -0.930796
v -1.057216 -0.487959 -0.953152
v -1.044068 -0.477383 -0.952200
v -1.041661 -0.500656 -0.936837
v -1.021720 -0.847565 -0.783407
v -1.058800 -0.809948 -0.800836
v -1.018212 -0.775308 -0.802555
v -0.980341 -0.815072 -0.792836
v -1.137231 -0.861956 -0.846692
v -1.151263 -0.816623 -0.889816
v -1.132165 -0.763460 -0.868178
v -1.116730 -0.810409 -0.832416
v -0.929504 -1.120376 -0.636423
v -0.977671 -1.105336 -0.663202
v -0.967488 -1.056250 -0.683400
v -0.917484 -1.075802 -0.668619
v -1.015452 -1.201721 -0.685176
v -1.047518 -1.185845 -0.744426
v -1.059071 -1.126868 -0.740609
v -1.022318 -1.144018 -0.690430
v -0.753358 -1.366910 -0.361719
v -0.789174 -1.358002 -0.415981
v -0.772321 -1.306848 -0.471461
v -0.714107 -1.321270 -0.445943
v -0.832068 -1.491743 -0.364659
v -0.846861 -1.507355 -0.445235
v -0.863634 -1.418009 -0.472916
v -0.834031 -1.413481 -0.413586
v -0.978687 -1.245422 -0.925145
v -1.041782 -1.199148 -0.904899
v -1.038261 -1.226490 -0.831599
v -0.985692 -1.281790 -0.856760
v -1.016531 -0.489990 -1.061983
v -1.025079 -0.466237 -1.029970
v -1.053683 -0.478343 -1.003806
v -1.055063 -0.501927 -1.042261
v -0.852977 -0.843664 -0.911699
v -0.872156 -0.862717 -0.860864
v -0.905357 -0.827073 -0.828495
v -0.875822 -0.806457 -0.873383
v -0.852043 -0.714846 -0.929465
v -0.875020 -0.742670 -0.884648
v -0.899740 -0.699933 -0.853807
v -0.867685 -0.674250 -0.893021
v -0.562926 -2.509124 -0.360895
v -0.463670 -2.608733 -0.277505
v -0.171717 -2.648736 -0.088636
v -0.088164 -2.640713 -0.037831
v -1.066662 -0.627835 -1.080037
v -1.084729 -0.570694 -1.049056
v -1.114737 -0.612702 -1.007103
v -1.107861 -0.669061 -1.045819
v -1.096029 -0.849335 -1.063472
v -1.125426 -0.782434 -1.034340
v -1.150592 -0.832223 -0.978769
v -1.131463 -0.900952 -1.014697
v -0.530521 -1.339202 -0.683852
v -0.533823 -1.345103 -0.582528
v -0.622510 -1.308842 -0.538741
v -0.609273 -1.290083 -0.634476
v -0.845229 -0.544231 -0.946577
v -0.855127 -0.541738 -0.911322
v -0.882924 -0.531824 -0.887001
v -0.870479 -0.532444 -0.922070
v -0.358296 -2.646302 -0.204207
v -0.260996 -2.652797 -0.143079
v -0.551856 -2.311567 -0.602941
v -0.664633 -2.169954 -0.499362
v -0.730473 -2.233746 -0.324986
v -0.628767 -2.360298 -0.434503
v -0.846259 -1.420862 -0.835287
v -0.922777 -1.368473 -0.804887
v -0.921904 -1.396460 -0.716502
v -0.857569 -1.468802 -0.750424
v -0.835407 -0.589412 -0.932657
v -0.856415 -0.610928 -0.898248
v -0.873570 -0.577118 -0.871769
v -0.849749 -0.563658 -0.903574
v -0.669580 -1.212890 -0.765404
v -0.674433 -1.229055 -0.681565
v -0.745778 -1.188475 -0.645786
v -0.732745 -1.166429 -0.725429
v -0.882865 -0.557702 -0.973155
v -0.890362 -0.537985 -0.932583
v -0.926869 -0.543791 -0.904153
v -0.926630 -0.558516 -0.950754
v -0.693755 -1.653736 -0.755579
v -0.793440 -1.579776 -0.695306
v -0.810429 -1.614915 -0.571950
v -0.735204 -1.734592 -0.634409
v -0.277911 -1.419483 -0.639301
v -0.323106 -1.369233 -0.449084
v -0.475503 -1.350708 -0.328659
v -0.434063 -1.373562 -0.518347
v -0.054719 -1.395052 -0.500181
v -0.100772 -1.342108 -0.309329
v -0.255247 -1.323520 -0.187076
v -0.211852 -1.356450 -0.379023
v -0.772891 -1.091344 -0.838594
v -0.782650 -1.107385 -0.764509
v -0.842447 -1.069275 -0.729430
v -0.822197 -1.046853 -0.798291
v -0.985512 -0.472318 -1.045151
v -0.996775 -0.468233 -1.011691
v -1.022102 -0.460852 -0.987744
v -1.009299 -0.459693 -1.021240
v -0.831775 -0.961732 -0.887542
v -0.849154 -0.982291 -0.825610
v -0.893452 -0.942178 -0.790612
v -0.864601 -0.919295 -0.846039
v -1.070457 -1.068305 -1.005775
v -1.118207 -1.012841 -0.985437
v -1.123896 -1.051431 -0.921859
v -1.086995 -1.111361 -0.948183
v -0.961975 -0.522957 -1.027122
v -0.972294 -0.538906 -0.982821
v -1.004310 -0.509679 -0.960702
v -0.985826 -0.494163 -0.999825
v -0.031452 -2.229573 0.471259
v 0.043280 -2.227471 0.512140
v 0.112452 -2.177411 0.550829
v 0.109039 -1.933590 0.553817
v 0.052487 -1.892704 0.522300
v -0.017968 -1.892886 0.483692
v -0.083064 -1.934223 0.447769
v -0.086523 -2.184083 0.442003
v -0.560629 -1.992598 0.154895
v -0.628067 -1.967465 0.109541
v -0.692982 -1.983837 0.065133
v -0.738340 -2.037178 0.034157
v 0.138738 -2.005926 0.571887
v -0.694356 -2.276034 0.056030
v -0.621159 -2.308692 0.104651
v -0.552018 -2.293209 0.152001
v -0.510104 -2.235860 0.182223
v 0.014184 -1.860112 0.495411
v 0.147507 -2.093077 0.571753
v -0.651335 -1.810147 0.058556
v -0.754564 -2.115122 0.024066
v -0.742974 -2.201927 0.025651
v -0.490599 -2.151737 0.197727
v -0.506712 -2.060850 0.189356
v -0.125057 -2.014199 0.423412
v -0.123519 -2.106867 0.422845
v 0.211078 -1.571298 0.498516
v 0.209893 -1.638006 0.515279
v 0.240285 -1.638683 0.514999
v 0.271150 -1.639293 0.508746
v 0.272306 -1.570029 0.492293
v 0.230015 -1.589961 0.507553
v 0.249352 -1.590195 0.505454
v -0.819469 -1.703490 -0.177254
v -0.821296 -1.772846 -0.161212
v -0.813402 -1.767512 -0.131194
v -0.800458 -1.761541 -0.104349
v -0.797924 -1.694657 -0.120287
v -0.817479 -1.720620 -0.148798
v -0.810903 -1.717224 -0.130813
v 0.140872 -2.414675 0.501172
v 0.218243 -2.401022 0.472693
v 0.225207 -2.302872 0.539192
v 0.174652 -2.366433 0.534694
v 0.128789 -2.392734 0.524556
v 0.196597 -2.296345 0.556245
v 0.159305 -2.351708 0.547575
v 0.125534 -2.364842 0.536511
v 0.173652 -2.285451 0.562352
v 0.155405 -2.291774 0.558176
v -0.236032 -2.509344 0.270216
v -0.163430 -2.531785 0.248846
v -0.154197 -2.498811 0.320334
v -0.204786 -2.492813 0.308529
v -0.251378 -2.487054 0.290797
v -0.169388 -2.476569 0.340867
v -0.215528 -2.469769 0.321544
v -0.261181 -2.455729 0.300538
v -0.178957 -2.445153 0.350564
v -0.229993 -2.390285 0.329603
v -0.080537 -2.519908 0.299713
v -0.066453 -2.484594 0.374445
v -0.121520 -2.481088 0.359403
v -0.080751 -2.462339 0.395255
v -0.131816 -2.458058 0.372369
v -0.088867 -2.431234 0.405505
v -0.145481 -2.377122 0.380029
v 0.014187 -2.501727 0.358832
v 0.038488 -2.460223 0.440817
v -0.023750 -2.462638 0.420536
v 0.026979 -2.437370 0.463332
v -0.032629 -2.439070 0.434520
v 0.021167 -2.408197 0.474909
v -0.036898 -2.383625 0.445751
v 0.118084 -2.469580 0.423737
v 0.084330 -2.429262 0.488681
v 0.079230 -2.404793 0.504249
v 0.072929 -2.354553 0.512553
v 0.274327 -2.181894 0.550287
v 0.262063 -2.056715 0.574731
v 0.233356 -2.186273 0.568684
v 0.229585 -2.055012 0.582941
v 0.202430 -2.184030 0.575150
v 0.197873 -2.054693 0.582014
v 0.175643 -2.181396 0.573109
v 0.184115 -1.937014 0.570720
v 0.220603 -1.722353 0.534307
v 0.255732 -1.723340 0.530913
v 0.298359 -1.725322 0.516735
v -0.654516 -2.460194 0.058134
v -0.699538 -2.396280 0.033870
v -0.712319 -2.393750 0.019018
v -0.681365 -2.454469 0.032023
v -0.640498 -2.486769 0.052779
v -0.715064 -2.407784 -0.002845
v -0.674137 -2.470186 0.014162
v -0.621313 -2.507843 0.033751
v -0.711406 -2.417360 -0.035199
v -0.632473 -2.505011 -0.049021
v -0.311964 -2.400305 0.279334
v -0.343145 -2.465223 0.249873
v -0.297222 -2.479754 0.271444
v -0.333263 -2.496600 0.240368
v -0.286398 -2.502789 0.258480
v -0.317899 -2.518821 0.219941
v -0.245029 -2.541759 0.198805
v -0.395737 -2.407713 0.226556
v -0.433474 -2.473358 0.194169
v -0.380741 -2.488486 0.219712
v -0.422523 -2.504117 0.185659
v -0.369769 -2.511433 0.207162
v -0.406523 -2.526163 0.165892
v -0.328256 -2.550188 0.147795
v -0.500078 -2.440244 0.161698
v -0.546891 -2.477635 0.126540
v -0.482301 -2.494036 0.158752
v -0.534100 -2.505954 0.119242
v -0.469716 -2.517152 0.147041
v -0.515269 -2.527912 0.101218
v -0.425047 -2.555418 0.089465
v -0.612170 -2.438298 0.092404
v -0.598778 -2.487670 0.088451
v -0.582983 -2.510832 0.079443
v -0.533410 -2.549217 0.024200
v -0.740964 -2.293439 0.010987
v -0.780815 -2.174326 -0.018182
v -0.754026 -2.300944 -0.011410
v -0.795460 -2.180310 -0.045681
v -0.761470 -2.307878 -0.041406
v -0.802139 -2.186800 -0.077906
v -0.763954 -2.308810 -0.086453
v -0.820970 -2.077002 -0.121739
v -0.819320 -1.854768 -0.128379
v -0.807105 -1.848000 -0.095957
v -0.787537 -1.840678 -0.065241
v 0.227657 -2.495839 0.344865
v 0.331518 -2.402438 0.386887
v 0.146075 -2.189761 0.562937
v 0.166260 -2.056177 0.574042
v 0.126843 -2.539754 0.286890
v 0.011160 -2.312936 0.484435
v -0.288929 -2.271988 0.309161
v -0.371690 -2.279199 0.257210
v -0.205624 -2.258900 0.359052
v -0.136747 -2.588051 0.124008
v -0.054974 -2.577307 0.174245
v -0.218730 -2.597324 0.073820
v 0.030549 -2.562917 0.227011
v -0.125023 -2.232485 0.407599
v 0.324782 -2.263557 0.489055
v 0.317292 -2.055642 0.547906
v 0.335994 -1.617494 0.475733
v 0.243692 -1.491868 0.468320
v 0.164621 -1.619145 0.499356
v -0.507220 -2.585667 -0.105809
v -0.606155 -2.517056 -0.188154
v -0.567649 -2.383689 0.129468
v -0.717581 -2.295332 0.033286
v -0.759684 -2.169365 0.006190
v -0.404249 -2.604673 -0.038809
v -0.305224 -2.603961 0.021093
v -0.454419 -2.272749 0.205590
v -0.717700 -2.390987 -0.150262
v -0.802853 -2.192565 -0.139039
v -0.824407 -1.759339 -0.235899
v -0.769914 -1.733414 -0.073806
v -0.799540 -1.619395 -0.171466
v 0.753652 -1.737890 -0.260268
v 0.752358 -1.812464 -0.247024
v 0.747206 -1.820205 -0.273999
v 0.737717 -1.826116 -0.298931
v 0.737431 -1.753341 -0.314327
v 0.752499 -1.766524 -0.278992
v 0.748076 -1.770444 -0.294543
v -0.279654 -1.877680 -0.938053
v -0.280564 -1.950614 -0.923385
v -0.307737 -1.949186 -0.920944
v -0.335135 -1.945411 -0.913939
v -0.337130 -1.871229 -0.929203
v -0.298751 -1.898426 -0.936510
v -0.315086 -1.897041 -0.933694
v 0.551639 -2.539586 -0.155850
v 0.607676 -2.476768 -0.153386
v 0.628153 -2.461761 -0.133190
v 0.586485 -2.516946 -0.126415
v 0.536294 -2.556476 -0.142129
v 0.629046 -2.463788 -0.109723
v 0.579013 -2.521751 -0.106896
v 0.518310 -2.563887 -0.118101
v 0.624388 -2.458820 -0.079611
v 0.536351 -2.522485 -0.033069
v 0.183725 -2.632379 -0.389724
v 0.241190 -2.586465 -0.401842
v 0.265742 -2.621730 -0.337936
v 0.218398 -2.638521 -0.351483
v 0.171912 -2.649388 -0.367071
v 0.254434 -2.638661 -0.315081
v 0.207376 -2.648580 -0.331194
v 0.156425 -2.656498 -0.340400
v 0.239051 -2.645730 -0.288466
v 0.162596 -2.652855 -0.257107
v 0.323389 -2.574910 -0.347954
v 0.352816 -2.607404 -0.280896
v 0.302018 -2.626524 -0.297638
v 0.340581 -2.624516 -0.259227
v 0.290894 -2.636590 -0.277635
v 0.324522 -2.631681 -0.233535
v 0.246075 -2.640700 -0.204106
v 0.419429 -2.556609 -0.281625
v 0.452012 -2.583054 -0.216618
v 0.393382 -2.608666 -0.238423
v 0.435685 -2.601384 -0.199542
v 0.380239 -2.619285 -0.220494
v 0.417274 -2.609409 -0.176300
v 0.334142 -2.623499 -0.148731
v 0.526571 -2.523417 -0.206781
v 0.494320 -2.575908 -0.177007
v 0.478463 -2.587972 -0.162357
v 0.430298 -2.593057 -0.092142
v 0.738097 -2.141837 -0.147789
v 0.717918 -2.264568 -0.141448
v 0.747382 -1.912774 -0.240456
v 0.713334 -2.275229 -0.171691
v 0.738702 -1.921482 -0.270608
v 0.702308 -2.284236 -0.198758
v 0.722373 -1.930169 -0.303411
v 0.660049 -2.388838 -0.172324
v 0.672611 -2.382417 -0.146618
v 0.677492 -2.375478 -0.119319
v 0.678597 -2.354272 -0.077074
v -0.214287 -2.653437 -0.567376
v -0.304437 -2.625260 -0.548694
v -0.313130 -2.573419 -0.654556
v -0.258147 -2.624083 -0.620296
v -0.202276 -2.646757 -0.595068
v -0.287745 -2.575853 -0.671958
v -0.245052 -2.618590 -0.636366
v -0.199865 -2.631448 -0.616719
v -0.267019 -2.571184 -0.682166
v -0.237608 -2.580093 -0.671769
v 0.079640 -2.662995 -0.307981
v 0.072568 -2.666080 -0.390565
v 0.124610 -2.658696 -0.381952
v 0.088058 -2.658998 -0.417113
v 0.135906 -2.648605 -0.402072
v 0.100284 -2.641955 -0.439405
v 0.161184 -2.596245 -0.450908
v -0.005775 -2.671486 -0.358556
v -0.015754 -2.673275 -0.442214
v 0.038715 -2.667415 -0.432287
v -0.001390 -2.666317 -0.468945
v 0.049714 -2.657365 -0.452367
v 0.009353 -2.649387 -0.491530
v 0.075652 -2.605192 -0.499882
v -0.096178 -2.676100 -0.412630
v -0.110739 -2.673952 -0.500111
v -0.053823 -2.672343 -0.486688
v -0.099716 -2.666829 -0.527884
v -0.045634 -2.662330 -0.507656
v -0.095029 -2.649923 -0.552097
v -0.028093 -2.611312 -0.556074
v -0.193519 -2.669311 -0.474707
v -0.153587 -2.665232 -0.549971
v -0.149733 -2.654635 -0.571981
v -0.146823 -2.605730 -0.619750
v -0.250504 -2.295183 -0.839912
v -0.272869 -2.403439 -0.796798
v -0.289205 -2.047149 -0.900975
v -0.303144 -2.399480 -0.795060
v -0.321119 -2.043401 -0.895722
v -0.333691 -2.393113 -0.786362
v -0.364395 -2.035172 -0.879298
v -0.357473 -2.480917 -0.712458
v -0.316013 -2.496920 -0.728599
v -0.288585 -2.499910 -0.736085
v -0.259293 -2.501215 -0.736122
v 0.237930 -2.505902 -0.503323
v 0.160759 -2.515218 -0.548498
v 0.313183 -2.496587 -0.455018
v 0.046588 -2.655697 -0.161458
v 0.129324 -2.644739 -0.110065
v -0.036874 -2.665054 -0.211988
v 0.214197 -2.630338 -0.056948
v 0.400105 -2.483796 -0.392469
v 0.304967 -2.608217 -0.001916
v 0.513058 -2.458389 -0.299924
v 0.404742 -2.564330 0.055185
v 0.510880 -2.468623 0.110978
v 0.613674 -2.419424 -0.212752
v 0.679612 -2.298310 -0.229671
v 0.629028 -2.381915 0.024246
v 0.716487 -2.233392 -0.072936
v 0.752290 -1.764393 -0.175876
v 0.709042 -1.814468 -0.345421
v 0.738473 -1.660003 -0.299944
v -0.123395 -2.671605 -0.263981
v 0.065307 -2.524720 -0.597792
v -0.070208 -2.529685 -0.657621
v -0.215544 -2.671843 -0.321126
v -0.317285 -2.652588 -0.387608
v -0.429765 -2.583604 -0.465885
v -0.197968 -2.518636 -0.710502
v -0.233205 -2.409890 -0.789464
v -0.420252 -2.510175 -0.619239
v -0.398953 -2.369740 -0.756995
v -0.406286 -1.906015 -0.886389
v -0.309191 -1.788066 -0.942436
v -0.229078 -1.929155 -0.920704
v -0.317470 -1.995194 0.300522
v -0.137915 -1.959756 0.408349
v -0.220623 -1.760345 0.325279
v -0.497376 -2.003695 0.187911
v -0.422999 -1.785095 0.201200
v -0.369021 -1.887197 0.255020
v -0.466487 -1.897485 0.194509
v -0.273764 -1.875555 0.313422
v -0.175924 -1.861968 0.372680
v 0.710724 -2.098830 -0.016758
v 0.298469 -2.283030 -0.646472
v 0.458556 -2.262681 -0.527863
v 0.673525 -2.197618 -0.302061
v 0.383495 -1.957892 0.490153
v 0.142257 -1.938278 0.560751
v 0.382490 -2.018929 -0.635048
v 0.588031 -1.976445 -0.462220
v 0.603737 -1.786500 0.228871
v -0.469614 -2.243111 -0.740616
v 0.120267 -2.304041 -0.735386
v -0.184413 -2.302493 -0.828189
v -0.798091 -2.102326 -0.234471
v -0.758173 -2.048357 0.008535
v 0.205268 -2.040630 -0.743902
v -0.044602 -2.053799 -0.850236
v -0.694249 -1.945178 -0.567133
v 0.183652 -1.721931 0.530382
v 0.217079 -1.936341 0.576220
v 0.250604 -1.937540 0.573624
v 0.289659 -1.941242 0.559370
v -0.825133 -1.862657 -0.172262
v -0.817091 -2.068052 -0.081155
v -0.804915 -2.061270 -0.050534
v -0.785514 -2.055550 -0.023929
v 0.750398 -1.898900 -0.195637
v 0.736214 -2.156606 -0.190997
v 0.727333 -2.166966 -0.220681
v 0.711506 -2.177589 -0.249953
v -0.251616 -2.049243 -0.900699
v -0.285104 -2.290724 -0.841572
v -0.316985 -2.285347 -0.836886
v -0.358503 -2.275882 -0.820294
v -0.218910 -2.176528 -0.870247
v -0.407345 -2.145699 -0.826655
v 0.703573 -2.063761 -0.304547
v 0.742208 -2.005181 -0.121676
v -0.334097 -2.161755 -0.863467
v -0.301830 -2.167301 -0.871968
v -0.268788 -2.171567 -0.874096
v 0.727927 -2.049726 -0.262853
v 0.739767 -2.039973 -0.233198
v 0.745422 -2.029794 -0.201438
v -0.773038 -1.942626 -0.024121
v -0.823462 -1.977825 -0.189173
v 0.158960 -1.828677 0.547471
v 0.332780 -1.836489 0.519907
v -0.799141 -1.949392 -0.057769
v -0.814912 -1.955913 -0.087642
v -0.823300 -1.963147 -0.120920
v 0.269948 -1.829509 0.549529
v 0.235660 -1.827487 0.556637
v 0.201262 -1.827091 0.555753
v -0.757460 -2.023001 -0.389156
v -0.578403 -2.094764 -0.667874
v -0.112367 -2.184352 -0.847017
v 0.042509 -2.186046 -0.798641
v 0.172377 -2.176641 -0.747534
v 0.263906 -2.167133 -0.702133
v 0.488158 -1.870737 0.374735
v 0.668139 -1.942386 0.096584
v 0.637821 -2.092638 -0.386961
v 0.527631 -2.126726 -0.501058
v 0.424027 -2.145858 -0.593076
v 0.342271 -2.157543 -0.654006
v -0.658233 -1.942319 0.083035
v -0.705229 -1.905180 0.037527
v -0.596302 -1.888532 0.113719
v 0.009501 -1.729340 0.463853
v 0.068339 -1.810596 0.511959
v -0.049436 -1.821673 0.449096
v -0.731946 -1.986149 0.029594
v -0.564440 -1.954239 0.145259
v -0.492619 -2.337343 0.179315
v -0.664926 -2.352261 0.067652
v 0.102722 -2.258424 0.538431
v -0.073780 -2.286144 0.436184
v -0.079642 -1.894976 0.442565
v 0.101275 -1.884282 0.540593
v 0.674923 -1.473617 -0.314487
v 0.729951 -1.463825 -0.253545
v 0.339057 -2.025316 -0.665696
v 0.428334 -2.011402 -0.600128
v 0.532848 -1.990504 -0.512621
v 0.638454 -1.961170 -0.412092
v 0.306313 -1.751177 -0.648404
v 0.246515 -1.522540 -0.589652
v 0.357350 -1.511100 -0.523388
v 0.410717 -1.739601 -0.580929
v 0.518851 -1.725906 -0.508345
v 0.468374 -1.499640 -0.456631
v 0.575656 -1.482485 -0.381573
v 0.623159 -1.706317 -0.430772
v 0.957895 -0.858166 0.103599
v 0.982009 -0.766834 0.106456
v 1.014112 -0.767612 0.170713
v 0.987832 -0.867138 0.170198
v 0.800418 -1.217844 -0.024424
v 0.845027 -1.126182 0.021619
v 0.863473 -1.152764 0.089527
v 0.815708 -1.254455 0.043927
v 0.965489 -0.489068 0.072558
v 0.935859 -0.403858 0.065528
v 0.971011 -0.371109 0.099045
v 0.998387 -0.457865 0.117576
v 0.845823 -0.542873 0.039971
v 0.826696 -0.472915 0.028558
v 0.879118 -0.442178 0.037950
v 0.911237 -0.518507 0.045988
v 0.692519 -1.130602 -0.046717
v 0.743032 -1.051608 -0.014483
v 0.803052 -1.090708 -0.015472
v 0.757047 -1.174609 -0.055586
v 0.842404 -0.823972 0.049483
v 0.854975 -0.750311 0.056930
v 0.928724 -0.761703 0.067419
v 0.908770 -0.843822 0.060847
v 0.801689 -0.412262 0.015862
v 0.779114 -0.374306 0.012059
v 0.795555 -0.363273 0.016880
v 0.832975 -0.389955 0.025577
v 0.916807 -0.328918 0.070993
v 0.909593 -0.277271 0.079019
v 0.919664 -0.263812 0.086335
v 0.941844 -0.304899 0.087928
v 0.858381 -0.679968 0.058530
v 0.855662 -0.612177 0.051181
v 0.929862 -0.597792 0.057219
v 0.936253 -0.679051 0.066273
v 0.992871 -0.673322 0.099025
v 0.986222 -0.579699 0.086087
v 1.019332 -0.557744 0.138811
v 1.026214 -0.663025 0.158142
v 0.784856 -0.975354 0.015468
v 0.818338 -0.899901 0.037562
v 0.879601 -0.926149 0.046345
v 0.844224 -1.008274 0.020173
v 0.887197 -1.036798 0.060068
v 0.925131 -0.947809 0.088194
v 0.951579 -0.962658 0.155303
v 0.909601 -1.056936 0.127143
v 0.631377 -1.319446 -0.189225
v 0.639897 -1.211580 -0.082385
v 0.714547 -1.260877 -0.102187
v 0.706323 -1.357060 -0.188453
v 0.744125 -1.407017 -0.169536
v 0.761306 -1.312379 -0.082419
v 0.774225 -1.365703 -0.016177
v 0.755980 -1.518147 -0.103668
v 0.307293 -1.324640 0.401873
v 0.230609 -1.326967 0.373524
v -0.168566 -1.753921 0.357317
v -0.271346 -1.766675 0.294079
v -0.253649 -1.550071 0.229425
v -0.144947 -1.539339 0.295496
v -0.100306 -1.352232 0.190902
v -0.211137 -1.362693 0.124953
v -0.033614 -1.529068 0.361643
v 0.078944 -1.517211 0.420963
v 0.127887 -1.331851 0.313994
v 0.011472 -1.342772 0.255464
v 0.781269 -0.802451 0.380115
v 0.850850 -0.823957 0.384612
v 0.878231 -0.724861 0.383473
v 0.808268 -0.712155 0.378515
v 0.555261 -1.138731 0.358728
v 0.614816 -1.189640 0.357821
v 0.686814 -1.096284 0.365800
v 0.624436 -1.055601 0.366671
v 0.816507 -0.442211 0.306294
v 0.877364 -0.418613 0.310606
v 0.862851 -0.336320 0.270459
v 0.811568 -0.364814 0.260425
v 0.727043 -0.506088 0.225171
v 0.764713 -0.472543 0.275534
v 0.756320 -0.403647 0.230384
v 0.720297 -0.439819 0.194587
v 0.502496 -1.069570 0.250125
v 0.516217 -1.096975 0.320552
v 0.579899 -1.019326 0.333526
v 0.561024 -0.993539 0.270208
v 0.690274 -0.775964 0.287598
v 0.725281 -0.785915 0.348122
v 0.752143 -0.706107 0.343917
v 0.713243 -0.705689 0.278496
v 0.708414 -0.383053 0.161289
v 0.734170 -0.358861 0.180495
v 0.714819 -0.337521 0.143107
v 0.701777 -0.349640 0.132234
v 0.820605 -0.298746 0.221781
v 0.850619 -0.276109 0.231270
v 0.846327 -0.240831 0.201319
v 0.833218 -0.253346 0.198726
v 0.726847 -0.638798 0.263602
v 0.767374 -0.625970 0.330726
v 0.769710 -0.547521 0.308041
v 0.729857 -0.573138 0.247064
v 0.821341 -0.619409 0.367718
v 0.889500 -0.619915 0.372721
v 0.887806 -0.515692 0.347069
v 0.822403 -0.528198 0.342936
v 0.614596 -0.921293 0.281949
v 0.638818 -0.942958 0.341611
v 0.688062 -0.865507 0.346161
v 0.658527 -0.849335 0.287717
v 0.687264 -0.973230 0.372934
v 0.751863 -1.006827 0.373930
v 0.807856 -0.917207 0.380225
v 0.740448 -0.889360 0.377263
v 0.334327 -1.221879 0.270858
v 0.363674 -1.244546 0.343569
v 0.449612 -1.174611 0.310773
v 0.440781 -1.147087 0.227859
v 0.389703 -1.290571 0.381832
v 0.433602 -1.411680 0.397930
v 0.533313 -1.287087 0.359598
v 0.479591 -1.220489 0.357240
v 0.895888 -1.061569 0.227095
v 0.944564 -0.965119 0.250346
v 0.887600 -0.947117 0.339482
v 0.832469 -1.041440 0.326296
v 0.941695 -0.271475 0.139999
v 0.911700 -0.241051 0.120065
v 0.876442 -0.230006 0.175356
v 0.902140 -0.258923 0.202261
v 0.783743 -0.613946 0.087615
v 0.782435 -0.672345 0.094978
v 0.727918 -0.655349 0.179575
v 0.731193 -0.597873 0.168925
v 0.769931 -0.482256 0.061365
v 0.780402 -0.549683 0.076042
v 0.730051 -0.534359 0.154115
v 0.723854 -0.468106 0.132805
v 0.999492 -0.425186 0.194423
v 0.973656 -0.333638 0.165501
v 0.929421 -0.319046 0.236304
v 0.951928 -0.409222 0.271630
v 1.025825 -0.648303 0.248673
v 1.018867 -0.533027 0.223719
v 0.966957 -0.516121 0.306778
v 0.971442 -0.631100 0.334188
v 0.553153 -1.168855 -0.006027
v 0.511173 -1.255525 -0.083148
v 0.380577 -1.212584 0.119151
v 0.475292 -1.143720 0.115361
v 0.765650 -0.343305 0.041013
v 0.750559 -0.355580 0.034810
v 0.713876 -0.343816 0.091409
v 0.727566 -0.330992 0.100290
v 0.614313 -2.253206 0.139840
v 0.680887 -1.821292 0.083713
v 0.505488 -1.756699 0.355383
v 0.440465 -2.182168 0.404768
v 0.787760 -1.276499 0.167540
v 0.842191 -1.162821 0.198345
v 0.770721 -1.139983 0.310077
v 0.706142 -1.250148 0.295003
v 0.745954 -0.375724 0.035825
v 0.755567 -0.420981 0.045619
v 0.714147 -0.408191 0.109553
v 0.709302 -0.364191 0.092188
v 0.664485 -1.014998 0.049678
v 0.611691 -1.091820 0.023888
v 0.534902 -1.067222 0.143907
v 0.589042 -0.990983 0.167719
v 0.823298 -0.359491 0.071453
v 0.783353 -0.344822 0.050798
v 0.743043 -0.331975 0.113785
v 0.775700 -0.344527 0.146164
v 0.704434 -1.582005 0.090604
v 0.738321 -1.402166 0.131244
v 0.637801 -1.369283 0.287885
v 0.562810 -1.534944 0.310539
v 0.445032 -1.323741 -0.188739
v 0.337895 -1.346840 -0.263990
v 0.135897 -1.276698 0.049953
v 0.252456 -1.258558 0.109559
v 0.224906 -1.361200 -0.330713
v 0.111817 -1.374414 -0.397128
v -0.088860 -1.302515 -0.084367
v 0.023278 -1.289973 -0.016792
v 0.743500 -0.872293 0.088231
v 0.708762 -0.943125 0.072312
v 0.636961 -0.920364 0.184713
v 0.675503 -0.850802 0.194669
v 0.899281 -0.238207 0.111307
v 0.887789 -0.249647 0.104836
v 0.851157 -0.238177 0.162254
v 0.863786 -0.227096 0.166943
v 0.778058 -0.732470 0.097485
v 0.766565 -0.800419 0.095474
v 0.702159 -0.780101 0.196259
v 0.719031 -0.713866 0.189600
v 0.985118 -0.866645 0.262993
v 1.013635 -0.761606 0.262885
v 0.959947 -0.744716 0.346941
v 0.931114 -0.849629 0.347514
v 0.879555 -0.275237 0.102104
v 0.871039 -0.326346 0.097079
v 0.824206 -0.311646 0.170504
v 0.840865 -0.263120 0.162745
v -0.301293 -1.592939 -0.913177
v -0.380848 -1.599605 -0.934758
v 0.252390 -2.035933 -0.718946
v 0.153105 -2.045086 -0.769105
v 0.026498 -2.052428 -0.823256
v -0.113589 -2.053115 -0.873287
v 0.203298 -1.763841 -0.711666
v 0.137484 -1.535869 -0.656599
v 0.028570 -1.551266 -0.725172
v 0.096121 -1.778114 -0.774059
v -0.017630 -1.791444 -0.837518
v -0.080919 -1.566733 -0.793613
v -0.197103 -1.576911 -0.855538
v -0.135186 -1.798982 -0.895887
v -0.901990 -1.085512 -1.037001
v -0.931117 -1.000689 -1.066795
v -1.001691 -1.014017 -1.065506
v -0.972240 -1.106730 -1.031844
v -0.656953 -1.395989 -0.918177
v -0.733190 -1.319098 -0.946244
v -0.796470 -1.355670 -0.928456
v -0.717480 -1.441867 -0.896322
v -0.942812 -0.722332 -1.097734
v -0.938618 -0.632987 -1.084021
v -0.989316 -0.610732 -1.103153
v -1.002392 -0.702433 -1.109429
v -0.852236 -0.750439 -1.001387
v -0.846094 -0.677391 -0.997304
v -0.882727 -0.657540 -1.042525
v -0.890460 -0.738741 -1.058928
v -0.605394 -1.289255 -0.842680
v -0.669812 -1.224309 -0.880929
v -0.688344 -1.273011 -0.930091
v -0.618088 -1.342701 -0.898907
v -0.809723 -1.025923 -0.963707
v -0.834739 -0.956856 -0.979311
v -0.874270 -0.982095 -1.038292
v -0.845308 -1.058234 -1.014865
v -0.834612 -0.612278 -0.987622
v -0.828047 -0.570760 -0.973554
v -0.841434 -0.563373 -0.987026
v -0.860795 -0.596996 -1.013150
v -0.948267 -0.556898 -1.072789
v -0.961263 -0.505958 -1.068309
v -0.974487 -0.495347 -1.075280
v -0.978381 -0.539621 -1.089676
v -0.850003 -0.888796 -0.989160
v -0.854247 -0.821191 -0.997445
v -0.894583 -0.820806 -1.061647
v -0.891082 -0.902418 -1.054366
v -0.945754 -0.910293 -1.089863
v -0.947889 -0.816118 -1.100034
v -1.012731 -0.806137 -1.107380
v -1.014286 -0.912449 -1.093223
v -0.727932 -1.160272 -0.912270
v -0.775332 -1.094706 -0.939778
v -0.805282 -1.132103 -0.986933
v -0.752285 -1.203426 -0.958908
v -0.801262 -1.243190 -0.975403
v -0.858308 -1.165811 -1.005524
v -0.926449 -1.192222 -0.996423
v -0.866673 -1.274061 -0.962181
v -0.419782 -1.447936 -0.833863
v -0.536675 -1.355400 -0.803934
v -0.543231 -1.414624 -0.873537
v -0.446662 -1.497997 -0.895537
v -0.471111 -1.555564 -0.914797
v -0.572080 -1.475368 -0.900136
v -0.626772 -1.536956 -0.875357
v -0.514849 -1.673489 -0.883021
v -0.798186 -1.459770 -0.276078
v -0.739210 -1.445515 -0.221234
v -0.475157 -1.791413 0.169322
v -0.372170 -1.779007 0.232268
v -0.360912 -1.563362 0.163597
v -0.468647 -1.579157 0.096913
v -0.428827 -1.392601 -0.010683
v -0.320299 -1.376190 0.057929
v -0.577532 -1.595643 0.028035
v -0.681198 -1.610158 -0.045251
v -0.640890 -1.425835 -0.157483
v -0.536389 -1.409808 -0.080567
v -1.078272 -1.029755 -0.760274
v -1.108920 -1.063512 -0.817243
v -1.137317 -0.971235 -0.852590
v -1.104550 -0.945972 -0.794547
v -0.901372 -1.316784 -0.534572
v -0.917697 -1.376970 -0.582014
v -0.972659 -1.299133 -0.651895
v -0.953269 -1.248454 -0.600879
v -1.091920 -0.675490 -0.864076
v -1.126511 -0.663560 -0.918298
v -1.099221 -0.576157 -0.932809
v -1.062916 -0.593945 -0.889128
v -0.969999 -0.713529 -0.815564
v -1.036793 -0.692753 -0.829264
v -1.005416 -0.618996 -0.850025
v -0.951726 -0.644201 -0.830804
v -0.794669 -1.228132 -0.545379
v -0.857957 -1.264950 -0.522179
v -0.910921 -1.201559 -0.580740
v -0.851361 -1.166185 -0.595957
v -0.961516 -0.977874 -0.725385
v -1.028459 -1.000287 -0.727383
v -1.050537 -0.926460 -0.761602
v -0.975897 -0.912164 -0.757393
v -0.927140 -0.582978 -0.841737
v -0.959601 -0.565902 -0.858234
v -0.921915 -0.537590 -0.860643
v -0.904488 -0.545984 -0.852830
v -1.044410 -0.526719 -0.921965
v -1.069894 -0.510866 -0.946511
v -1.047806 -0.472364 -0.960284
v -1.037583 -0.482027 -0.948568
v -0.980475 -0.847496 -0.783438
v -1.059657 -0.849301 -0.789726
v -1.054466 -0.770502 -0.810660
v -0.978751 -0.781992 -0.800763
v -1.117053 -0.856352 -0.821029
v -1.151214 -0.869365 -0.878775
v -1.146172 -0.764319 -0.900296
v -1.111697 -0.764616 -0.843179
v -0.897864 -1.106171 -0.645588
v -0.957266 -1.138058 -0.637210
v -0.996448 -1.071416 -0.686888
v -0.934828 -1.044102 -0.689430
v -1.000773 -1.179570 -0.662277
v -1.024027 -1.223906 -0.715159
v -1.069841 -1.146731 -0.771298
v -1.042613 -1.107316 -0.716224
v -0.712561 -1.349847 -0.371160
v -0.785536 -1.385022 -0.361200
v -0.806532 -1.328158 -0.459574
v -0.734394 -1.290736 -0.492834
v -0.822581 -1.438756 -0.361618
v -0.834708 -1.566715 -0.379878
v -0.866457 -1.458190 -0.498830
v -0.852565 -1.383327 -0.459723
v -0.947987 -1.286959 -0.903687
v -1.006748 -1.203641 -0.946323
v -1.063570 -1.185622 -0.857099
v -1.011230 -1.266808 -0.804378
v -1.030103 -0.512501 -1.069233
v -1.004742 -0.475310 -1.055219
v -1.040000 -0.464265 -0.999929
v -1.069891 -0.499978 -1.007114
v -0.854577 -0.814209 -0.917107
v -0.850233 -0.871917 -0.906278
v -0.903946 -0.854823 -0.821188
v -0.906090 -0.798009 -0.835161
v -0.848529 -0.680091 -0.931178
v -0.854204 -0.749492 -0.926402
v -0.903694 -0.734063 -0.847802
v -0.893836 -0.665847 -0.859266
v -1.076378 -0.678934 -1.078633
v -1.055655 -0.581694 -1.079002
v -1.101285 -0.567273 -1.009055
v -1.126438 -0.663275 -1.002956
v -1.096528 -0.907733 -1.052889
v -1.091739 -0.791020 -1.070639
v -1.145221 -0.774307 -0.988544
v -1.151146 -0.890558 -0.967518
v -0.573537 -1.306577 -0.696985
v -0.471926 -1.375696 -0.686047
v -0.600676 -1.332529 -0.482616
v -0.650901 -1.281383 -0.575292
v -0.853130 -0.541180 -0.951726
v -0.838897 -0.549870 -0.939946
v -0.874811 -0.538012 -0.882876
v -0.890888 -0.528826 -0.892250
v -0.538354 -2.394104 -0.567049
v -0.593917 -1.977132 -0.698075
v -0.768025 -1.912381 -0.425614
v -0.708329 -2.322593 -0.299746
v -0.810365 -1.471849 -0.812532
v -0.881335 -1.373499 -0.858630
v -0.952579 -1.350633 -0.746760
v -0.891655 -1.445458 -0.684868
v -0.834236 -0.568881 -0.933248
v -0.839126 -0.615911 -0.932348
v -0.879614 -0.603008 -0.867843
v -0.869915 -0.557229 -0.876289
v -0.698432 -1.181597 -0.786150
v -0.639079 -1.244710 -0.743164
v -0.715612 -1.220080 -0.622987
v -0.773708 -1.157561 -0.668006
v -0.902363 -0.570430 -0.986832
v -0.869241 -0.546830 -0.962679
v -0.909391 -0.533963 -0.899593
v -0.950031 -0.555474 -0.912164
v -0.652356 -1.747867 -0.741464
v -0.734632 -1.582215 -0.772064
v -0.834522 -1.549256 -0.615038
v -0.792552 -1.700632 -0.520653
v -0.337875 -1.419440 -0.668873
v -0.220555 -1.415098 -0.606483
v -0.421276 -1.344808 -0.291746
v -0.528049 -1.353965 -0.369098
v -0.109698 -1.402062 -0.536009
v 0.000667 -1.387965 -0.465377
v -0.199906 -1.316089 -0.152476
v -0.310785 -1.330811 -0.221672
v -0.792098 -1.060000 -0.853496
v -0.750406 -1.121488 -0.822542
v -0.822080 -1.098712 -0.710065
v -0.859958 -1.038492 -0.746974
v -0.992083 -0.469401 -1.048598
v -0.979336 -0.477878 -1.040204
v -1.015943 -0.466405 -0.982771
v -1.027554 -0.458287 -0.992947
v -0.839960 -0.930251 -0.894787
v -0.821214 -0.994504 -0.878253
v -0.885455 -0.974165 -0.777367
v -0.898611 -0.911601 -0.802441
v -1.052960 -1.115773 -0.986886
v -1.083810 -1.017991 -1.023402
v -1.137390 -1.001088 -0.939280
v -1.106835 -1.098741 -0.902286
v -0.968825 -0.501177 -1.031441
v -0.951683 -0.549150 -1.020731
v -0.998506 -0.534448 -0.947299
v -1.007486 -0.489056 -0.970782
v 0.061935 -1.862174 0.520007
v -0.107010 -1.948441 0.430051
v -0.747233 -2.044317 0.023007
v -0.532026 -2.000393 0.169406
v 0.218367 -1.593955 0.507341
v 0.239830 -1.596400 0.507825
v 0.262496 -1.594391 0.502594
v -0.819974 -1.726722 -0.161246
v -0.814309 -1.725281 -0.138645
v -0.804913 -1.719065 -0.120214
v 0.186710 -2.374757 0.520542
v 0.166369 -2.359532 0.542080
v 0.155035 -2.338937 0.551583
v -0.195232 -2.504276 0.295218
v -0.210539 -2.481997 0.315793
v -0.220269 -2.450646 0.325541
v -0.112145 -2.492511 0.346112
v -0.127061 -2.470301 0.366633
v -0.136182 -2.438784 0.376357
v -0.015329 -2.474172 0.406664
v -0.028518 -2.451738 0.428224
v -0.035475 -2.422372 0.439231
v 0.091227 -2.441340 0.473787
v 0.081352 -2.417881 0.497158
v 0.077859 -2.388512 0.509282
v 0.249185 -2.186638 0.561777
v 0.218045 -2.185202 0.572988
v 0.188148 -2.182482 0.575037
v 0.200978 -1.936468 0.574361
v 0.233957 -1.936707 0.575958
v 0.267159 -1.938908 0.568837
v -0.685274 -2.441653 0.036252
v -0.678237 -2.462774 0.024114
v -0.665475 -2.478926 -0.002072
v -0.302031 -2.460641 0.275399
v -0.292185 -2.491978 0.265722
v -0.276829 -2.514250 0.245177
v -0.385733 -2.469288 0.223316
v -0.375613 -2.500684 0.214205
v -0.360146 -2.522825 0.194022
v -0.488143 -2.477705 0.161625
v -0.476323 -2.506476 0.153602
v -0.459144 -2.528423 0.134488
v -0.605477 -2.472041 0.090217
v -0.591154 -2.500086 0.084734
v -0.570747 -2.522257 0.067823
v -0.747947 -2.296907 0.000963
v -0.758750 -2.304602 -0.026045
v -0.762245 -2.310272 -0.058497
v -0.819878 -2.071784 -0.097804
v -0.812009 -2.064563 -0.065495
v -0.796204 -2.058367 -0.037180
v 0.279780 -2.457239 0.368326
v 0.161731 -2.187194 0.568635
v 0.176815 -2.521899 0.317174
v 0.059807 -2.297070 0.512830
v -0.330256 -2.276322 0.283594
v -0.247532 -2.266211 0.334325
v -0.095944 -2.582926 0.149058
v -0.177598 -2.592907 0.098983
v -0.013300 -2.570821 0.199895
v -0.102028 -2.209646 0.426274
v -0.163011 -2.248926 0.383654
v 0.077618 -2.552915 0.256307
v 0.311562 -2.165409 0.535261
v 0.380233 -2.336369 0.395708
v 0.340724 -1.727010 0.496086
v 0.303376 -1.508076 0.462034
v 0.156785 -1.721445 0.524561
v 0.189904 -1.517227 0.469756
v -0.557509 -2.559586 -0.145152
v -0.616772 -2.379775 0.097902
v -0.729909 -2.296186 0.021824
v -0.455966 -2.599248 -0.070888
v -0.260730 -2.601066 0.048155
v -0.413789 -2.279581 0.229861
v -0.353420 -2.605604 -0.008033
v -0.484961 -2.256455 0.191428
v -0.646871 -2.461919 -0.234178
v -0.769903 -2.297604 -0.127962
v -0.825177 -1.869526 -0.218918
v -0.772800 -1.634922 -0.120662
v -0.817279 -1.645063 -0.225224
v -0.770729 -1.834856 -0.044294
v 0.753721 -1.766945 -0.266290
v 0.750068 -1.774763 -0.285136
v 0.743379 -1.776298 -0.302562
v -0.288596 -1.902466 -0.935418
v -0.307157 -1.904020 -0.933482
v -0.326744 -1.899031 -0.928895
v 0.591147 -2.509378 -0.134903
v 0.583074 -2.519991 -0.117281
v 0.570460 -2.522022 -0.089560
v 0.224569 -2.627276 -0.364279
v 0.213069 -2.644242 -0.341456
v 0.197670 -2.651334 -0.314760
v 0.308060 -2.615314 -0.310328
v 0.296649 -2.632254 -0.287732
v 0.281116 -2.639324 -0.261394
v 0.400978 -2.597129 -0.249343
v 0.386893 -2.614713 -0.229613
v 0.369788 -2.622170 -0.205046
v 0.503997 -2.563838 -0.184540
v 0.486344 -2.582695 -0.170165
v 0.467004 -2.591373 -0.147619
v 0.738010 -2.151077 -0.174825
v 0.732569 -2.161791 -0.205961
v 0.720649 -2.171897 -0.234460
v 0.667974 -2.384790 -0.159168
v 0.675820 -2.379243 -0.133002
v 0.677665 -2.369829 -0.104013
v -0.269641 -2.624713 -0.604764
v -0.251077 -2.621955 -0.628836
v -0.240939 -2.611090 -0.645191
v 0.114853 -2.661457 -0.365549
v 0.130404 -2.654347 -0.392152
v 0.142511 -2.637306 -0.414602
v 0.029156 -2.670123 -0.415912
v 0.044337 -2.663096 -0.442466
v 0.056287 -2.646090 -0.464731
v -0.062362 -2.674994 -0.470068
v -0.049499 -2.668056 -0.497236
v -0.041359 -2.651199 -0.520612
v -0.160969 -2.668134 -0.532732
v -0.151081 -2.660612 -0.561075
v -0.149449 -2.643713 -0.585274
v -0.269163 -2.292890 -0.841474
v -0.301285 -2.288167 -0.839985
v -0.333003 -2.281994 -0.831638
v -0.330577 -2.493073 -0.722331
v -0.302555 -2.498837 -0.733004
v -0.275073 -2.500065 -0.737504
v 0.200298 -2.510507 -0.525898
v 0.275118 -2.501361 -0.480011
v 0.087907 -2.650480 -0.135932
v 0.005076 -2.660605 -0.186730
v 0.171246 -2.638147 -0.083763
v 0.353745 -2.491067 -0.426866
v 0.258621 -2.620778 -0.029631
v 0.454625 -2.473294 -0.349068
v 0.458476 -2.524457 0.084798
v 0.568565 -2.439418 -0.251921
v 0.643247 -2.401798 -0.187431
v 0.353553 -2.590766 0.026158
v 0.552626 -2.400145 0.133732
v 0.683106 -2.321955 -0.037347
v 0.747991 -1.881302 -0.142198
v 0.714138 -1.696030 -0.343065
v 0.751270 -1.660453 -0.236259
v 0.705856 -1.936493 -0.330555
v -0.079576 -2.668806 -0.237583
v 0.001325 -2.528704 -0.627063
v 0.117210 -2.519980 -0.571929
v -0.168609 -2.673001 -0.291636
v -0.373926 -2.626207 -0.425685
v -0.236339 -2.509316 -0.726849
v -0.264635 -2.666332 -0.352955
v -0.140169 -2.526051 -0.686562
v -0.400155 -2.454369 -0.701672
v -0.480139 -2.526387 -0.499624
v -0.413554 -2.023286 -0.854530
v -0.370866 -1.797620 -0.924424
v -0.219348 -2.049602 -0.897914
v -0.254187 -1.814395 -0.936895
v -0.362258 -1.999937 0.272910
v -0.452950 -2.005143 0.214985
v -0.272680 -1.988989 0.327837
v -0.180983 -1.971900 0.381762
v -0.225417 -2.298146 -0.836555
v -0.401649 -2.264423 -0.796366
v 0.698086 -2.185259 -0.270217
v 0.733873 -2.125621 -0.099992
v -0.337197 -2.040935 -0.890613
v -0.305378 -2.045439 -0.898949
v -0.273127 -2.048591 -0.901475
v 0.732358 -1.925665 -0.284862
v 0.743694 -1.917184 -0.255600
v 0.749481 -1.908092 -0.224197
v -0.772261 -2.052345 -0.008673
v -0.818356 -2.085465 -0.161099
v 0.164294 -1.937850 0.565699
v 0.324707 -1.945741 0.539901
v -0.798820 -1.844946 -0.081331
v -0.814008 -1.851403 -0.111925
v -0.822731 -1.858304 -0.145663
v 0.273088 -1.724344 0.526363
v 0.238305 -1.722750 0.533424
v 0.203538 -1.722394 0.533395
v -0.745926 -2.132043 -0.355133
v -0.564688 -2.209338 -0.636323
v -0.119252 -2.308297 -0.811993
v 0.046557 -2.310227 -0.762467
v 0.177170 -2.297775 -0.711313
v 0.261871 -2.287527 -0.668075
v 0.472273 -1.983134 0.391944
v 0.654451 -2.060314 0.111330
v 0.631735 -2.216493 -0.351443
v 0.515802 -2.252860 -0.474656
v 0.411310 -2.269146 -0.567651
v 0.334313 -2.278667 -0.623612
v -0.702947 -1.818650 0.019630
v -0.592453 -1.802987 0.097421
v 0.067898 -1.724390 0.492409
v -0.051791 -1.736877 0.428998
v -0.700459 -1.955383 0.052445
v -0.610232 -1.938733 0.115009
v -0.523625 -2.373951 0.157505
v -0.706231 -2.287241 0.044358
v 0.129916 -2.185032 0.557143
v -0.034544 -2.314165 0.457448
v -0.035650 -1.868491 0.467380
v 0.124008 -1.937808 0.557312
vn 0.5895 0.2647 -0.7632
vn 0.4161 0.5268 -0.7412
vn 0.4942 0.4537 -0.7416
vn 0.6781 0.2207 -0.7010
vn 0.1432 0.7746 -0.6160
vn 0.3095 0.6583 -0.6862
vn 0.4984 0.5782 -0.6460
vn 0.6801 0.3628 -0.6371
vn 0.8342 0.1714 -0.5241
vn 0.8443 0.2729 -0.4611
vn 0.9516 0.1055 -0.2887
vn 0.6824 0.4904 -0.5421
vn 0.8208 0.4004 -0.4075
vn 0.9256 0.2205 -0.3077
vn 0.9851 0.0680 -0.1581
vn 0.5307 -0.1556 -0.8332
vn 0.5234 0.0001 -0.8521
vn 0.5563 0.0021 -0.8310
vn 0.5650 -0.1510 -0.8112
vn 0.5100 0.1128 -0.8527
vn 0.5337 0.1124 -0.8382
vn 0.5550 0.1052 -0.8252
vn 0.5865 -0.0006 -0.8100
vn 0.5985 -0.1464 -0.7877
vn 0.6139 -0.0094 -0.7893
vn 0.6314 -0.1437 -0.7620
vn 0.5738 0.0909 -0.8139
vn 0.5915 0.0697 -0.8033
vn 0.6388 -0.0252 -0.7690
vn 0.6629 -0.1451 -0.7345
vn 0.6642 -0.0474 -0.7461
vn 0.6940 -0.1513 -0.7039
vn 0.6124 0.0434 -0.7893
vn 0.6429 0.0153 -0.7658
vn 0.6949 -0.0719 -0.7155
vn 0.7271 -0.1602 -0.6676
vn 0.7320 -0.0921 -0.6751
vn 0.7596 -0.1668 -0.6286
vn 0.6853 -0.0103 -0.7282
vn 0.7393 -0.0313 -0.6726
vn 0.7782 -0.1028 -0.6195
vn 0.7959 -0.1647 -0.5826
vn 0.4941 0.2036 -0.8453
vn 0.5076 0.2027 -0.8374
vn 0.4624 0.3363 -0.8204
vn 0.4697 0.3355 -0.8166
vn 0.4732 0.3301 -0.8168
vn 0.5188 0.1965 -0.8320
vn 0.3751 0.5768 -0.7257
vn 0.3792 0.5762 -0.7241
vn 0.2190 0.8253 -0.5205
vn 0.2210 0.8253 -0.5196
vn 0.2167 0.8233 -0.5247
vn 0.3773 0.5711 -0.7290
vn 0.3774 0.5620 -0.7360
vn 0.4764 0.3200 -0.8189
vn 0.2144 0.8194 -0.5316
vn 0.2219 0.8158 -0.5340
vn 0.3871 0.5532 -0.7377
vn 0.4841 0.3087 -0.8187
vn 0.5285 0.1850 -0.8286
vn 0.5389 0.1694 -0.8252
vn 0.5546 0.1513 -0.8183
vn 0.4975 0.2996 -0.8141
vn 0.5183 0.2938 -0.8032
vn 0.5813 0.1320 -0.8029
vn 0.4023 0.5479 -0.7335
vn 0.2319 0.8125 -0.5348
vn 0.2336 0.8079 -0.5411
vn 0.4168 0.5472 -0.7258
vn 0.4245 0.5473 -0.7213
vn 0.5474 0.2873 -0.7860
vn 0.2148 0.7962 -0.5657
vn 0.6225 0.1117 -0.7746
vn 0.6808 0.0865 -0.7273
vn 0.6440 -0.0992 -0.7586
vn 0.6314 -0.1136 -0.7671
vn 0.7739 -0.1866 -0.6052
vn 0.7810 -0.1834 -0.5970
vn 0.6126 -0.1148 -0.7820
vn 0.7664 -0.1806 -0.6164
vn 0.8739 -0.2228 -0.4319
vn 0.8723 -0.2433 -0.4241
vn 0.8729 -0.2564 -0.4151
vn 0.5840 -0.1077 -0.8046
vn 0.7562 -0.1638 -0.6335
vn 0.5495 -0.0989 -0.8296
vn 0.7415 -0.1359 -0.6571
vn 0.8773 -0.1484 -0.4565
vn 0.8765 -0.1919 -0.4416
vn 0.9539 -0.1983 -0.2254
vn 0.9435 -0.2480 -0.2199
vn 0.9628 -0.1377 -0.2325
vn 0.9939 -0.1103 0.0068
vn 0.9820 -0.1887 0.0122
vn 0.9659 -0.2582 0.0178
vn 0.9335 -0.2883 -0.2130
vn 0.9251 -0.3212 -0.2025
vn 0.9475 -0.3187 0.0250
vn 0.9280 -0.3708 0.0355
vn 0.6227 0.1682 -0.7642
vn 0.6346 0.0892 -0.7676
vn 0.8161 -0.0699 -0.5736
vn 0.8265 -0.0008 -0.5629
vn 0.6523 0.0421 -0.7568
vn 0.8132 -0.1109 -0.5714
vn 0.9010 -0.2584 -0.3484
vn 0.9128 -0.2266 -0.3398
vn 0.9310 -0.1718 -0.3221
vn 0.6659 0.0155 -0.7459
vn 0.8121 -0.1309 -0.5687
vn 0.6723 -0.0021 -0.7403
vn 0.8103 -0.1390 -0.5693
vn 0.8905 -0.2693 -0.3667
vn 0.8939 -0.2712 -0.3568
vn 0.9118 -0.3923 -0.1213
vn 0.9183 -0.3803 -0.1103
vn 0.9122 -0.3869 -0.1350
vn 0.8758 -0.4718 0.1021
vn 0.8746 -0.4719 0.1109
vn 0.8834 -0.4544 0.1141
vn 0.9303 -0.3526 -0.1007
vn 0.9477 -0.3073 -0.0863
vn 0.8970 -0.4271 0.1141
vn 0.9133 -0.3898 0.1179
vn 0.4585 -0.0164 -0.8886
vn 0.4338 0.0232 -0.9007
vn 0.5797 0.0557 -0.8129
vn 0.6299 0.0242 -0.7763
vn 0.3958 0.0827 -0.9146
vn 0.5031 0.0968 -0.8588
vn 0.6996 0.1304 -0.7025
vn 0.7654 0.0989 -0.6359
vn 0.8078 0.0715 -0.5851
vn 0.3380 0.1807 -0.9236
vn 0.3810 0.1398 -0.9139
vn 0.1446 0.3380 -0.9300
vn 0.2226 0.1779 -0.9585
vn 0.5238 0.1673 -0.8352
vn 0.6135 0.1547 -0.7744
vn 0.8285 0.2219 -0.5142
vn 0.8761 0.1879 -0.4439
vn 0.7777 0.2563 -0.5741
vn 0.8908 0.3661 -0.2692
vn 0.9289 0.2998 -0.2176
vn 0.9550 0.2480 -0.1624
vn 0.9117 0.1544 -0.3808
vn 0.9341 0.1259 -0.3341
vn 0.9715 0.2076 -0.1141
vn 0.9815 0.1757 -0.0767
vn -0.4370 -0.1851 -0.8802
vn -0.4383 -0.2153 -0.8726
vn -0.1167 -0.1776 -0.9772
vn -0.1212 -0.1705 -0.9779
vn -0.4351 -0.2453 -0.8663
vn -0.1062 -0.1809 -0.9777
vn 0.1582 -0.0753 -0.9845
vn 0.1356 -0.1064 -0.9850
vn 0.1211 -0.1249 -0.9848
vn -0.4287 -0.2789 -0.8593
vn -0.0877 -0.1925 -0.9774
vn -0.4249 -0.3159 -0.8483
vn -0.0667 -0.2211 -0.9730
vn 0.2591 -0.0278 -0.9655
vn 0.1995 -0.0454 -0.9789
vn 0.3526 0.1205 -0.9280
vn 0.3183 0.0297 -0.9475
vn 0.4100 0.2409 -0.8797
vn 0.3072 -0.0295 -0.9512
vn 0.2990 -0.0672 -0.9519
vn -0.3632 0.5645 -0.7412
vn -0.3702 0.5447 -0.7525
vn -0.1495 0.4634 -0.8734
vn -0.1616 0.4891 -0.8571
vn -0.3685 0.5302 -0.7636
vn -0.1272 0.4474 -0.8853
vn 0.1573 0.3281 -0.9315
vn 0.1191 0.3546 -0.9274
vn 0.0893 0.4001 -0.9121
vn -0.3652 0.5143 -0.7760
vn -0.1055 0.4294 -0.8969
vn -0.3641 0.4954 -0.7887
vn -0.0892 0.4081 -0.9086
vn 0.2117 0.2823 -0.9357
vn 0.1898 0.3058 -0.9330
vn 0.4565 0.1628 -0.8747
vn 0.4282 0.1895 -0.8836
vn 0.4728 0.1403 -0.8699
vn 0.3916 0.2306 -0.8908
vn 0.3600 0.3000 -0.8834
vn -0.4352 0.2530 -0.8641
vn -0.4418 0.1899 -0.8768
vn -0.1159 0.1415 -0.9831
vn -0.1140 0.1876 -0.9756
vn -0.4398 0.1387 -0.8873
vn -0.1147 0.1130 -0.9870
vn 0.1765 0.0539 -0.9828
vn 0.1905 0.0647 -0.9796
vn 0.1992 0.0963 -0.9752
vn -0.4346 0.0873 -0.8964
vn -0.1160 0.0806 -0.9900
vn -0.4308 0.0243 -0.9021
vn -0.1212 0.0224 -0.9924
vn 0.1249 -0.0011 -0.9922
vn 0.1525 0.0401 -0.9875
vn 0.3750 -0.0305 -0.9265
vn 0.4133 -0.0292 -0.9101
vn 0.3320 -0.0467 -0.9421
vn 0.4374 -0.0256 -0.8989
vn 0.4518 -0.0034 -0.8921
vn -0.4372 -0.3295 -0.8368
vn -0.0711 -0.2287 -0.9709
vn -0.4744 -0.2751 -0.8362
vn -0.1254 -0.1461 -0.9813
vn 0.2385 0.1194 -0.9638
vn 0.2912 0.0084 -0.9566
vn -0.5268 -0.1098 -0.8428
vn -0.2289 0.0731 -0.9707
vn -0.5799 0.1316 -0.8040
vn -0.3843 0.3536 -0.8528
vn -0.1562 0.5833 -0.7971
vn 0.0765 0.3372 -0.9383
vn 0.3340 0.6103 -0.7183
vn 0.4846 0.4690 -0.7384
vn 0.0786 0.7707 -0.6323
vn 0.2520 0.8809 -0.4005
vn 0.4368 0.8112 -0.3888
vn 0.5178 0.7564 -0.3997
vn 0.4772 0.3599 -0.8017
vn 0.4343 0.7207 -0.5404
vn -0.3478 0.2637 -0.8997
vn 0.0552 0.1731 -0.9834
vn -0.4780 0.1401 -0.8671
vn -0.0757 0.1499 -0.9858
vn 0.3608 0.2292 -0.9040
vn 0.4432 0.1837 -0.8774
vn -0.5197 0.1666 -0.8380
vn -0.1751 0.2467 -0.9532
vn -0.5495 0.2892 -0.7838
vn -0.3347 0.4354 -0.8357
vn -0.0713 0.5944 -0.8010
vn 0.2013 0.3788 -0.9033
vn 0.5085 0.5176 -0.6882
vn 0.6701 0.3689 -0.6441
vn 0.2077 0.7246 -0.6572
vn 0.4127 0.8057 -0.4248
vn 0.6514 0.6580 -0.3778
vn 0.7820 0.5311 -0.3261
vn 0.7299 0.3009 -0.6138
vn 0.8422 0.4446 -0.3051
vn -0.4292 -0.0437 -0.9022
vn -0.1251 -0.0492 -0.9909
vn -0.4303 -0.1031 -0.8968
vn -0.1255 -0.1102 -0.9859
vn 0.1028 -0.1012 -0.9895
vn 0.1066 -0.0563 -0.9927
vn -0.4334 -0.1494 -0.8887
vn -0.1237 -0.1507 -0.9808
vn 0.1096 -0.1247 -0.9861
vn 0.2907 -0.0853 -0.9530
vn 0.2885 -0.0857 -0.9536
vn 0.4751 -0.0444 -0.8788
vn 0.4929 -0.0687 -0.8674
vn 0.3009 -0.0705 -0.9510
vn 0.5174 -0.0873 -0.8513
vn 0.7211 -0.0977 -0.6859
vn 0.6956 -0.0511 -0.7166
vn 0.8595 -0.0248 -0.5105
vn 0.8727 -0.0920 -0.4795
vn 0.6655 -0.0075 -0.7463
vn 0.8371 0.0348 -0.5459
vn 0.9507 0.0847 -0.2983
vn 0.9634 0.0150 -0.2678
vn 0.9902 0.1322 -0.0456
vn 0.9980 0.0605 -0.0191
vn 0.9672 -0.0658 -0.2454
vn 0.9997 -0.0259 -0.0018
vn -0.3732 0.4623 -0.8044
vn -0.0856 0.3747 -0.9232
vn -0.3954 0.4030 -0.8254
vn -0.0954 0.3191 -0.9429
vn 0.2150 0.2026 -0.9554
vn 0.2195 0.2504 -0.9429
vn -0.4192 0.3271 -0.8469
vn -0.1073 0.2505 -0.9622
vn 0.2067 0.1461 -0.9674
vn 0.4625 0.0339 -0.8860
vn 0.4720 0.0765 -0.8783
vn 0.6548 -0.0746 -0.7521
vn 0.6649 -0.0458 -0.7455
vn 0.4772 0.1136 -0.8714
vn 0.6718 -0.0203 -0.7405
vn 0.8063 -0.1456 -0.5733
vn 0.7987 -0.1582 -0.5805
vn 0.8824 -0.2626 -0.3905
vn 0.8877 -0.2635 -0.3777
vn 0.7894 -0.1730 -0.5890
vn 0.8764 -0.2625 -0.4036
vn 0.9195 -0.3454 -0.1876
vn 0.9172 -0.3606 -0.1694
vn 0.9099 -0.4118 0.0502
vn 0.8955 -0.4398 0.0686
vn 0.9154 -0.3731 -0.1511
vn 0.8842 -0.4589 0.0874
vn -0.0818 0.7805 -0.6198
vn 0.1820 0.7496 -0.6364
vn -0.2248 0.7091 -0.6683
vn 0.0240 0.6986 -0.7151
vn 0.2541 0.6504 -0.7158
vn 0.3751 0.6903 -0.6186
vn -0.3240 0.6201 -0.7145
vn -0.1169 0.5732 -0.8110
vn 0.1247 0.5099 -0.8512
vn 0.3813 0.4253 -0.8208
vn 0.4752 0.5653 -0.6743
vn 0.6468 0.2893 -0.7056
vn 0.7169 0.4105 -0.5636
vn 0.5659 0.6062 -0.5588
vn 0.7797 0.4480 -0.4374
vn 0.9342 0.2250 -0.2768
vn 0.9016 0.1957 -0.3857
vn 0.9814 0.0063 -0.1921
vn 0.9902 0.0526 -0.1297
vn 0.8563 0.0997 -0.5068
vn 0.9574 -0.0858 -0.2756
vn 0.9733 -0.2233 -0.0537
vn 0.9931 -0.1173 -0.0024
vn 0.9401 -0.3109 0.1395
vn 0.9642 -0.1977 0.1769
vn 0.9985 -0.0486 0.0270
vn 0.9999 -0.0127 0.0013
vn 0.9733 -0.1137 0.1996
vn 0.9801 -0.0519 0.1916
vn -0.1435 0.4248 0.8938
vn 0.0818 0.3284 0.9410
vn -0.0940 0.4756 0.8746
vn -0.2782 0.5718 0.7718
vn 0.1977 0.2607 0.9450
vn 0.0585 0.4073 0.9114
vn -0.0408 0.5795 0.8140
vn -0.1908 0.6739 0.7138
vn -0.3208 0.7542 0.5729
vn -0.3938 0.5213 0.7571
vn -0.3300 0.4863 0.8091
vn -0.4059 0.6554 0.6370
vn -0.4050 0.7193 0.5645
vn -0.4014 0.8218 0.4043
vn -0.3673 0.9113 0.1860
vn -0.5258 0.1284 0.8408
vn -0.5326 0.1267 0.8368
vn -0.5323 0.1969 0.8233
vn -0.5300 0.1966 0.8249
vn -0.5515 0.1374 0.8228
vn -0.5353 0.2017 0.8202
vn -0.5196 0.2950 0.8019
vn -0.5230 0.2887 0.8020
vn -0.5243 0.2847 0.8025
vn -0.5298 0.1312 0.8379
vn -0.5285 0.1305 0.8388
vn -0.5303 0.1972 0.8245
vn -0.5299 0.1974 0.8248
vn -0.5256 0.2824 0.8025
vn -0.5266 0.2816 0.8021
vn -0.5118 0.3816 0.7697
vn -0.5176 0.3797 0.7668
vn -0.5066 0.3861 0.7709
vn -0.4754 0.5155 0.7129
vn -0.4838 0.5128 0.7092
vn -0.4950 0.5106 0.7030
vn -0.5016 0.3923 0.7710
vn -0.4954 0.4000 0.7711
vn -0.4622 0.5206 0.7179
vn -0.4690 0.5178 0.7154
vn -0.3895 0.7439 0.5431
vn -0.3926 0.7465 0.5372
vn -0.3847 0.7407 0.5508
vn -0.2194 0.9523 0.2120
vn -0.2194 0.9542 0.2035
vn -0.2180 0.9556 0.1983
vn -0.3996 0.7468 0.5316
vn -0.4133 0.7451 0.5234
vn -0.2209 0.9558 0.1938
vn -0.2319 0.9546 0.1869
vn -0.5042 0.3034 0.8085
vn -0.4822 0.4083 0.7751
vn -0.4685 0.3108 0.8270
vn -0.4564 0.4149 0.7871
vn -0.4307 0.5311 0.7296
vn -0.4504 0.5251 0.7221
vn -0.4166 0.3133 0.8534
vn -0.4200 0.4160 0.8065
vn -0.3533 0.3091 0.8830
vn -0.3723 0.4065 0.8343
vn -0.4102 0.5340 0.7393
vn -0.3616 0.7389 0.5686
vn -0.3616 0.7394 0.5679
vn -0.2662 0.9365 0.2282
vn -0.2265 0.9462 0.2311
vn -0.3750 0.7388 0.5600
vn -0.2195 0.9499 0.2227
vn -0.4408 0.1820 0.8790
vn -0.2517 0.0867 0.9639
vn -0.2581 0.0887 0.9620
vn -0.4516 0.1729 0.8753
vn -0.0598 -0.0105 0.9982
vn -0.0616 0.0078 0.9981
vn -0.0606 0.0329 0.9976
vn -0.2663 0.0997 0.9587
vn -0.4693 0.1765 0.8652
vn 0.1456 -0.1141 0.9828
vn 0.1492 -0.0758 0.9859
vn 0.3556 -0.2178 0.9089
vn 0.3667 -0.1603 0.9164
vn 0.3814 -0.0960 0.9194
vn 0.1577 -0.0314 0.9870
vn 0.1688 0.0212 0.9854
vn -0.0596 0.0680 0.9959
vn 0.3980 -0.0244 0.9171
vn 0.4146 0.0543 0.9084
vn 0.1792 0.0837 0.9802
vn -0.0625 0.1157 0.9913
vn -0.2797 0.1216 0.9524
vn -0.4971 0.1878 0.8471
vn -0.2995 0.1547 0.9415
vn -0.5297 0.1999 0.8243
vn -0.4776 0.3758 0.7941
vn -0.2484 0.2082 0.9460
vn -0.2597 0.1483 0.9542
vn -0.4773 0.3096 0.8224
vn -0.0101 0.0176 0.9998
vn -0.0295 -0.0304 0.9991
vn -0.0348 -0.0553 0.9979
vn -0.2525 0.1160 0.9606
vn -0.4574 0.2743 0.8459
vn 0.2056 -0.1533 0.9666
vn 0.1874 -0.1945 0.9628
vn 0.3836 -0.2768 0.8811
vn 0.3730 -0.3133 0.8733
vn 0.3686 -0.3394 0.8654
vn 0.1787 -0.2173 0.9596
vn 0.1725 -0.2230 0.9594
vn -0.0362 -0.0606 0.9975
vn 0.3642 -0.3540 0.8614
vn 0.3614 -0.3487 0.8647
vn 0.1688 -0.2101 0.9630
vn -0.0365 -0.0510 0.9980
vn -0.2420 0.1043 0.9646
vn -0.4366 0.2583 0.8618
vn -0.2344 0.1041 0.9665
vn -0.4227 0.2500 0.8711
vn -0.5994 0.2877 0.7470
vn -0.4183 0.3282 0.8469
vn -0.4654 0.3611 0.8081
vn -0.6128 0.3263 0.7197
vn -0.1635 0.3546 0.9206
vn -0.2203 0.3888 0.8946
vn -0.3006 0.4268 0.8529
vn -0.5306 0.4007 0.7469
vn -0.6303 0.3818 0.6760
vn 0.1300 0.3626 0.9228
vn 0.0855 0.4015 0.9119
vn 0.4043 0.3502 0.8449
vn 0.3753 0.3928 0.8396
vn 0.3317 0.4443 0.8322
vn 0.0211 0.4465 0.8945
vn -0.0563 0.4905 0.8696
vn -0.3962 0.4550 0.7975
vn 0.2761 0.5052 0.8176
vn 0.2196 0.5756 0.7877
vn -0.1269 0.5307 0.8380
vn -0.4865 0.4682 0.7376
vn -0.6239 0.4366 0.6482
vn -0.6458 0.4697 0.6019
vn -0.7250 0.4583 0.5141
vn -0.7071 0.5905 0.3890
vn -0.9997 -0.0242 -0.0059
vn -0.9493 0.0651 0.3074
vn -0.9481 0.0606 0.3121
vn -0.9986 -0.0531 -0.0026
vn -0.8460 0.1497 0.5118
vn -0.8370 0.1712 0.5197
vn -0.8222 0.2053 0.5309
vn -0.9451 0.0598 0.3212
vn -0.9966 -0.0827 0.0053
vn -0.7324 0.2268 0.6419
vn -0.7215 0.2656 0.6395
vn -0.7031 0.3245 0.6327
vn -0.6556 0.4136 0.6318
vn -0.7954 0.2397 0.5566
vn -0.5674 0.5278 0.6321
vn -0.7566 0.2632 0.5986
vn -0.9394 0.0514 0.3388
vn -0.9931 -0.1159 0.0161
vn -0.9323 0.0266 0.3607
vn -0.9880 -0.1529 0.0231
vn -0.7365 0.6469 -0.1977
vn -0.7852 0.6170 0.0519
vn -0.7972 0.5992 0.0733
vn -0.7524 0.6294 -0.1946
vn -0.7605 0.5639 0.3218
vn -0.7654 0.5320 0.3622
vn -0.7537 0.5197 0.4024
vn -0.7988 0.5932 0.1002
vn -0.7629 0.6194 -0.1850
vn -0.6554 0.4903 0.5746
vn -0.6530 0.4361 0.6192
vn -0.6315 0.4098 0.6583
vn -0.6093 0.3962 0.6869
vn -0.7407 0.5109 0.4363
vn -0.5950 0.3848 0.7056
vn -0.7329 0.4992 0.4622
vn -0.8004 0.5857 0.1275
vn -0.7741 0.6089 -0.1730
vn -0.8045 0.5743 0.1514
vn -0.7869 0.5955 -0.1619
vn -0.9182 0.3751 -0.1275
vn -0.8972 0.3863 0.2140
vn -0.9098 0.3467 0.2282
vn -0.9416 0.3181 -0.1108
vn -0.7846 0.3474 0.5136
vn -0.7938 0.3211 0.5165
vn -0.8017 0.3132 0.5091
vn -0.9156 0.3233 0.2392
vn -0.9578 0.2729 -0.0906
vn -0.6239 0.2732 0.7322
vn -0.6355 0.2560 0.7284
vn -0.6529 0.2556 0.7130
vn -0.6809 0.2558 0.6863
vn -0.8158 0.3005 0.4942
vn -0.7127 0.2402 0.6590
vn -0.8358 0.2607 0.4832
vn -0.9226 0.2951 0.2486
vn -0.9713 0.2277 -0.0685
vn -0.9346 0.2415 0.2612
vn -0.9842 0.1710 -0.0461
vn -0.9348 0.0179 0.3547
vn -0.9854 -0.1701 0.0088
vn -0.7310 0.3007 0.6125
vn -0.7430 0.4002 0.5365
vn -0.9542 0.0897 0.2854
vn -0.9913 -0.1248 -0.0417
vn -0.4482 0.6343 0.6299
vn -0.1643 0.9056 0.3909
vn 0.0077 0.9167 0.3995
vn -0.1346 0.8463 0.5154
vn -0.5653 0.5614 0.6044
vn -0.3904 0.8314 0.3953
vn -0.7518 0.5776 0.3181
vn -0.0068 0.9526 0.3041
vn -0.0833 0.9892 0.1204
vn -0.3910 0.9167 0.0822
vn -0.6742 0.7383 -0.0166
vn -0.9513 0.2814 0.1261
vn -0.9907 0.0261 -0.1337
vn -0.8585 0.4945 -0.1359
vn -0.9342 0.2388 -0.2651
vn -0.8194 0.4322 0.3766
vn -0.9035 0.4271 -0.0366
vn -0.5558 0.4820 0.6773
vn -0.6068 0.5191 0.6019
vn -0.8811 0.3894 0.2684
vn -0.9512 0.2802 -0.1292
vn -0.1760 0.5757 0.7985
vn 0.1763 0.6512 0.7381
vn 0.1452 0.7282 0.6698
vn -0.2169 0.6384 0.7385
vn -0.2997 0.7640 0.5714
vn -0.6490 0.6348 0.4193
vn 0.0646 0.8395 0.5395
vn -0.0550 0.9506 0.3054
vn -0.3658 0.9004 0.2355
vn -0.6379 0.7660 0.0793
vn -0.8782 0.4569 0.1416
vn -0.9388 0.2912 -0.1841
vn -0.8102 0.5782 -0.0965
vn -0.8823 0.3889 -0.2651
vn -0.9449 0.1748 0.2769
vn -0.9937 0.1085 -0.0268
vn -0.8508 0.2077 0.4826
vn -0.8554 0.1661 0.4906
vn -0.9493 0.1182 0.2913
vn -0.9985 0.0530 -0.0146
vn -0.7354 0.2174 0.6418
vn -0.5582 0.2139 0.8016
vn -0.5778 0.2341 0.7819
vn -0.7436 0.2039 0.6367
vn -0.7408 0.2066 0.6391
vn -0.8524 0.1463 0.5020
vn -0.5898 0.2593 0.7648
vn -0.9499 0.0817 0.3017
vn -0.9999 0.0094 -0.0084
vn -0.3251 0.1977 0.9248
vn -0.0735 0.1767 0.9815
vn -0.0940 0.2482 0.9641
vn -0.3535 0.2480 0.9020
vn 0.1840 0.1573 0.9703
vn 0.4274 0.1380 0.8935
vn 0.4309 0.2243 0.8741
vn 0.1783 0.2403 0.9542
vn 0.1598 0.3139 0.9359
vn -0.1237 0.3123 0.9419
vn 0.4226 0.2991 0.8556
vn -0.3835 0.2943 0.8754
vn -0.8182 0.5496 0.1687
vn -0.8089 0.5673 -0.1546
vn -0.7363 0.4773 0.4796
vn -0.7520 0.4384 0.4923
vn -0.8455 0.5019 0.1823
vn -0.8452 0.5131 -0.1495
vn -0.5923 0.3677 0.7169
vn -0.4182 0.2403 0.8760
vn -0.4228 0.2226 0.8785
vn -0.6004 0.3391 0.7242
vn -0.6126 0.3041 0.7296
vn -0.7705 0.3901 0.5041
vn -0.4316 0.2006 0.8795
vn -0.8753 0.4414 0.1976
vn -0.8854 0.4429 -0.1409
vn -0.2321 0.1051 0.9670
vn -0.0385 -0.0377 0.9985
vn -0.0453 -0.0296 0.9985
vn -0.2367 0.0995 0.9665
vn 0.1645 -0.1885 0.9682
vn 0.3581 -0.3288 0.8739
vn 0.3530 -0.3016 0.8857
vn 0.1563 -0.1680 0.9733
vn 0.1482 -0.1450 0.9783
vn -0.0540 -0.0226 0.9983
vn 0.3507 -0.2657 0.8980
vn -0.2445 0.0913 0.9653
vn -0.3918 0.8913 0.2282
vn -0.4654 0.8840 -0.0430
vn -0.3256 0.8488 0.4165
vn -0.4778 0.8083 0.3440
vn -0.5421 0.8323 0.1158
vn -0.5821 0.8008 -0.1410
vn -0.2302 0.7770 0.5859
vn -0.0776 0.6271 0.7750
vn -0.2327 0.5972 0.7676
vn -0.3869 0.7395 0.5508
vn -0.5798 0.6044 0.5464
vn -0.6785 0.6671 0.3076
vn -0.4076 0.4852 0.7736
vn -0.7116 0.7004 0.0548
vn -0.6840 0.7049 -0.1878
vn 0.0858 0.4032 0.9111
vn 0.2192 0.2266 0.9490
vn 0.1474 0.1797 0.9726
vn -0.0384 0.3822 0.9233
vn 0.3576 0.1701 0.9183
vn 0.3702 0.1087 0.9226
vn 0.5497 0.0842 0.8311
vn 0.5353 0.0032 0.8446
vn 0.4924 -0.0880 0.8659
vn 0.3269 0.0304 0.9446
vn 0.2537 -0.0737 0.9645
vn 0.0475 0.0956 0.9943
vn 0.4257 -0.1999 0.8825
vn -0.1811 0.2980 0.9372
vn 0.8047 -0.5048 0.3125
vn 0.7971 -0.5116 0.3207
vn 0.8214 -0.4839 0.3019
vn 0.6938 -0.4763 0.5402
vn 0.6805 -0.4989 0.5367
vn 0.6774 -0.5036 0.5363
vn 0.8452 -0.4476 0.2920
vn 0.8737 -0.3945 0.2847
vn 0.7445 -0.3757 0.5519
vn 0.7160 -0.4351 0.5459
vn 0.5381 -0.3670 0.7588
vn 0.5284 -0.4089 0.7440
vn 0.5550 -0.3089 0.7723
vn 0.5253 -0.4353 0.7312
vn 0.5261 -0.4464 0.7238
vn 0.8136 0.5811 -0.0183
vn 0.8802 0.4736 0.0303
vn 0.7269 0.6843 -0.0575
vn 0.5800 0.7865 0.2121
vn 0.6716 0.6821 0.2893
vn 0.7454 0.5638 0.3556
vn 0.5854 0.8023 -0.1165
vn 0.3018 0.9120 -0.2778
vn 0.1709 0.9815 -0.0867
vn 0.4384 0.8931 0.1014
vn 0.2940 0.8933 0.3399
vn 0.3880 0.7905 0.4739
vn 0.0464 0.9916 0.1209
vn 0.4449 0.6971 0.5622
vn 0.5038 0.5931 0.6280
vn -0.6919 -0.1188 -0.7121
vn -0.6957 -0.1627 -0.6997
vn -0.6877 -0.0758 -0.7220
vn -0.8431 -0.0426 -0.5360
vn -0.8444 -0.0830 -0.5293
vn -0.8443 -0.1290 -0.5200
vn -0.6850 -0.0294 -0.7279
vn -0.6846 0.0224 -0.7285
vn -0.8371 0.0386 -0.5457
vn -0.8409 -0.0036 -0.5412
vn -0.9451 0.0396 -0.3244
vn -0.9481 -0.0051 -0.3179
vn -0.9377 0.0881 -0.3362
vn -0.9481 -0.0473 -0.3145
vn -0.9461 -0.0906 -0.3109
vn -0.6874 -0.2975 -0.6626
vn -0.6830 -0.3306 -0.6513
vn -0.6934 -0.2541 -0.6742
vn -0.8378 -0.2307 -0.4949
vn -0.8313 -0.2769 -0.4819
vn -0.8255 -0.3080 -0.4729
vn -0.6966 -0.2078 -0.6867
vn -0.8423 -0.1790 -0.5084
vn -0.9429 -0.1356 -0.3042
vn -0.9385 -0.1824 -0.2932
vn -0.9327 -0.2262 -0.2810
vn -0.9260 -0.2598 -0.2738
vn 0.9527 0.2614 0.1553
vn 0.9573 0.2240 0.1827
vn 0.9428 0.3105 0.1212
vn 0.8210 0.3767 0.4289
vn 0.8348 0.3208 0.4475
vn 0.8415 0.2783 0.4631
vn 0.9219 0.3792 0.0795
vn 0.7944 0.4555 0.4017
vn 0.5570 0.4963 0.6658
vn 0.5972 0.4222 0.6820
vn 0.6243 0.3663 0.6899
vn 0.6405 0.3223 0.6971
vn 0.9685 0.0209 0.2482
vn 0.9631 -0.0728 0.2592
vn 0.9669 0.1083 0.2312
vn 0.8489 0.1601 0.5037
vn 0.8482 0.0729 0.5247
vn 0.8404 -0.0248 0.5414
vn 0.9617 0.1785 0.2079
vn 0.8457 0.2301 0.4814
vn 0.6495 0.2720 0.7101
vn 0.6523 0.2003 0.7310
vn 0.6472 0.1138 0.7538
vn 0.6347 0.0212 0.7724
vn -0.4619 0.6517 -0.6016
vn -0.4946 0.6141 -0.6150
vn -0.4055 0.7051 -0.5817
vn -0.5081 0.7174 -0.4767
vn -0.5501 0.6745 -0.4923
vn -0.5798 0.6410 -0.5030
vn -0.3009 0.7799 -0.5488
vn -0.1398 0.8596 -0.4914
vn -0.2734 0.8891 -0.3670
vn -0.4251 0.7903 -0.4412
vn -0.4795 0.8304 -0.2837
vn -0.5673 0.7491 -0.3422
vn -0.3399 0.9227 -0.1820
vn -0.6217 0.6919 -0.3670
vn -0.6567 0.6521 -0.3789
vn -0.1050 0.8806 -0.4621
vn 0.1724 0.9477 -0.2686
vn -0.3362 0.7228 -0.6037
vn -0.4458 0.7736 -0.4504
vn -0.1919 0.9287 -0.3172
vn 0.0948 0.9852 -0.1428
vn -0.5454 0.5004 -0.6724
vn -0.7090 0.1685 -0.6848
vn -0.8027 0.1957 -0.5633
vn -0.6536 0.5342 -0.5362
vn -0.7348 0.5595 -0.3835
vn -0.5462 0.7874 -0.2859
vn -0.8756 0.2197 -0.4301
vn -0.2937 0.9396 -0.1759
vn 0.0104 0.9998 -0.0181
vn 0.8191 -0.3589 0.4476
vn 0.8782 -0.2483 0.4089
vn 0.8332 -0.2086 0.5122
vn 0.7813 -0.3500 0.5167
vn 0.9173 -0.1269 0.3774
vn 0.8664 -0.1094 0.4873
vn 0.8188 -0.1033 0.5647
vn 0.7932 -0.2004 0.5751
vn 0.7454 -0.3351 0.5763
vn 0.9494 -0.0320 0.3123
vn 0.9623 -0.0331 0.2698
vn 0.9094 -0.0534 0.4124
vn 0.8979 -0.0433 0.4380
vn 0.9165 -0.0950 0.3887
vn 0.8257 -0.0956 0.5559
vn 0.8322 -0.0522 0.5521
vn 0.8332 -0.0386 0.5516
vn 0.7386 0.0012 0.6741
vn 0.7587 0.0002 0.6514
vn 0.7105 -0.0335 0.7029
vn 0.6324 0.0800 0.7705
vn 0.6716 0.0611 0.7384
vn 0.7519 -0.1808 0.6340
vn 0.7043 -0.3173 0.6351
vn 0.7683 -0.0823 0.6348
vn 0.6901 -0.0590 0.7213
vn 0.6693 -0.1749 0.7221
vn 0.6538 -0.2889 0.6994
vn 0.8327 -0.4532 0.3181
vn 0.8479 -0.4261 0.3156
vn 0.8161 -0.4794 0.3229
vn 0.6986 -0.4649 0.5439
vn 0.7115 -0.4395 0.5483
vn 0.7219 -0.4175 0.5519
vn 0.8013 -0.5028 0.3242
vn 0.6844 -0.4910 0.5390
vn 0.5304 -0.4398 0.7248
vn 0.5371 -0.4164 0.7336
vn 0.5416 -0.3889 0.7452
vn 0.5476 -0.3605 0.7551
vn -0.7373 -0.1412 -0.6606
vn -0.7075 -0.2883 -0.6453
vn -0.8326 -0.2615 -0.4883
vn -0.8430 -0.1095 -0.5266
vn -0.6878 -0.3368 -0.6431
vn -0.8247 -0.3108 -0.4726
vn -0.9215 -0.2680 -0.2812
vn -0.9229 -0.2243 -0.3129
vn -0.9226 -0.0854 -0.3761
vn -0.5316 0.5580 -0.6372
vn -0.5416 0.5392 -0.6449
vn -0.5236 0.5736 -0.6299
vn -0.6156 0.5963 -0.5152
vn -0.6271 0.5810 -0.5188
vn -0.6406 0.5621 -0.5232
vn -0.5130 0.5909 -0.6226
vn -0.6012 0.6148 -0.5105
vn -0.6758 0.6286 -0.3848
vn -0.6899 0.6126 -0.3857
vn -0.7025 0.5986 -0.3850
vn -0.7168 0.5814 -0.3850
vn 0.2593 0.8559 -0.4475
vn 0.2895 0.9154 -0.2796
vn 0.1713 0.9078 -0.3828
vn 0.4273 0.8924 -0.1449
vn 0.3279 0.9446 0.0182
vn 0.1554 0.9829 -0.0985
vn -0.0075 0.9799 -0.1994
vn 0.3813 0.9129 -0.1455
vn 0.2909 0.9567 -0.0095
vn 0.2044 0.9697 0.1338
vn 0.2191 0.9585 0.1822
vn 0.0404 0.9935 0.1064
vn -0.1061 0.9933 0.0468
vn -0.1339 0.9778 0.1611
vn 0.9133 -0.1617 0.3740
vn 0.9006 -0.2533 0.3533
vn 0.7856 -0.2587 0.5620
vn 0.8118 -0.1644 0.5603
vn 0.8733 -0.3605 0.3277
vn 0.7479 -0.3599 0.5578
vn 0.5806 -0.2956 0.7586
vn 0.6372 -0.1911 0.7467
vn 0.6806 -0.1004 0.7257
vn 0.0014 0.9139 -0.4060
vn 0.0562 0.9319 -0.3584
vn -0.0414 0.9700 -0.2395
vn -0.1214 0.9509 -0.2846
vn 0.0750 0.9380 -0.3383
vn 0.0790 0.9402 -0.3314
vn 0.0049 0.9766 -0.2148
vn -0.0085 0.9751 -0.2215
vn -0.0799 0.9939 -0.0767
vn -0.1086 0.9909 -0.0801
vn -0.0687 0.9946 -0.0783
vn -0.1825 0.9778 -0.1028
vn 0.0796 0.9408 -0.3294
vn 0.0837 0.9414 -0.3267
vn 0.0144 0.9771 -0.2122
vn 0.0105 0.9770 -0.2130
vn 0.0871 0.9417 -0.3249
vn 0.0853 0.9415 -0.3260
vn 0.0125 0.9766 -0.2147
vn 0.0156 0.9770 -0.2125
vn -0.0617 0.9946 -0.0835
vn -0.0612 0.9948 -0.0816
vn -0.0678 0.9938 -0.0877
vn -0.0642 0.9947 -0.0805
vn -0.6275 0.3652 -0.6877
vn -0.6552 0.2840 -0.7001
vn -0.5927 0.4442 -0.6718
vn -0.6996 0.4666 -0.5412
vn -0.7396 0.3870 -0.5506
vn -0.7737 0.3042 -0.5557
vn -0.5608 0.5051 -0.6561
vn -0.6634 0.5276 -0.5306
vn -0.7406 0.5489 -0.3876
vn -0.7785 0.4900 -0.3923
vn -0.8208 0.4133 -0.3944
vn -0.8572 0.3350 -0.3912
vn -0.0411 0.8695 -0.4922
vn -0.3042 0.7203 -0.6234
vn -0.4505 0.7755 -0.4422
vn -0.1745 0.9383 -0.2985
vn -0.5133 0.5368 -0.6696
vn -0.6638 0.3217 -0.6752
vn -0.7585 0.3451 -0.5528
vn -0.6388 0.5664 -0.5207
vn -0.7219 0.5996 -0.3453
vn -0.5580 0.7975 -0.2292
vn -0.8300 0.3712 -0.4163
vn -0.3010 0.9496 -0.0882
vn -0.6849 0.0790 -0.7244
vn -0.6823 0.1410 -0.7173
vn -0.8181 0.1531 -0.5543
vn -0.8302 0.0894 -0.5502
vn -0.6734 0.2087 -0.7093
vn -0.7996 0.2255 -0.5566
vn -0.8857 0.2629 -0.3826
vn -0.9080 0.1986 -0.3689
vn -0.9253 0.1406 -0.3521
vn 0.9026 -0.3279 0.2791
vn 0.9283 -0.2518 0.2736
vn 0.8016 -0.2185 0.5565
vn 0.7743 -0.3020 0.5560
vn 0.9492 -0.1663 0.2672
vn 0.8243 -0.1253 0.5521
vn 0.6172 -0.0723 0.7835
vn 0.5972 -0.1595 0.7861
vn 0.5759 -0.2384 0.7820
vn -0.7121 0.1698 -0.6812
vn -0.6982 0.1663 -0.6963
vn -0.8086 0.1955 -0.5549
vn -0.8071 0.2010 -0.5551
vn -0.6126 0.3403 -0.7134
vn -0.5220 0.4550 -0.7214
vn -0.6534 0.5437 -0.5268
vn -0.7393 0.3895 -0.5493
vn -0.8391 0.4061 -0.3620
vn -0.8909 0.2233 -0.3955
vn -0.7862 0.5325 -0.3134
vn -0.8829 0.2206 -0.4145
vn 0.3679 0.2375 -0.8990
vn 0.2823 0.1722 -0.9437
vn 0.3576 0.4371 -0.8253
vn 0.3784 0.5223 -0.7642
vn 0.0668 0.0776 -0.9947
vn 0.2002 0.3041 -0.9314
vn 0.2497 0.5478 -0.7985
vn 0.3537 0.6637 -0.6590
vn 0.3441 0.7992 -0.4927
vn -0.1806 -0.0329 -0.9830
vn -0.0111 0.1684 -0.9857
vn -0.3038 -0.0895 -0.9485
vn -0.1726 0.0863 -0.9812
vn -0.0704 0.2914 -0.9540
vn 0.0930 0.4183 -0.9035
vn 0.4953 -0.1597 -0.8539
vn 0.4899 -0.0061 -0.8717
vn 0.4587 -0.1638 -0.8734
vn 0.4581 -0.0165 -0.8887
vn 0.4668 0.0945 -0.8793
vn 0.4867 0.1067 -0.8670
vn 0.4207 -0.1698 -0.8912
vn 0.4289 -0.0323 -0.9028
vn 0.3827 -0.1796 -0.9062
vn 0.4024 -0.0544 -0.9138
vn 0.4368 0.0507 -0.8981
vn 0.4506 0.0758 -0.8895
vn 0.3430 -0.1945 -0.9190
vn 0.3748 -0.0830 -0.9234
vn 0.2981 -0.2127 -0.9305
vn 0.3388 -0.1155 -0.9337
vn 0.3904 -0.0158 -0.9205
vn 0.4196 0.0196 -0.9075
vn 0.2508 -0.2290 -0.9406
vn 0.2906 -0.1461 -0.9456
vn 0.1942 -0.2382 -0.9516
vn 0.2235 -0.1706 -0.9597
vn 0.2747 -0.0882 -0.9575
vn 0.3434 -0.0523 -0.9377
vn 0.4813 0.1997 -0.8535
vn 0.4725 0.1910 -0.8604
vn 0.4557 0.3279 -0.8276
vn 0.4560 0.3338 -0.8250
vn 0.3720 0.5750 -0.7287
vn 0.3778 0.5709 -0.7289
vn 0.2234 0.8240 -0.5207
vn 0.2172 0.8248 -0.5221
vn 0.4577 0.3178 -0.8304
vn 0.3851 0.5629 -0.7313
vn 0.4557 0.3054 -0.8361
vn 0.3836 0.5530 -0.7397
vn 0.2299 0.8170 -0.5289
vn 0.2306 0.8214 -0.5217
vn 0.4670 0.1776 -0.8662
vn 0.4618 0.1599 -0.8724
vn 0.4517 0.1386 -0.8814
vn 0.4297 0.1133 -0.8959
vn 0.4291 0.2829 -0.8578
vn 0.4470 0.2935 -0.8450
vn 0.3740 0.5448 -0.7506
vn 0.3608 0.5407 -0.7599
vn 0.2325 0.8080 -0.5414
vn 0.2269 0.8121 -0.5376
vn 0.4024 0.2695 -0.8749
vn 0.3535 0.5388 -0.7647
vn 0.2646 0.8024 -0.5350
vn 0.3903 0.0831 -0.9169
vn 0.3277 0.0431 -0.9438
vn 0.4043 -0.1285 -0.9055
vn 0.2167 -0.2524 -0.9431
vn 0.2276 -0.2533 -0.9402
vn 0.4199 -0.1395 -0.8968
vn 0.0289 -0.3596 -0.9327
vn 0.0348 -0.3457 -0.9377
vn 0.0374 -0.3250 -0.9450
vn 0.2397 -0.2450 -0.9394
vn 0.4415 -0.1357 -0.8870
vn 0.2563 -0.2250 -0.9401
vn 0.4727 -0.1213 -0.8728
vn 0.0394 -0.2942 -0.9549
vn 0.0445 -0.2502 -0.9672
vn 0.2786 -0.1925 -0.9409
vn 0.5084 -0.1039 -0.8548
vn -0.1755 -0.3848 -0.9061
vn -0.1840 -0.3374 -0.9232
vn -0.3932 -0.4243 -0.8157
vn -0.4075 -0.3586 -0.8399
vn -0.4217 -0.2834 -0.8613
vn -0.1923 -0.2789 -0.9409
vn -0.1700 -0.4550 -0.8741
vn -0.1702 -0.4233 -0.8899
vn -0.3724 -0.5298 -0.7620
vn -0.3809 -0.4811 -0.7896
vn 0.3716 0.1375 -0.9181
vn 0.1346 -0.0853 -0.9872
vn 0.1608 -0.1500 -0.9755
vn 0.3834 0.0585 -0.9217
vn -0.0933 -0.2970 -0.9503
vn -0.0602 -0.3455 -0.9365
vn -0.0418 -0.3736 -0.9266
vn 0.1673 -0.1898 -0.9675
vn 0.3743 0.0081 -0.9273
vn 0.1690 -0.2095 -0.9631
vn 0.3635 -0.0215 -0.9314
vn -0.0290 -0.3840 -0.9229
vn -0.0192 -0.3805 -0.9246
vn 0.1717 -0.2171 -0.9609
vn 0.3588 -0.0405 -0.9325
vn -0.2379 -0.5216 -0.8193
vn -0.2232 -0.5311 -0.8174
vn -0.4075 -0.6122 -0.6776
vn -0.3977 -0.6275 -0.6694
vn -0.3905 -0.6266 -0.6744
vn -0.2123 -0.5243 -0.8246
vn -0.2848 -0.4579 -0.8422
vn -0.2565 -0.4977 -0.8286
vn -0.4353 -0.5546 -0.7092
vn -0.4182 -0.5879 -0.6925
vn 0.5857 -0.0009 -0.8105
vn 0.4045 -0.0034 -0.9145
vn 0.4532 0.0402 -0.8905
vn 0.6002 0.0436 -0.7987
vn 0.1497 -0.0090 -0.9887
vn 0.2082 0.0308 -0.9776
vn 0.2902 0.0804 -0.9536
vn 0.5200 0.0988 -0.8484
vn 0.6186 0.1099 -0.7780
vn 0.6145 0.1684 -0.7707
vn 0.6347 0.2170 -0.7417
vn 0.3871 0.1270 -0.9133
vn 0.4777 0.1616 -0.8635
vn 0.7165 0.2383 -0.6557
vn 0.6973 0.4055 -0.5910
vn -0.0251 0.0777 -0.9967
vn 0.0517 0.1270 -0.9906
vn -0.3185 0.0923 -0.9434
vn -0.2674 0.1535 -0.9513
vn -0.2170 0.2307 -0.9485
vn 0.1207 0.1760 -0.9770
vn -0.1365 -0.0049 -0.9906
vn -0.0905 0.0319 -0.9954
vn -0.3929 0.0077 -0.9195
vn -0.3612 0.0447 -0.9314
vn 1.0000 -0.0094 0.0010
vn 0.9453 -0.0402 -0.3238
vn 0.9439 -0.0480 -0.3268
vn 0.9992 -0.0396 0.0089
vn 0.8373 -0.0373 -0.5455
vn 0.8279 -0.0218 -0.5605
vn 0.8121 0.0046 -0.5836
vn 0.9404 -0.0529 -0.3359
vn 0.9975 -0.0702 0.0122
vn 0.9340 -0.0677 -0.3508
vn 0.9944 -0.1050 0.0134
vn 0.7837 0.0260 -0.6205
vn 0.7428 0.0313 -0.6688
vn 0.9259 -0.0998 -0.3642
vn 0.9895 -0.1430 0.0191
vn 0.6909 0.0752 -0.7191
vn 0.6427 0.1560 -0.7501
vn 0.5538 0.2585 -0.7915
vn 0.7202 -0.0157 -0.6936
vn 0.7094 0.0196 -0.7045
vn 0.7134 0.6961 -0.0810
vn 0.7406 0.5994 -0.3038
vn 0.7541 0.5739 -0.3193
vn 0.7299 0.6792 -0.0779
vn 0.6949 0.4741 -0.5407
vn 0.7032 0.4260 -0.5692
vn 0.6948 0.3938 -0.6019
vn 0.7576 0.5555 -0.3427
vn 0.7414 0.6659 -0.0829
vn 0.7616 0.5354 -0.3651
vn 0.7537 0.6511 -0.0898
vn 0.6858 0.3665 -0.6288
vn 0.6827 0.3399 -0.6468
vn 0.7685 0.5129 -0.3826
vn 0.7677 0.6337 -0.0945
vn 0.5583 0.2054 -0.8038
vn 0.5428 0.1734 -0.8218
vn 0.5354 0.1479 -0.8316
vn 0.5686 0.3255 -0.7555
vn 0.5735 0.2528 -0.7793
vn 0.9079 0.4172 -0.0404
vn 0.8772 0.3088 -0.3678
vn 0.8927 0.2648 -0.3646
vn 0.9331 0.3580 -0.0336
vn 0.7558 0.1643 -0.6339
vn 0.7689 0.1354 -0.6248
vn 0.7799 0.1277 -0.6128
vn 0.9006 0.2371 -0.3644
vn 0.9505 0.3087 -0.0346
vn 0.9095 0.2060 -0.3611
vn 0.9653 0.2585 -0.0379
vn 0.7969 0.1188 -0.5923
vn 0.8203 0.0839 -0.5657
vn 0.9241 0.1501 -0.3513
vn 0.9798 0.1967 -0.0371
vn 0.6267 -0.0031 -0.7792
vn 0.6582 0.0041 -0.7529
vn 0.6936 -0.0026 -0.7204
vn 0.5895 0.0134 -0.8077
vn 0.6056 -0.0050 -0.7957
vn 0.9274 -0.1067 -0.3586
vn 0.9872 -0.1554 0.0367
vn 0.7146 0.0601 -0.6970
vn 0.7244 0.1788 -0.6658
vn 0.9458 -0.0152 -0.3244
vn 0.9934 -0.0957 0.0639
vn 0.9433 0.2164 -0.2519
vn 0.9931 0.0760 0.0893
vn 0.7346 0.4176 -0.5347
vn 0.6687 0.6841 -0.2912
vn 0.8581 0.5054 -0.0910
vn 0.9397 0.3173 0.1278
vn 0.3565 0.4533 -0.8170
vn 0.3799 0.6159 -0.6902
vn -0.0072 0.6922 -0.7216
vn 0.0090 0.7589 -0.6511
vn 0.0880 0.8609 -0.5011
vn 0.3876 0.8085 -0.4428
vn 0.4347 0.3547 -0.8278
vn 0.1597 0.6871 -0.7088
vn 0.8125 0.2656 -0.5190
vn 0.8992 0.4161 -0.1350
vn 0.5473 0.1965 -0.8135
vn 0.5989 0.2583 -0.7581
vn 0.8760 0.2662 -0.4022
vn 0.9492 0.3146 0.0082
vn 0.8737 0.3749 -0.3100
vn 0.9371 0.3446 0.0554
vn 0.6418 0.4327 -0.6332
vn 0.6330 0.6805 -0.3691
vn 0.8069 0.5750 -0.1356
vn 0.8809 0.4640 0.0934
vn 0.2098 0.3127 -0.9264
vn 0.2932 0.4913 -0.8202
vn -0.1481 0.4174 -0.8966
vn -0.0677 0.5701 -0.8188
vn 0.0523 0.7617 -0.6458
vn 0.3612 0.7433 -0.5631
vn 0.1688 0.2324 -0.9579
vn -0.1779 0.3199 -0.9306
vn 0.9371 0.0806 -0.3395
vn 0.9910 0.1299 -0.0312
vn 0.8385 0.0331 -0.5438
vn 0.8453 -0.0104 -0.5342
vn 0.9437 0.0205 -0.3302
vn 0.9972 0.0714 -0.0213
vn 0.9454 -0.0200 -0.3252
vn 0.9996 0.0258 -0.0099
vn 0.8435 -0.0350 -0.5361
vn 0.7296 -0.0318 -0.6831
vn 0.7280 -0.0318 -0.6848
vn 0.5611 -0.0603 -0.8255
vn 0.5747 -0.0322 -0.8177
vn 0.7192 -0.0193 -0.6945
vn 0.5395 -0.0846 -0.8377
vn 0.3062 -0.1484 -0.9403
vn 0.0569 -0.1917 -0.9798
vn 0.0782 -0.1203 -0.9896
vn 0.3363 -0.0950 -0.9369
vn 0.3680 -0.0439 -0.9288
vn 0.1087 -0.0542 -0.9926
vn -0.1883 -0.1257 -0.9740
vn -0.1681 -0.0521 -0.9844
vn -0.4307 -0.1141 -0.8953
vn -0.4165 -0.0397 -0.9083
vn -0.1955 -0.2079 -0.9584
vn -0.4315 -0.2008 -0.8795
vn 0.7856 0.4812 -0.3889
vn 0.7914 0.6046 -0.0902
vn 0.6913 0.3081 -0.6536
vn 0.7127 0.2634 -0.6502
vn 0.8171 0.4306 -0.3834
vn 0.8300 0.5528 -0.0738
vn 0.8513 0.3676 -0.3743
vn 0.8728 0.4850 -0.0546
vn 0.7368 0.2109 -0.6423
vn 0.5544 0.0866 -0.8278
vn 0.5727 0.0473 -0.8184
vn 0.3743 -0.0813 -0.9237
vn 0.3896 -0.1070 -0.9148
vn 0.5395 0.1212 -0.8332
vn 0.3624 -0.0581 -0.9302
vn 0.1781 -0.2224 -0.9586
vn -0.0093 -0.3731 -0.9278
vn 0.0042 -0.3700 -0.9290
vn 0.1900 -0.2326 -0.9538
vn 0.2041 -0.2445 -0.9479
vn 0.0184 -0.3674 -0.9299
vn -0.1888 -0.4958 -0.8477
vn -0.1765 -0.4793 -0.8597
vn -0.3752 -0.5951 -0.7107
vn -0.3702 -0.5683 -0.7349
vn -0.2019 -0.5097 -0.8363
vn -0.3834 -0.6139 -0.6900
vn 0.3497 0.7701 -0.5335
vn 0.4451 0.8449 -0.2967
vn 0.2599 0.6763 -0.6893
vn 0.4056 0.6689 -0.6229
vn 0.4973 0.7564 -0.4249
vn 0.5630 0.8054 -0.1851
vn 0.6655 0.6689 -0.3312
vn 0.6629 0.7407 -0.1093
vn 0.6063 0.5688 -0.5558
vn 0.2872 0.5423 -0.7896
vn 0.4821 0.4376 -0.7590
vn 0.1109 0.3364 -0.9352
vn 0.2882 0.2455 -0.9256
vn 0.1385 0.5539 -0.8210
vn -0.0344 0.3485 -0.9367
vn -0.2045 0.0858 -0.9751
vn -0.3284 -0.1086 -0.9383
vn -0.2613 -0.1456 -0.9542
vn -0.0890 0.0746 -0.9932
vn 0.0545 0.0017 -0.9985
vn -0.1610 -0.2225 -0.9615
vn -0.4120 -0.2890 -0.8641
vn -0.3395 -0.3838 -0.8588
vn -0.5433 -0.3819 -0.7476
vn -0.4799 -0.4845 -0.7314
vn -0.4367 -0.1884 -0.8797
vn -0.4523 -0.2259 -0.8628
vn -0.5889 -0.2437 -0.7706
vn -0.5821 -0.3038 -0.7542
vn -0.7999 0.3446 0.4913
vn -0.6592 0.5252 0.5382
vn -0.8136 0.3876 0.4333
vn -0.9232 0.2056 0.3246
vn -0.4973 0.7326 0.4647
vn -0.6643 0.6160 0.4234
vn -0.8017 0.4865 0.3473
vn -0.9008 0.2901 0.3231
vn -0.9656 0.1185 0.2316
vn -0.5867 0.4976 0.6389
vn -0.4468 0.7141 0.5389
vn -0.4991 0.6439 0.5799
vn -0.6543 0.4466 0.6103
vn -0.1634 0.9362 0.3112
vn -0.3252 0.8312 0.4511
vn -0.5337 0.1274 0.8360
vn -0.5299 0.1968 0.8249
vn -0.5276 0.1976 0.8262
vn -0.5270 0.1273 0.8403
vn -0.5281 0.2849 0.7999
vn -0.5288 0.2886 0.7982
vn -0.5313 0.2940 0.7945
vn -0.5245 0.2031 0.8268
vn -0.5083 0.1426 0.8493
vn -0.5294 0.1974 0.8251
vn -0.5310 0.1302 0.8373
vn -0.5274 0.2825 0.8012
vn -0.5226 0.3807 0.7628
vn -0.5052 0.5101 0.6961
vn -0.5115 0.5110 0.6908
vn -0.5260 0.3844 0.7587
vn -0.5287 0.3897 0.7541
vn -0.5159 0.5121 0.6867
vn -0.5213 0.5134 0.6817
vn -0.5327 0.3959 0.7480
vn -0.4337 0.7408 0.5129
vn -0.4388 0.7372 0.5137
vn -0.2480 0.9517 0.1809
vn -0.2512 0.9501 0.1849
vn -0.2581 0.9475 0.1889
vn -0.4469 0.7327 0.5133
vn -0.4267 0.7430 0.5156
vn -0.2432 0.9530 0.1808
vn -0.5438 0.4010 0.7372
vn -0.5455 0.2985 0.7831
vn -0.5313 0.5152 0.6726
vn -0.5478 0.5168 0.6579
vn -0.5670 0.4015 0.7193
vn -0.5788 0.2974 0.7593
vn -0.6004 0.3939 0.6960
vn -0.6252 0.2878 0.7255
vn -0.5660 0.5149 0.6438
vn -0.6440 0.3732 0.6678
vn -0.6781 0.2694 0.6838
vn -0.4721 0.7258 0.5003
vn -0.4728 0.7253 0.5005
vn -0.2708 0.9408 0.2041
vn -0.2492 0.9386 0.2387
vn -0.4590 0.7283 0.5088
vn -0.2671 0.9440 0.1938
vn -0.6140 0.1609 0.7727
vn -0.6044 0.1542 0.7816
vn -0.7509 0.0285 0.6598
vn -0.7550 0.0252 0.6553
vn -0.5885 0.1619 0.7921
vn -0.7463 0.0410 0.6644
vn -0.8589 -0.0647 0.5081
vn -0.8544 -0.0891 0.5118
vn -0.8521 -0.1073 0.5123
vn -0.9213 -0.2067 0.3294
vn -0.9102 -0.2431 0.3353
vn -0.9338 -0.1648 0.3177
vn -0.9608 -0.2601 0.0963
vn -0.9404 -0.3201 0.1148
vn -0.9188 -0.3736 0.1273
vn -0.8640 -0.0303 0.5026
vn -0.9465 -0.1151 0.3015
vn -0.8670 0.0174 0.4979
vn -0.9575 -0.0552 0.2832
vn -0.9920 -0.1176 0.0458
vn -0.9786 -0.1926 0.0729
vn -0.5624 0.1798 0.8071
vn -0.7386 0.0655 0.6709
vn -0.5300 0.1999 0.8241
vn -0.7262 0.1025 0.6798
vn -0.5572 0.3661 0.7454
vn -0.5706 0.2982 0.7652
vn -0.7537 0.0879 0.6513
vn -0.7620 0.1454 0.6311
vn -0.5938 0.2576 0.7623
vn -0.7569 0.0544 0.6513
vn -0.8549 -0.1555 0.4950
vn -0.8627 -0.1322 0.4881
vn -0.8802 -0.0888 0.4661
vn -0.8968 -0.3270 0.2979
vn -0.9153 -0.2904 0.2792
vn -0.8862 -0.3474 0.3066
vn -0.8648 -0.4902 0.1090
vn -0.8783 -0.4663 0.1060
vn -0.8961 -0.4332 0.0962
vn -0.8530 -0.1605 0.4966
vn -0.8823 -0.3519 0.3126
vn -0.8550 -0.1511 0.4961
vn -0.8861 -0.3390 0.3161
vn -0.8594 -0.4979 0.1160
vn -0.8568 -0.5032 0.1126
vn -0.6141 0.2366 0.7529
vn -0.7629 0.0406 0.6452
vn -0.6269 0.2251 0.7459
vn -0.7679 0.0389 0.6394
vn -0.4468 0.3063 0.8406
vn -0.4237 0.3494 0.8357
vn -0.5723 0.3480 0.7426
vn -0.6213 0.3034 0.7224
vn -0.3872 0.4115 0.8251
vn -0.4967 0.4049 0.7677
vn -0.6955 0.3785 0.6108
vn -0.7607 0.3228 0.5632
vn -0.8025 0.2764 0.5287
vn -0.9120 0.2796 0.3001
vn -0.9343 0.2325 0.2701
vn -0.8764 0.3368 0.3441
vn -0.9571 0.2868 0.0418
vn -0.9736 0.2279 0.0124
vn -0.9835 0.1805 -0.0062
vn -0.6097 0.4289 0.6666
vn -0.8283 0.3962 0.3961
vn -0.5197 0.4642 0.7172
vn -0.7766 0.4512 0.4395
vn -0.8918 0.4398 0.1061
vn -0.9306 0.3577 0.0776
vn -0.3305 0.5082 0.7953
vn -0.3751 0.4670 0.8008
vn -0.1373 0.6602 0.7384
vn -0.2165 0.5205 0.8260
vn 0.4471 0.1526 0.8814
vn 0.4488 0.1238 0.8850
vn 0.1293 0.1923 0.9728
vn 0.1331 0.1974 0.9712
vn 0.4461 0.0937 0.8901
vn 0.1201 0.1900 0.9744
vn -0.1442 0.2882 0.9467
vn -0.1219 0.2587 0.9583
vn -0.1072 0.2400 0.9648
vn -0.2947 0.3177 0.9012
vn -0.2852 0.2815 0.9162
vn -0.3071 0.3729 0.8756
vn -0.1847 0.3144 0.9312
vn -0.3428 0.4518 0.8236
vn -0.2428 0.3260 0.9137
vn -0.4017 0.5480 0.7337
vn 0.4409 0.0594 0.8956
vn 0.1035 0.1789 0.9784
vn 0.4391 0.0215 0.8982
vn 0.0855 0.1510 0.9848
vn 0.3830 0.7838 0.4889
vn 0.3903 0.7690 0.5062
vn 0.1791 0.7186 0.6720
vn 0.1896 0.7362 0.6497
vn 0.3883 0.7602 0.5210
vn 0.1571 0.7100 0.6864
vn -0.1162 0.5976 0.7933
vn -0.0778 0.6160 0.7839
vn -0.0499 0.6508 0.7576
vn -0.3368 0.4747 0.8132
vn -0.3059 0.5330 0.7889
vn -0.3760 0.4410 0.8149
vn -0.1503 0.5831 0.7984
vn -0.4085 0.4207 0.8100
vn -0.1744 0.5675 0.8047
vn -0.4293 0.4050 0.8073
vn 0.3844 0.7506 0.5375
vn 0.1351 0.7001 0.7012
vn 0.3826 0.7384 0.5553
vn 0.1178 0.6871 0.7170
vn 0.4485 0.5421 0.7106
vn 0.4540 0.4887 0.7451
vn 0.1362 0.4745 0.8696
vn 0.1362 0.5126 0.8477
vn 0.4512 0.4451 0.7735
vn 0.1331 0.4514 0.8823
vn -0.1529 0.3925 0.9070
vn -0.1643 0.3980 0.9025
vn -0.1705 0.4224 0.8902
vn -0.4090 0.2837 0.8673
vn -0.4205 0.2980 0.8569
vn -0.3877 0.2880 0.8756
vn -0.1315 0.3841 0.9139
vn -0.3520 0.2960 0.8879
vn -0.1060 0.3499 0.9308
vn -0.3113 0.2893 0.9052
vn 0.4456 0.4009 0.8005
vn 0.1328 0.4241 0.8958
vn 0.4415 0.3453 0.8282
vn 0.1363 0.3724 0.9180
vn 0.4535 0.0058 0.8912
vn 0.0933 0.1436 0.9852
vn 0.4927 0.0566 0.8684
vn 0.1503 0.2247 0.9628
vn -0.2181 0.4643 0.8584
vn -0.2729 0.3567 0.8935
vn -0.4707 0.6315 0.6161
vn -0.3841 0.5836 0.7155
vn -0.5442 0.7963 0.2641
vn -0.5168 0.8526 0.0779
vn -0.4319 0.8729 0.2268
vn -0.0529 0.6630 0.7467
vn -0.3238 0.8396 0.4362
vn 0.1801 0.8428 0.5073
vn -0.0624 0.9569 0.2837
vn -0.2436 0.9696 0.0221
vn -0.4326 0.9006 0.0430
vn 0.5470 0.2141 0.8093
vn 0.2558 0.4290 0.8663
vn 0.6007 0.4264 0.6762
vn 0.4088 0.6494 0.6412
vn 0.3527 0.5807 0.7338
vn -0.0493 0.5263 0.8489
vn 0.4811 0.4553 0.7492
vn 0.0807 0.5069 0.8582
vn -0.3563 0.5497 0.7555
vn -0.4386 0.4963 0.7492
vn -0.7282 0.5082 0.4599
vn -0.6684 0.5832 0.4616
vn -0.7821 0.6148 0.1012
vn -0.8425 0.5267 0.1133
vn -0.1972 0.6901 0.6964
vn -0.5069 0.7386 0.4444
vn 0.0747 0.8531 0.5164
vn -0.2058 0.9200 0.3336
vn -0.4123 0.9070 0.0863
vn -0.6515 0.7520 0.1003
vn 0.5221 0.4698 0.7118
vn 0.1793 0.5862 0.7901
vn 0.5517 0.5642 0.6143
vn 0.3382 0.7185 0.6077
vn 0.4396 0.2837 0.8522
vn 0.1387 0.3073 0.9415
vn 0.4406 0.2289 0.8680
vn 0.1380 0.2511 0.9581
vn -0.0873 0.2600 0.9617
vn -0.0896 0.3008 0.9495
vn -0.2822 0.2728 0.9197
vn -0.2717 0.2616 0.9261
vn -0.4776 0.2464 0.8433
vn -0.5000 0.2210 0.8373
vn -0.0952 0.2388 0.9664
vn -0.2755 0.2635 0.9245
vn -0.4617 0.2750 0.8433
vn 0.4435 0.1859 0.8768
vn 0.1355 0.2143 0.9673
vn -0.7079 0.1509 0.6900
vn -0.6841 0.2076 0.6992
vn -0.8526 0.1555 0.4989
vn -0.8643 0.0800 0.4966
vn -0.9637 0.0170 0.2664
vn -0.9616 0.1009 0.2552
vn -0.9988 0.0496 -0.0027
vn -0.9992 -0.0363 0.0186
vn -0.8313 0.2258 0.5080
vn -0.9504 0.1782 0.2551
vn -0.9919 0.1262 -0.0119
vn -0.6557 0.2610 0.7085
vn 0.3907 0.7139 0.5810
vn 0.1129 0.6634 0.7397
vn 0.4117 0.6667 0.6213
vn 0.1212 0.6201 0.7751
vn -0.1819 0.5081 0.8419
vn -0.1844 0.5448 0.8180
vn -0.4375 0.3867 0.8118
vn -0.4353 0.3593 0.8255
vn -0.6286 0.1974 0.7522
vn -0.6316 0.2142 0.7451
vn -0.1757 0.4628 0.8689
vn -0.4286 0.3266 0.8424
vn -0.6218 0.1774 0.7628
vn 0.4340 0.6042 0.6682
vn 0.1313 0.5644 0.8150
vn -0.7695 0.0394 0.6374
vn -0.7661 0.0348 0.6418
vn -0.8554 -0.1286 0.5017
vn -0.8570 -0.1377 0.4966
vn -0.8926 -0.3177 0.3200
vn -0.8971 -0.2967 0.3273
vn -0.8825 -0.4526 0.1280
vn -0.8695 -0.4788 0.1210
vn -0.8526 -0.1202 0.5085
vn -0.9020 -0.2734 0.3342
vn -0.8987 -0.4184 0.1318
vn -0.7602 0.0283 0.6491
vn 0.0863 0.9515 0.2954
vn -0.1863 0.9164 0.3542
vn 0.2384 0.9011 0.3622
vn -0.0111 0.8972 0.4415
vn -0.2362 0.8379 0.4922
vn -0.3739 0.8429 0.3869
vn -0.5524 0.7376 0.3884
vn -0.4463 0.7323 0.5144
vn -0.6799 0.5426 0.4934
vn -0.7596 0.5438 0.3568
vn -0.0914 0.7388 0.6677
vn -0.3342 0.6344 0.6970
vn -0.5890 0.4630 0.6624
vn 0.3412 0.8302 0.4409
vn 0.1402 0.8045 0.5771
vn -0.9118 0.2813 0.2993
vn -0.8645 0.2812 0.4167
vn -0.9537 0.0452 0.2973
vn -0.9726 0.0809 0.2181
vn -0.9946 -0.0581 0.0855
vn -0.9961 0.0047 0.0881
vn -0.9813 -0.1296 0.1423
vn -0.9636 -0.2660 -0.0270
vn -0.9797 -0.1820 -0.0845
vn -0.9883 -0.1038 -0.1121
vn -0.9143 -0.0219 0.4045
vn -0.9485 -0.2207 0.2272
vn -0.9294 -0.3655 0.0515
vn -0.7995 0.2224 0.5580
vn -0.5418 -0.6753 -0.5004
vn -0.5391 -0.6690 -0.5116
vn -0.6809 -0.6696 -0.2967
vn -0.6835 -0.6656 -0.2997
vn -0.6964 -0.6462 -0.3123
vn -0.5407 -0.6504 -0.5335
vn -0.5489 -0.6180 -0.5629
vn -0.7183 -0.6105 -0.3337
vn -0.7465 -0.5580 -0.3624
vn -0.5642 -0.5702 -0.5971
vn -0.8155 -0.5732 -0.0802
vn -0.8401 -0.5354 -0.0864
vn -0.8697 -0.4831 -0.1014
vn -0.7901 -0.6073 -0.0834
vn -0.7981 -0.5971 -0.0804
vn -0.4953 0.3055 -0.8132
vn -0.4421 0.4276 -0.7885
vn -0.7390 0.3824 -0.5547
vn -0.6690 0.5182 -0.5328
vn -0.5792 0.6449 -0.4987
vn -0.3878 0.5480 -0.7411
vn -0.2946 0.6948 -0.6561
vn -0.4382 0.7859 -0.4363
vn -0.1708 0.9397 -0.2963
vn -0.0475 0.8693 -0.4919
vn -0.7267 0.6542 -0.2096
vn -0.5854 0.7859 -0.1994
vn -0.3012 0.9491 -0.0922
vn -0.8786 0.4241 -0.2197
vn -0.8130 0.5434 -0.2092
vn 0.9501 0.0385 0.3096
vn 0.9517 0.0821 0.2959
vn 0.8508 0.0782 0.5196
vn 0.8509 0.1242 0.5104
vn 0.8492 0.1643 0.5019
vn 0.9510 0.1246 0.2830
vn 0.9469 0.1701 0.2729
vn 0.8459 0.2026 0.4933
vn 0.8408 0.2437 0.4833
vn 0.9382 0.2207 0.2667
vn 0.6962 0.1959 0.6905
vn 0.6928 0.2398 0.6801
vn 0.6914 0.2872 0.6629
vn 0.7042 0.1111 0.7012
vn 0.7007 0.1542 0.6966
vn 0.9314 -0.1333 0.3388
vn 0.9374 -0.0989 0.3338
vn 0.8325 -0.1054 0.5440
vn 0.8375 -0.0729 0.5415
vn 0.8437 -0.0252 0.5363
vn 0.9427 -0.0542 0.3291
vn 0.9470 -0.0069 0.3213
vn 0.8485 0.0277 0.5285
vn 0.7014 0.0181 0.7125
vn 0.7048 0.0658 0.7063
vn 0.6925 -0.0620 0.7188
vn 0.6958 -0.0271 0.7177
vn -0.6196 0.0313 -0.7843
vn -0.5999 0.0716 -0.7969
vn -0.8256 0.0745 -0.5593
vn -0.8164 0.1189 -0.5651
vn -0.8039 0.1781 -0.5675
vn -0.5742 0.1250 -0.8091
vn -0.5404 0.2004 -0.8172
vn -0.7821 0.2628 -0.5651
vn -0.9370 0.2347 -0.2589
vn -0.9182 0.3160 -0.2389
vn -0.9517 0.1276 -0.2793
vn -0.9460 0.1744 -0.2731
vn -0.6374 -0.2685 -0.7223
vn -0.6465 -0.1765 -0.7422
vn -0.8409 -0.2303 -0.4897
vn -0.8468 -0.1343 -0.5147
vn -0.8439 -0.0468 -0.5345
vn -0.6462 -0.0889 -0.7580
vn -0.6357 -0.0167 -0.7718
vn -0.8352 0.0246 -0.5494
vn -0.9653 0.0025 -0.2610
vn -0.9582 0.0755 -0.2759
vn -0.9627 -0.1741 -0.2072
vn -0.9680 -0.0836 -0.2368
vn 0.6509 0.7541 0.0874
vn 0.6182 0.7837 0.0607
vn 0.5846 0.7833 0.2111
vn 0.5564 0.8098 0.1863
vn 0.5167 0.8426 0.1518
vn 0.5665 0.8239 0.0144
vn 0.4785 0.8752 -0.0708
vn 0.4362 0.8956 0.0870
vn 0.2870 0.9576 -0.0233
vn 0.3434 0.9187 -0.1950
vn 0.4184 0.8695 0.2623
vn 0.3142 0.9274 0.2030
vn 0.1471 0.9822 0.1167
vn 0.5070 0.7943 0.3347
vn 0.4742 0.8259 0.3051
vn -0.0052 0.9260 -0.3776
vn 0.2986 0.9299 -0.2146
vn -0.0888 0.9628 -0.2553
vn 0.2005 0.9767 -0.0765
vn 0.4563 0.8839 0.1028
vn 0.5525 0.8315 -0.0587
vn 0.7437 0.6580 0.1182
vn 0.6650 0.6954 0.2724
vn 0.8137 0.3933 0.4280
vn 0.8846 0.3633 0.2925
vn 0.3528 0.8973 0.2654
vn 0.5615 0.7179 0.4114
vn 0.7240 0.4152 0.5509
vn -0.1643 0.9784 -0.1252
vn 0.1185 0.9900 0.0769
vn -0.6901 -0.5434 -0.4780
vn -0.7361 -0.5355 -0.4139
vn -0.7797 -0.4058 -0.4769
vn -0.7013 -0.4414 -0.5598
vn -0.7756 -0.5210 -0.3565
vn -0.8191 -0.3975 -0.4137
vn -0.8382 -0.3058 -0.4515
vn -0.7897 -0.3118 -0.5283
vn -0.7120 -0.3260 -0.6219
vn -0.6854 -0.2318 -0.6903
vn -0.7717 -0.2474 -0.5859
vn -0.7524 -0.2566 -0.6067
vn -0.6534 -0.2306 -0.7210
vn -0.8443 -0.2437 -0.4772
vn -0.8419 -0.2568 -0.4746
vn -0.8348 -0.2986 -0.4624
vn -0.7272 -0.2960 -0.6193
vn -0.9066 -0.2033 -0.3698
vn -0.9180 -0.2013 -0.3418
vn -0.9558 -0.1378 -0.2596
vn -0.9703 -0.1159 -0.2124
vn -0.9249 -0.2334 -0.3000
vn -0.8126 -0.5027 -0.2951
vn -0.8564 -0.3774 -0.3523
vn -0.8521 -0.4730 -0.2241
vn -0.8990 -0.3666 -0.2397
vn -0.9277 -0.2568 -0.2708
vn -0.8816 -0.2840 -0.3770
vn -0.5746 -0.5999 -0.5567
vn -0.5654 -0.6241 -0.5393
vn -0.7293 -0.5949 -0.3381
vn -0.7177 -0.6142 -0.3282
vn -0.7037 -0.6363 -0.3161
vn -0.5577 -0.6473 -0.5196
vn -0.5483 -0.6678 -0.5034
vn -0.6886 -0.6588 -0.3029
vn -0.8088 -0.5809 -0.0918
vn -0.7940 -0.6017 -0.0874
vn -0.8422 -0.5304 -0.0972
vn -0.8259 -0.5561 -0.0934
vn 0.9301 0.0627 0.3619
vn 0.8526 0.0978 0.5133
vn 0.8410 -0.0569 0.5380
vn 0.9293 -0.0883 0.3585
vn 0.9273 -0.1394 0.3474
vn 0.8323 -0.1082 0.5436
vn 0.7193 -0.0235 0.6943
vn 0.6984 -0.0700 0.7122
vn 0.7505 0.1191 0.6500
vn 0.7110 0.6923 0.1233
vn 0.6965 0.7081 0.1160
vn 0.6430 0.7190 0.2639
vn 0.6299 0.7347 0.2520
vn 0.6190 0.7472 0.2419
vn 0.6838 0.7212 0.1105
vn 0.6697 0.7355 0.1027
vn 0.6052 0.7623 0.2294
vn 0.5344 0.7623 0.3651
vn 0.5247 0.7754 0.3514
vn 0.5511 0.7363 0.3926
vn 0.5418 0.7507 0.3781
vn 0.1307 0.8401 -0.5264
vn 0.1030 0.8995 -0.4247
vn -0.0411 0.8750 -0.4824
vn 0.0069 0.9817 -0.1906
vn -0.1540 0.9451 -0.2882
vn -0.3255 0.8647 -0.3826
vn -0.2162 0.8137 -0.5395
vn -0.1991 0.8420 -0.5014
vn -0.2871 0.8860 -0.3640
vn -0.4251 0.8798 -0.2129
vn -0.3779 0.8985 -0.2233
vn -0.1694 0.9855 0.0080
vn -0.2861 0.9536 -0.0938
vn -0.2553 0.9630 0.0866
vn -0.7011 -0.3590 -0.6161
vn -0.8206 -0.3639 -0.4408
vn -0.7940 -0.4518 -0.4067
vn -0.6612 -0.4442 -0.6045
vn -0.6079 -0.5416 -0.5806
vn -0.7560 -0.5437 -0.3645
vn -0.9037 -0.3794 -0.1983
vn -0.8711 -0.4731 -0.1317
vn -0.9202 -0.2961 -0.2560
vn 0.1967 0.9378 -0.2862
vn 0.1370 0.9825 -0.1261
vn 0.0588 0.9823 -0.1780
vn 0.1276 0.9406 -0.3146
vn 0.1004 0.9412 -0.3226
vn 0.0276 0.9796 -0.1993
vn 0.0154 0.9779 -0.2083
vn 0.0920 0.9418 -0.3233
vn -0.0560 0.9973 -0.0477
vn -0.0721 0.9948 -0.0718
vn -0.0757 0.9937 -0.0825
vn -0.0012 1.0000 0.0084
vn 0.0898 0.9421 -0.3229
vn 0.0113 0.9771 -0.2124
vn 0.0089 0.9765 -0.2153
vn 0.0859 0.9418 -0.3251
vn 0.0833 0.9413 -0.3270
vn 0.0090 0.9763 -0.2164
vn -0.0762 0.9930 -0.0905
vn -0.0743 0.9931 -0.0911
vn -0.0758 0.9933 -0.0873
vn 0.8542 0.4685 0.2255
vn 0.8169 0.5417 0.1981
vn 0.7752 0.4936 0.3942
vn 0.7413 0.5681 0.3575
vn 0.7015 0.6378 0.3180
vn 0.7738 0.6113 0.1662
vn 0.7352 0.6635 0.1387
vn 0.6655 0.6900 0.2844
vn 0.6006 0.6586 0.4534
vn 0.5695 0.7091 0.4158
vn 0.6613 0.5206 0.5400
vn 0.6344 0.5912 0.4980
vn 0.2992 0.9111 -0.2836
vn 0.1747 0.9810 -0.0844
vn 0.4508 0.8857 0.1106
vn 0.5562 0.8255 -0.0957
vn 0.7208 0.6877 0.0872
vn 0.6392 0.7226 0.2631
vn 0.7589 0.5306 0.3777
vn 0.8294 0.5042 0.2406
vn 0.3062 0.9032 0.3008
vn 0.5152 0.7508 0.4133
vn 0.6652 0.5539 0.5007
vn 0.0426 0.9915 0.1225
vn 0.9246 0.2757 0.2627
vn 0.8329 0.2927 0.4697
vn 0.8200 0.3533 0.4503
vn 0.9064 0.3352 0.2570
vn 0.8835 0.3990 0.2455
vn 0.8012 0.4212 0.4251
vn 0.6879 0.3937 0.6098
vn 0.6789 0.4541 0.5769
vn 0.6908 0.3382 0.6390
vn -0.5836 -0.5095 -0.6323
vn -0.7762 -0.4915 -0.3948
vn -0.8032 -0.4146 -0.4277
vn -0.6034 -0.4390 -0.6657
vn -0.6219 -0.3583 -0.6963
vn -0.8256 -0.3270 -0.4598
vn -0.9265 -0.3457 -0.1484
vn -0.9483 -0.2637 -0.1766
vn -0.8997 -0.4188 -0.1230
vn 0.8825 0.3648 0.2968
vn 0.8075 0.3983 0.4351
vn 0.8089 0.3932 0.4371
vn 0.8904 0.3605 0.2780
vn 0.8374 0.5176 0.1758
vn 0.7395 0.5703 0.3576
vn 0.6550 0.7036 0.2755
vn 0.7847 0.6147 0.0799
vn 0.6995 0.4177 0.5798
vn 0.6151 0.5839 0.5298
vn 0.5269 0.6931 0.4919
vn 0.7132 0.4157 0.5643
vn -0.4686 0.1947 0.8617
vn -0.4086 0.2023 0.8900
vn -0.4018 0.1966 0.8944
vn -0.4736 0.1890 0.8602
vn -0.3165 0.2095 0.9252
vn -0.3015 0.1925 0.9338
vn -0.3048 0.1835 0.9346
vn -0.4004 0.1949 0.8954
vn -0.4742 0.1888 0.8600
vn -0.5643 -0.0032 0.8256
vn -0.6432 0.0656 0.7629
vn -0.6436 0.1251 0.7550
vn -0.5842 0.0719 0.8084
vn -0.7068 0.1611 0.6889
vn -0.6198 0.1572 0.7689
vn -0.5665 0.1692 0.8065
vn -0.5773 0.1450 0.8036
vn -0.8306 -0.0433 0.5552
vn -0.9259 0.0460 0.3749
vn -0.8495 0.1128 0.5154
vn -0.8366 0.0598 0.5446
vn -0.8999 0.1386 0.4136
vn -0.7931 0.1495 0.5904
vn -0.7143 0.1612 0.6811
vn -0.7254 0.1410 0.6737
vn -0.7229 0.1326 0.6781
vn -0.4804 0.0070 0.8770
vn -0.4698 0.0859 0.8786
vn -0.4061 0.1541 0.9008
vn -0.4027 0.0949 0.9104
vn -0.4814 0.1567 0.8624
vn -0.4929 0.1782 0.8516
vn -0.4343 0.1799 0.8826
vn -0.3264 0.2076 0.9222
vn -0.2357 0.2541 0.9380
vn -0.1260 0.2165 0.9681
vn -0.1490 0.2467 0.9576
vn -0.2152 0.3352 0.9172
vn 0.0013 0.1951 0.9808
vn -0.0116 0.2512 0.9679
vn 0.0455 0.3575 0.9328
vn 0.1033 0.1891 0.9765
vn 0.1041 0.1952 0.9752
vn 0.2021 0.1898 0.9608
vn 0.1942 0.2395 0.9513
vn 0.3119 0.1977 0.9293
vn 0.3048 0.2248 0.9255
vn 0.3908 0.2061 0.8971
vn 0.3150 0.2826 0.9061
vn -0.9983 0.0363 0.0453
vn -0.9907 0.0384 0.1305
vn -0.9890 0.0667 0.1322
vn -0.9865 0.1235 0.1080
vn -0.9690 0.0467 0.2427
vn -0.9658 0.0977 0.2400
vn -0.9052 0.2413 0.3499
vn -0.9394 0.0617 0.3372
vn -0.9397 0.0677 0.3353
vn -0.8995 0.0850 0.4285
vn -0.8923 0.1435 0.4279
vn -0.8363 0.1297 0.5327
vn -0.8222 0.1644 0.5449
vn -0.7683 0.1890 0.6115
vn -0.7733 0.2670 0.5752
vn 0.2476 -0.7880 0.5636
vn 0.4260 -0.6426 0.6369
vn 0.4223 -0.5890 0.6890
vn 0.2119 -0.7528 0.6232
vn 0.5251 -0.4498 0.7224
vn 0.5080 -0.3726 0.7766
vn 0.4093 -0.3222 0.8536
vn 0.3351 -0.5317 0.7778
vn 0.1045 -0.6776 0.7280
vn 0.2046 -0.4570 0.8656
vn -0.0282 -0.5679 0.8226
vn 0.2781 -0.2714 0.9214
vn 0.1344 -0.2189 0.9665
vn 0.0428 -0.3600 0.9320
vn -0.1708 -0.4258 0.8886
vn -0.1514 -0.2152 0.9648
vn -0.3166 -0.2387 0.9180
vn -0.0541 -0.1548 0.9865
vn -0.1976 -0.0957 0.9756
vn -0.2784 -0.1128 0.9538
vn -0.3924 -0.1127 0.9129
vn -0.1381 -0.9036 0.4054
vn -0.1331 -0.9031 0.4083
vn -0.1882 -0.8530 0.4868
vn -0.1926 -0.8535 0.4842
vn -0.1240 -0.9022 0.4132
vn -0.1801 -0.8521 0.4914
vn -0.2770 -0.7321 0.6224
vn -0.2836 -0.7335 0.6177
vn -0.2875 -0.7341 0.6152
vn -0.3684 -0.5815 0.7253
vn -0.3720 -0.5824 0.7227
vn -0.3632 -0.5792 0.7298
vn -0.4328 -0.4030 0.8064
vn -0.4371 -0.4064 0.8024
vn -0.4406 -0.4077 0.7998
vn -0.4862 -0.2176 0.8463
vn -0.4904 -0.2194 0.8434
vn -0.4820 -0.2131 0.8499
vn -0.4941 -0.1162 0.8616
vn -0.5010 -0.1211 0.8570
vn -0.5078 -0.1232 0.8526
vn -0.1111 -0.9008 0.4199
vn -0.1689 -0.8508 0.4976
vn -0.0942 -0.8990 0.4277
vn -0.1546 -0.8495 0.5045
vn -0.2587 -0.7291 0.6336
vn -0.2687 -0.7303 0.6280
vn -0.3581 -0.5763 0.7346
vn -0.3530 -0.5748 0.7382
vn -0.4303 -0.4028 0.8078
vn -0.4308 -0.4001 0.8089
vn -0.4842 -0.2098 0.8494
vn -0.4922 -0.2166 0.8431
vn -0.5211 -0.1180 0.8453
vn -0.4994 -0.1120 0.8591
vn -0.0662 -0.8955 0.4401
vn -0.1292 -0.8469 0.5158
vn -0.0135 -0.8865 0.4625
vn -0.0783 -0.8398 0.5372
vn -0.1934 -0.7231 0.6632
vn -0.2383 -0.7275 0.6434
vn -0.3383 -0.5739 0.7458
vn -0.3017 -0.5708 0.7636
vn -0.3870 -0.4115 0.8251
vn -0.4185 -0.4097 0.8106
vn -0.4846 -0.2343 0.8428
vn -0.4558 -0.2421 0.8565
vn -0.4853 -0.1434 0.8625
vn -0.5128 -0.1403 0.8470
vn 0.0872 -0.8598 0.5032
vn 0.0270 -0.8187 0.5737
vn -0.0924 -0.7147 0.6933
vn -0.2156 -0.5731 0.7906
vn -0.3218 -0.4151 0.8509
vn -0.4117 -0.2360 0.8802
vn -0.4516 -0.1306 0.8826
vn 0.4703 -0.2306 0.8519
vn 0.4473 -0.2059 0.8703
vn 0.4312 -0.0539 0.9006
vn 0.3631 -0.0494 0.9304
vn 0.2580 -0.0335 0.9656
vn 0.3372 -0.1711 0.9258
vn 0.2012 -0.1406 0.9694
vn 0.1248 -0.0168 0.9920
vn -0.0104 -0.0016 0.9999
vn 0.0622 -0.1111 0.9919
vn -0.0821 -0.0816 0.9933
vn -0.1399 0.0112 0.9901
vn -0.2330 0.0171 0.9723
vn -0.2160 -0.0567 0.9748
vn -0.1968 0.1808 0.9636
vn -0.2231 0.1118 0.9684
vn -0.1513 0.1165 0.9816
vn -0.1281 0.1876 0.9739
vn -0.0356 0.1171 0.9925
vn -0.0240 0.1920 0.9811
vn 0.0916 0.1132 0.9893
vn 0.0904 0.1917 0.9773
vn 0.2207 0.1050 0.9697
vn 0.2085 0.1859 0.9602
vn 0.3373 0.0943 0.9367
vn 0.3233 0.1745 0.9301
vn 0.4335 0.0837 0.8973
vn 0.4214 0.1574 0.8931
vn -0.6133 -0.1397 0.7774
vn -0.6993 -0.1643 0.6957
vn -0.7466 -0.2880 0.5997
vn -0.6289 -0.2768 0.7265
vn -0.7569 -0.1641 0.6326
vn -0.8189 -0.2483 0.5175
vn -0.8725 -0.3420 0.3490
vn -0.7772 -0.4602 0.4291
vn -0.6339 -0.4824 0.6046
vn -0.7725 -0.5764 0.2664
vn -0.6131 -0.6394 0.4639
vn -0.8865 -0.4138 0.2072
vn -0.8752 -0.4792 0.0659
vn -0.7391 -0.6630 0.1190
vn -0.5686 -0.7598 0.3153
vn -0.6889 -0.7249 0.0076
vn -0.5100 -0.8410 0.1805
vn -0.8417 -0.5375 -0.0511
vn -0.7878 -0.6103 -0.0828
vn -0.6351 -0.7723 -0.0139
vn -0.4669 -0.8754 0.1254
vn -0.5150 -0.1228 0.8483
vn -0.4952 -0.2187 0.8408
vn -0.5230 -0.1197 0.8439
vn -0.5009 -0.2154 0.8383
vn -0.4507 -0.4052 0.7954
vn -0.4447 -0.4073 0.7977
vn -0.3760 -0.5824 0.7207
vn -0.3828 -0.5816 0.7178
vn -0.2989 -0.7347 0.6090
vn -0.2916 -0.7345 0.6128
vn -0.1969 -0.8541 0.4814
vn -0.2047 -0.8551 0.4763
vn -0.1515 -0.9055 0.3964
vn -0.1430 -0.9043 0.4022
vn -0.5192 -0.1145 0.8469
vn -0.5002 -0.2118 0.8396
vn -0.4965 -0.1150 0.8604
vn -0.4899 -0.2163 0.8445
vn -0.4532 -0.4056 0.7938
vn -0.4543 -0.4030 0.7945
vn -0.3897 -0.5802 0.7152
vn -0.3954 -0.5800 0.7122
vn -0.3173 -0.7363 0.5977
vn -0.3078 -0.7351 0.6041
vn -0.2153 -0.8565 0.4691
vn -0.2279 -0.8584 0.4595
vn -0.1779 -0.9092 0.3764
vn -0.1633 -0.9072 0.3878
vn -0.4976 -0.1384 0.8563
vn -0.4898 -0.2349 0.8396
vn -0.5229 -0.1480 0.8395
vn -0.5132 -0.2491 0.8214
vn -0.4858 -0.4236 0.7646
vn -0.4595 -0.4147 0.7854
vn -0.4087 -0.5825 0.7026
vn -0.4409 -0.5878 0.6783
vn -0.3730 -0.7450 0.5530
vn -0.3351 -0.7394 0.5840
vn -0.2494 -0.8616 0.4421
vn -0.2918 -0.8659 0.4063
vn -0.2461 -0.9149 0.3199
vn -0.2017 -0.9121 0.3570
vn -0.5576 -0.1435 0.8176
vn -0.5544 -0.2534 0.7927
vn -0.5365 -0.4414 0.7193
vn -0.5020 -0.6081 0.6149
vn -0.4453 -0.7578 0.4769
vn -0.3738 -0.8676 0.3279
vn -0.3307 -0.9109 0.2469
vn -0.7549 -0.1226 0.6442
vn -0.8255 -0.1724 0.5374
vn -0.7583 -0.0471 0.6502
vn -0.8137 -0.0711 0.5769
vn -0.8769 -0.1075 0.4686
vn -0.8823 -0.2265 0.4127
vn -0.9181 -0.2774 0.2830
vn -0.9264 -0.1453 0.3474
vn -0.9584 -0.1822 0.2196
vn -0.9338 -0.3264 0.1463
vn -0.9271 -0.3739 0.0275
vn -0.9707 -0.2124 0.1125
vn -0.9734 -0.2256 0.0392
vn -0.9165 -0.4001 0.0014
vn -0.9996 -0.0163 0.0216
vn -0.9956 -0.0910 0.0208
vn -0.9901 -0.0679 0.1226
vn -0.9923 0.0137 0.1233
vn -0.9701 -0.0406 0.2395
vn -0.9706 0.0418 0.2372
vn -0.9323 -0.0120 0.3614
vn -0.9349 0.0664 0.3486
vn -0.8801 0.0139 0.4746
vn -0.8882 0.0864 0.4512
vn -0.8197 0.0348 0.5718
vn -0.8354 0.1012 0.5402
vn -0.7757 0.0443 0.6295
vn -0.7951 0.1078 0.5968
vn 0.3147 -0.8619 0.3976
vn 0.4463 -0.7657 0.4632
vn 0.4128 -0.7088 0.5720
vn 0.2625 -0.8234 0.5031
vn 0.5736 -0.6309 0.5224
vn 0.5337 -0.5713 0.6235
vn -0.2695 -0.0623 0.9610
vn -0.3046 -0.0763 0.9494
vn -0.2112 0.0051 0.9774
vn -0.1184 0.0437 0.9920
vn 0.1179 -0.9476 0.2969
vn 0.2001 -0.9191 0.3395
vn 0.1286 -0.8869 0.4437
vn 0.0377 -0.9145 0.4029
vn -0.4570 -0.1067 0.8831
vn -0.4863 -0.1176 0.8658
vn -0.4171 -0.0924 0.9041
vn -0.4216 -0.0935 0.9020
vn -0.4556 -0.1020 0.8843
vn -0.4829 -0.1131 0.8683
vn -0.5133 -0.0854 0.8540
vn -0.5235 -0.0859 0.8477
vn -0.5204 -0.0247 0.8536
vn -0.5301 -0.0262 0.8475
vn -0.5407 -0.0286 0.8407
vn -0.5346 -0.0850 0.8408
vn -0.5032 -0.0834 0.8601
vn -0.4924 -0.0799 0.8667
vn -0.4995 -0.0235 0.8660
vn -0.5106 -0.0238 0.8595
vn -0.0159 -0.9753 0.2203
vn -0.0095 -0.9745 0.2243
vn -0.0872 -0.9357 0.3418
vn -0.0930 -0.9364 0.3384
vn 0.0010 -0.9730 0.2308
vn -0.0773 -0.9345 0.3474
vn -0.0987 -0.9371 0.3347
vn -0.0224 -0.9761 0.2164
vn -0.1083 -0.9383 0.3284
vn -0.0329 -0.9771 0.2100
vn 0.0159 -0.9706 0.2400
vn -0.0630 -0.9327 0.3552
vn 0.0359 -0.9671 0.2520
vn -0.0443 -0.9301 0.3648
vn -0.5487 -0.1129 0.8284
vn -0.6029 -0.1047 0.7909
vn -0.5510 -0.0872 0.8299
vn -0.5604 -0.1194 0.8196
vn -0.6130 -0.1186 0.7811
vn -0.6401 -0.1187 0.7590
vn -0.6341 -0.0885 0.7682
vn -0.5024 -0.0791 0.8610
vn -0.5188 -0.0275 0.8545
vn 0.0671 -0.9606 0.2697
vn -0.0143 -0.9253 0.3791
vn 0.5580 -0.3653 0.7451
vn 0.5301 -0.2026 0.8234
vn 0.5513 -0.0500 0.8328
vn 0.6739 -0.4814 0.5604
vn 0.6229 -0.4509 0.6393
vn 0.5451 0.1209 0.8296
vn 0.5074 0.1486 0.8488
vn 0.4009 0.1842 0.8974
vn 0.4487 0.1798 0.8754
vn 0.2770 0.2664 0.9232
vn -0.0248 0.3819 0.9239
vn -0.2445 0.1768 0.9534
vn -0.2596 0.2245 0.9393
vn -0.3332 0.2279 0.9149
vn -0.1918 0.2182 0.9569
vn -0.2990 0.2949 0.9075
vn -0.2722 0.3945 0.8777
vn -0.3368 -0.9416 -0.0020
vn -0.4138 -0.9061 0.0883
vn -0.5605 -0.8277 -0.0249
vn -0.4693 -0.8776 -0.0983
vn -0.6830 -0.7200 -0.1226
vn -0.6009 -0.7745 -0.1978
vn -0.5299 -0.1229 0.8391
vn -0.5598 -0.1192 0.8200
vn -0.5343 -0.1193 0.8368
vn -0.5624 -0.1150 0.8189
vn -0.5942 -0.1145 0.7961
vn -0.5983 -0.1145 0.7931
vn -0.6903 -0.1234 0.7129
vn -0.7184 -0.1172 0.6857
vn -0.7703 -0.0632 0.6346
vn -0.1469 -0.9800 0.1346
vn -0.2110 -0.9449 0.2503
vn -0.2917 -0.9383 0.1860
vn -0.2254 -0.9711 0.0786
vn -0.1217 -0.9398 0.3192
vn -0.0480 -0.9784 0.2009
vn -0.1388 -0.9416 0.3068
vn -0.0680 -0.9798 0.1883
vn -0.5254 -0.0819 0.8469
vn -0.5215 -0.0279 0.8528
vn -0.4753 -0.0780 0.8764
vn -0.1653 -0.9437 0.2864
vn -0.0983 -0.9808 0.1682
vn -0.4152 -0.0818 0.9060
vn -0.4704 -0.1033 0.8764
vn -0.3843 -0.0580 0.9214
vn -0.3683 -0.0855 0.9257
vn -0.3997 -0.0925 0.9120
vn -0.4564 -0.1067 0.8833
vn -0.7571 -0.6196 -0.2071
vn -0.7045 -0.6499 -0.2850
vn -0.8371 -0.5358 -0.1104
vn -0.9225 -0.3801 -0.0675
vn -0.9669 -0.2356 -0.0982
vn -0.9992 0.0130 0.0389
vn -0.9967 -0.0352 -0.0736
vn -0.9914 -0.0669 -0.1126
vn -0.9999 0.0027 -0.0129
vn -0.7239 0.3392 0.6008
vn -0.7210 0.2433 0.6489
vn -0.8708 0.2785 0.4051
vn -0.9821 0.1125 0.1511
vn -0.7009 0.1831 0.6894
vn -0.7538 0.1642 0.6362
vn -0.7645 0.1134 0.6345
vn -0.7979 0.1442 0.5853
vn 0.9998 -0.0131 0.0120
vn 0.9971 -0.0463 -0.0611
vn 0.9972 -0.0199 -0.0726
vn 0.9962 0.0447 -0.0744
vn 0.9833 -0.0813 -0.1631
vn 0.9827 -0.0339 -0.1823
vn 0.9376 0.0536 -0.3436
vn 0.9624 -0.1029 -0.2513
vn 0.9623 -0.0974 -0.2541
vn 0.9328 -0.1158 -0.3411
vn 0.9262 -0.0680 -0.3708
vn 0.8849 -0.1156 -0.4511
vn 0.8704 -0.0965 -0.4828
vn 0.8317 -0.0926 -0.5474
vn 0.8287 -0.0163 -0.5595
vn 0.1350 -0.1778 -0.9748
vn 0.0308 -0.2200 -0.9750
vn 0.0618 -0.1954 -0.9788
vn 0.1336 -0.1013 -0.9858
vn -0.0871 -0.2405 -0.9667
vn -0.0665 -0.1894 -0.9797
vn -0.1168 -0.0754 -0.9903
vn -0.1815 -0.2428 -0.9530
vn -0.1800 -0.2371 -0.9547
vn -0.2723 -0.2348 -0.9331
vn -0.2634 -0.1862 -0.9465
vn -0.3744 -0.2139 -0.9022
vn -0.3690 -0.1869 -0.9104
vn -0.4459 -0.1899 -0.8747
vn -0.3783 -0.1233 -0.9174
vn 0.6635 -0.5832 -0.4687
vn 0.7202 -0.5641 -0.4039
vn 0.7250 -0.6234 -0.2926
vn 0.6441 -0.6590 -0.3884
vn 0.7692 -0.5316 -0.3546
vn 0.7955 -0.5535 -0.2465
vn 0.8214 -0.5629 -0.0919
vn 0.7172 -0.6877 -0.1127
vn 0.6116 -0.7585 -0.2250
vn 0.6930 -0.7194 0.0462
vn 0.5673 -0.8209 -0.0654
vn 0.8254 -0.5625 0.0474
vn 0.8104 -0.5550 0.1878
vn 0.6524 -0.7336 0.1904
vn 0.5119 -0.8551 0.0822
vn 0.6061 -0.7371 0.2988
vn 0.4536 -0.8666 0.2080
vn 0.7788 -0.5492 0.3030
vn 0.7344 -0.5781 0.3556
vn 0.5672 -0.7532 0.3331
vn 0.4199 -0.8698 0.2592
vn 0.4354 -0.6958 -0.5712
vn 0.4470 -0.6941 -0.5643
vn 0.4269 -0.7363 -0.5250
vn 0.4161 -0.7379 -0.5314
vn 0.4613 -0.6910 -0.5566
vn 0.4398 -0.7334 -0.5183
vn 0.3825 -0.8277 -0.4106
vn 0.3705 -0.8299 -0.4170
vn 0.3609 -0.8313 -0.4228
vn 0.3030 -0.9064 -0.2944
vn 0.2946 -0.9075 -0.2995
vn 0.3143 -0.9046 -0.2880
vn 0.2362 -0.9594 -0.1541
vn 0.2259 -0.9608 -0.1606
vn 0.2188 -0.9617 -0.1651
vn 0.1430 -0.9895 -0.0222
vn 0.1371 -0.9902 -0.0262
vn 0.1524 -0.9882 -0.0157
vn 0.1083 -0.9925 0.0571
vn 0.0989 -0.9938 0.0504
vn 0.0931 -0.9946 0.0465
vn 0.4798 -0.6850 -0.5482
vn 0.4553 -0.7286 -0.5117
vn 0.5037 -0.6741 -0.5402
vn 0.4742 -0.7204 -0.5061
vn 0.4160 -0.8181 -0.3970
vn 0.3974 -0.8241 -0.4037
vn 0.3289 -0.9017 -0.2805
vn 0.3481 -0.8971 -0.2719
vn 0.2696 -0.9536 -0.1344
vn 0.2503 -0.9572 -0.1454
vn 0.1660 -0.9861 -0.0061
vn 0.1853 -0.9827 0.0071
vn 0.1417 -0.9866 0.0809
vn 0.1221 -0.9902 0.0670
vn 0.5344 -0.6563 -0.5327
vn 0.4996 -0.7076 -0.4997
vn 0.5709 -0.6318 -0.5243
vn 0.5338 -0.6904 -0.4883
vn 0.4812 -0.7953 -0.3686
vn 0.4426 -0.8087 -0.3875
vn 0.3768 -0.8894 -0.2589
vn 0.4200 -0.8769 -0.2336
vn 0.3465 -0.9341 -0.0861
vn 0.2996 -0.9469 -0.1170
vn 0.2163 -0.9759 0.0278
vn 0.2662 -0.9619 0.0616
vn 0.2237 -0.9652 0.1357
vn 0.1729 -0.9796 0.1022
vn 0.6129 -0.6052 -0.5081
vn 0.5802 -0.6735 -0.4580
vn 0.5357 -0.7807 -0.3218
vn 0.4822 -0.8584 -0.1752
vn 0.4164 -0.9088 -0.0243
vn 0.3444 -0.9312 0.1198
vn 0.3053 -0.9335 0.1882
vn 0.9983 -0.0443 0.0387
vn 0.9927 -0.1006 0.0661
vn 0.9924 -0.1217 -0.0207
vn 0.9969 -0.0584 -0.0525
vn 0.9668 -0.2289 0.1137
vn 0.9669 -0.2499 0.0517
vn 0.9614 -0.2717 -0.0439
vn 0.9817 -0.1451 -0.1230
vn 0.9846 -0.0776 -0.1564
vn 0.9595 -0.1682 -0.2260
vn 0.9624 -0.0964 -0.2539
vn 0.9424 -0.2970 -0.1539
vn 0.9116 -0.3201 -0.2579
vn 0.9281 -0.1895 -0.3204
vn 0.9328 -0.1137 -0.3419
vn 0.8909 -0.2095 -0.4031
vn 0.8987 -0.1292 -0.4191
vn 0.8706 -0.3410 -0.3547
vn 0.8281 -0.3612 -0.4286
vn 0.8584 -0.2270 -0.4601
vn 0.8704 -0.1405 -0.4719
vn 0.7928 -0.4743 -0.3828
vn 0.8409 -0.4605 -0.2842
vn 0.8791 -0.4459 -0.1683
vn 0.9029 -0.4269 -0.0494
vn 0.9112 -0.4046 0.0769
vn 0.9010 -0.3904 0.1893
vn 0.8917 -0.3929 0.2248
vn -0.2595 -0.9528 -0.1575
vn -0.4096 -0.8726 -0.2660
vn -0.3993 -0.8600 -0.3178
vn -0.2297 -0.9501 -0.2111
vn -0.5334 -0.7331 -0.4220
vn -0.5116 -0.7070 -0.4883
vn -0.4228 -0.7057 -0.5685
vn -0.3246 -0.8530 -0.4087
vn -0.1463 -0.9355 -0.3215
vn -0.2177 -0.8308 -0.5123
vn -0.0464 -0.8959 -0.4418
vn -0.3043 -0.7006 -0.6454
vn -0.1796 -0.6852 -0.7058
vn -0.0938 -0.7868 -0.6100
vn 0.0639 -0.8255 -0.5608
vn 0.0502 -0.7059 -0.7065
vn 0.1763 -0.7162 -0.6753
vn -0.0336 -0.6549 -0.7550
vn 0.0693 -0.6171 -0.7838
vn 0.1400 -0.6351 -0.7597
vn 0.2253 -0.6368 -0.7374
vn 0.0869 -0.9953 0.0430
vn 0.1309 -0.9910 -0.0297
vn 0.0767 -0.9963 0.0376
vn 0.1208 -0.9921 -0.0350
vn 0.2011 -0.9637 -0.1756
vn 0.2116 -0.9626 -0.1694
vn 0.2862 -0.9084 -0.3047
vn 0.2753 -0.9094 -0.3119
vn 0.3400 -0.8329 -0.4367
vn 0.3514 -0.8323 -0.4288
vn 0.4054 -0.7389 -0.5382
vn 0.3934 -0.7391 -0.5468
vn 0.4102 -0.6972 -0.5879
vn 0.4239 -0.6969 -0.5785
vn 0.0615 -0.9977 0.0298
vn 0.1060 -0.9934 -0.0429
vn 0.0401 -0.9990 0.0186
vn 0.0853 -0.9949 -0.0542
vn 0.1680 -0.9660 -0.1967
vn 0.1869 -0.9649 -0.1843
vn 0.2618 -0.9099 -0.3217
vn 0.2451 -0.9097 -0.3351
vn 0.3117 -0.8309 -0.4609
vn 0.3269 -0.8327 -0.4470
vn 0.3800 -0.7378 -0.5579
vn 0.3653 -0.7337 -0.5729
vn 0.3743 -0.6899 -0.6196
vn 0.3937 -0.6955 -0.6010
vn 0.0063 -1.0000 -0.0000
vn 0.0524 -0.9960 -0.0728
vn -0.0480 -0.9984 -0.0309
vn -0.0018 -0.9947 -0.1028
vn 0.0884 -0.9656 -0.2444
vn 0.1384 -0.9666 -0.2159
vn 0.2196 -0.9086 -0.3553
vn 0.1762 -0.9068 -0.3831
vn 0.2542 -0.8231 -0.5079
vn 0.2900 -0.8273 -0.4811
vn 0.3462 -0.7263 -0.5938
vn 0.3182 -0.7168 -0.6205
vn 0.3234 -0.6621 -0.6761
vn 0.3511 -0.6787 -0.6451
vn -0.1355 -0.9874 -0.0822
vn -0.0927 -0.9846 -0.1483
vn -0.0011 -0.9599 -0.2804
vn 0.0943 -0.9058 -0.4131
vn 0.1864 -0.8234 -0.5360
vn 0.2682 -0.7117 -0.6493
vn 0.2860 -0.6452 -0.7085
vn 0.0599 -0.2396 -0.9690
vn 0.0699 -0.3234 -0.9437
vn 0.0022 -0.3181 -0.9481
vn -0.0010 -0.2391 -0.9710
vn 0.0789 -0.4528 -0.8881
vn -0.0085 -0.4485 -0.8938
vn -0.1154 -0.4456 -0.8878
vn -0.0905 -0.3141 -0.9451
vn -0.0869 -0.2383 -0.9673
vn -0.1912 -0.3088 -0.9317
vn -0.1804 -0.2361 -0.9548
vn -0.2247 -0.4397 -0.8696
vn -0.3344 -0.4301 -0.8386
vn -0.2958 -0.3012 -0.9065
vn -0.2795 -0.2322 -0.9317
vn -0.3948 -0.2912 -0.8714
vn -0.3798 -0.2267 -0.8968
vn -0.4250 -0.4200 -0.8018
vn -0.4833 -0.4061 -0.7756
vn -0.4752 -0.2800 -0.8341
vn -0.4633 -0.2230 -0.8577
vn -0.5195 -0.5654 -0.6406
vn -0.4927 -0.5608 -0.6654
vn -0.3956 -0.5644 -0.7245
vn -0.2767 -0.5711 -0.7728
vn -0.1581 -0.5727 -0.8044
vn -0.0366 -0.5677 -0.8224
vn 0.0739 -0.5622 -0.8237
vn 0.4347 -0.6678 -0.6042
vn 0.4473 -0.6665 -0.5964
vn 0.4181 -0.6684 -0.6152
vn 0.4440 -0.5535 -0.7047
vn 0.4667 -0.5535 -0.6898
vn 0.4840 -0.5523 -0.6788
vn 0.4599 -0.6647 -0.5888
vn 0.5014 -0.5492 -0.6685
vn 0.5244 -0.5435 -0.6554
vn 0.4769 -0.6612 -0.5792
vn 0.0626 -0.9919 0.1103
vn 0.0562 -0.9928 0.1062
vn 0.0727 -0.9904 0.1172
vn 0.0497 -0.9935 0.1024
vn 0.0389 -0.9946 0.0965
vn 0.0872 -0.9880 0.1272
vn 0.1072 -0.9842 0.1407
vn 0.5011 -0.6541 -0.5665
vn 0.5553 -0.5343 -0.6373
vn 0.5936 -0.5207 -0.6137
vn 0.5336 -0.6410 -0.5517
vn 0.1385 -0.9772 0.1611
vn 0.1888 -0.9630 0.1922
vn 0.5741 -0.6194 -0.5355
vn 0.6380 -0.5011 -0.5847
vn 0.6846 -0.4733 -0.5543
vn 0.6185 -0.5888 -0.5203
vn 0.5141 -0.7742 0.3692
vn 0.3801 -0.8744 0.3016
vn 0.6379 -0.6390 0.4299
vn 0.6601 -0.5540 -0.5073
vn 0.7228 -0.4410 -0.5320
vn 0.7525 -0.4115 -0.5142
vn 0.6990 -0.5239 -0.4868
vn 0.7404 -0.4996 -0.4496
vn 0.7871 -0.3853 -0.4817
vn 0.2689 -0.9329 0.2394
vn 0.7980 -0.4704 0.3767
vn 0.7203 -0.4986 0.4823
vn 0.8996 -0.3396 0.2747
vn 0.9578 -0.1805 0.2235
vn 0.9993 -0.0310 0.0200
vn 0.9917 -0.0246 0.1265
vn 0.9863 -0.0331 0.1617
vn 0.9973 -0.0111 0.0732
vn 0.7714 0.0651 -0.6330
vn 0.7865 -0.0539 -0.6152
vn 0.9058 0.0945 -0.4130
vn 0.9940 0.0413 -0.1014
vn 0.8264 -0.1065 -0.5529
vn 0.8377 -0.1529 -0.5242
vn 0.8636 -0.1096 -0.4921
vn 0.0233 -0.9958 0.0880
vn 0.0020 -0.9971 0.0762
vn 0.3297 -0.6493 -0.6854
vn 0.3655 -0.6616 -0.6548
vn 0.2915 -0.6288 -0.7209
vn 0.2722 -0.5238 -0.8072
vn 0.3243 -0.5395 -0.7770
vn 0.3727 -0.5478 -0.7490
vn 0.3951 -0.6671 -0.6315
vn 0.4127 -0.5519 -0.7247
vn -0.0309 -0.9979 0.0572
vn -0.0828 -0.9962 0.0256
vn -0.2786 -0.9549 -0.1024
vn -0.4145 -0.8877 -0.2003
vn -0.5460 -0.7837 -0.2961
vn 0.1601 -0.5706 -0.8055
vn 0.2153 -0.5830 -0.7834
vn 0.1480 -0.4634 -0.8737
vn 0.1963 -0.4795 -0.8553
vn -0.1649 -0.9860 -0.0266
vn 0.2557 -0.6035 -0.7553
vn 0.2301 -0.5013 -0.8341
vn -0.5988 -0.6412 -0.4799
vn -0.5763 -0.5200 -0.6304
vn -0.5847 -0.3691 -0.7225
vn -0.6530 -0.6664 -0.3598
vn -0.5685 -0.2231 -0.7918
vn -0.5414 -0.2120 -0.8136
vn -0.4497 -0.2081 -0.8686
vn -0.4992 -0.1940 -0.8445
vn -0.3530 -0.1234 -0.9275
vn -0.0490 -0.0222 -0.9986
vn 0.1224 -0.2403 -0.9629
vn 0.1445 -0.1899 -0.9711
vn 0.0753 -0.2060 -0.9757
vn 0.2077 -0.1248 -0.9702
vn 0.2090 -0.0038 -0.9779
vn -0.5271 0.0592 0.8478
vn -0.5324 0.0575 0.8445
vn -0.5390 0.0540 0.8406
vn -0.5201 0.0597 0.8520
vn -0.5216 0.0589 0.8512
vn -0.5147 0.0570 0.8555
vn -0.5341 0.0580 0.8434
vn 0.1303 -0.3323 -0.9341
vn 0.1867 -0.3428 -0.9207
vn -0.5847 -0.2647 -0.7669
vn -0.7053 -0.2553 -0.6614
vn 0.7903 -0.2691 -0.5505
vn 0.8250 -0.2474 -0.5080
vn 0.9787 -0.0736 0.1919
vn 0.9368 -0.0546 0.3457
vn -0.2732 -0.2192 -0.9367
vn -0.3712 -0.2133 -0.9037
vn -0.0906 -0.2217 -0.9709
vn -0.1805 -0.2219 -0.9582
vn 0.0024 -0.2169 -0.9762
vn 0.9347 -0.0964 -0.3420
vn 0.8979 -0.1074 -0.4269
vn 0.9840 -0.0655 -0.1656
vn 0.9629 -0.0821 -0.2570
vn 0.9968 -0.0461 -0.0647
vn -0.7857 0.0445 0.6170
vn -0.9841 -0.1271 -0.1240
vn -0.9432 -0.1787 -0.2801
vn -0.2077 0.1151 0.9714
vn -0.1246 0.1467 0.9813
vn 0.5625 0.0619 0.8245
vn 0.6913 0.0211 0.7223
vn -0.8967 0.1040 0.4302
vn -0.8451 0.1245 0.5199
vn -0.9692 0.0625 0.2383
vn -0.9375 0.0844 0.3375
vn -0.9906 0.0379 0.1314
vn 0.2032 0.2058 0.9573
vn 0.3112 0.1970 0.9297
vn -0.0048 0.2129 0.9771
vn 0.0981 0.2109 0.9726
vn -0.1100 0.2142 0.9706
vn -0.8957 -0.2271 -0.3824
vn -0.8438 -0.2576 -0.4708
vn -0.7846 -0.2610 -0.5624
vn 0.2292 -0.3515 -0.9077
vn 0.2762 -0.3561 -0.8927
vn 0.3303 -0.3562 -0.8741
vn 0.3797 -0.3549 -0.8543
vn 0.4233 -0.3548 -0.8336
vn 0.4614 -0.3555 -0.8129
vn 0.4930 -0.3555 -0.7941
vn 0.5204 -0.3535 -0.7773
vn 0.8298 -0.0530 0.5556
vn 0.7692 -0.0236 0.6386
vn 0.8853 -0.0568 0.4616
vn 0.7286 -0.3007 -0.6154
vn 0.7617 -0.2864 -0.5812
vn 0.6493 -0.3217 -0.6891
vn 0.6886 -0.3122 -0.6545
vn 0.5775 -0.3410 -0.7418
vn 0.6121 -0.3315 -0.7180
vn 0.5473 -0.3487 -0.7608
vn -0.6486 0.1648 0.7431
vn -0.6410 0.2012 0.7407
vn -0.5840 0.1755 0.7925
vn -0.5837 0.2117 0.7839
vn -0.5323 0.1716 0.8290
vn -0.5403 0.2112 0.8146
vn -0.4080 0.2296 0.8837
vn -0.4730 0.2252 0.8518
vn -0.5282 0.1720 0.8315
vn -0.5190 0.2137 0.8276
vn -0.6474 0.1669 0.7437
vn -0.6416 0.1742 0.7470
vn -0.5889 0.1803 0.7878
vn -0.5844 0.1757 0.7922
vn -0.5303 0.1728 0.8300
vn -0.5422 0.1814 0.8204
vn -0.5007 -0.1178 0.8576
vn -0.5006 -0.1190 0.8574
vn -0.6611 -0.1291 0.7391
vn -0.6362 -0.1275 0.7609
vn -0.6747 -0.1451 0.7237
vn -0.7290 -0.1446 0.6691
vn -0.3395 -0.0898 0.9363
vn -0.3698 -0.0950 0.9242
vn -0.2453 -0.0855 0.9657
vn -0.3171 -0.1015 0.9430
vn -0.5159 -0.1209 0.8481
vn -0.5162 -0.1198 0.8480
vn -0.5301 0.1727 0.8301
vn -0.5179 0.1842 0.8353
vn -0.1028 0.2039 0.9736
vn -0.2002 0.2216 0.9544
vn 0.0042 0.2488 0.9685
vn 0.0663 0.1672 0.9837
vn -0.5913 -0.2649 0.7617
vn -0.6786 -0.2218 0.7002
vn -0.4938 -0.4556 0.7407
vn -0.4190 -0.5262 0.7399
vn -0.3084 -0.6606 0.6845
vn -0.1411 -0.7755 0.6153
vn -0.6809 -0.3642 0.6354
vn -0.4957 -0.5808 0.6457
vn -0.8357 -0.1733 0.5211
vn -0.9527 -0.1058 0.2848
vn -0.8449 -0.2748 0.4590
vn -0.6822 -0.4916 0.5412
vn -0.9264 -0.2197 0.3058
vn -0.8204 -0.4028 0.4058
vn -0.9856 -0.0673 0.1551
vn -0.5307 0.1524 0.8338
vn -0.5654 0.1477 0.8115
vn -0.5561 -0.0060 0.8311
vn -0.5231 -0.0041 0.8523
vn -0.5332 -0.1151 0.8381
vn -0.5096 -0.1156 0.8526
vn -0.5864 -0.0029 0.8100
vn -0.5544 -0.1076 0.8253
vn -0.5993 0.1433 0.7876
vn -0.6327 0.1409 0.7615
vn -0.6139 0.0065 0.7893
vn -0.5732 -0.0929 0.8141
vn -0.6391 0.0233 0.7687
vn -0.5911 -0.0714 0.8035
vn -0.6647 0.1429 0.7334
vn -0.6962 0.1501 0.7020
vn -0.6649 0.0464 0.7455
vn -0.6124 -0.0446 0.7893
vn -0.6960 0.0717 0.7145
vn -0.6435 -0.0162 0.7653
vn -0.7292 0.1599 0.6654
vn -0.7613 0.1672 0.6264
vn -0.7334 0.0923 0.6736
vn -0.6865 0.0094 0.7271
vn -0.7800 0.1026 0.6173
vn -0.7410 0.0303 0.6709
vn -0.7975 0.1650 0.5803
vn -0.5072 -0.2049 0.8371
vn -0.4936 -0.2058 0.8450
vn -0.4697 -0.3366 0.8161
vn -0.4621 -0.3374 0.8201
vn -0.5185 -0.1986 0.8317
vn -0.4733 -0.3311 0.8163
vn -0.3789 -0.5771 0.7234
vn -0.3746 -0.5778 0.7251
vn -0.2199 -0.8265 0.5182
vn -0.2179 -0.8265 0.5190
vn -0.3772 -0.5719 0.7284
vn -0.2155 -0.8244 0.5234
vn -0.4768 -0.3209 0.8183
vn -0.3775 -0.5626 0.7355
vn -0.2132 -0.8205 0.5304
vn -0.3874 -0.5536 0.7372
vn -0.2206 -0.8170 0.5328
vn -0.4847 -0.3094 0.8181
vn -0.5281 -0.1870 0.8283
vn -0.5387 -0.1713 0.8249
vn -0.5547 -0.1532 0.8179
vn -0.4983 -0.3001 0.8134
vn -0.5818 -0.1338 0.8022
vn -0.5193 -0.2942 0.8024
vn -0.4029 -0.5481 0.7330
vn -0.2307 -0.8136 0.5336
vn -0.4177 -0.5473 0.7253
vn -0.2324 -0.8090 0.5399
vn -0.5487 -0.2874 0.7851
vn -0.4255 -0.5468 0.7211
vn -0.2129 -0.7972 0.5649
vn -0.6235 -0.1134 0.7735
vn -0.6821 -0.0882 0.7260
vn -0.6441 0.1002 0.7583
vn -0.7808 0.1839 0.5972
vn -0.7737 0.1872 0.6052
vn -0.6315 0.1146 0.7668
vn -0.7664 0.1814 0.6163
vn -0.6125 0.1157 0.7820
vn -0.8719 0.2434 0.4250
vn -0.8735 0.2230 0.4327
vn -0.8725 0.2563 0.4161
vn -0.7562 0.1647 0.6333
vn -0.5832 0.1085 0.8050
vn -0.7413 0.1367 0.6571
vn -0.5480 0.0995 0.8305
vn -0.8761 0.1923 0.4420
vn -0.8770 0.1490 0.4567
vn -0.9432 0.2480 0.2209
vn -0.9537 0.1985 0.2262
vn -0.9627 0.1380 0.2329
vn -0.9820 0.1887 -0.0113
vn -0.9939 0.1104 -0.0062
vn -0.9660 0.2581 -0.0168
vn -0.9250 0.3209 0.2035
vn -0.9333 0.2882 0.2141
vn -0.9476 0.3186 -0.0241
vn -0.9281 0.3707 -0.0347
vn -0.6211 -0.1682 0.7654
vn -0.8262 0.0010 0.5633
vn -0.8156 0.0709 0.5742
vn -0.6337 -0.0878 0.7686
vn -0.8127 0.1119 0.5719
vn -0.6519 -0.0403 0.7572
vn -0.9126 0.2274 0.3397
vn -0.9007 0.2591 0.3486
vn -0.9310 0.1723 0.3217
vn -0.8116 0.1318 0.5692
vn -0.6657 -0.0138 0.7461
vn -0.8098 0.1397 0.5698
vn -0.6723 0.0036 0.7403
vn -0.8936 0.2716 0.3573
vn -0.8901 0.2694 0.3675
vn -0.9181 0.3809 0.1098
vn -0.9116 0.3928 0.1212
vn -0.9121 0.3870 0.1352
vn -0.8744 0.4722 -0.1115
vn -0.8756 0.4720 -0.1026
vn -0.8833 0.4546 -0.1146
vn -0.9478 0.3074 0.0853
vn -0.9302 0.3531 0.1001
vn -0.8969 0.4271 -0.1145
vn -0.9135 0.3893 -0.1184
vn -0.4569 0.0163 0.8894
vn -0.6278 -0.0241 0.7780
vn -0.5769 -0.0556 0.8149
vn -0.4325 -0.0236 0.9013
vn -0.4995 -0.0968 0.8609
vn -0.3947 -0.0832 0.9150
vn -0.7643 -0.0985 0.6372
vn -0.6976 -0.1297 0.7046
vn -0.8072 -0.0713 0.5860
vn -0.3787 -0.1408 0.9148
vn -0.3387 -0.1784 0.9238
vn -0.2208 -0.1814 0.9583
vn -0.1233 -0.3437 0.9309
vn -0.6106 -0.1530 0.7770
vn -0.5216 -0.1641 0.8373
vn -0.8768 -0.1874 0.4429
vn -0.8292 -0.2207 0.5135
vn -0.7793 -0.2547 0.5726
vn -0.9294 -0.2988 0.2166
vn -0.8916 -0.3652 0.2677
vn -0.9554 -0.2473 0.1616
vn -0.9345 -0.1260 0.3330
vn -0.9123 -0.1542 0.3793
vn -0.9717 -0.2072 0.1134
vn -0.9815 -0.1756 0.0763
vn 0.4376 0.1856 0.8798
vn 0.1179 0.1712 0.9782
vn 0.1134 0.1782 0.9774
vn 0.4394 0.2160 0.8720
vn 0.1030 0.1816 0.9780
vn 0.4367 0.2462 0.8653
vn -0.1379 0.1064 0.9847
vn -0.1614 0.0750 0.9840
vn -0.1228 0.1253 0.9845
vn 0.0850 0.1938 0.9774
vn 0.4310 0.2799 0.8578
vn 0.0661 0.2240 0.9723
vn 0.4286 0.3168 0.8461
vn -0.2038 0.0452 0.9780
vn -0.2634 0.0305 0.9642
vn -0.3194 -0.0308 0.9471
vn -0.3529 -0.1217 0.9277
vn -0.4080 -0.2425 0.8802
vn -0.2987 0.0673 0.9520
vn -0.3077 0.0292 0.9511
vn 0.3642 -0.5652 0.7402
vn 0.1620 -0.4893 0.8569
vn 0.1507 -0.4628 0.8736
vn 0.3718 -0.5450 0.7515
vn 0.1284 -0.4468 0.8854
vn 0.3704 -0.5305 0.7625
vn -0.1187 -0.3527 0.9282
vn -0.1574 -0.3262 0.9321
vn -0.0890 -0.3995 0.9124
vn 0.1065 -0.4288 0.8971
vn 0.3673 -0.5145 0.7748
vn 0.0899 -0.4074 0.9088
vn 0.3665 -0.4956 0.7875
vn -0.1903 -0.3041 0.9334
vn -0.2126 -0.2806 0.9360
vn -0.4283 -0.1872 0.8840
vn -0.4570 -0.1607 0.8748
vn -0.4735 -0.1383 0.8699
vn -0.3587 -0.2994 0.8841
vn -0.3910 -0.2284 0.8916
vn 0.4376 -0.2530 0.8628
vn 0.1135 -0.1869 0.9758
vn 0.1150 -0.1410 0.9833
vn 0.4440 -0.1898 0.8757
vn 0.1132 -0.1127 0.9872
vn 0.4415 -0.1385 0.8865
vn -0.1919 -0.0639 0.9793
vn -0.1776 -0.0535 0.9826
vn -0.2007 -0.0951 0.9750
vn 0.1139 -0.0803 0.9902
vn 0.4356 -0.0869 0.8959
vn 0.1184 -0.0220 0.9927
vn 0.4312 -0.0238 0.9019
vn -0.1534 -0.0399 0.9874
vn -0.1255 0.0012 0.9921
vn -0.4130 0.0298 0.9102
vn -0.3737 0.0307 0.9270
vn -0.3299 0.0468 0.9429
vn -0.4523 0.0045 0.8918
vn -0.4378 0.0265 0.8987
vn 0.0750 0.2358 0.9689
vn 0.4429 0.3316 0.8330
vn 0.1331 0.1605 0.9780
vn 0.4821 0.2839 0.8289
vn -0.2940 -0.0017 0.9558
vn -0.2415 -0.1096 0.9642
vn 0.2399 -0.0654 0.9686
vn 0.5330 0.1229 0.8371
vn 0.3897 -0.3509 0.8514
vn 0.5924 -0.1300 0.7951
vn -0.0772 -0.3285 0.9414
vn 0.1599 -0.5863 0.7942
vn -0.4140 -0.2727 0.8685
vn -0.3448 -0.6204 0.7044
vn -0.0872 -0.7778 0.6224
vn -0.4420 -0.8189 0.3661
vn -0.2549 -0.8896 0.3790
vn -0.5448 -0.6601 0.5172
vn -0.5130 -0.7677 0.3839
vn -0.4834 -0.3613 0.7973
vn -0.4097 -0.7185 0.5620
vn -0.0477 -0.1695 0.9844
vn 0.3289 -0.2916 0.8982
vn 0.0866 -0.1460 0.9855
vn 0.4928 -0.1464 0.8577
vn -0.4432 -0.1795 0.8782
vn -0.3646 -0.2233 0.9040
vn 0.1889 -0.2332 0.9539
vn 0.5389 -0.1629 0.8265
vn 0.3529 -0.4255 0.8333
vn 0.5652 -0.2807 0.7757
vn -0.2046 -0.3724 0.9052
vn 0.0947 -0.5835 0.8066
vn -0.6822 -0.3649 0.6336
vn -0.5071 -0.5237 0.6845
vn -0.2181 -0.7248 0.6535
vn -0.6739 -0.6474 0.3560
vn -0.4053 -0.8182 0.4079
vn -0.7905 -0.5273 0.3115
vn -0.7338 -0.2997 0.6096
vn -0.8437 -0.4444 0.3012
vn 0.1220 0.0497 0.9913
vn 0.4294 0.0440 0.9021
vn 0.1222 0.1108 0.9863
vn 0.4304 0.1034 0.8967
vn -0.1072 0.0566 0.9926
vn -0.1036 0.1016 0.9894
vn 0.1203 0.1513 0.9811
vn 0.4337 0.1498 0.8885
vn -0.1108 0.1253 0.9859
vn -0.2865 0.0860 0.9542
vn -0.2895 0.0856 0.9534
vn -0.4732 0.0444 0.8798
vn -0.4908 0.0688 0.8685
vn -0.2985 0.0706 0.9518
vn -0.5155 0.0876 0.8524
vn -0.7207 0.0982 0.6863
vn -0.6946 0.0514 0.7176
vn -0.8725 0.0925 0.4797
vn -0.8592 0.0251 0.5110
vn -0.6639 0.0077 0.7478
vn -0.8367 -0.0347 0.5466
vn -0.9635 -0.0151 0.2673
vn -0.9509 -0.0849 0.2976
vn -0.9902 -0.1324 0.0453
vn -0.9980 -0.0607 0.0189
vn -0.9672 0.0660 0.2452
vn -0.9997 0.0259 0.0020
vn 0.0860 -0.3739 0.9235
vn 0.3757 -0.4623 0.8032
vn 0.0955 -0.3183 0.9432
vn 0.3979 -0.4030 0.8242
vn -0.2206 -0.2488 0.9431
vn -0.2162 -0.2010 0.9554
vn 0.1071 -0.2497 0.9624
vn 0.4217 -0.3271 0.8457
vn -0.2081 -0.1447 0.9673
vn -0.4726 -0.0750 0.8781
vn -0.4631 -0.0326 0.8857
vn -0.6549 0.0756 0.7519
vn -0.6650 0.0469 0.7454
vn -0.4779 -0.1119 0.8713
vn -0.6718 0.0216 0.7404
vn -0.8059 0.1461 0.5737
vn -0.7984 0.1587 0.5809
vn -0.8873 0.2633 0.3787
vn -0.8820 0.2624 0.3915
vn -0.7891 0.1734 0.5893
vn -0.8760 0.2623 0.4046
vn -0.9172 0.3604 0.1702
vn -0.9194 0.3451 0.1885
vn -0.9099 0.4118 -0.0497
vn -0.8955 0.4398 -0.0685
vn -0.9153 0.3730 0.1516
vn -0.8841 0.4590 -0.0876
vn -0.1815 -0.7499 0.6361
vn 0.0816 -0.7822 0.6176
vn -0.0246 -0.6990 0.7147
vn 0.2252 -0.7101 0.6671
vn -0.3729 -0.6916 0.6186
vn -0.2539 -0.6504 0.7159
vn 0.1157 -0.5740 0.8106
vn 0.3237 -0.6211 0.7137
vn -0.1255 -0.5103 0.8508
vn -0.4728 -0.5658 0.6755
vn -0.3800 -0.4262 0.8209
vn -0.6454 -0.2907 0.7063
vn -0.7156 -0.4109 0.5648
vn -0.5627 -0.6082 0.5599
vn -0.7794 -0.4476 0.4383
vn -0.9353 -0.2228 0.2751
vn -0.9021 -0.1948 0.3850
vn -0.9904 -0.0518 0.1279
vn -0.9816 -0.0056 0.1910
vn -0.8565 -0.1000 0.5064
vn -0.9577 0.0861 0.2746
vn -0.9931 0.1169 0.0013
vn -0.9734 0.2230 0.0525
vn -0.9402 0.3102 -0.1403
vn -0.9641 0.1971 -0.1778
vn -0.9999 0.0124 -0.0026
vn -0.9984 0.0481 -0.0280
vn -0.9731 0.1131 -0.2005
vn -0.9799 0.0519 -0.1925
vn 0.1410 -0.4251 -0.8941
vn 0.2771 -0.5721 -0.7720
vn 0.0923 -0.4758 -0.8747
vn -0.0850 -0.3272 -0.9411
vn -0.0597 -0.4054 -0.9122
vn -0.2000 -0.2587 -0.9450
vn 0.1909 -0.6748 -0.7129
vn 0.0400 -0.5812 -0.8128
vn 0.3217 -0.7558 -0.5703
vn 0.3936 -0.5204 -0.7578
vn 0.4038 -0.7180 -0.5669
vn 0.4056 -0.6562 -0.6364
vn 0.3301 -0.4863 -0.8091
vn 0.4007 -0.8231 -0.4024
vn 0.3683 -0.9114 -0.1837
vn 0.5260 -0.1282 -0.8408
vn 0.5301 -0.1964 -0.8249
vn 0.5325 -0.1966 -0.8232
vn 0.5330 -0.1266 -0.8366
vn 0.5356 -0.2014 -0.8201
vn 0.5520 -0.1372 -0.8225
vn 0.5232 -0.2885 -0.8019
vn 0.5199 -0.2949 -0.8017
vn 0.5245 -0.2845 -0.8025
vn 0.5298 -0.1310 -0.8380
vn 0.5299 -0.1971 -0.8248
vn 0.5304 -0.1969 -0.8245
vn 0.5286 -0.1304 -0.8388
vn 0.5257 -0.2821 -0.8025
vn 0.5266 -0.2813 -0.8022
vn 0.5176 -0.3794 -0.7669
vn 0.5119 -0.3813 -0.7698
vn 0.5067 -0.3858 -0.7710
vn 0.4843 -0.5108 -0.7103
vn 0.4758 -0.5136 -0.7140
vn 0.4954 -0.5086 -0.7042
vn 0.5018 -0.3921 -0.7710
vn 0.4956 -0.3999 -0.7710
vn 0.4694 -0.5160 -0.7165
vn 0.4626 -0.5189 -0.7189
vn 0.3932 -0.7452 -0.5386
vn 0.3900 -0.7426 -0.5445
vn 0.3852 -0.7394 -0.5522
vn 0.2184 -0.9548 -0.2016
vn 0.2185 -0.9529 -0.2101
vn 0.2169 -0.9562 -0.1963
vn 0.4140 -0.7439 -0.5247
vn 0.4002 -0.7455 -0.5329
vn 0.2198 -0.9565 -0.1919
vn 0.2308 -0.9553 -0.1849
vn 0.4824 -0.4083 -0.7750
vn 0.5046 -0.3033 -0.8083
vn 0.4567 -0.4150 -0.7869
vn 0.4688 -0.3108 -0.8268
vn 0.4508 -0.5235 -0.7230
vn 0.4312 -0.5298 -0.7304
vn 0.4202 -0.4161 -0.8064
vn 0.4168 -0.3133 -0.8533
vn 0.3725 -0.4067 -0.8342
vn 0.3533 -0.3091 -0.8830
vn 0.4105 -0.5328 -0.7400
vn 0.3619 -0.7384 -0.5691
vn 0.3623 -0.7375 -0.5699
vn 0.2666 -0.9370 -0.2256
vn 0.2258 -0.9468 -0.2292
vn 0.3754 -0.7376 -0.5612
vn 0.2186 -0.9505 -0.2208
vn 0.4407 -0.1809 -0.8792
vn 0.4516 -0.1718 -0.8755
vn 0.2583 -0.0877 -0.9621
vn 0.2520 -0.0858 -0.9639
vn 0.0627 -0.0073 -0.9980
vn 0.0609 0.0109 -0.9981
vn 0.2664 -0.0985 -0.9588
vn 0.0616 -0.0322 -0.9976
vn 0.4695 -0.1754 -0.8653
vn -0.1481 0.0762 -0.9860
vn -0.1445 0.1144 -0.9829
vn -0.3657 0.1606 -0.9168
vn -0.3549 0.2182 -0.9091
vn -0.1565 0.0319 -0.9872
vn -0.3804 0.0963 -0.9198
vn 0.0603 -0.0671 -0.9959
vn -0.1678 -0.0206 -0.9856
vn -0.3970 0.0247 -0.9175
vn -0.1786 -0.0829 -0.9804
vn -0.4139 -0.0539 -0.9087
vn 0.0631 -0.1147 -0.9914
vn 0.4980 -0.1869 -0.8468
vn 0.2798 -0.1203 -0.9525
vn 0.2998 -0.1536 -0.9416
vn 0.5312 -0.1993 -0.8234
vn 0.4789 -0.3767 -0.7929
vn 0.4782 -0.3090 -0.8221
vn 0.2597 -0.1473 -0.9544
vn 0.2482 -0.2079 -0.9461
vn 0.0286 0.0321 -0.9991
vn 0.0087 -0.0160 -0.9998
vn 0.2525 -0.1147 -0.9608
vn 0.0344 0.0569 -0.9978
vn 0.4579 -0.2731 -0.8460
vn -0.1886 0.1964 -0.9622
vn -0.2072 0.1551 -0.9659
vn -0.3736 0.3146 -0.8726
vn -0.3845 0.2778 -0.8804
vn -0.1795 0.2191 -0.9591
vn -0.3691 0.3408 -0.8646
vn 0.0363 0.0619 -0.9974
vn -0.1730 0.2245 -0.9590
vn -0.3648 0.3553 -0.8607
vn -0.1688 0.2112 -0.9627
vn -0.3619 0.3498 -0.8641
vn 0.0370 0.0519 -0.9980
vn 0.4368 -0.2569 -0.8621
vn 0.2422 -0.1031 -0.9647
vn 0.2348 -0.1030 -0.9666
vn 0.4229 -0.2486 -0.8714
vn 0.6008 -0.2876 -0.7458
vn 0.6140 -0.3264 -0.7187
vn 0.4684 -0.3608 -0.8065
vn 0.4208 -0.3279 -0.8458
vn 0.2226 -0.3882 -0.8943
vn 0.1651 -0.3540 -0.9206
vn 0.5341 -0.4005 -0.7446
vn 0.3039 -0.4259 -0.8522
vn 0.6312 -0.3820 -0.6750
vn -0.0861 -0.4007 -0.9122
vn -0.1304 -0.3620 -0.9230
vn -0.3758 -0.3920 -0.8397
vn -0.4046 -0.3496 -0.8450
vn -0.0214 -0.4455 -0.8950
vn -0.3324 -0.4434 -0.8324
vn 0.4004 -0.4533 -0.7964
vn 0.0563 -0.4891 -0.8704
vn -0.2769 -0.5040 -0.8181
vn 0.1258 -0.5288 -0.8394
vn -0.2209 -0.5745 -0.7881
vn 0.4900 -0.4651 -0.7373
vn 0.6463 -0.4674 -0.6032
vn 0.6256 -0.4371 -0.6462
vn 0.7250 -0.4611 -0.5116
vn 0.6571 -0.5613 -0.5031
vn 0.9997 0.0244 0.0065
vn 0.9986 0.0536 0.0037
vn 0.9470 -0.0611 -0.3152
vn 0.9482 -0.0656 -0.3108
vn 0.8358 -0.1717 -0.5216
vn 0.8450 -0.1498 -0.5133
vn 0.9441 -0.0601 -0.3242
vn 0.8204 -0.2061 -0.5334
vn 0.9965 0.0835 -0.0037
vn 0.7211 -0.2660 -0.6397
vn 0.7327 -0.2268 -0.6417
vn 0.7022 -0.3255 -0.6332
vn 0.7928 -0.2403 -0.5600
vn 0.6551 -0.4145 -0.6316
vn 0.5685 -0.5290 -0.6301
vn 0.7543 -0.2607 -0.6026
vn 0.9930 0.1171 -0.0137
vn 0.9385 -0.0510 -0.3415
vn 0.9321 -0.0240 -0.3615
vn 0.9878 0.1545 -0.0192
vn 0.7360 -0.6470 0.1995
vn 0.7521 -0.6289 0.1969
vn 0.7979 -0.5985 -0.0715
vn 0.7852 -0.6172 -0.0504
vn 0.7665 -0.5309 -0.3614
vn 0.7610 -0.5641 -0.3205
vn 0.7995 -0.5925 -0.0984
vn 0.7546 -0.5186 -0.4021
vn 0.7627 -0.6189 0.1876
vn 0.6542 -0.4352 -0.6186
vn 0.6565 -0.4909 -0.5727
vn 0.6321 -0.4085 -0.6585
vn 0.7413 -0.5098 -0.4365
vn 0.6096 -0.3948 -0.6874
vn 0.5951 -0.3833 -0.7063
vn 0.7333 -0.4981 -0.4628
vn 0.7739 -0.6084 0.1758
vn 0.8011 -0.5851 -0.1260
vn 0.8051 -0.5737 -0.1503
vn 0.7867 -0.5949 0.1648
vn 0.9179 -0.3747 0.1304
vn 0.9414 -0.3178 0.1133
vn 0.9096 -0.3469 -0.2289
vn 0.8972 -0.3862 -0.2144
vn 0.7932 -0.3208 -0.5176
vn 0.7840 -0.3468 -0.5149
vn 0.9151 -0.3237 -0.2404
vn 0.8012 -0.3133 -0.5099
vn 0.9577 -0.2726 0.0925
vn 0.6354 -0.2552 -0.7288
vn 0.6236 -0.2723 -0.7328
vn 0.6532 -0.2552 -0.7128
vn 0.8153 -0.3008 -0.4947
vn 0.6819 -0.2557 -0.6853
vn 0.7143 -0.2402 -0.6573
vn 0.8355 -0.2610 -0.4836
vn 0.9713 -0.2274 0.0696
vn 0.9219 -0.2956 -0.2505
vn 0.9337 -0.2422 -0.2638
vn 0.9842 -0.1709 0.0466
vn 0.9848 0.1735 -0.0031
vn 0.9359 -0.0101 -0.3521
vn 0.7306 -0.2938 -0.6164
vn 0.9569 -0.0734 -0.2810
vn 0.7445 -0.3902 -0.5417
vn 0.9896 0.1357 0.0485
vn 0.4413 -0.6355 -0.6335
vn 0.1947 -0.9054 -0.3774
vn 0.1009 -0.8624 -0.4961
vn -0.0231 -0.9224 -0.3856
vn 0.5572 -0.5512 -0.6210
vn 0.7571 -0.5688 -0.3212
vn 0.3710 -0.8391 -0.3978
vn -0.0188 -0.9546 -0.2973
vn 0.3769 -0.9224 -0.0847
vn 0.0601 -0.9919 -0.1119
vn 0.6733 -0.7390 0.0230
vn 0.9905 -0.0111 0.1371
vn 0.9552 -0.2720 -0.1171
vn 0.8598 -0.4906 0.1415
vn 0.9314 -0.2336 0.2791
vn 0.8894 -0.4563 0.0281
vn 0.8242 -0.4276 -0.3713
vn 0.5574 -0.4779 -0.6789
vn 0.8862 -0.3836 -0.2597
vn 0.6063 -0.5138 -0.6070
vn 0.9482 -0.2813 0.1475
vn 0.1713 -0.5739 -0.8008
vn -0.1802 -0.6502 -0.7381
vn 0.2032 -0.6336 -0.7465
vn -0.1610 -0.7221 -0.6728
vn 0.6505 -0.6295 -0.4249
vn 0.2960 -0.7684 -0.5674
vn -0.0919 -0.8274 -0.5541
vn 0.3579 -0.9014 -0.2435
vn 0.0409 -0.9565 -0.2889
vn 0.6549 -0.7530 -0.0639
vn 0.9375 -0.2815 0.2045
vn 0.8870 -0.4420 -0.1334
vn 0.8176 -0.5650 0.1107
vn 0.8834 -0.3760 0.2797
vn 0.9937 -0.1086 0.0271
vn 0.9438 -0.1756 -0.2799
vn 0.8505 -0.2079 -0.4831
vn 0.9482 -0.1189 -0.2945
vn 0.8550 -0.1662 -0.4914
vn 0.9985 -0.0531 0.0147
vn 0.7370 -0.2173 -0.6400
vn 0.5601 -0.2135 -0.8004
vn 0.7451 -0.2037 -0.6351
vn 0.5798 -0.2339 -0.7805
vn 0.8517 -0.1463 -0.5031
vn 0.7417 -0.2064 -0.6382
vn 0.5916 -0.2592 -0.7635
vn 0.9999 -0.0094 0.0087
vn 0.9488 -0.0823 -0.3051
vn 0.3258 -0.1969 -0.9247
vn 0.0741 -0.1757 -0.9817
vn 0.3550 -0.2475 -0.9015
vn 0.0949 -0.2475 -0.9642
vn -0.1838 -0.1564 -0.9704
vn -0.4272 -0.1375 -0.8936
vn -0.1784 -0.2396 -0.9543
vn -0.4311 -0.2239 -0.8741
vn 0.1249 -0.3118 -0.9419
vn -0.1600 -0.3135 -0.9360
vn -0.4228 -0.2987 -0.8556
vn 0.3856 -0.2939 -0.8746
vn 0.8088 -0.5666 0.1576
vn 0.8188 -0.5489 -0.1680
vn 0.7365 -0.4762 -0.4805
vn 0.8459 -0.5014 -0.1820
vn 0.7519 -0.4374 -0.4933
vn 0.8451 -0.5125 0.1525
vn 0.5923 -0.3664 -0.7176
vn 0.4183 -0.2390 -0.8763
vn 0.6004 -0.3379 -0.7248
vn 0.4228 -0.2214 -0.8788
vn 0.7702 -0.3893 -0.5053
vn 0.6124 -0.3030 -0.7302
vn 0.4315 -0.1995 -0.8798
vn 0.8852 -0.4424 0.1439
vn 0.8754 -0.4411 -0.1977
vn 0.2325 -0.1041 -0.9670
vn 0.0392 0.0383 -0.9985
vn 0.2371 -0.0986 -0.9665
vn 0.0462 0.0300 -0.9985
vn -0.1642 0.1892 -0.9681
vn -0.3583 0.3296 -0.8735
vn -0.1557 0.1684 -0.9733
vn -0.3528 0.3023 -0.8855
vn 0.0550 0.0230 -0.9982
vn -0.1474 0.1454 -0.9783
vn -0.3502 0.2662 -0.8981
vn 0.2449 -0.0904 -0.9653
vn 0.4635 -0.8850 0.0444
vn 0.3929 -0.8910 -0.2273
vn 0.3275 -0.8494 -0.4138
vn 0.5420 -0.8324 -0.1156
vn 0.4790 -0.8081 -0.3430
vn 0.5816 -0.8010 0.1422
vn 0.2331 -0.7786 -0.5826
vn 0.0797 -0.6265 -0.7753
vn 0.3897 -0.7400 -0.5482
vn 0.2350 -0.5976 -0.7666
vn 0.6782 -0.6678 -0.3069
vn 0.5803 -0.6059 -0.5441
vn 0.4084 -0.4870 -0.7720
vn 0.6834 -0.7053 0.1884
vn 0.7110 -0.7010 -0.0548
vn -0.0869 -0.4003 -0.9123
vn -0.2206 -0.2245 -0.9492
vn 0.0378 -0.3805 -0.9240
vn -0.1486 -0.1776 -0.9728
vn -0.3713 -0.1079 -0.9222
vn -0.3586 -0.1695 -0.9180
vn -0.5365 -0.0028 -0.8439
vn -0.5509 -0.0838 -0.8303
vn -0.3283 -0.0291 -0.9441
vn -0.4936 0.0889 -0.8651
vn -0.0491 -0.0940 -0.9944
vn -0.2555 0.0752 -0.9639
vn -0.4269 0.2008 -0.8817
vn 0.1802 -0.2979 -0.9374
vn -0.7972 0.5117 -0.3205
vn -0.8048 0.5049 -0.3121
vn -0.8215 0.4842 -0.3011
vn -0.6803 0.4992 -0.5366
vn -0.6935 0.4768 -0.5401
vn -0.6773 0.5037 -0.5362
vn -0.8455 0.4478 -0.2908
vn -0.8741 0.3947 -0.2832
vn -0.7158 0.4356 -0.5458
vn -0.7443 0.3762 -0.5518
vn -0.5277 0.4093 -0.7443
vn -0.5370 0.3672 -0.7594
vn -0.5536 0.3091 -0.7733
vn -0.5259 0.4468 -0.7237
vn -0.5248 0.4357 -0.7312
vn -0.8811 -0.4721 -0.0277
vn -0.8140 -0.5806 0.0209
vn -0.7285 -0.6827 0.0570
vn -0.6708 -0.6832 -0.2886
vn -0.5793 -0.7872 -0.2115
vn -0.7455 -0.5637 -0.3556
vn -0.5995 -0.7932 0.1066
vn -0.3043 -0.9132 0.2711
vn -0.4460 -0.8886 -0.1071
vn -0.1754 -0.9809 0.0838
vn -0.3888 -0.7891 -0.4756
vn -0.3073 -0.8845 -0.3510
vn -0.0535 -0.9913 -0.1203
vn -0.5019 -0.5924 -0.6302
vn -0.4428 -0.6974 -0.5636
vn 0.6981 0.1625 0.6974
vn 0.6941 0.1186 0.7101
vn 0.6896 0.0757 0.7202
vn 0.8443 0.0829 0.5294
vn 0.8431 0.0425 0.5361
vn 0.8443 0.1289 0.5201
vn 0.6868 0.0295 0.7262
vn 0.6864 -0.0220 0.7269
vn 0.8409 0.0037 0.5412
vn 0.8371 -0.0384 0.5457
vn 0.9472 0.0054 0.3205
vn 0.9443 -0.0390 0.3267
vn 0.9369 -0.0874 0.3385
vn 0.9450 0.0912 0.3141
vn 0.9471 0.0477 0.3174
vn 0.6864 0.3303 0.6479
vn 0.6905 0.2974 0.6593
vn 0.6963 0.2542 0.6712
vn 0.8313 0.2768 0.4820
vn 0.8377 0.2307 0.4949
vn 0.8256 0.3078 0.4730
vn 0.6993 0.2077 0.6840
vn 0.8423 0.1789 0.5084
vn 0.9371 0.1834 0.2971
vn 0.9416 0.1364 0.3078
vn 0.9245 0.2606 0.2782
vn 0.9312 0.2272 0.2851
vn -0.9577 -0.2235 -0.1812
vn -0.9532 -0.2604 -0.1537
vn -0.9435 -0.3092 -0.1194
vn -0.8350 -0.3201 -0.4476
vn -0.8213 -0.3759 -0.4292
vn -0.8416 -0.2779 -0.4631
vn -0.9228 -0.3774 -0.0774
vn -0.7948 -0.4546 -0.4021
vn -0.5960 -0.4214 -0.6835
vn -0.5555 -0.4953 -0.6679
vn -0.6396 -0.3219 -0.6980
vn -0.6234 -0.3658 -0.6911
vn -0.9636 0.0730 -0.2572
vn -0.9689 -0.0208 -0.2465
vn -0.9672 -0.1082 -0.2298
vn -0.8482 -0.0730 -0.5247
vn -0.8490 -0.1602 -0.5036
vn -0.8404 0.0248 -0.5414
vn -0.9621 -0.1784 -0.2064
vn -0.8458 -0.2301 -0.4814
vn -0.6513 -0.2003 -0.7319
vn -0.6486 -0.2719 -0.7109
vn -0.6331 -0.0213 -0.7738
vn -0.6459 -0.1139 -0.7549
vn 0.4951 -0.6146 0.6141
vn 0.4620 -0.6523 0.6009
vn 0.4050 -0.7063 0.5807
vn 0.5500 -0.6748 0.4921
vn 0.5073 -0.7183 0.4762
vn 0.5797 -0.6412 0.5028
vn 0.3002 -0.7816 0.5468
vn 0.1414 -0.8609 0.4887
vn 0.4233 -0.7918 0.4404
vn 0.2727 -0.8894 0.3668
vn 0.5663 -0.7497 0.3424
vn 0.4772 -0.8315 0.2845
vn 0.3377 -0.9228 0.1854
vn 0.6562 -0.6520 0.3798
vn 0.6212 -0.6921 0.3675
vn -0.1811 -0.9490 0.2579
vn 0.1063 -0.8826 0.4580
vn 0.3376 -0.7269 0.5981
vn 0.1888 -0.9300 0.3153
vn 0.4442 -0.7749 0.4497
vn -0.1076 -0.9851 0.1342
vn 0.5426 -0.5097 0.6677
vn 0.7135 -0.1629 0.6814
vn 0.6505 -0.5389 0.5352
vn 0.8049 -0.1876 0.5630
vn 0.5406 -0.7895 0.2906
vn 0.7272 -0.5681 0.3853
vn 0.8754 -0.2131 0.4339
vn -0.0235 -0.9996 0.0145
vn 0.2902 -0.9400 0.1795
vn -0.8187 0.3589 -0.4482
vn -0.7816 0.3498 -0.5164
vn -0.8337 0.2085 -0.5113
vn -0.8780 0.2483 -0.4091
vn -0.8669 0.1095 -0.4862
vn -0.9174 0.1267 -0.3772
vn -0.7939 0.2003 -0.5741
vn -0.8195 0.1035 -0.5636
vn -0.7460 0.3348 -0.5757
vn -0.9495 0.0328 -0.3121
vn -0.8983 0.0442 -0.4372
vn -0.9096 0.0543 -0.4120
vn -0.9623 0.0338 -0.2698
vn -0.9163 0.0956 -0.3888
vn -0.8326 0.0530 -0.5513
vn -0.8261 0.0963 -0.5553
vn -0.8338 0.0394 -0.5506
vn -0.7595 0.0003 -0.6505
vn -0.7394 -0.0003 -0.6733
vn -0.7114 0.0344 -0.7019
vn -0.6333 -0.0796 -0.7698
vn -0.6727 -0.0607 -0.7374
vn -0.7050 0.3170 -0.6344
vn -0.7527 0.1807 -0.6331
vn -0.7691 0.0824 -0.6337
vn -0.6705 0.1749 -0.7210
vn -0.6915 0.0589 -0.7200
vn -0.6548 0.2889 -0.6985
vn -0.8485 0.4254 -0.3149
vn -0.8332 0.4529 -0.3174
vn -0.8164 0.4791 -0.3224
vn -0.7117 0.4393 -0.5482
vn -0.6988 0.4648 -0.5438
vn -0.7222 0.4172 -0.5517
vn -0.8015 0.5027 -0.3239
vn -0.6844 0.4910 -0.5390
vn -0.5368 0.4166 -0.7337
vn -0.5301 0.4401 -0.7247
vn -0.5474 0.3605 -0.7553
vn -0.5412 0.3892 -0.7454
vn 0.7398 0.1553 0.6546
vn 0.7109 0.2912 0.6401
vn 0.8430 0.1226 0.5238
vn 0.8323 0.2635 0.4877
vn 0.6914 0.3365 0.6394
vn 0.8247 0.3106 0.4727
vn 0.9205 0.2286 0.3169
vn 0.9197 0.2690 0.2858
vn 0.9210 0.1006 0.3764
vn 0.5430 -0.5393 0.6437
vn 0.5328 -0.5582 0.6361
vn 0.5245 -0.5739 0.6289
vn 0.6271 -0.5810 0.5188
vn 0.6156 -0.5964 0.5151
vn 0.6406 -0.5620 0.5232
vn 0.5138 -0.5912 0.6217
vn 0.6012 -0.6149 0.5103
vn 0.6894 -0.6123 0.3870
vn 0.6753 -0.6285 0.3859
vn 0.7163 -0.5809 0.3867
vn 0.7020 -0.5982 0.3864
vn -0.1766 -0.8620 0.4752
vn -0.0953 -0.9095 0.4046
vn -0.2486 -0.9218 0.2975
vn -0.4188 -0.8965 0.1445
vn -0.1226 -0.9852 0.1197
vn -0.3214 -0.9469 -0.0137
vn 0.0569 -0.9716 0.2299
vn -0.3887 -0.9113 0.1358
vn -0.2995 -0.9541 0.0033
vn -0.2165 -0.9608 -0.1733
vn -0.2160 -0.9667 -0.1375
vn 0.1580 -0.9873 0.0135
vn -0.0078 -0.9971 -0.0754
vn 0.1936 -0.9763 -0.0964
vn -0.9132 0.1616 -0.3741
vn -0.9007 0.2530 -0.3530
vn -0.8121 0.1648 -0.5598
vn -0.7859 0.2589 -0.5616
vn -0.8738 0.3598 -0.3272
vn -0.7483 0.3596 -0.5575
vn -0.6375 0.1916 -0.7462
vn -0.5807 0.2957 -0.7585
vn -0.6814 0.1011 -0.7249
vn 0.0014 -0.9142 0.4052
vn -0.0546 -0.9322 0.3578
vn 0.1223 -0.9505 0.2856
vn 0.0418 -0.9698 0.2404
vn -0.0737 -0.9384 0.3377
vn -0.0779 -0.9405 0.3308
vn 0.0086 -0.9749 0.2223
vn -0.0050 -0.9765 0.2157
vn 0.1080 -0.9907 0.0830
vn 0.0788 -0.9937 0.0794
vn 0.0674 -0.9944 0.0810
vn 0.1827 -0.9774 0.1068
vn -0.0787 -0.9411 0.3288
vn -0.0830 -0.9417 0.3261
vn -0.0107 -0.9768 0.2139
vn -0.0148 -0.9770 0.2129
vn -0.0865 -0.9420 0.3243
vn -0.0849 -0.9418 0.3254
vn -0.0160 -0.9769 0.2133
vn -0.0130 -0.9764 0.2154
vn 0.0599 -0.9947 0.0842
vn 0.0602 -0.9945 0.0860
vn 0.0663 -0.9937 0.0901
vn 0.0629 -0.9945 0.0831
vn 0.6571 -0.2840 0.6983
vn 0.6292 -0.3652 0.6861
vn 0.5944 -0.4442 0.6704
vn 0.7396 -0.3870 0.5506
vn 0.6997 -0.4664 0.5412
vn 0.7737 -0.3042 0.5557
vn 0.5623 -0.5051 0.6547
vn 0.6636 -0.5274 0.5306
vn 0.7778 -0.4894 0.3943
vn 0.7400 -0.5483 0.3895
vn 0.8563 -0.3345 0.3936
vn 0.8199 -0.4128 0.3966
vn 0.0698 -0.8609 0.5040
vn 0.3310 -0.7049 0.6273
vn 0.1910 -0.9321 0.3078
vn 0.4670 -0.7612 0.4499
vn 0.5257 -0.5258 0.6687
vn 0.6703 -0.3129 0.6729
vn 0.6473 -0.5539 0.5236
vn 0.7629 -0.3342 0.5535
vn 0.5759 -0.7793 0.2471
vn 0.7285 -0.5868 0.3535
vn 0.8323 -0.3611 0.4205
vn 0.3254 -0.9395 0.1066
vn 0.6868 -0.0786 0.7226
vn 0.6844 -0.1406 0.7155
vn 0.8303 -0.0892 0.5502
vn 0.8182 -0.1528 0.5543
vn 0.6754 -0.2086 0.7074
vn 0.7997 -0.2254 0.5566
vn 0.9072 -0.1978 0.3714
vn 0.8848 -0.2622 0.3851
vn 0.9246 -0.1398 0.3545
vn -0.9031 0.3281 -0.2772
vn -0.9289 0.2520 -0.2715
vn -0.7742 0.3024 -0.5560
vn -0.8015 0.2187 -0.5565
vn -0.9498 0.1665 -0.2650
vn -0.8243 0.1255 -0.5521
vn -0.5955 0.1594 -0.7874
vn -0.6155 0.0722 -0.7848
vn -0.5743 0.2384 -0.7831
vn 0.7154 -0.1675 0.6783
vn 0.6997 -0.1746 0.6927
vn 0.8082 -0.1972 0.5550
vn 0.8067 -0.2026 0.5551
vn 0.5993 -0.3792 0.7050
vn 0.4984 -0.5238 0.6908
vn 0.7231 -0.4233 0.5458
vn 0.6198 -0.5923 0.5148
vn 0.8870 -0.2299 0.4005
vn 0.8190 -0.4432 0.3644
vn 0.7369 -0.5939 0.3229
vn 0.7818 -0.5780 0.2338
vn 0.8822 -0.2171 0.4178
vn -0.3658 -0.2372 0.9000
vn -0.3762 -0.5211 0.7661
vn -0.3566 -0.4389 0.8247
vn -0.2812 -0.1731 0.9439
vn -0.1981 -0.3051 0.9315
vn -0.0631 -0.0788 0.9949
vn -0.3523 -0.6660 0.6575
vn -0.2502 -0.5508 0.7963
vn -0.3443 -0.8004 0.4907
vn 0.0135 -0.1699 0.9854
vn 0.1846 0.0332 0.9823
vn 0.1745 -0.0851 0.9810
vn 0.3066 0.0906 0.9475
vn -0.0922 -0.4195 0.9031
vn 0.0721 -0.2938 0.9532
vn -0.4895 0.0022 0.8720
vn -0.4949 0.1565 0.8548
vn -0.4576 0.0130 0.8891
vn -0.4577 0.1609 0.8744
vn -0.4864 -0.1095 0.8668
vn -0.4667 -0.0970 0.8791
vn -0.4284 0.0295 0.9031
vn -0.4192 0.1674 0.8923
vn -0.4017 0.0526 0.9143
vn -0.3805 0.1780 0.9075
vn -0.4507 -0.0779 0.8893
vn -0.4368 -0.0524 0.8980
vn -0.3738 0.0823 0.9239
vn -0.3402 0.1938 0.9202
vn -0.3373 0.1157 0.9343
vn -0.2952 0.2130 0.9314
vn -0.4193 -0.0208 0.9076
vn -0.3895 0.0150 0.9209
vn -0.2886 0.1467 0.9461
vn -0.2482 0.2299 0.9410
vn -0.2207 0.1710 0.9602
vn -0.1914 0.2390 0.9520
vn -0.3417 0.0517 0.9384
vn -0.2722 0.0877 0.9582
vn -0.4808 -0.2018 0.8533
vn -0.4721 -0.1931 0.8601
vn -0.4555 -0.3348 0.8249
vn -0.4550 -0.3288 0.8276
vn -0.3714 -0.5759 0.7283
vn -0.3772 -0.5716 0.7287
vn -0.2162 -0.8260 0.5206
vn -0.2226 -0.8252 0.5192
vn -0.3845 -0.5634 0.7313
vn -0.4569 -0.3185 0.8306
vn -0.3829 -0.5532 0.7398
vn -0.4548 -0.3059 0.8364
vn -0.2298 -0.8226 0.5201
vn -0.2292 -0.8182 0.5274
vn -0.4666 -0.1796 0.8660
vn -0.4613 -0.1619 0.8724
vn -0.4509 -0.1403 0.8815
vn -0.4285 -0.1149 0.8962
vn -0.4459 -0.2939 0.8455
vn -0.4279 -0.2830 0.8584
vn -0.3732 -0.5448 0.7509
vn -0.3600 -0.5405 0.7604
vn -0.2262 -0.8133 0.5361
vn -0.2319 -0.8091 0.5400
vn -0.3530 -0.5381 0.7654
vn -0.4010 -0.2693 0.8756
vn -0.2645 -0.8037 0.5330
vn -0.3886 -0.0844 0.9175
vn -0.3257 -0.0444 0.9444
vn -0.4043 0.1295 0.9054
vn -0.4198 0.1405 0.8967
vn -0.2278 0.2539 0.9400
vn -0.2170 0.2528 0.9429
vn -0.0358 0.3456 0.9377
vn -0.0300 0.3593 0.9327
vn -0.2398 0.2458 0.9392
vn -0.0383 0.3251 0.9449
vn -0.4417 0.1366 0.8867
vn -0.4736 0.1219 0.8723
vn -0.2563 0.2258 0.9398
vn -0.0400 0.2945 0.9548
vn -0.2788 0.1932 0.9407
vn -0.0449 0.2507 0.9670
vn -0.5099 0.1041 0.8539
vn 0.1832 0.3374 0.9234
vn 0.1746 0.3847 0.9064
vn 0.4067 0.3585 0.8403
vn 0.3923 0.4242 0.8162
vn 0.1918 0.2791 0.9409
vn 0.4212 0.2833 0.8616
vn 0.1692 0.4230 0.8902
vn 0.1691 0.4547 0.8745
vn 0.3801 0.4809 0.7901
vn 0.3717 0.5296 0.7624
vn -0.3734 -0.1380 0.9174
vn -0.3849 -0.0574 0.9212
vn -0.1617 0.1508 0.9753
vn -0.1352 0.0854 0.9871
vn 0.0601 0.3463 0.9362
vn 0.0937 0.2976 0.9501
vn -0.1681 0.1907 0.9671
vn 0.0414 0.3743 0.9264
vn -0.3752 -0.0065 0.9269
vn -0.3640 0.0231 0.9311
vn -0.1697 0.2102 0.9628
vn 0.0284 0.3843 0.9228
vn -0.1724 0.2176 0.9607
vn 0.0183 0.3805 0.9246
vn -0.3591 0.0419 0.9324
vn 0.2232 0.5315 0.8171
vn 0.2381 0.5222 0.8189
vn 0.3981 0.6277 0.6689
vn 0.4078 0.6124 0.6772
vn 0.2121 0.5244 0.8246
vn 0.3908 0.6269 0.6740
vn 0.2569 0.4983 0.8281
vn 0.2856 0.4581 0.8417
vn 0.4185 0.5879 0.6922
vn 0.4359 0.5543 0.7091
vn -0.5870 0.0004 0.8096
vn -0.6012 -0.0443 0.7978
vn -0.4562 -0.0408 0.8889
vn -0.4069 0.0029 0.9135
vn -0.2100 -0.0308 0.9772
vn -0.1508 0.0090 0.9885
vn -0.5234 -0.0997 0.8462
vn -0.2931 -0.0803 0.9527
vn -0.6194 -0.1107 0.7772
vn -0.6350 -0.2146 0.7422
vn -0.6161 -0.1698 0.7692
vn -0.3909 -0.1262 0.9118
vn -0.7164 -0.2420 0.6544
vn -0.4811 -0.1592 0.8621
vn -0.7064 -0.4150 0.5733
vn -0.0510 -0.1256 0.9908
vn 0.0263 -0.0770 0.9967
vn 0.2684 -0.1523 0.9512
vn 0.3192 -0.0915 0.9432
vn -0.1190 -0.1739 0.9775
vn 0.2185 -0.2295 0.9485
vn 0.0920 -0.0314 0.9953
vn 0.1376 0.0050 0.9905
vn 0.3618 -0.0442 0.9312
vn 0.3932 -0.0076 0.9194
vn -0.9999 0.0099 -0.0018
vn -0.9991 0.0401 -0.0102
vn -0.9428 0.0491 0.3297
vn -0.9442 0.0414 0.3269
vn -0.8266 0.0223 0.5624
vn -0.8363 0.0381 0.5469
vn -0.9393 0.0542 0.3387
vn -0.8102 -0.0043 0.5862
vn -0.9974 0.0709 -0.0142
vn -0.9943 0.1057 -0.0162
vn -0.9330 0.0694 0.3531
vn -0.7810 -0.0254 0.6240
vn -0.9257 0.1027 0.3641
vn -0.7402 -0.0278 0.6718
vn -0.9894 0.1435 -0.0234
vn -0.6421 -0.1570 0.7503
vn -0.6899 -0.0760 0.7199
vn -0.5549 -0.2605 0.7901
vn -0.7090 -0.0199 0.7049
vn -0.7205 0.0157 0.6933
vn -0.7128 -0.6968 0.0797
vn -0.7296 -0.6796 0.0760
vn -0.7549 -0.5735 0.3182
vn -0.7405 -0.5997 0.3034
vn -0.7045 -0.4243 0.5690
vn -0.6953 -0.4736 0.5406
vn -0.7583 -0.5552 0.3416
vn -0.6957 -0.3920 0.6020
vn -0.7412 -0.6664 0.0807
vn -0.7536 -0.6515 0.0874
vn -0.7623 -0.5350 0.3643
vn -0.6863 -0.3647 0.6293
vn -0.7691 -0.5124 0.3820
vn -0.6829 -0.3381 0.6476
vn -0.7677 -0.6342 0.0919
vn -0.5431 -0.1712 0.8221
vn -0.5591 -0.2031 0.8039
vn -0.5354 -0.1459 0.8319
vn -0.5749 -0.2508 0.7788
vn -0.5699 -0.3253 0.7546
vn -0.9079 -0.4174 0.0377
vn -0.9332 -0.3581 0.0311
vn -0.8926 -0.2642 0.3654
vn -0.8772 -0.3080 0.3683
vn -0.7683 -0.1343 0.6259
vn -0.7551 -0.1628 0.6350
vn -0.9002 -0.2366 0.3657
vn -0.7793 -0.1270 0.6137
vn -0.9506 -0.3086 0.0328
vn -0.9654 -0.2582 0.0367
vn -0.9089 -0.2053 0.3630
vn -0.7964 -0.1185 0.5930
vn -0.9233 -0.1493 0.3539
vn -0.8201 -0.0837 0.5661
vn -0.9799 -0.1963 0.0365
vn -0.6592 -0.0042 0.7519
vn -0.6270 0.0036 0.7790
vn -0.6952 0.0022 0.7188
vn -0.6054 0.0060 0.7959
vn -0.5892 -0.0122 0.8079
vn -0.9867 0.1569 -0.0437
vn -0.9286 0.1132 0.3534
vn -0.7138 -0.0530 0.6984
vn -0.9488 0.0283 0.3145
vn -0.7252 -0.1687 0.6676
vn -0.9918 0.1037 -0.0750
vn -0.9931 -0.0637 -0.0988
vn -0.9476 -0.2106 0.2404
vn -0.7385 -0.4093 0.5358
vn -0.8597 -0.5037 0.0852
vn -0.6672 -0.6874 0.2869
vn -0.9376 -0.3170 -0.1432
vn -0.3611 -0.6224 0.6944
vn -0.5366 -0.2877 0.7933
vn -0.1015 -0.6059 0.7890
vn 0.0146 -0.7631 0.6461
vn 0.0210 -0.7024 0.7114
vn -0.3739 -0.8129 0.4466
vn -0.0663 -0.8665 0.4947
vn -0.4279 -0.3546 0.8314
vn -0.1899 -0.6917 0.6968
vn -0.8847 -0.4400 0.1540
vn -0.8173 -0.2636 0.5124
vn -0.5488 -0.1924 0.8135
vn -0.8812 -0.2643 0.3919
vn -0.5983 -0.2519 0.7607
vn -0.9463 -0.3223 -0.0248
vn -0.9360 -0.3432 -0.0780
vn -0.8828 -0.3642 0.2967
vn -0.6432 -0.4260 0.6363
vn -0.8145 -0.5682 0.1174
vn -0.6501 -0.6745 0.3498
vn -0.8821 -0.4577 -0.1119
vn -0.2895 -0.4971 0.8180
vn -0.1959 -0.3055 0.9318
vn 0.0949 -0.5534 0.8275
vn 0.1641 -0.4107 0.8969
vn -0.3534 -0.7413 0.5705
vn -0.0384 -0.7733 0.6329
vn -0.1636 -0.2300 0.9593
vn 0.1819 -0.3190 0.9301
vn -0.9911 -0.1296 0.0310
vn -0.9362 -0.0797 0.3424
vn -0.8382 -0.0327 0.5443
vn -0.9426 -0.0194 0.3333
vn -0.8449 0.0110 0.5348
vn -0.9972 -0.0711 0.0211
vn -0.9996 -0.0254 0.0095
vn -0.9444 0.0212 0.3282
vn -0.8428 0.0358 0.5370
vn -0.7289 0.0319 0.6838
vn -0.7311 0.0316 0.6816
vn -0.5764 0.0318 0.8165
vn -0.5630 0.0600 0.8242
vn -0.7209 0.0189 0.6927
vn -0.5413 0.0845 0.8366
vn -0.3069 0.1488 0.9400
vn -0.0573 0.1922 0.9797
vn -0.3377 0.0950 0.9364
vn -0.0788 0.1205 0.9896
vn -0.3700 0.0436 0.9280
vn -0.1096 0.0542 0.9925
vn 0.1689 0.0520 0.9843
vn 0.1888 0.1258 0.9739
vn 0.4168 0.0395 0.9082
vn 0.4309 0.1140 0.8952
vn 0.1956 0.2082 0.9583
vn 0.4314 0.2008 0.8796
vn -0.7915 -0.6049 0.0874
vn -0.7862 -0.4805 0.3886
vn -0.6913 -0.3063 0.6545
vn -0.8175 -0.4299 0.3833
vn -0.7124 -0.2617 0.6511
vn -0.8301 -0.5531 0.0711
vn -0.8728 -0.4853 0.0518
vn -0.8516 -0.3669 0.3745
vn -0.7364 -0.2093 0.6434
vn -0.5725 -0.0459 0.8186
vn -0.5542 -0.0849 0.8280
vn -0.3896 0.1081 0.9146
vn -0.3744 0.0824 0.9236
vn -0.5394 -0.1194 0.8335
vn -0.3626 0.0594 0.9301
vn -0.1788 0.2227 0.9583
vn 0.0083 0.3728 0.9279
vn -0.1906 0.2330 0.9536
vn -0.0052 0.3696 0.9292
vn -0.2046 0.2449 0.9477
vn -0.0194 0.3670 0.9300
vn 0.1756 0.4790 0.8601
vn 0.1881 0.4955 0.8480
vn 0.3698 0.5682 0.7351
vn 0.3751 0.5951 0.7107
vn 0.2015 0.5095 0.8365
vn 0.3836 0.6140 0.6898
vn -0.4428 -0.8464 0.2960
vn -0.3496 -0.7705 0.5330
vn -0.2606 -0.6778 0.6875
vn -0.4965 -0.7567 0.4252
vn -0.4058 -0.6689 0.6228
vn -0.5620 -0.8063 0.1844
vn -0.6619 -0.7416 0.1093
vn -0.6645 -0.6694 0.3322
vn -0.6056 -0.5690 0.5564
vn -0.4826 -0.4387 0.7580
vn -0.2892 -0.5434 0.7881
vn -0.2891 -0.2472 0.9248
vn -0.1125 -0.3372 0.9347
vn -0.1404 -0.5566 0.8188
vn 0.0334 -0.3482 0.9368
vn 0.2060 -0.0833 0.9750
vn 0.3299 0.1095 0.9376
vn 0.0897 -0.0735 0.9932
vn 0.2622 0.1465 0.9538
vn -0.0540 -0.0020 0.9985
vn 0.1620 0.2230 0.9613
vn 0.3407 0.3836 0.8584
vn 0.4131 0.2888 0.8637
vn 0.4808 0.4839 0.7312
vn 0.5442 0.3815 0.7472
vn 0.4533 0.2256 0.8623
vn 0.4379 0.1882 0.8791
vn 0.5829 0.3033 0.7538
vn 0.5896 0.2437 0.7700
vn 0.8013 -0.3443 -0.4893
vn 0.9245 -0.2038 -0.3221
vn 0.8145 -0.3875 -0.4318
vn 0.6599 -0.5253 -0.5372
vn 0.6636 -0.6170 -0.4230
vn 0.4948 -0.7347 -0.4641
vn 0.9017 -0.2879 -0.3226
vn 0.8013 -0.4881 -0.3459
vn 0.9663 -0.1161 -0.2298
vn 0.5872 -0.4966 -0.6392
vn 0.6542 -0.4466 -0.6104
vn 0.4988 -0.6447 -0.5792
vn 0.4492 -0.7124 -0.5391
vn 0.3241 -0.8325 -0.4494
vn 0.1609 -0.9367 -0.3109
vn 0.5336 -0.1273 -0.8361
vn 0.5267 -0.1273 -0.8405
vn 0.5274 -0.1974 -0.8264
vn 0.5297 -0.1966 -0.8251
vn 0.5286 -0.2884 -0.7984
vn 0.5280 -0.2847 -0.8001
vn 0.5241 -0.2029 -0.8271
vn 0.5311 -0.2939 -0.7947
vn 0.5078 -0.1426 -0.8496
vn 0.5309 -0.1301 -0.8374
vn 0.5294 -0.1972 -0.8252
vn 0.5274 -0.2823 -0.8014
vn 0.5226 -0.3804 -0.7630
vn 0.5057 -0.5081 -0.6972
vn 0.5260 -0.3841 -0.7588
vn 0.5120 -0.5091 -0.6919
vn 0.5286 -0.3895 -0.7542
vn 0.5163 -0.5103 -0.6878
vn 0.5326 -0.3959 -0.7481
vn 0.5217 -0.5117 -0.6827
vn 0.4395 -0.7359 -0.5150
vn 0.4345 -0.7395 -0.5142
vn 0.2500 -0.9508 -0.1831
vn 0.2468 -0.9524 -0.1790
vn 0.4476 -0.7314 -0.5145
vn 0.2570 -0.9481 -0.1872
vn 0.4274 -0.7418 -0.5168
vn 0.2420 -0.9536 -0.1789
vn 0.5452 -0.2985 -0.7834
vn 0.5436 -0.4010 -0.7374
vn 0.5316 -0.5137 -0.6735
vn 0.5667 -0.4016 -0.7194
vn 0.5480 -0.5154 -0.6588
vn 0.5785 -0.2975 -0.7595
vn 0.6250 -0.2879 -0.7256
vn 0.6002 -0.3941 -0.6961
vn 0.5663 -0.5136 -0.6446
vn 0.6438 -0.3734 -0.6679
vn 0.6781 -0.2694 -0.6838
vn 0.4734 -0.7239 -0.5019
vn 0.4728 -0.7247 -0.5013
vn 0.2469 -0.9394 -0.2378
vn 0.2696 -0.9415 -0.2025
vn 0.4597 -0.7271 -0.5099
vn 0.2659 -0.9447 -0.1921
vn 0.6141 -0.1597 -0.7729
vn 0.7547 -0.0243 -0.6557
vn 0.7506 -0.0275 -0.6601
vn 0.6045 -0.1531 -0.7818
vn 0.7461 -0.0398 -0.6647
vn 0.5883 -0.1609 -0.7925
vn 0.8538 0.0894 -0.5128
vn 0.8583 0.0652 -0.5090
vn 0.8515 0.1075 -0.5132
vn 0.9098 0.2432 -0.3363
vn 0.9209 0.2068 -0.3305
vn 0.9333 0.1651 -0.3188
vn 0.9402 0.3202 -0.1159
vn 0.9606 0.2602 -0.0974
vn 0.9186 0.3738 -0.1281
vn 0.9461 0.1156 -0.3025
vn 0.8635 0.0311 -0.5034
vn 0.9572 0.0559 -0.2839
vn 0.8667 -0.0164 -0.4986
vn 0.9784 0.1928 -0.0740
vn 0.9919 0.1179 -0.0465
vn 0.7385 -0.0643 -0.6712
vn 0.5615 -0.1792 -0.8079
vn 0.7260 -0.1015 -0.6802
vn 0.5285 -0.1997 -0.8251
vn 0.5557 -0.3673 -0.7458
vn 0.7621 -0.1451 -0.6310
vn 0.7537 -0.0869 -0.6514
vn 0.5698 -0.2978 -0.7659
vn 0.7568 -0.0531 -0.6515
vn 0.5935 -0.2565 -0.7628
vn 0.8627 0.1341 -0.4875
vn 0.8547 0.1572 -0.4947
vn 0.8806 0.0906 -0.4651
vn 0.9151 0.2923 -0.2777
vn 0.8965 0.3291 -0.2968
vn 0.8857 0.3493 -0.3058
vn 0.8777 0.4676 -0.1053
vn 0.8641 0.4915 -0.1083
vn 0.8957 0.4343 -0.0952
vn 0.8818 0.3534 -0.3121
vn 0.8527 0.1617 -0.4967
vn 0.8857 0.3401 -0.3160
vn 0.8546 0.1519 -0.4965
vn 0.8561 0.5045 -0.1119
vn 0.8588 0.4991 -0.1155
vn 0.7627 -0.0394 -0.6455
vn 0.6141 -0.2352 -0.7534
vn 0.7676 -0.0379 -0.6398
vn 0.6269 -0.2237 -0.7463
vn 0.4451 -0.3067 -0.8413
vn 0.6192 -0.3037 -0.7242
vn 0.5695 -0.3484 -0.7445
vn 0.4223 -0.3499 -0.8362
vn 0.4931 -0.4055 -0.7697
vn 0.3859 -0.4120 -0.8254
vn 0.7593 -0.3226 -0.5651
vn 0.6932 -0.3784 -0.6135
vn 0.8016 -0.2762 -0.5302
vn 0.9346 -0.2318 -0.2699
vn 0.9124 -0.2786 -0.2998
vn 0.8768 -0.3357 -0.3442
vn 0.9738 -0.2270 -0.0120
vn 0.9574 -0.2857 -0.0414
vn 0.9837 -0.1799 0.0064
vn 0.8288 -0.3947 -0.3967
vn 0.6066 -0.4281 -0.6699
vn 0.7780 -0.4491 -0.4394
vn 0.5173 -0.4618 -0.7205
vn 0.9312 -0.3563 -0.0772
vn 0.8926 -0.4384 -0.1052
vn 0.3727 -0.4680 -0.8013
vn 0.3311 -0.5059 -0.7965
vn 0.2147 -0.5235 -0.8245
vn 0.2546 -0.6105 -0.7499
vn -0.4477 -0.1525 -0.8811
vn -0.1296 -0.1974 -0.9717
vn -0.1259 -0.1923 -0.9732
vn -0.4498 -0.1235 -0.8846
vn -0.1169 -0.1898 -0.9748
vn -0.4477 -0.0930 -0.8893
vn 0.1242 -0.2587 -0.9579
vn 0.1474 -0.2884 -0.9461
vn 0.1090 -0.2398 -0.9647
vn 0.2849 -0.2815 -0.9163
vn 0.2951 -0.3180 -0.9010
vn 0.3081 -0.3736 -0.8749
vn 0.3430 -0.4527 -0.8231
vn 0.1889 -0.3142 -0.9304
vn 0.3997 -0.5496 -0.7336
vn 0.2469 -0.3227 -0.9137
vn -0.1008 -0.1780 -0.9788
vn -0.4432 -0.0584 -0.8945
vn -0.0851 -0.1484 -0.9853
vn -0.4426 -0.0204 -0.8965
vn -0.3844 -0.7839 -0.4876
vn -0.1909 -0.7365 -0.6490
vn -0.1811 -0.7182 -0.6718
vn -0.3923 -0.7688 -0.5050
vn -0.1591 -0.7097 -0.6863
vn -0.3905 -0.7599 -0.5196
vn 0.0764 -0.6153 -0.7846
vn 0.1153 -0.5968 -0.7941
vn 0.0486 -0.6511 -0.7574
vn 0.3038 -0.5340 -0.7890
vn 0.3356 -0.4741 -0.8140
vn 0.3757 -0.4398 -0.8157
vn 0.4086 -0.4193 -0.8107
vn 0.1500 -0.5821 -0.7992
vn 0.4296 -0.4036 -0.8078
vn 0.1746 -0.5664 -0.8054
vn -0.1368 -0.6998 -0.7011
vn -0.3869 -0.7503 -0.5361
vn -0.1191 -0.6867 -0.7171
vn -0.3852 -0.7381 -0.5539
vn -0.4510 -0.5420 -0.7091
vn -0.1359 -0.5125 -0.8479
vn -0.1354 -0.4746 -0.8697
vn -0.4561 -0.4886 -0.7438
vn -0.1318 -0.4516 -0.8824
vn -0.4529 -0.4451 -0.7725
vn 0.1655 -0.3976 -0.9025
vn 0.1539 -0.3924 -0.9068
vn 0.1717 -0.4216 -0.8904
vn 0.4209 -0.2971 -0.8571
vn 0.4093 -0.2829 -0.8674
vn 0.3874 -0.2877 -0.8759
vn 0.3506 -0.2962 -0.8884
vn 0.1322 -0.3843 -0.9137
vn 0.3091 -0.2897 -0.9058
vn 0.1065 -0.3501 -0.9307
vn -0.1307 -0.4243 -0.8960
vn -0.4466 -0.4008 -0.7999
vn -0.1336 -0.3727 -0.9183
vn -0.4419 -0.3452 -0.8280
vn -0.0975 -0.1364 -0.9858
vn -0.4589 -0.0030 -0.8885
vn -0.1582 -0.2097 -0.9649
vn -0.4998 -0.0463 -0.8649
vn 0.2753 -0.3494 -0.8956
vn 0.2203 -0.4543 -0.8632
vn 0.4771 -0.6312 -0.6116
vn 0.4005 -0.5704 -0.7171
vn 0.4066 -0.8794 -0.2474
vn 0.5122 -0.8569 -0.0573
vn 0.5448 -0.8081 -0.2238
vn 0.3358 -0.8434 -0.4194
vn 0.0517 -0.6551 -0.7538
vn 0.0718 -0.9597 -0.2718
vn -0.1852 -0.8439 -0.5035
vn 0.4382 -0.8987 -0.0171
vn 0.2467 -0.9691 0.0025
vn -0.2671 -0.4214 -0.8667
vn -0.5526 -0.1997 -0.8092
vn -0.4149 -0.6464 -0.6403
vn -0.6128 -0.4223 -0.6680
vn 0.0417 -0.5233 -0.8512
vn -0.3340 -0.6058 -0.7221
vn -0.0916 -0.5031 -0.8593
vn -0.4958 -0.4578 -0.7380
vn 0.4386 -0.4925 -0.7517
vn 0.3600 -0.5439 -0.7580
vn 0.7320 -0.5053 -0.4570
vn 0.6806 -0.5753 -0.4537
vn 0.8440 -0.5250 -0.1101
vn 0.7906 -0.6058 -0.0892
vn 0.5058 -0.7427 -0.4388
vn 0.2005 -0.6845 -0.7009
vn 0.2164 -0.9187 -0.3303
vn -0.0981 -0.8450 -0.5257
vn 0.6742 -0.7337 -0.0842
vn 0.4049 -0.9120 -0.0657
vn -0.1930 -0.5740 -0.7958
vn -0.5412 -0.4623 -0.7024
vn -0.3563 -0.7085 -0.6092
vn -0.5672 -0.5534 -0.6099
vn -0.1355 -0.3075 -0.9418
vn -0.4398 -0.2838 -0.8521
vn -0.1345 -0.2513 -0.9585
vn -0.4407 -0.2291 -0.8679
vn 0.0902 -0.3009 -0.9494
vn 0.0882 -0.2599 -0.9616
vn 0.2798 -0.2732 -0.9204
vn 0.2697 -0.2618 -0.9267
vn 0.4981 -0.2211 -0.8384
vn 0.4755 -0.2466 -0.8445
vn 0.2743 -0.2635 -0.9248
vn 0.0965 -0.2386 -0.9663
vn 0.4598 -0.2753 -0.8443
vn -0.1319 -0.2144 -0.9678
vn -0.4438 -0.1859 -0.8766
vn 0.7073 -0.1502 -0.6908
vn 0.6830 -0.2074 -0.7003
vn 0.8640 -0.0791 -0.4973
vn 0.8522 -0.1549 -0.4998
vn 0.9636 -0.0162 -0.2667
vn 0.9617 -0.1003 -0.2552
vn 0.9991 0.0368 -0.0189
vn 0.9988 -0.0491 0.0028
vn 0.9505 -0.1777 -0.2550
vn 0.8306 -0.2255 -0.5091
vn 0.9920 -0.1257 0.0121
vn 0.6540 -0.2611 -0.7100
vn -0.1139 -0.6629 -0.7400
vn -0.3934 -0.7136 -0.5797
vn -0.1217 -0.6196 -0.7754
vn -0.4143 -0.6664 -0.6199
vn 0.1849 -0.5436 -0.8187
vn 0.1827 -0.5070 -0.8424
vn 0.4379 -0.3852 -0.8123
vn 0.4357 -0.3580 -0.8258
vn 0.6316 -0.2129 -0.7455
vn 0.6287 -0.1962 -0.7525
vn 0.4290 -0.3254 -0.8427
vn 0.1768 -0.4618 -0.8692
vn 0.6219 -0.1762 -0.7630
vn -0.1315 -0.5641 -0.8151
vn -0.4366 -0.6040 -0.6667
vn 0.7691 -0.0385 -0.6379
vn 0.7657 -0.0340 -0.6423
vn 0.8565 0.1382 -0.4973
vn 0.8549 0.1289 -0.5025
vn 0.8922 0.3184 -0.3203
vn 0.8968 0.2971 -0.3279
vn 0.8691 0.4797 -0.1207
vn 0.8821 0.4532 -0.1282
vn 0.9016 0.2736 -0.3351
vn 0.8521 0.1205 -0.5094
vn 0.8984 0.4188 -0.1323
vn 0.7598 -0.0275 -0.6495
vn 0.1850 -0.9165 -0.3548
vn -0.0865 -0.9522 -0.2929
vn 0.0110 -0.8973 -0.4413
vn -0.2392 -0.9013 -0.3611
vn 0.3708 -0.8441 -0.3872
vn 0.2347 -0.8379 -0.4928
vn 0.5485 -0.7401 -0.3892
vn 0.4428 -0.7335 -0.5156
vn 0.7588 -0.5435 -0.3588
vn 0.6781 -0.5434 -0.4948
vn 0.3322 -0.6363 -0.6963
vn 0.0911 -0.7395 -0.6669
vn 0.5875 -0.4651 -0.6622
vn -0.1397 -0.8050 -0.5766
vn -0.3414 -0.8306 -0.4400
vn 0.9128 -0.2781 -0.2992
vn 0.8651 -0.2794 -0.4167
vn 0.9730 -0.0786 -0.2172
vn 0.9540 -0.0428 -0.2966
vn 0.9962 -0.0039 -0.0872
vn 0.9947 0.0591 -0.0845
vn 0.9813 0.1310 -0.1410
vn 0.9795 0.1825 0.0858
vn 0.9633 0.2670 0.0284
vn 0.9881 0.1043 0.1135
vn 0.9485 0.2223 -0.2255
vn 0.9148 0.0238 -0.4032
vn 0.9291 0.3665 -0.0502
vn 0.8000 -0.2222 -0.5573
vn 0.5388 0.6692 0.5118
vn 0.5416 0.6753 0.5006
vn 0.6832 0.6659 0.2996
vn 0.6808 0.6697 0.2967
vn 0.5400 0.6506 0.5339
vn 0.6961 0.6466 0.3121
vn 0.5479 0.6182 0.5637
vn 0.7180 0.6109 0.3335
vn 0.5630 0.5704 0.5981
vn 0.7463 0.5584 0.3623
vn 0.8402 0.5356 0.0851
vn 0.8154 0.5735 0.0793
vn 0.8699 0.4831 0.0997
vn 0.7979 0.5974 0.0800
vn 0.7898 0.6077 0.0832
vn 0.4399 -0.4273 0.7899
vn 0.4931 -0.3042 0.8150
vn 0.6682 -0.5196 0.5325
vn 0.7390 -0.3822 0.5548
vn 0.3886 -0.5461 0.7421
vn 0.5784 -0.6457 0.4985
vn 0.3079 -0.6823 0.6630
vn 0.4459 -0.7796 0.4399
vn 0.0546 -0.8693 0.4912
vn 0.1753 -0.9381 0.2988
vn 0.5995 -0.7737 0.2051
vn 0.7282 -0.6526 0.2094
vn 0.3037 -0.9476 0.0988
vn 0.8133 -0.5438 0.2067
vn 0.8795 -0.4236 0.2169
vn -0.9508 -0.0824 -0.2986
vn -0.9490 -0.0389 -0.3128
vn -0.8510 -0.1244 -0.5103
vn -0.8509 -0.0783 -0.5195
vn -0.9502 -0.1248 -0.2855
vn -0.8492 -0.1643 -0.5018
vn -0.9462 -0.1701 -0.2752
vn -0.8460 -0.2025 -0.4933
vn -0.9375 -0.2205 -0.2690
vn -0.8409 -0.2435 -0.4833
vn -0.6946 -0.2394 -0.6784
vn -0.6982 -0.1957 -0.6886
vn -0.6932 -0.2866 -0.6613
vn -0.7029 -0.1540 -0.6945
vn -0.7067 -0.1107 -0.6988
vn -0.9359 0.0986 -0.3381
vn -0.9298 0.1327 -0.3433
vn -0.8376 0.0728 -0.5415
vn -0.8325 0.1051 -0.5439
vn -0.9413 0.0540 -0.3331
vn -0.8437 0.0252 -0.5362
vn -0.9457 0.0066 -0.3249
vn -0.8485 -0.0277 -0.5285
vn -0.7076 -0.0652 -0.7036
vn -0.7044 -0.0173 -0.7096
vn -0.6990 0.0280 -0.7146
vn -0.6958 0.0626 -0.7155
vn 0.5985 -0.0708 0.7980
vn 0.6183 -0.0309 0.7853
vn 0.8164 -0.1183 0.5652
vn 0.8256 -0.0741 0.5593
vn 0.5727 -0.1238 0.8104
vn 0.8040 -0.1772 0.5676
vn 0.5386 -0.1988 0.8188
vn 0.7824 -0.2618 0.5651
vn 0.9191 -0.3151 0.2365
vn 0.9376 -0.2340 0.2571
vn 0.9466 -0.1739 0.2717
vn 0.9521 -0.1274 0.2781
vn 0.6452 0.1765 0.7433
vn 0.6358 0.2685 0.7237
vn 0.8468 0.1342 0.5148
vn 0.8409 0.2303 0.4897
vn 0.6450 0.0889 0.7590
vn 0.8438 0.0467 0.5345
vn 0.6345 0.0168 0.7727
vn 0.8351 -0.0246 0.5495
vn 0.9586 -0.0754 0.2747
vn 0.9657 -0.0026 0.2597
vn 0.9684 0.0835 0.2351
vn 0.9632 0.1738 0.2052
vn -0.6174 -0.7842 -0.0611
vn -0.6502 -0.7546 -0.0883
vn -0.5561 -0.8100 -0.1862
vn -0.5845 -0.7835 -0.2111
vn -0.5652 -0.8248 -0.0143
vn -0.5157 -0.8433 -0.1512
vn -0.4762 -0.8765 0.0707
vn -0.4344 -0.8966 -0.0857
vn -0.3414 -0.9200 0.1926
vn -0.2865 -0.9578 0.0238
vn -0.3136 -0.9281 -0.2005
vn -0.4180 -0.8701 -0.2612
vn -0.1491 -0.9823 -0.1131
vn -0.4743 -0.8260 -0.3044
vn -0.5076 -0.7943 -0.3339
vn -0.2952 -0.9317 0.2117
vn 0.0186 -0.9246 0.3804
vn -0.1972 -0.9772 0.0786
vn 0.1019 -0.9595 0.2627
vn -0.5474 -0.8351 0.0553
vn -0.4548 -0.8848 -0.1017
vn -0.7367 -0.6660 -0.1169
vn -0.6620 -0.6993 -0.2697
vn -0.8846 -0.3583 -0.2986
vn -0.8158 -0.3857 -0.4309
vn -0.5582 -0.7253 -0.4030
vn -0.3541 -0.8989 -0.2581
vn -0.7284 -0.4092 -0.5496
vn -0.1201 -0.9901 -0.0721
vn 0.1732 -0.9756 0.1351
vn 0.6906 0.5434 0.4774
vn 0.7015 0.4414 0.5595
vn 0.7792 0.4057 0.4778
vn 0.7361 0.5353 0.4143
vn 0.8186 0.3974 0.4148
vn 0.7753 0.5207 0.3573
vn 0.7890 0.3119 0.5293
vn 0.8375 0.3060 0.4526
vn 0.7120 0.3258 0.6220
vn 0.6851 0.2326 0.6903
vn 0.6532 0.2313 0.7210
vn 0.7519 0.2574 0.6069
vn 0.7710 0.2483 0.5865
vn 0.8413 0.2576 0.4752
vn 0.8436 0.2444 0.4781
vn 0.7272 0.2965 0.6191
vn 0.8343 0.2993 0.4630
vn 0.9174 0.2022 0.3428
vn 0.9060 0.2039 0.3708
vn 0.9700 0.1164 0.2134
vn 0.9554 0.1383 0.2610
vn 0.9243 0.2343 0.3012
vn 0.8560 0.3773 0.3535
vn 0.8123 0.5025 0.2961
vn 0.8985 0.3667 0.2412
vn 0.8517 0.4730 0.2254
vn 0.8810 0.2841 0.3783
vn 0.9272 0.2568 0.2727
vn 0.5650 0.6238 0.5401
vn 0.5743 0.5993 0.5577
vn 0.7177 0.6140 0.3285
vn 0.7293 0.5946 0.3385
vn 0.5574 0.6471 0.5202
vn 0.7037 0.6362 0.3163
vn 0.5481 0.6677 0.5037
vn 0.6886 0.6588 0.3031
vn 0.7938 0.6020 0.0872
vn 0.8087 0.5811 0.0915
vn 0.8258 0.5562 0.0929
vn 0.8422 0.5303 0.0969
vn -0.9284 -0.0486 -0.3684
vn -0.8524 -0.0847 -0.5159
vn -0.9268 0.0910 -0.3642
vn -0.8407 0.0590 -0.5383
vn -0.9256 0.1389 -0.3522
vn -0.8324 0.1080 -0.5436
vn -0.7019 0.0708 -0.7087
vn -0.7226 0.0278 -0.6907
vn -0.7527 -0.1040 -0.6501
vn -0.6960 -0.7084 -0.1175
vn -0.7105 -0.6925 -0.1250
vn -0.6298 -0.7347 -0.2521
vn -0.6430 -0.7189 -0.2640
vn -0.6833 -0.7215 -0.1118
vn -0.6189 -0.7473 -0.2420
vn -0.6692 -0.7358 -0.1038
vn -0.6051 -0.7624 -0.2294
vn -0.5255 -0.7752 -0.3505
vn -0.5354 -0.7621 -0.3642
vn -0.5429 -0.7504 -0.3770
vn -0.5524 -0.7360 -0.3914
vn -0.1902 -0.8636 0.4668
vn 0.0085 -0.8904 0.4552
vn -0.1552 -0.9168 0.3679
vn 0.1213 -0.9554 0.2693
vn -0.0569 -0.9855 0.1601
vn 0.2135 -0.8192 0.5322
vn 0.3192 -0.8686 0.3791
vn 0.2105 -0.8380 0.5034
vn 0.2959 -0.8813 0.3684
vn 0.3857 -0.8931 0.2315
vn 0.4165 -0.8834 0.2148
vn 0.2451 -0.9662 0.0798
vn 0.0925 -0.9954 -0.0267
vn 0.1718 -0.9790 -0.1097
vn 0.7012 0.3590 0.6160
vn 0.8201 0.3643 0.4412
vn 0.6612 0.4439 0.6048
vn 0.7937 0.4519 0.4071
vn 0.6078 0.5409 0.5814
vn 0.7560 0.5434 0.3650
vn 0.8711 0.4731 0.1318
vn 0.9034 0.3799 0.1988
vn 0.9197 0.2968 0.2570
vn -0.1972 -0.9385 0.2834
vn -0.1382 -0.9824 0.1258
vn -0.1277 -0.9412 0.3129
vn -0.0598 -0.9822 0.1781
vn -0.1003 -0.9417 0.3212
vn -0.0284 -0.9795 0.1996
vn -0.0919 -0.9423 0.3220
vn -0.0161 -0.9778 0.2088
vn 0.0701 -0.9948 0.0740
vn 0.0536 -0.9973 0.0497
vn 0.0739 -0.9937 0.0848
vn -0.0024 -1.0000 -0.0067
vn -0.0896 -0.9425 0.3219
vn -0.0119 -0.9770 0.2130
vn -0.0857 -0.9421 0.3243
vn -0.0095 -0.9764 0.2160
vn -0.0830 -0.9416 0.3263
vn -0.0095 -0.9761 0.2171
vn 0.0728 -0.9930 0.0935
vn 0.0746 -0.9929 0.0929
vn 0.0740 -0.9932 0.0897
vn -0.8162 -0.5419 -0.2004
vn -0.8534 -0.4687 -0.2281
vn -0.7413 -0.5680 -0.3576
vn -0.7753 -0.4935 -0.3942
vn -0.7732 -0.6114 -0.1683
vn -0.7015 -0.6377 -0.3182
vn -0.7347 -0.6636 -0.1407
vn -0.6657 -0.6899 -0.2846
vn -0.5710 -0.7086 -0.4146
vn -0.6022 -0.6581 -0.4520
vn -0.6361 -0.5908 -0.4963
vn -0.6631 -0.5202 -0.5382
vn -0.3237 -0.9090 0.2627
vn -0.1912 -0.9788 0.0734
vn -0.5741 -0.8156 0.0722
vn -0.4674 -0.8755 -0.1231
vn -0.7273 -0.6790 -0.0997
vn -0.6478 -0.7122 -0.2706
vn -0.8318 -0.4965 -0.2483
vn -0.7633 -0.5208 -0.3824
vn -0.5275 -0.7403 -0.4167
vn -0.3331 -0.8904 -0.3103
vn -0.6717 -0.5450 -0.5019
vn -0.0714 -0.9880 -0.1367
vn -0.9240 -0.2755 -0.2652
vn -0.8329 -0.2925 -0.4698
vn -0.9057 -0.3350 -0.2597
vn -0.8201 -0.3530 -0.4504
vn -0.8827 -0.3990 -0.2481
vn -0.8012 -0.4211 -0.4252
vn -0.6809 -0.4536 -0.5751
vn -0.6899 -0.3930 -0.6080
vn -0.6928 -0.3375 -0.6373
vn 0.5821 0.5096 0.6336
vn 0.7761 0.4919 0.3947
vn 0.6018 0.4391 0.6671
vn 0.8032 0.4149 0.4276
vn 0.6202 0.3584 0.6978
vn 0.8256 0.3272 0.4597
vn 0.9488 0.2635 0.1745
vn 0.9269 0.3455 0.1463
vn 0.9000 0.4187 0.1211
vn -0.8819 -0.3627 -0.3012
vn -0.8085 -0.3948 -0.4364
vn -0.8865 -0.3685 -0.2800
vn -0.8070 -0.3999 -0.4345
vn -0.8174 -0.5523 -0.1638
vn -0.7235 -0.6001 -0.3413
vn -0.7352 -0.6746 -0.0657
vn -0.6212 -0.7440 -0.2462
vn -0.6020 -0.6169 -0.5070
vn -0.7010 -0.4240 -0.5733
vn -0.5029 -0.7455 -0.4374
vn -0.4468 -0.7282 -0.5196
vn -0.7165 -0.4125 -0.5626
vn 0.4691 -0.1947 -0.8614
vn 0.4741 -0.1890 -0.8599
vn 0.4024 -0.1967 -0.8941
vn 0.4089 -0.2025 -0.8898
vn 0.3034 -0.1928 -0.9332
vn 0.3180 -0.2093 -0.9247
vn 0.4008 -0.1950 -0.8952
vn 0.3043 -0.1840 -0.9347
vn 0.4746 -0.1888 -0.8597
vn 0.5661 0.0041 -0.8243
vn 0.5836 -0.0722 -0.8088
vn 0.6422 -0.1237 -0.7565
vn 0.6422 -0.0670 -0.7636
vn 0.6212 -0.1566 -0.7678
vn 0.7024 -0.1574 -0.6942
vn 0.5776 -0.1449 -0.8034
vn 0.5675 -0.1690 -0.8059
vn 0.8303 0.0427 -0.5557
vn 0.8299 -0.0614 -0.5545
vn 0.8483 -0.1109 -0.5178
vn 0.9141 -0.0475 -0.4026
vn 0.7943 -0.1484 -0.5891
vn 0.9003 -0.1338 -0.4143
vn 0.7241 -0.1416 -0.6750
vn 0.7131 -0.1613 -0.6822
vn 0.7233 -0.1329 -0.6776
vn 0.4784 -0.0066 -0.8781
vn 0.4041 -0.0961 -0.9097
vn 0.4078 -0.1523 -0.9003
vn 0.4704 -0.0860 -0.8782
vn 0.4810 -0.1567 -0.8626
vn 0.4326 -0.1795 -0.8835
vn 0.4919 -0.1783 -0.8522
vn 0.3324 -0.2025 -0.9211
vn 0.2364 -0.2541 -0.9378
vn 0.2193 -0.3342 -0.9166
vn 0.1509 -0.2436 -0.9581
vn 0.1252 -0.2163 -0.9683
vn -0.0046 -0.1940 -0.9810
vn 0.0109 -0.2504 -0.9681
vn -0.0462 -0.3569 -0.9330
vn -0.1068 -0.1924 -0.9755
vn -0.1049 -0.1883 -0.9765
vn -0.2021 -0.1892 -0.9609
vn -0.1972 -0.2356 -0.9516
vn -0.3090 -0.2214 -0.9249
vn -0.3134 -0.1972 -0.9289
vn -0.3919 -0.2052 -0.8968
vn -0.3205 -0.2785 -0.9054
vn 0.9984 -0.0353 -0.0443
vn 0.9876 -0.1186 -0.1033
vn 0.9897 -0.0626 -0.1286
vn 0.9909 -0.0377 -0.1291
vn 0.9690 -0.0461 -0.2428
vn 0.9668 -0.0933 -0.2380
vn 0.9055 -0.2406 -0.3495
vn 0.9406 -0.0644 -0.3333
vn 0.9400 -0.0606 -0.3359
vn 0.9010 -0.0833 -0.4258
vn 0.8927 -0.1426 -0.4275
vn 0.8213 -0.1617 -0.5471
vn 0.8367 -0.1293 -0.5321
vn 0.7679 -0.1892 -0.6121
vn 0.7708 -0.2668 -0.5786
vn -0.2476 0.7885 -0.5629
vn -0.2123 0.7552 -0.6201
vn -0.4257 0.5905 -0.6856
vn -0.4273 0.6422 -0.6364
vn -0.5100 0.3724 -0.7754
vn -0.5257 0.4483 -0.7230
vn -0.3400 0.5348 -0.7736
vn -0.4130 0.3223 -0.8518
vn -0.1015 0.6787 -0.7274
vn 0.0296 0.5683 -0.8223
vn -0.2123 0.4620 -0.8611
vn -0.2838 0.2721 -0.9195
vn -0.0470 0.3626 -0.9308
vn -0.1466 0.2222 -0.9639
vn 0.1703 0.4252 -0.8889
vn 0.3192 0.2342 -0.9183
vn 0.1431 0.2106 -0.9670
vn 0.0519 0.1543 -0.9867
vn 0.2803 0.1112 -0.9534
vn 0.1980 0.0941 -0.9757
vn 0.3974 0.1098 -0.9111
vn 0.1380 0.9037 -0.4052
vn 0.1910 0.8552 -0.4819
vn 0.1866 0.8547 -0.4845
vn 0.1330 0.9032 -0.4081
vn 0.1785 0.8537 -0.4891
vn 0.1239 0.9023 -0.4130
vn 0.2839 0.7331 -0.6181
vn 0.2774 0.7316 -0.6228
vn 0.2878 0.7337 -0.6155
vn 0.3720 0.5825 -0.7227
vn 0.3685 0.5815 -0.7253
vn 0.3633 0.5791 -0.7298
vn 0.4369 0.4073 -0.8020
vn 0.4327 0.4038 -0.8061
vn 0.4403 0.4086 -0.7995
vn 0.4911 0.2163 -0.8438
vn 0.4869 0.2144 -0.8467
vn 0.4828 0.2099 -0.8502
vn 0.5012 0.1202 -0.8570
vn 0.4944 0.1153 -0.8616
vn 0.5080 0.1223 -0.8527
vn 0.1673 0.8525 -0.4953
vn 0.1109 0.9009 -0.4197
vn 0.1530 0.8511 -0.5023
vn 0.0941 0.8991 -0.4276
vn 0.2692 0.7297 -0.6285
vn 0.2594 0.7284 -0.6342
vn 0.3585 0.5758 -0.7348
vn 0.3537 0.5738 -0.7387
vn 0.4308 0.4005 -0.8087
vn 0.4304 0.4028 -0.8078
vn 0.4852 0.2065 -0.8497
vn 0.4933 0.2135 -0.8433
vn 0.4999 0.1112 -0.8589
vn 0.5218 0.1171 -0.8450
vn 0.1277 0.8485 -0.5136
vn 0.0662 0.8956 -0.4399
vn 0.0774 0.8412 -0.5351
vn 0.0138 0.8867 -0.4622
vn 0.2392 0.7266 -0.6440
vn 0.1955 0.7214 -0.6643
vn 0.3396 0.5721 -0.7466
vn 0.3047 0.5671 -0.7652
vn 0.4188 0.4095 -0.8105
vn 0.3883 0.4101 -0.8253
vn 0.4857 0.2316 -0.8429
vn 0.4575 0.2388 -0.8566
vn 0.5136 0.1391 -0.8467
vn 0.4862 0.1420 -0.8622
vn -0.0268 0.8202 -0.5715
vn -0.0867 0.8601 -0.5026
vn 0.0964 0.7127 -0.6948
vn 0.2208 0.5680 -0.7928
vn 0.3255 0.4110 -0.8515
vn 0.4160 0.2296 -0.8799
vn 0.4536 0.1284 -0.8819
vn -0.4475 0.2058 -0.8703
vn -0.4693 0.2298 -0.8526
vn -0.3633 0.0491 -0.9304
vn -0.4309 0.0536 -0.9008
vn -0.3370 0.1712 -0.9258
vn -0.2569 0.0333 -0.9659
vn -0.1999 0.1404 -0.9697
vn -0.1227 0.0165 -0.9923
vn -0.0617 0.1110 -0.9919
vn 0.0131 0.0013 -0.9999
vn 0.0824 0.0814 -0.9933
vn 0.1436 -0.0115 -0.9896
vn 0.2167 0.0567 -0.9746
vn 0.2349 -0.0168 -0.9719
vn 0.1967 -0.1810 -0.9636
vn 0.1285 -0.1878 -0.9738
vn 0.1539 -0.1168 -0.9812
vn 0.2240 -0.1121 -0.9681
vn 0.0374 -0.1176 -0.9924
vn 0.0239 -0.1923 -0.9810
vn -0.0907 -0.1921 -0.9772
vn -0.0905 -0.1137 -0.9894
vn -0.2207 -0.1054 -0.9696
vn -0.2093 -0.1862 -0.9600
vn -0.3248 -0.1747 -0.9295
vn -0.3386 -0.0946 -0.9362
vn -0.4340 -0.0840 -0.8970
vn -0.4221 -0.1576 -0.8927
vn 0.6100 0.1357 -0.7807
vn 0.6288 0.2720 -0.7284
vn 0.7530 0.2851 -0.5930
vn 0.6984 0.1623 -0.6970
vn 0.8202 0.2482 -0.5155
vn 0.7571 0.1625 -0.6328
vn 0.7775 0.4634 -0.4251
vn 0.8751 0.3470 -0.3373
vn 0.6345 0.4820 -0.6042
vn 0.6122 0.6395 -0.4650
vn 0.7710 0.5822 -0.2581
vn 0.8872 0.4152 -0.2014
vn 0.7370 0.6664 -0.1131
vn 0.8752 0.4797 -0.0617
vn 0.5665 0.7603 -0.3178
vn 0.5070 0.8432 -0.1790
vn 0.6871 0.7265 -0.0031
vn 0.8415 0.5376 0.0534
vn 0.6353 0.7721 0.0152
vn 0.7888 0.6090 0.0831
vn 0.4662 0.8758 -0.1252
vn 0.4958 0.2155 -0.8413
vn 0.5151 0.1219 -0.8484
vn 0.5014 0.2121 -0.8388
vn 0.5230 0.1188 -0.8440
vn 0.4444 0.4082 -0.7975
vn 0.4504 0.4059 -0.7952
vn 0.3760 0.5825 -0.7207
vn 0.3827 0.5814 -0.7180
vn 0.2918 0.7340 -0.6132
vn 0.2991 0.7342 -0.6094
vn 0.1953 0.8557 -0.4791
vn 0.2031 0.8567 -0.4741
vn 0.1429 0.9044 -0.4020
vn 0.1513 0.9056 -0.3962
vn 0.5005 0.2084 -0.8403
vn 0.5190 0.1135 -0.8472
vn 0.4901 0.2131 -0.8452
vn 0.4961 0.1140 -0.8608
vn 0.4540 0.4033 -0.7945
vn 0.4530 0.4056 -0.7939
vn 0.3898 0.5796 -0.7156
vn 0.3957 0.5789 -0.7130
vn 0.3081 0.7345 -0.6047
vn 0.3176 0.7355 -0.5985
vn 0.2137 0.8581 -0.4668
vn 0.2263 0.8600 -0.4573
vn 0.1632 0.9072 -0.3877
vn 0.1778 0.9093 -0.3763
vn 0.4898 0.2321 -0.8404
vn 0.4973 0.1370 -0.8567
vn 0.5130 0.2456 -0.8225
vn 0.5224 0.1464 -0.8400
vn 0.4593 0.4144 -0.7857
vn 0.4856 0.4220 -0.7656
vn 0.4091 0.5806 -0.7040
vn 0.4417 0.5838 -0.6812
vn 0.3354 0.7384 -0.5850
vn 0.3734 0.7432 -0.5552
vn 0.2478 0.8632 -0.4400
vn 0.2901 0.8672 -0.4047
vn 0.2015 0.9122 -0.3569
vn 0.2457 0.9150 -0.3200
vn 0.5534 0.2463 -0.7957
vn 0.5565 0.1409 -0.8188
vn 0.5361 0.4367 -0.7224
vn 0.5026 0.6025 -0.6200
vn 0.4452 0.7553 -0.4810
vn 0.3715 0.8689 -0.3272
vn 0.3300 0.9111 -0.2471
vn 0.8254 0.1722 -0.5376
vn 0.7545 0.1224 -0.6448
vn 0.8117 0.0701 -0.5799
vn 0.7570 0.0469 -0.6517
vn 0.8821 0.2264 -0.4131
vn 0.8757 0.1067 -0.4709
vn 0.9179 0.2770 -0.2842
vn 0.9258 0.1447 -0.3493
vn 0.9338 0.3266 -0.1465
vn 0.9582 0.1818 -0.2207
vn 0.9271 0.3738 -0.0273
vn 0.9708 0.2122 -0.1122
vn 0.9168 0.3993 -0.0026
vn 0.9735 0.2253 -0.0395
vn 0.9997 0.0162 -0.0208
vn 0.9925 -0.0137 -0.1217
vn 0.9903 0.0679 -0.1212
vn 0.9957 0.0908 -0.0202
vn 0.9701 0.0401 -0.2394
vn 0.9708 -0.0419 -0.2363
vn 0.9350 -0.0667 -0.3482
vn 0.9320 0.0113 -0.3624
vn 0.8792 -0.0147 -0.4761
vn 0.8883 -0.0867 -0.4510
vn 0.8352 -0.1015 -0.5405
vn 0.8182 -0.0356 -0.5738
vn 0.7751 -0.0448 -0.6302
vn 0.7951 -0.1079 -0.5968
vn -0.3137 0.8619 -0.3984
vn -0.2619 0.8235 -0.5033
vn -0.4130 0.7085 -0.5722
vn -0.4457 0.7657 -0.4638
vn -0.5341 0.5710 -0.6235
vn -0.5737 0.6306 -0.5227
vn 0.3091 0.0756 -0.9480
vn 0.2710 0.0621 -0.9606
vn 0.2091 -0.0078 -0.9779
vn 0.1191 -0.0442 -0.9919
vn -0.1170 0.9473 -0.2984
vn -0.0370 0.9142 -0.4035
vn -0.1278 0.8868 -0.4441
vn -0.1991 0.9189 -0.3407
vn 0.4868 0.1174 -0.8656
vn 0.4577 0.1064 -0.8827
vn 0.4183 0.0922 -0.9036
vn 0.4562 0.1019 -0.8840
vn 0.4225 0.0934 -0.9015
vn 0.4835 0.1130 -0.8680
vn 0.5234 0.0859 -0.8477
vn 0.5133 0.0854 -0.8540
vn 0.5301 0.0263 -0.8476
vn 0.5204 0.0249 -0.8536
vn 0.5345 0.0849 -0.8409
vn 0.5406 0.0287 -0.8408
vn 0.5032 0.0834 -0.8601
vn 0.4926 0.0798 -0.8666
vn 0.5106 0.0239 -0.8595
vn 0.4997 0.0237 -0.8659
vn 0.0170 0.9749 -0.2220
vn 0.0936 0.9360 -0.3392
vn 0.0878 0.9354 -0.3426
vn 0.0105 0.9741 -0.2260
vn 0.0778 0.9342 -0.3482
vn -0.0000 0.9726 -0.2325
vn 0.0235 0.9757 -0.2180
vn 0.0993 0.9368 -0.3355
vn 0.1088 0.9380 -0.3292
vn 0.0341 0.9768 -0.2116
vn 0.0635 0.9323 -0.3560
vn -0.0149 0.9702 -0.2417
vn 0.0448 0.9297 -0.3656
vn -0.0350 0.9667 -0.2537
vn 0.5509 0.0872 -0.8300
vn 0.6012 0.1046 -0.7922
vn 0.5491 0.1128 -0.8281
vn 0.6136 0.1184 -0.7807
vn 0.5611 0.1195 -0.8191
vn 0.6292 0.0884 -0.7722
vn 0.6401 0.1184 -0.7591
vn 0.5029 0.0791 -0.8607
vn 0.5192 0.0275 -0.8542
vn 0.0149 0.9249 -0.3798
vn -0.0662 0.9602 -0.2713
vn -0.5307 0.2024 -0.8230
vn -0.5589 0.3658 -0.7442
vn -0.5518 0.0498 -0.8325
vn -0.6235 0.4507 -0.6389
vn -0.6744 0.4809 -0.5602
vn -0.4015 -0.1843 -0.8971
vn -0.5081 -0.1487 -0.8484
vn -0.5458 -0.1211 -0.8291
vn -0.4502 -0.1793 -0.8748
vn 0.0230 -0.3818 -0.9240
vn -0.2812 -0.2641 -0.9226
vn 0.3331 -0.2279 -0.9150
vn 0.2589 -0.2245 -0.9395
vn 0.2435 -0.1774 -0.9536
vn 0.1908 -0.2181 -0.9571
vn 0.2991 -0.2948 -0.9076
vn 0.2741 -0.3951 -0.8768
vn 0.3372 0.9414 0.0007
vn 0.4695 0.8775 0.0975
vn 0.5608 0.8276 0.0250
vn 0.4137 0.9061 -0.0889
vn 0.6832 0.7198 0.1230
vn 0.6012 0.7742 0.1978
vn 0.5593 0.1188 -0.8204
vn 0.5294 0.1226 -0.8395
vn 0.5619 0.1148 -0.8192
vn 0.5339 0.1191 -0.8371
vn 0.5974 0.1140 -0.7938
vn 0.5935 0.1142 -0.7967
vn 0.7174 0.1166 -0.6868
vn 0.6873 0.1218 -0.7161
vn 0.7721 0.0610 -0.6326
vn 0.1478 0.9796 -0.1360
vn 0.2260 0.9708 -0.0800
vn 0.2916 0.9381 -0.1869
vn 0.2113 0.9446 -0.2512
vn 0.0492 0.9781 -0.2024
vn 0.1222 0.9395 -0.3200
vn 0.1393 0.9413 -0.3076
vn 0.0691 0.9794 -0.1898
vn 0.5249 0.0818 -0.8472
vn 0.5211 0.0277 -0.8531
vn 0.4754 0.0780 -0.8763
vn 0.0994 0.9805 -0.1697
vn 0.1658 0.9434 -0.2872
vn 0.4700 0.1031 -0.8766
vn 0.4170 0.0821 -0.9052
vn 0.3900 0.0592 -0.9189
vn 0.3991 0.0922 -0.9123
vn 0.3685 0.0852 -0.9257
vn 0.4557 0.1065 -0.8838
vn 0.7047 0.6495 0.2855
vn 0.7570 0.6195 0.2077
vn 0.8366 0.5364 0.1116
vn 0.9225 0.3800 0.0681
vn 0.9668 0.2355 0.0988
vn 0.9913 0.0668 0.1135
vn 0.9966 0.0352 0.0744
vn 0.9992 -0.0130 -0.0382
vn 0.9999 -0.0021 0.0145
vn 0.7209 -0.2432 -0.6490
vn 0.7224 -0.3402 -0.6020
vn 0.8716 -0.2781 -0.4036
vn 0.9830 -0.1096 -0.1474
vn 0.7652 -0.1137 -0.6336
vn 0.7543 -0.1640 -0.6357
vn 0.7010 -0.1830 -0.6893
vn 0.7985 -0.1439 -0.5846
vn -0.9998 0.0136 -0.0135
vn -0.9969 -0.0421 0.0665
vn -0.9976 0.0221 0.0660
vn -0.9972 0.0458 0.0587
vn -0.9835 0.0810 0.1620
vn -0.9835 0.0364 0.1770
vn -0.9382 -0.0539 0.3418
vn -0.9634 0.0992 0.2489
vn -0.9634 0.1023 0.2478
vn -0.9350 0.1150 0.3355
vn -0.9270 0.0676 0.3688
vn -0.8702 0.0993 0.4825
vn -0.8865 0.1147 0.4483
vn -0.8328 0.0917 0.5459
vn -0.8270 0.0174 0.5619
vn -0.1330 0.1773 0.9751
vn -0.1366 0.1019 0.9854
vn -0.0621 0.1981 0.9782
vn -0.0275 0.2197 0.9752
vn 0.0931 0.2407 0.9661
vn 0.0686 0.1893 0.9795
vn 0.1188 0.0753 0.9901
vn 0.1848 0.2396 0.9531
vn 0.1852 0.2427 0.9523
vn 0.2734 0.2347 0.9328
vn 0.2680 0.1894 0.9446
vn 0.3746 0.1899 0.9075
vn 0.3767 0.2138 0.9013
vn 0.4472 0.1905 0.8739
vn 0.3852 0.1268 0.9141
vn -0.6638 0.5828 0.4687
vn -0.6467 0.6576 0.3864
vn -0.7296 0.6216 0.2851
vn -0.7211 0.5645 0.4018
vn -0.7966 0.5547 0.2405
vn -0.7713 0.5314 0.3503
vn -0.7157 0.6912 0.1002
vn -0.8211 0.5654 0.0780
vn -0.6116 0.7606 0.2178
vn -0.5642 0.8236 0.0577
vn -0.6887 0.7225 -0.0612
vn -0.8241 0.5635 -0.0580
vn -0.6475 0.7352 -0.2003
vn -0.8084 0.5551 -0.1961
vn -0.5081 0.8570 -0.0865
vn -0.4487 0.8675 -0.2149
vn -0.6018 0.7378 -0.3058
vn -0.7768 0.5491 -0.3083
vn -0.5654 0.7532 -0.3361
vn -0.7342 0.5775 -0.3569
vn -0.4176 0.8698 -0.2629
vn -0.4344 0.6982 0.5691
vn -0.4156 0.7389 0.5304
vn -0.4267 0.7372 0.5239
vn -0.4462 0.6964 0.5621
vn -0.4398 0.7342 0.5172
vn -0.4608 0.6931 0.5542
vn -0.3676 0.8342 0.4111
vn -0.3799 0.8319 0.4045
vn -0.3578 0.8356 0.4169
vn -0.2910 0.9107 0.2930
vn -0.2996 0.9096 0.2879
vn -0.3111 0.9078 0.2815
vn -0.2225 0.9626 0.1546
vn -0.2329 0.9612 0.1480
vn -0.2154 0.9635 0.1591
vn -0.1318 0.9911 0.0174
vn -0.1377 0.9904 0.0135
vn -0.1470 0.9891 0.0069
vn -0.0959 0.9939 -0.0554
vn -0.1053 0.9925 -0.0621
vn -0.0900 0.9946 -0.0515
vn -0.4556 0.7292 0.5106
vn -0.4797 0.6870 0.5459
vn -0.4749 0.7206 0.5052
vn -0.5040 0.6757 0.5380
vn -0.3950 0.8281 0.3977
vn -0.4141 0.8219 0.3911
vn -0.3261 0.9048 0.2740
vn -0.3458 0.8999 0.2657
vn -0.2472 0.9589 0.1393
vn -0.2669 0.9551 0.1283
vn -0.1607 0.9870 -0.0028
vn -0.1802 0.9835 -0.0161
vn -0.1192 0.9903 -0.0721
vn -0.1388 0.9866 -0.0860
vn -0.5008 0.7071 0.4992
vn -0.5351 0.6573 0.5307
vn -0.5354 0.6887 0.4890
vn -0.5718 0.6321 0.5230
vn -0.4415 0.8119 0.3820
vn -0.4811 0.7972 0.3646
vn -0.3753 0.8916 0.2534
vn -0.4194 0.8782 0.2300
vn -0.2973 0.9483 0.1114
vn -0.3446 0.9352 0.0820
vn -0.2114 0.9767 -0.0367
vn -0.2615 0.9627 -0.0700
vn -0.1702 0.9795 -0.1074
vn -0.2211 0.9651 -0.1406
vn -0.5821 0.6706 0.4599
vn -0.6135 0.6049 0.5077
vn -0.5364 0.7814 0.3188
vn -0.4817 0.8592 0.1724
vn -0.4144 0.9098 0.0217
vn -0.3397 0.9319 -0.1273
vn -0.3029 0.9334 -0.1926
vn -0.9982 0.0439 -0.0399
vn -0.9971 0.0574 0.0496
vn -0.9925 0.1207 0.0176
vn -0.9927 0.1002 -0.0674
vn -0.9668 0.2496 -0.0543
vn -0.9666 0.2288 -0.1151
vn -0.9822 0.1442 0.1204
vn -0.9614 0.2721 0.0416
vn -0.9852 0.0764 0.1536
vn -0.9633 0.0949 0.2509
vn -0.9602 0.1674 0.2236
vn -0.9426 0.2976 0.1516
vn -0.9291 0.1890 0.3180
vn -0.9121 0.3207 0.2555
vn -0.9342 0.1123 0.3386
vn -0.9002 0.1281 0.4162
vn -0.8917 0.2093 0.4013
vn -0.8708 0.3419 0.3533
vn -0.8597 0.2269 0.4577
vn -0.8284 0.3623 0.4272
vn -0.8725 0.1396 0.4683
vn -0.8418 0.4615 0.2801
vn -0.7936 0.4755 0.3797
vn -0.8795 0.4470 0.1632
vn -0.9027 0.4279 0.0455
vn -0.9105 0.4054 -0.0811
vn -0.9005 0.3900 -0.1922
vn -0.8916 0.3926 -0.2257
vn 0.2618 0.9528 0.1537
vn 0.2335 0.9508 0.2034
vn 0.4034 0.8607 0.3107
vn 0.4115 0.8726 0.2630
vn 0.5154 0.7071 0.4842
vn 0.5347 0.7326 0.4213
vn 0.3308 0.8548 0.3997
vn 0.4292 0.7063 0.5629
vn 0.1481 0.9372 0.3159
vn 0.0513 0.8989 0.4352
vn 0.2284 0.8346 0.5012
vn 0.3129 0.7025 0.6393
vn 0.1035 0.7913 0.6026
vn 0.1913 0.6892 0.6989
vn -0.0579 0.8283 0.5573
vn -0.1732 0.7155 0.6769
vn -0.0412 0.7058 0.7072
vn 0.0392 0.6568 0.7530
vn -0.1378 0.6358 0.7595
vn -0.0646 0.6177 0.7837
vn -0.2251 0.6364 0.7378
vn -0.1257 0.9919 0.0209
vn -0.0839 0.9953 -0.0480
vn -0.1155 0.9930 0.0262
vn -0.0736 0.9964 -0.0427
vn -0.2080 0.9644 0.1634
vn -0.1974 0.9655 0.1697
vn -0.2825 0.9117 0.2983
vn -0.2715 0.9126 0.3057
vn -0.3481 0.8366 0.4230
vn -0.3366 0.8372 0.4311
vn -0.4047 0.7399 0.5374
vn -0.3925 0.7400 0.5462
vn -0.4226 0.6993 0.5765
vn -0.4088 0.6995 0.5862
vn -0.1006 0.9943 0.0341
vn -0.0583 0.9977 -0.0348
vn -0.0797 0.9958 0.0455
vn -0.0368 0.9990 -0.0235
vn -0.1831 0.9667 0.1786
vn -0.1642 0.9677 0.1913
vn -0.2579 0.9131 0.3158
vn -0.2411 0.9127 0.3299
vn -0.3233 0.8369 0.4417
vn -0.3080 0.8349 0.4562
vn -0.3789 0.7386 0.5576
vn -0.3642 0.7342 0.5731
vn -0.3920 0.6977 0.5996
vn -0.3724 0.6918 0.6187
vn -0.0468 0.9968 0.0643
vn -0.0030 1.0000 -0.0048
vn 0.0070 0.9955 0.0947
vn 0.0512 0.9983 0.0264
vn -0.1348 0.9681 0.2111
vn -0.0858 0.9668 0.2407
vn -0.2158 0.9111 0.3512
vn -0.1735 0.9082 0.3808
vn -0.2862 0.8309 0.4773
vn -0.2510 0.8253 0.5058
vn -0.3452 0.7261 0.5946
vn -0.3178 0.7153 0.6224
vn -0.3492 0.6800 0.6447
vn -0.3219 0.6627 0.6762
vn 0.0972 0.9853 0.1407
vn 0.1384 0.9873 0.0780
vn 0.0024 0.9608 0.2773
vn -0.0921 0.9068 0.4113
vn -0.1836 0.8246 0.5352
vn -0.2685 0.7089 0.6522
vn -0.2854 0.6450 0.7089
vn -0.0557 0.2394 0.9693
vn 0.0045 0.2387 0.9711
vn -0.0003 0.3183 0.9480
vn -0.0672 0.3238 0.9437
vn 0.0096 0.4496 0.8932
vn -0.0777 0.4540 0.8876
vn 0.0931 0.3139 0.9449
vn 0.1177 0.4466 0.8870
vn 0.0907 0.2375 0.9671
vn 0.1838 0.2351 0.9544
vn 0.1938 0.3085 0.9313
vn 0.2267 0.4405 0.8687
vn 0.2985 0.3008 0.9058
vn 0.3363 0.4307 0.8375
vn 0.2824 0.2313 0.9310
vn 0.3827 0.2261 0.8958
vn 0.3978 0.2907 0.8702
vn 0.4273 0.4200 0.8006
vn 0.4764 0.2798 0.8335
vn 0.4845 0.4062 0.7748
vn 0.4644 0.2227 0.8572
vn 0.4951 0.5606 0.6637
vn 0.5203 0.5652 0.6401
vn 0.3988 0.5655 0.7219
vn 0.2798 0.5725 0.7707
vn 0.1626 0.5744 0.8023
vn 0.0404 0.5693 0.8211
vn -0.0710 0.5638 0.8228
vn -0.4457 0.6707 0.5930
vn -0.4328 0.6719 0.6010
vn -0.4159 0.6726 0.6122
vn -0.4650 0.5582 0.6871
vn -0.4419 0.5581 0.7023
vn -0.4827 0.5569 0.6759
vn -0.4585 0.6688 0.5852
vn -0.5006 0.5538 0.6654
vn -0.4759 0.6652 0.5753
vn -0.5241 0.5479 0.6520
vn -0.0543 0.9925 -0.1093
vn -0.0607 0.9917 -0.1134
vn -0.0709 0.9902 -0.1203
vn -0.0477 0.9933 -0.1054
vn -0.0369 0.9944 -0.0995
vn -0.0855 0.9878 -0.1303
vn -0.1055 0.9840 -0.1439
vn -0.5007 0.6579 0.5626
vn -0.5558 0.5384 0.6335
vn -0.5339 0.6442 0.5476
vn -0.5950 0.5242 0.6093
vn -0.1369 0.9769 -0.1642
vn -0.1872 0.9627 -0.1951
vn -0.5751 0.6217 0.5317
vn -0.6403 0.5036 0.5801
vn -0.6199 0.5901 0.5172
vn -0.6870 0.4747 0.5502
vn -0.3786 0.8743 -0.3037
vn -0.5130 0.7742 -0.3707
vn -0.6374 0.6388 -0.4309
vn -0.6611 0.5548 0.5052
vn -0.7244 0.4418 0.5292
vn -0.6995 0.5246 0.4853
vn -0.7532 0.4123 0.5126
vn -0.7406 0.5010 0.4479
vn -0.7874 0.3863 0.4803
vn -0.2674 0.9327 -0.2420
vn -0.7202 0.4983 -0.4826
vn -0.7970 0.4707 -0.3785
vn -0.8991 0.3398 -0.2761
vn -0.9578 0.1805 -0.2239
vn -0.9863 0.0333 -0.1617
vn -0.9916 0.0247 -0.1269
vn -0.9993 0.0307 -0.0211
vn -0.9971 0.0112 -0.0746
vn -0.7882 0.0530 0.6132
vn -0.7710 -0.0666 0.6334
vn -0.9069 -0.0960 0.4103
vn -0.9946 -0.0404 0.0960
vn -0.8399 0.1525 0.5209
vn -0.8287 0.1058 0.5496
vn -0.8658 0.1086 0.4884
vn -0.0213 0.9956 -0.0910
vn 0.0001 0.9969 -0.0791
vn -0.3623 0.6652 0.6528
vn -0.3262 0.6522 0.6843
vn -0.2883 0.6307 0.7205
vn -0.3196 0.5428 0.7767
vn -0.2677 0.5260 0.8073
vn -0.3688 0.5519 0.7479
vn -0.3924 0.6711 0.6289
vn -0.4098 0.5563 0.7228
vn 0.0330 0.9977 -0.0600
vn 0.0848 0.9960 -0.0283
vn 0.4154 0.8877 0.1986
vn 0.2798 0.9548 0.1002
vn 0.5468 0.7835 0.2953
vn -0.2139 0.5840 0.7831
vn -0.1588 0.5721 0.8047
vn -0.1467 0.4646 0.8733
vn -0.1947 0.4805 0.8551
vn 0.1665 0.9857 0.0241
vn -0.2535 0.6046 0.7551
vn -0.2271 0.5026 0.8342
vn 0.5773 0.5203 0.6293
vn 0.5999 0.6415 0.4782
vn 0.5850 0.3691 0.7222
vn 0.6533 0.6662 0.3597
vn 0.4507 0.2079 0.8681
vn 0.5416 0.2121 0.8134
vn 0.5685 0.2234 0.7918
vn 0.5004 0.1943 0.8437
vn 0.0521 0.0212 0.9984
vn 0.3578 0.1249 0.9254
vn -0.1405 0.1899 0.9717
vn -0.1185 0.2406 0.9634
vn -0.0709 0.2058 0.9760
vn -0.2050 0.1244 0.9708
vn -0.2092 0.0022 0.9779
vn 0.5324 -0.0575 -0.8446
vn 0.5271 -0.0591 -0.8478
vn 0.5388 -0.0539 -0.8407
vn 0.5199 -0.0597 -0.8521
vn 0.5216 -0.0588 -0.8511
vn 0.5148 -0.0569 -0.8554
vn 0.5343 -0.0581 -0.8433
vn -0.1845 0.3438 0.9208
vn -0.1277 0.3330 0.9343
vn 0.5847 0.2647 0.7668
vn 0.7050 0.2556 0.6616
vn -0.8264 0.2476 0.5057
vn -0.7915 0.2696 0.5485
vn -0.9786 0.0736 -0.1919
vn -0.9369 0.0549 -0.3453
vn 0.3735 0.2128 0.9029
vn 0.2755 0.2184 0.9362
vn 0.1839 0.2210 0.9578
vn 0.0953 0.2210 0.9706
vn 0.0019 0.2164 0.9763
vn -0.8998 0.1062 0.4233
vn -0.9364 0.0949 0.3378
vn -0.9639 0.0807 0.2538
vn -0.9845 0.0644 0.1634
vn -0.9970 0.0453 0.0624
vn 0.7846 -0.0457 -0.6183
vn 0.9840 0.1270 0.1249
vn 0.9426 0.1789 0.2819
vn 0.1366 -0.1460 -0.9798
vn 0.2096 -0.1159 -0.9709
vn -0.5633 -0.0622 -0.8239
vn -0.6926 -0.0210 -0.7210
vn 0.8456 -0.1242 -0.5191
vn 0.8974 -0.1037 -0.4289
vn 0.9379 -0.0842 -0.3366
vn 0.9693 -0.0624 -0.2377
vn 0.9908 -0.0376 -0.1302
vn -0.3124 -0.1969 -0.9293
vn -0.2039 -0.2057 -0.9571
vn -0.0991 -0.2110 -0.9725
vn 0.0033 -0.2129 -0.9771
vn 0.1090 -0.2141 -0.9707
vn 0.8431 0.2581 0.4718
vn 0.8951 0.2275 0.3835
vn 0.7838 0.2616 0.5633
vn -0.2719 0.3572 0.8936
vn -0.2260 0.3525 0.9081
vn -0.3764 0.3561 0.8553
vn -0.3260 0.3574 0.8752
vn -0.4601 0.3566 0.8131
vn -0.4212 0.3560 0.8342
vn -0.5202 0.3546 0.7769
vn -0.4924 0.3566 0.7940
vn -0.7700 0.0239 -0.6376
vn -0.8305 0.0535 -0.5545
vn -0.8858 0.0575 -0.4606
vn -0.7636 0.2868 0.5785
vn -0.7315 0.3009 0.6118
vn -0.6917 0.3125 0.6511
vn -0.6518 0.3222 0.6865
vn -0.6138 0.3321 0.7162
vn -0.5785 0.3419 0.7406
vn -0.5477 0.3497 0.7601
vn 0.6408 -0.2012 -0.7409
vn 0.6483 -0.1649 -0.7433
vn 0.5834 -0.2117 -0.7841
vn 0.5836 -0.1756 -0.7928
vn 0.5398 -0.2111 -0.8149
vn 0.5318 -0.1716 -0.8293
vn 0.4734 -0.2250 -0.8516
vn 0.4082 -0.2295 -0.8836
vn 0.5195 -0.2135 -0.8274
vn 0.5287 -0.1719 -0.8312
vn 0.6468 -0.1671 -0.7441
vn 0.6413 -0.1745 -0.7472
vn 0.5840 -0.1758 -0.7925
vn 0.5884 -0.1804 -0.7882
vn 0.5415 -0.1816 -0.8208
vn 0.5299 -0.1730 -0.8302
vn 0.5001 0.1187 -0.8578
vn 0.5001 0.1177 -0.8579
vn 0.6570 0.1274 -0.7430
vn 0.6357 0.1273 -0.7613
vn 0.7169 0.1396 -0.6831
vn 0.6731 0.1443 -0.7253
vn 0.3705 0.0950 -0.9240
vn 0.3450 0.0893 -0.9344
vn 0.2637 0.0843 -0.9609
vn 0.3193 0.1011 -0.9423
vn 0.5168 0.1198 -0.8477
vn 0.5165 0.1208 -0.8477
vn 0.5306 -0.1728 -0.8299
vn 0.5187 -0.1842 -0.8349
vn 0.1051 -0.2016 -0.9738
vn 0.1982 -0.2209 -0.9549
vn -0.0365 -0.1636 -0.9858
vn -0.0047 -0.2442 -0.9697
vn 0.4401 0.8069 0.3940
vn 0.2127 0.9474 0.2393
vn 0.2113 0.9479 0.2384
vn 0.4377 0.8091 0.3922
vn -0.0600 0.9954 0.0751
vn -0.0599 0.9954 0.0752
vn -0.3013 0.9517 -0.0598
vn -0.2999 0.9522 -0.0590
vn -0.5171 0.8408 -0.1601
vn -0.5136 0.8432 -0.1586
vn -0.7157 0.6612 -0.2249
vn -0.7115 0.6660 -0.2239
vn -0.8643 0.4383 -0.2466
vn -0.8629 0.4411 -0.2465
vn -0.9126 -0.4057 0.0504
vn -0.7881 -0.6155 -0.0010
vn -0.7855 -0.6189 -0.0016
vn -0.9131 -0.4045 0.0509
vn -0.5712 -0.8208 0.0048
vn -0.5668 -0.8239 0.0058
vn -0.3289 -0.9411 0.0778
vn -0.3267 -0.9419 0.0786
vn -0.0944 -0.9790 0.1807
vn -0.0929 -0.9790 0.1814
vn 0.1236 -0.9479 0.2936
vn 0.1248 -0.9475 0.2942
vn 0.3109 -0.8595 0.4057
vn 0.3114 -0.8592 0.4060
vn 0.4660 -0.7061 0.5332
vn 0.4663 -0.7056 0.5335
vn 0.5942 -0.5041 0.6268
vn 0.5956 -0.5018 0.6273
vn 0.6645 0.4665 0.5837
vn 0.5784 0.6351 0.5120
vn 0.5763 0.6386 0.5100
vn 0.6639 0.4679 0.5834
vn -0.7241 -0.6653 -0.1818
vn -0.5500 -0.8303 -0.0899
vn -0.5505 -0.8299 -0.0901
vn -0.7256 -0.6633 -0.1831
vn -0.3427 -0.9394 0.0048
vn -0.3433 -0.9392 0.0045
vn -0.1464 -0.9809 0.1281
vn -0.1476 -0.9808 0.1273
vn 0.0540 -0.9608 0.2720
vn 0.0526 -0.9612 0.2709
vn 0.2406 -0.8714 0.4275
vn 0.2390 -0.8726 0.4260
vn 0.3898 -0.7032 0.5947
vn 0.3875 -0.7071 0.5915
vn 0.4537 -0.4635 0.7611
vn 0.4536 -0.4673 0.7589
vn 0.4258 -0.2420 0.8718
vn 0.4254 -0.2408 0.8724
vn -0.9929 -0.0592 -0.1035
vn -0.9666 -0.2543 0.0316
vn -0.9677 -0.2506 0.0288
vn -0.9927 -0.0480 -0.1106
vn 0.5189 0.6073 0.6016
vn 0.3955 0.7970 0.4564
vn 0.3920 0.8009 0.4527
vn 0.5178 0.6098 0.6000
vn 0.2198 0.9309 0.2917
vn 0.2166 0.9325 0.2890
vn 0.0174 0.9906 0.1355
vn 0.0160 0.9908 0.1346
vn -0.2149 0.9764 -0.0199
vn -0.2149 0.9764 -0.0200
vn -0.4705 0.8639 -0.1797
vn -0.4693 0.8647 -0.1790
vn -0.6819 0.6697 -0.2941
vn -0.6796 0.6725 -0.2931
vn -0.8162 0.4646 -0.3434
vn -0.8142 0.4686 -0.3429
vn -0.8876 0.2767 -0.3683
vn -0.8872 0.2782 -0.3681
vn -0.9551 0.1998 -0.2187
vn -0.9549 0.2004 -0.2189
vn 0.4396 -0.0824 0.8944
vn 0.4419 -0.0784 0.8936
vn 0.5362 0.1277 0.8344
vn 0.5404 0.1393 0.8298
vn 0.5760 0.3869 0.7201
vn 0.5759 0.3875 0.7198
vn -0.9057 0.0790 -0.4165
vn -0.9056 0.0783 -0.4168
vn -0.8799 -0.1935 -0.4340
vn -0.8808 -0.1875 -0.4348
vn -0.8223 -0.4687 -0.3226
vn -0.8240 -0.4622 -0.3276
vn 0.7267 -0.2793 0.6275
vn 0.7308 -0.2721 0.6260
vn 0.8019 0.0121 0.5974
vn 0.8018 0.0182 0.5973
vn 0.7498 0.2814 0.5988
vn 0.7501 0.2807 0.5988
vt 0.826766 0.889208
vt 0.826685 0.947464
vt 0.857240 0.937925
vt 0.861613 0.883564
vt 0.833333 1.000000
vt 0.854167 0.981250
vt 0.875000 0.962500
vt 0.884475 0.926832
vt 0.893722 0.882383
vt 0.911033 0.916032
vt 0.925699 0.882072
vt 0.895833 0.943750
vt 0.916667 0.925000
vt 0.937500 0.906250
vt 0.958333 0.887500
vt 0.500000 0.637500
vt 0.500000 0.743750
vt 0.541667 0.702734
vt 0.541667 0.608840
vt 0.500000 0.850000
vt 0.541667 0.788940
vt 0.583333 0.756395
vt 0.583333 0.672703
vt 0.583333 0.586863
vt 0.624995 0.658434
vt 0.624997 0.576151
vt 0.624993 0.741615
vt 0.666613 0.737206
vt 0.666628 0.654174
vt 0.666640 0.572863
vt 0.708184 0.652955
vt 0.708228 0.571907
vt 0.708121 0.735911
vt 0.749323 0.735328
vt 0.749536 0.652512
vt 0.749675 0.571582
vt 0.789848 0.652034
vt 0.790054 0.571268
vt 0.789585 0.734451
vt 0.826643 0.733008
vt 0.825536 0.651838
vt 0.825155 0.571270
vt 0.500000 0.887500
vt 0.541667 0.857050
vt 0.500000 0.925000
vt 0.541667 0.912510
vt 0.583333 0.902855
vt 0.583333 0.835054
vt 0.500000 0.962500
vt 0.541667 0.958736
vt 0.500000 1.000000
vt 0.541667 1.000000
vt 0.583333 1.000000
vt 0.583333 0.955782
vt 0.624994 0.954201
vt 0.624991 0.897985
vt 0.625000 1.000000
vt 0.666667 1.000000
vt 0.666619 0.953562
vt 0.666590 0.896305
vt 0.624991 0.824559
vt 0.666594 0.821304
vt 0.708040 0.820238
vt 0.708021 0.895620
vt 0.748955 0.894893
vt 0.749034 0.819509
vt 0.708136 0.953236
vt 0.708333 1.000000
vt 0.750000 1.000000
vt 0.749336 0.952788
vt 0.789655 0.951582
vt 0.788880 0.893236
vt 0.791667 1.000000
vt 0.789202 0.817999
vt 0.828036 0.814328
vt 0.916667 0.925000
vt 0.916667 0.925000
vt 0.937500 0.906250
vt 0.937500 0.906250
vt 0.937500 0.906250
vt 0.958333 0.887500
vt 0.958334 0.887500
vt 0.916667 0.925000
vt 0.937500 0.906250
vt 0.916667 0.925000
vt 0.937500 0.906250
vt 0.958334 0.887500
vt 0.979167 0.868750
vt 0.979167 0.868750
vt 0.979167 0.868750
vt 1.000000 0.850000
vt 1.000000 0.850000
vt 1.000000 0.850000
vt 0.916667 0.925000
vt 0.916426 0.925217
vt 0.936463 0.907183
vt 0.936632 0.907031
vt 0.916667 0.925000
vt 0.936632 0.907031
vt 0.956597 0.889063
vt 0.955153 0.890357
vt 0.956597 0.889063
vt 0.936463 0.907183
vt 0.916667 0.925000
vt 0.936632 0.907031
vt 0.955153 0.890363
vt 0.970908 0.876183
vt 0.971354 0.875782
vt 0.971058 0.876048
vt 0.983290 0.865039
vt 0.983349 0.864986
vt 0.986111 0.862500
vt 0.970893 0.876162
vt 0.971031 0.875798
vt 0.983232 0.865002
vt 0.983074 0.864517
vt 0.916667 0.925000
vt 0.916667 0.925000
vt 0.937500 0.906250
vt 0.916667 0.925000
vt 0.937505 0.906246
vt 0.958333 0.887500
vt 0.958311 0.887520
vt 0.916868 0.924819
vt 0.937520 0.906232
vt 0.937500 0.906250
vt 0.958333 0.887500
vt 0.979167 0.868750
vt 1.000000 0.850000
vt 0.979078 0.868830
vt 0.978283 0.869546
vt 1.000000 0.850000
vt 1.000000 0.850000
vt 0.833333 1.000000
vt 0.839699 0.994271
vt 0.857711 0.978060
vt 0.846065 0.988542
vt 0.861256 0.974870
vt 0.876447 0.961198
vt 0.875724 0.961849
vt 0.875000 0.962500
vt 0.849637 0.985327
vt 0.861878 0.974310
vt 0.850365 0.984672
vt 0.862169 0.974048
vt 0.876447 0.961198
vt 0.876447 0.961198
vt 0.896577 0.943081
vt 0.896557 0.943099
vt 0.896557 0.943099
vt 0.896205 0.943416
vt 0.895932 0.943662
vt 0.833333 1.000000
vt 0.839239 0.994685
vt 0.854758 0.980718
vt 0.854167 0.981250
vt 0.875000 0.962500
vt 0.875000 0.962500
vt 0.875000 0.962500
vt 0.833334 1.000000
vt 0.854167 0.981250
vt 0.833334 1.000000
vt 0.854167 0.981250
vt 0.875000 0.962500
vt 0.895809 0.943772
vt 0.895833 0.943750
vt 0.895809 0.943772
vt 0.895833 0.943750
vt 0.833333 1.000000
vt 0.854255 0.981171
vt 0.855051 0.980454
vt 0.833333 1.000000
vt 0.875000 0.962500
vt 0.875022 0.962480
vt 0.875000 0.962500
vt 0.875000 0.962500
vt 0.895833 0.943750
vt 0.895833 0.943750
vt 0.895833 0.943750
vt 0.850558 0.984498
vt 0.862229 0.973995
vt 0.848412 0.986429
vt 0.861851 0.974335
vt 0.875289 0.962240
vt 0.876684 0.960985
vt 0.853591 0.981768
vt 0.863447 0.972898
vt 0.854167 0.981250
vt 0.864583 0.971875
vt 0.875000 0.962500
vt 0.875145 0.962370
vt 0.887034 0.951670
vt 0.889525 0.949428
vt 0.885417 0.953125
vt 0.895833 0.943750
vt 0.896921 0.942771
vt 0.902746 0.937529
vt 0.892922 0.946370
vt 0.909706 0.931265
vt 0.927794 0.914986
vt 0.941397 0.902743
vt 0.930588 0.912471
vt 0.944461 0.899986
vt 0.958333 0.887500
vt 0.958346 0.887489
vt 0.936446 0.907199
vt 0.946429 0.898214
vt 0.947917 0.896875
vt 0.958334 0.887500
vt 0.970527 0.876526
vt 0.972585 0.874674
vt 0.968750 0.878125
vt 0.982623 0.865640
vt 0.986079 0.862529
vt 0.975303 0.872228
vt 0.988696 0.860174
vt 0.875003 0.962498
vt 0.895835 0.943748
vt 0.895833 0.943750
vt 0.916589 0.925070
vt 0.895825 0.943757
vt 0.916586 0.925073
vt 0.937203 0.906518
vt 0.936921 0.906771
vt 0.957176 0.888542
vt 0.957755 0.888021
vt 0.937203 0.906518
vt 0.957755 0.888021
vt 0.975896 0.871694
vt 0.972801 0.874479
vt 0.994213 0.855209
vt 0.988426 0.860417
vt 0.975524 0.872029
vt 0.989634 0.859329
vt 0.843481 0.990867
vt 0.857788 0.977991
vt 0.844907 0.989583
vt 0.860533 0.975521
vt 0.876158 0.961459
vt 0.875579 0.961979
vt 0.839121 0.994792
vt 0.857438 0.978306
vt 0.896121 0.943491
vt 0.896412 0.943229
vt 0.916647 0.925018
vt 0.896109 0.943502
vt 0.916526 0.925127
vt 0.936690 0.906979
vt 0.936777 0.906901
vt 0.956887 0.888802
vt 0.956742 0.888932
vt 0.937136 0.906577
vt 0.957610 0.888151
vt 0.975622 0.871940
vt 0.972078 0.875130
vt 0.993634 0.855729
vt 0.987269 0.861458
vt 0.971412 0.875729
vt 0.983929 0.864465
vt 0.841307 0.990809
vt 0.857533 0.977932
vt 0.844329 0.989583
vt 0.860243 0.975521
vt 0.876157 0.961458
vt 0.876178 0.961404
vt 0.843131 0.990849
vt 0.857635 0.977991
vt 0.896091 0.943518
vt 0.896256 0.943368
vt 0.916518 0.925134
vt 0.916586 0.925072
vt 0.896164 0.943449
vt 0.916639 0.925025
vt 0.937075 0.906613
vt 0.936830 0.906848
vt 0.956887 0.888802
vt 0.956929 0.888559
vt 0.936697 0.906973
vt 0.956742 0.888932
vt 0.971384 0.874926
vt 0.972078 0.873655
vt 0.983653 0.862586
vt 0.987269 0.858507
vt 0.975095 0.870716
vt 0.979167 0.868750
vt 0.989024 0.848564
vt 1.000000 0.850000
vt 0.889353 0.878694
vt 0.914923 0.872657
vt 0.905092 0.913178
vt 0.882412 0.924342
vt 0.934368 0.873117
vt 0.921846 0.905986
vt 0.912179 0.922974
vt 0.898104 0.934908
vt 0.877366 0.950844
vt 0.826274 0.887844
vt 0.859974 0.882367
vt 0.856598 0.935861
vt 0.826398 0.944785
vt 0.855030 0.968618
vt 0.583335 0.593258
vt 0.625142 0.583949
vt 0.625079 0.662505
vt 0.583334 0.675987
vt 0.670630 0.579281
vt 0.667034 0.659142
vt 0.666614 0.738281
vt 0.624994 0.742493
vt 0.583334 0.757084
vt 0.500000 0.637500
vt 0.541667 0.612406
vt 0.541667 0.704565
vt 0.500000 0.743750
vt 0.541667 0.789324
vt 0.541667 0.856291
vt 0.583333 0.833701
vt 0.583333 0.898110
vt 0.541667 0.909833
vt 0.624991 0.822897
vt 0.666592 0.819579
vt 0.666570 0.890283
vt 0.624988 0.892212
vt 0.624986 0.939734
vt 0.583333 0.943555
vt 0.666551 0.938570
vt 0.666505 0.967920
vt 0.624980 0.968753
vt 0.583333 0.972030
vt 0.541667 0.951400
vt 0.541667 0.979794
vt 0.500000 1.000000
vt 0.708122 0.737295
vt 0.708033 0.818633
vt 0.749323 0.736944
vt 0.749024 0.818229
vt 0.748875 0.890075
vt 0.707964 0.889830
vt 0.789453 0.735984
vt 0.789092 0.817200
vt 0.825586 0.733983
vt 0.827212 0.813741
vt 0.788763 0.890241
vt 0.789224 0.943710
vt 0.748964 0.940363
vt 0.789016 0.977847
vt 0.748549 0.971047
vt 0.707929 0.938697
vt 0.707768 0.968411
vt 0.937052 0.906653
vt 0.916669 0.924998
vt 0.958333 0.887500
vt 0.956846 0.888838
vt 0.955697 0.889873
vt 0.936700 0.906970
vt 0.916667 0.925000
vt 0.975155 0.872361
vt 0.989250 0.859675
vt 0.985412 0.863129
vt 0.972493 0.874757
vt 0.971322 0.875810
vt 0.955118 0.890394
vt 0.984041 0.864363
vt 0.986111 0.862500
vt 0.971180 0.875938
vt 0.954926 0.890567
vt 0.936513 0.907139
vt 0.916667 0.925000
vt 0.936441 0.907203
vt 0.916667 0.925000
vt 0.936479 0.906935
vt 0.936679 0.906967
vt 0.916519 0.925127
vt 0.956597 0.889063
vt 0.936777 0.906901
vt 0.916667 0.925000
vt 0.971354 0.875781
vt 0.971716 0.875456
vt 0.986111 0.862500
vt 0.986690 0.861979
vt 0.987269 0.861458
vt 0.975524 0.872029
vt 0.957610 0.888151
vt 0.993634 0.855729
vt 0.978182 0.869636
vt 0.937138 0.906576
vt 0.916667 0.925000
vt 0.937500 0.906250
vt 0.916667 0.925000
vt 0.936632 0.907031
vt 0.936632 0.907031
vt 0.956597 0.889063
vt 0.956597 0.889063
vt 0.971354 0.875781
vt 0.971053 0.876053
vt 0.983437 0.864907
vt 0.983210 0.865112
vt 0.970975 0.876123
vt 0.970882 0.876207
vt 0.955159 0.890357
vt 0.983195 0.865125
vt 0.983041 0.865264
vt 0.970922 0.876170
vt 0.955504 0.890046
vt 0.936628 0.907035
vt 0.916693 0.924977
vt 0.937726 0.906047
vt 0.847222 0.987500
vt 0.861979 0.974219
vt 0.862375 0.973863
vt 0.849754 0.985222
vt 0.876736 0.960938
vt 0.878183 0.959636
vt 0.876736 0.960938
vt 0.862059 0.974147
vt 0.847222 0.987500
vt 0.896738 0.942936
vt 0.896846 0.942839
vt 0.896702 0.942969
vt 0.896629 0.943034
vt 0.876592 0.961068
vt 0.896557 0.943099
vt 0.876447 0.961198
vt 0.861905 0.974286
vt 0.847222 0.987500
vt 0.861835 0.974349
vt 0.847222 0.987500
vt 0.855195 0.980321
vt 0.857438 0.978306
vt 0.839121 0.994792
vt 0.875579 0.961979
vt 0.876158 0.961458
vt 0.844908 0.989584
vt 0.896093 0.943517
vt 0.896264 0.943363
vt 0.896187 0.943432
vt 0.876274 0.961354
vt 0.895962 0.943634
vt 0.875450 0.962095
vt 0.857510 0.978241
vt 0.855247 0.980278
vt 0.833333 1.000000
vt 0.858143 0.977671
vt 0.843962 0.990435
vt 0.876490 0.961160
vt 0.877636 0.960127
vt 0.860635 0.975429
vt 0.846065 0.988542
vt 0.895951 0.943644
vt 0.896292 0.943338
vt 0.896633 0.943030
vt 0.896821 0.942861
vt 0.878215 0.959607
vt 0.896892 0.942797
vt 0.878408 0.959433
vt 0.861721 0.974451
vt 0.846644 0.988021
vt 0.862150 0.974065
vt 0.847222 0.987500
vt 0.862203 0.974017
vt 0.850634 0.984430
vt 0.875868 0.961719
vt 0.875289 0.962240
vt 0.862649 0.973616
vt 0.852023 0.983180
vt 0.892787 0.946492
vt 0.909706 0.931265
vt 0.902746 0.937529
vt 0.889018 0.949884
vt 0.887003 0.951697
vt 0.875202 0.962318
vt 0.896629 0.943034
vt 0.893231 0.946093
vt 0.885882 0.952707
vt 0.875064 0.962442
vt 0.863565 0.972792
vt 0.854234 0.981189
vt 0.864277 0.972151
vt 0.857011 0.978691
vt 0.940926 0.903167
vt 0.927874 0.914914
vt 0.956505 0.889146
vt 0.957530 0.888224
vt 0.944060 0.900346
vt 0.932993 0.910307
vt 0.970957 0.876139
vt 0.982569 0.865689
vt 0.981383 0.866755
vt 0.970637 0.876427
vt 0.969763 0.877213
vt 0.958080 0.887728
vt 0.979128 0.868785
vt 0.976335 0.871299
vt 0.969059 0.877848
vt 0.958269 0.887558
vt 0.946313 0.898318
vt 0.936880 0.906809
vt 0.947452 0.897294
vt 0.940103 0.903908
vt 0.862450 0.973795
vt 0.849873 0.985114
vt 0.878320 0.959513
vt 0.876736 0.960938
vt 0.862378 0.973860
vt 0.850124 0.984889
vt 0.896879 0.942809
vt 0.896702 0.942969
vt 0.896702 0.942969
vt 0.876736 0.960938
vt 0.916667 0.925000
vt 0.862283 0.973946
vt 0.849896 0.985094
vt 0.936455 0.907191
vt 0.955014 0.890488
vt 0.956597 0.889063
vt 0.936596 0.907064
vt 0.971185 0.875934
vt 0.986111 0.862500
vt 0.971354 0.875782
vt 0.956597 0.889063
vt 0.936632 0.907031
vt 0.854854 0.980632
vt 0.839261 0.994665
vt 0.875056 0.962449
vt 0.875000 0.962500
vt 0.833333 1.000000
vt 0.895850 0.943736
vt 0.916669 0.924998
vt 0.895844 0.943741
vt 0.854167 0.981250
vt 0.958309 0.887522
vt 0.958333 0.887500
vt 0.979068 0.868839
vt 0.958333 0.887500
vt 0.937500 0.906250
vt 0.854297 0.979852
vt 0.875296 0.961043
vt 0.895879 0.942659
vt 0.914489 0.924451
vt 0.895833 0.943750
vt 0.875022 0.962480
vt 0.854830 0.980639
vt 0.839068 0.994665
vt 0.930594 0.904731
vt 0.945835 0.878879
vt 0.951403 0.885304
vt 0.934310 0.905853
vt 0.948686 0.823743
vt 0.961088 0.844936
vt 0.966312 0.758179
vt 0.975375 0.811903
vt 0.979984 0.843657
vt 0.967053 0.863088
vt 0.969773 0.872301
vt 0.953988 0.888800
vt 0.982353 0.858734
vt 0.935830 0.906680
vt 0.992250 0.856975
vt 0.991722 0.857450
vt 0.993656 0.855710
vt 0.998553 0.851302
vt 0.998264 0.851563
vt 0.997975 0.851823
vt 0.996333 0.853301
vt 0.999711 0.850261
vt 0.999421 0.850521
vt 0.998380 0.851458
vt 0.999333 0.850601
vt 0.999277 0.850651
vt 0.998585 0.851274
vt 0.999040 0.850865
vt 0.998063 0.851743
vt 0.994019 0.855383
vt 0.997466 0.852281
vt 0.990645 0.858420
vt 0.995210 0.854311
vt 0.994314 0.855118
vt 0.995640 0.853924
vt 0.985854 0.862732
vt 0.979516 0.868436
vt 0.983732 0.864641
vt 0.989471 0.859476
vt 0.985094 0.863416
vt 0.988682 0.860186
vt 0.979121 0.868791
vt 0.990313 0.858719
vt 0.991138 0.857976
vt 0.834274 0.999154
vt 0.834346 0.999089
vt 0.834202 0.999219
vt 0.835070 0.998438
vt 0.835214 0.998307
vt 0.835359 0.998177
vt 0.834346 0.999089
vt 0.834201 0.999219
vt 0.835069 0.998438
vt 0.836517 0.997135
vt 0.841594 0.992566
vt 0.841565 0.992592
vt 0.841146 0.992969
vt 0.841524 0.992629
vt 0.841291 0.992839
vt 0.842278 0.991950
vt 0.842948 0.991347
vt 0.840567 0.993490
vt 0.836516 0.997136
vt 0.839805 0.994176
vt 0.840458 0.993588
vt 0.837732 0.996042
vt 0.835938 0.997656
vt 0.841833 0.992350
vt 0.841869 0.992318
vt 0.842321 0.991912
vt 0.842697 0.991572
vt 0.998752 0.851123
vt 0.997894 0.851895
vt 0.998871 0.851017
vt 0.996463 0.853183
vt 0.996375 0.853263
vt 0.995949 0.853646
vt 0.998716 0.851156
vt 0.996336 0.853297
vt 0.991495 0.857655
vt 0.991564 0.857593
vt 0.991585 0.857574
vt 0.991693 0.857477
vt 0.995507 0.854044
vt 0.998014 0.851787
vt 0.994328 0.855105
vt 0.997106 0.852604
vt 0.997541 0.852214
vt 0.997975 0.851823
vt 0.995720 0.853853
vt 0.995349 0.854186
vt 0.991576 0.857582
vt 0.991609 0.857552
vt 0.991826 0.857357
vt 0.992043 0.857162
vt 0.836452 0.996561
vt 0.833623 0.999740
vt 0.838252 0.994271
vt 0.832176 0.998958
vt 0.833853 0.998714
vt 0.833912 0.999479
vt 0.829558 0.996457
vt 0.814180 0.998614
vt 0.810475 0.999219
vt 0.821325 0.999089
vt 0.827191 0.999550
vt 0.831533 0.999388
vt 0.821904 0.999610
vt 0.833709 0.999033
vt 0.886558 0.952098
vt 0.898116 0.941696
vt 0.875000 0.962500
vt 0.875000 0.962500
vt 0.887700 0.951071
vt 0.900399 0.939641
vt 0.863505 0.972845
vt 0.851884 0.983305
vt 0.849601 0.985359
vt 0.862986 0.973313
vt 0.863710 0.972662
vt 0.875024 0.962479
vt 0.854250 0.981176
vt 0.886387 0.952252
vt 0.895864 0.943722
vt 1.000000 0.000000
vt 1.000000 0.212500
vt 0.990411 0.249978
vt 0.978707 0.112408
vt 1.000000 0.425000
vt 0.994955 0.400658
vt 0.988313 0.406679
vt 0.981546 0.281399
vt 0.968014 0.164893
vt 1.000000 0.637500
vt 1.000000 0.743750
vt 0.997457 0.698191
vt 0.997219 0.609017
vt 0.996781 0.773186
vt 0.992894 0.740451
vt 0.992504 0.669915
vt 0.991970 0.590824
vt 0.982874 0.665948
vt 0.982319 0.589080
vt 0.983970 0.737192
vt 0.968281 0.672077
vt 0.968470 0.593399
vt 0.972401 0.305142
vt 0.960851 0.204265
vt 0.978770 0.416217
vt 0.966200 0.421503
vt 0.961612 0.316082
vt 0.956109 0.236705
vt 0.991076 0.857901
vt 0.991036 0.856823
vt 0.991464 0.857682
vt 0.996817 0.852865
vt 0.996673 0.852995
vt 0.996528 0.853125
vt 0.991446 0.857699
vt 0.997396 0.852344
vt 0.995423 0.854120
vt 0.992043 0.857162
vt 0.991682 0.857307
vt 0.991261 0.856077
vt 0.847878 0.986910
vt 0.843413 0.990929
vt 0.838413 0.995428
vt 0.844007 0.990394
vt 0.843396 0.990944
vt 0.840781 0.993297
vt 0.843512 0.990840
vt 0.844885 0.989603
vt 0.848324 0.986509
vt 0.833848 0.999537
vt 0.834630 0.998833
vt 0.833994 0.999406
vt 0.834491 0.998958
vt 0.834202 0.999219
vt 0.834406 0.999034
vt 0.834762 0.998714
vt 0.836717 0.996955
vt 0.839699 0.994271
vt 0.836661 0.997005
vt 0.833623 0.999740
vt 0.912061 0.929145
vt 0.907456 0.933290
vt 0.912166 0.929051
vt 0.914416 0.927026
vt 0.902354 0.937882
vt 0.904292 0.936138
vt 0.902098 0.938112
vt 0.907330 0.933403
vt 0.912060 0.929147
vt 0.916801 0.924880
vt 0.994203 0.817780
vt 0.991921 0.848802
vt 0.996574 0.839097
vt 0.993316 0.795967
vt 0.991289 0.853418
vt 0.996551 0.846111
vt 0.990541 0.850294
vt 0.989254 0.832701
vt 0.986650 0.794078
vt 0.784770 0.998914
vt 0.747537 0.998499
vt 0.746351 0.995154
vt 0.782135 0.996999
vt 0.707600 0.998220
vt 0.666487 0.998141
vt 0.666389 0.993978
vt 0.707219 0.994206
vt 0.707399 0.985459
vt 0.747174 0.987556
vt 0.666422 0.985008
vt 0.785165 0.992257
vt 0.624978 0.998229
vt 0.583333 0.998561
vt 0.583333 0.995255
vt 0.624965 0.994227
vt 0.541667 0.999194
vt 0.541667 0.997324
vt 0.541667 0.992664
vt 0.583333 0.987773
vt 0.624969 0.985533
vt 0.836668 0.996999
vt 0.834597 0.998863
vt 0.838225 0.995597
vt 0.835262 0.998264
vt 0.834885 0.998604
vt 0.834555 0.998901
vt 0.837094 0.996616
vt 0.834818 0.998664
vt 0.834426 0.999017
vt 0.834084 0.999325
vt 0.833943 0.999451
vt 0.834784 0.998694
vt 0.969698 0.877272
vt 0.958334 0.887500
vt 0.971033 0.876071
vt 0.946839 0.897845
vt 0.935217 0.908305
vt 0.932935 0.910359
vt 0.946316 0.898316
vt 0.947010 0.897691
vt 0.958341 0.887493
vt 0.937436 0.906308
vt 0.969690 0.877279
vt 0.834270 0.999157
vt 0.834057 0.999349
vt 0.834780 0.998698
vt 0.836331 0.997302
vt 0.834001 0.999399
vt 0.835037 0.998466
vt 0.837618 0.996144
vt 0.840423 0.993620
vt 0.840925 0.993168
vt 0.999494 0.850456
vt 0.999277 0.850651
vt 0.998553 0.851302
vt 0.998987 0.850912
vt 0.998913 0.850979
vt 0.996898 0.852793
vt 0.992132 0.857082
vt 0.993388 0.855951
vt 0.995831 0.853752
vt 0.930788 0.912291
vt 0.925878 0.916710
vt 0.921168 0.920949
vt 0.927051 0.915654
vt 0.921820 0.920362
vt 0.920226 0.921797
vt 0.921857 0.920329
vt 0.926278 0.916350
vt 0.931089 0.912020
vt 0.826766 0.889208
vt 0.861612 0.883564
vt 0.857240 0.937925
vt 0.826685 0.947464
vt 0.893722 0.882383
vt 0.884475 0.926832
vt 0.925699 0.882073
vt 0.911033 0.916032
vt 0.583333 0.586864
vt 0.583333 0.672703
vt 0.583333 0.756395
vt 0.624997 0.576151
vt 0.624995 0.658434
vt 0.666640 0.572863
vt 0.708228 0.571907
vt 0.708184 0.652955
vt 0.749536 0.652512
vt 0.749323 0.735328
vt 0.790054 0.571268
vt 0.789848 0.652034
vt 0.825154 0.571271
vt 0.825534 0.651839
vt 0.826642 0.733008
vt 0.789585 0.734451
vt 0.541667 0.857050
vt 0.583333 0.835054
vt 0.583333 0.902855
vt 0.541667 0.912510
vt 0.624990 0.897985
vt 0.624994 0.954201
vt 0.666590 0.896305
vt 0.666594 0.821304
vt 0.708040 0.820238
vt 0.749034 0.819509
vt 0.748955 0.894893
vt 0.708136 0.953236
vt 0.749336 0.952788
vt 0.788880 0.893236
vt 0.789655 0.951582
vt 0.789202 0.817999
vt 0.828035 0.814328
vt 0.916669 0.924998
vt 0.937492 0.906258
vt 0.916663 0.925004
vt 0.958331 0.887502
vt 0.937416 0.906326
vt 0.916635 0.925029
vt 0.979019 0.868884
vt 0.979167 0.868750
vt 0.978034 0.869770
vt 0.978476 0.869372
vt 1.000000 0.850000
vt 0.994048 0.855357
vt 0.936463 0.907183
vt 0.916426 0.925217
vt 0.955153 0.890357
vt 0.936487 0.907162
vt 0.970967 0.876130
vt 0.983582 0.864777
vt 0.971355 0.875781
vt 0.971031 0.875798
vt 0.983232 0.865002
vt 0.937370 0.906368
vt 0.937484 0.906265
vt 0.957883 0.887905
vt 0.958277 0.887551
vt 0.916868 0.924819
vt 0.978234 0.869589
vt 0.979070 0.868837
vt 0.858110 0.977701
vt 0.844324 0.990108
vt 0.876447 0.961198
vt 0.860734 0.975340
vt 0.848187 0.986632
vt 0.861916 0.974276
vt 0.849517 0.985435
vt 0.877871 0.959916
vt 0.861835 0.974349
vt 0.847222 0.987500
vt 0.896722 0.942951
vt 0.895833 0.943750
vt 0.896195 0.943425
vt 0.854758 0.980719
vt 0.839239 0.994685
vt 0.875002 0.962498
vt 0.895827 0.943756
vt 0.895841 0.943743
vt 0.895910 0.943681
vt 0.895809 0.943772
vt 0.855099 0.980411
vt 0.854263 0.981163
vt 0.875056 0.962449
vt 0.875000 0.962500
vt 0.854317 0.981115
vt 0.854768 0.980709
vt 0.839341 0.994593
vt 0.875000 0.962500
vt 0.854317 0.981115
vt 0.895833 0.943751
vt 0.895829 0.943754
vt 0.895962 0.943634
vt 0.895850 0.943736
vt 0.862171 0.974047
vt 0.850295 0.984734
vt 0.876686 0.960983
vt 0.863447 0.972898
vt 0.853900 0.981490
vt 0.875000 0.962500
vt 0.864271 0.972157
vt 0.857011 0.978691
vt 0.887034 0.951670
vt 0.896921 0.942772
vt 0.892922 0.946370
vt 0.941397 0.902743
vt 0.927793 0.914986
vt 0.958346 0.887489
vt 0.946412 0.898229
vt 0.936726 0.906947
vt 0.958333 0.887500
vt 0.947479 0.897269
vt 0.940115 0.903897
vt 0.972693 0.874577
vt 0.970527 0.876526
vt 0.975735 0.871839
vt 0.993040 0.856265
vt 0.854167 0.981250
vt 0.854167 0.981250
vt 0.895817 0.943765
vt 0.895822 0.943760
vt 0.916538 0.925116
vt 0.916576 0.925082
vt 0.895822 0.943761
vt 0.916574 0.925083
vt 0.937207 0.906514
vt 0.957176 0.888542
vt 0.937050 0.906655
vt 0.937136 0.906578
vt 0.957060 0.888647
vt 0.975823 0.871759
vt 0.975524 0.872029
vt 0.989634 0.859330
vt 0.857788 0.977991
vt 0.843459 0.990887
vt 0.857510 0.978241
vt 0.896264 0.943363
vt 0.896101 0.943510
vt 0.916524 0.925129
vt 0.936690 0.906979
vt 0.937138 0.906576
vt 0.975524 0.872029
vt 0.971726 0.875447
vt 0.857533 0.977932
vt 0.841307 0.990810
vt 0.857635 0.977991
vt 0.843148 0.990830
vt 0.896091 0.943518
vt 0.916586 0.925072
vt 0.916518 0.925134
vt 0.896163 0.943449
vt 0.936830 0.906848
vt 0.936697 0.906973
vt 0.971384 0.874926
vt 0.983653 0.862586
vt 0.975095 0.870716
vt 0.989024 0.848564
vt 0.889353 0.878694
vt 0.882412 0.924342
vt 0.905092 0.913178
vt 0.914923 0.872657
vt 0.877365 0.950844
vt 0.898104 0.934908
vt 0.921846 0.905986
vt 0.826274 0.887844
vt 0.826398 0.944785
vt 0.856598 0.935861
vt 0.859973 0.882367
vt 0.855030 0.968618
vt 0.583333 0.593258
vt 0.583333 0.675987
vt 0.625076 0.662505
vt 0.625138 0.583949
vt 0.583333 0.757084
vt 0.624993 0.742493
vt 0.666613 0.738281
vt 0.667031 0.659142
vt 0.670624 0.579284
vt 0.541667 0.704565
vt 0.541667 0.612406
vt 0.541667 0.789324
vt 0.541667 0.856291
vt 0.541667 0.909833
vt 0.583333 0.898110
vt 0.583333 0.833701
vt 0.624991 0.822897
vt 0.624988 0.892212
vt 0.666592 0.819579
vt 0.583333 0.943555
vt 0.624980 0.968753
vt 0.666551 0.938570
vt 0.541667 0.951400
vt 0.708033 0.818633
vt 0.708121 0.737294
vt 0.707964 0.889830
vt 0.748875 0.890075
vt 0.749024 0.818229
vt 0.749322 0.736943
vt 0.789092 0.817200
vt 0.789452 0.735984
vt 0.788763 0.890241
vt 0.827211 0.813741
vt 0.825583 0.733983
vt 0.748964 0.940363
vt 0.789224 0.943710
vt 0.748549 0.971047
vt 0.789016 0.977847
vt 0.707929 0.938697
vt 0.707768 0.968411
vt 0.936700 0.906970
vt 0.955697 0.889873
vt 0.956847 0.888838
vt 0.975155 0.872361
vt 0.985412 0.863129
vt 0.989275 0.859653
vt 0.955258 0.890268
vt 0.971357 0.875779
vt 0.956597 0.889063
vt 0.971356 0.875780
vt 0.916666 0.925001
vt 0.936546 0.907109
vt 0.916519 0.925127
vt 0.936679 0.906967
vt 0.936479 0.906935
vt 0.971439 0.875705
vt 0.987269 0.861458
vt 0.983939 0.864455
vt 0.975622 0.871940
vt 0.958333 0.887500
vt 0.937138 0.906576
vt 0.936487 0.907162
vt 0.955151 0.890364
vt 0.970969 0.876129
vt 0.971257 0.875869
vt 0.971278 0.875851
vt 0.983680 0.864688
vt 0.956742 0.888933
vt 0.971429 0.875714
vt 0.956887 0.888802
vt 0.971499 0.875651
vt 0.916693 0.924977
vt 0.936807 0.906874
vt 0.937784 0.905995
vt 0.850013 0.984989
vt 0.862440 0.973804
vt 0.850325 0.984708
vt 0.862383 0.973855
vt 0.878183 0.959636
vt 0.896738 0.942936
vt 0.850371 0.984666
vt 0.862302 0.973929
vt 0.850502 0.984549
vt 0.862279 0.973949
vt 0.857438 0.978306
vt 0.855195 0.980321
vt 0.896093 0.943517
vt 0.875450 0.962095
vt 0.855099 0.980411
vt 0.843962 0.990435
vt 0.858143 0.977671
vt 0.860635 0.975429
vt 0.876487 0.961162
vt 0.896282 0.943347
vt 0.896821 0.942862
vt 0.896892 0.942797
vt 0.861721 0.974451
vt 0.862150 0.974065
vt 0.850575 0.984483
vt 0.862242 0.973983
vt 0.848412 0.986429
vt 0.861851 0.974335
vt 0.876672 0.960995
vt 0.892463 0.946784
vt 0.902746 0.937529
vt 0.905661 0.934906
vt 0.875193 0.962327
vt 0.887003 0.951697
vt 0.875064 0.962442
vt 0.885882 0.952707
vt 0.896629 0.943034
vt 0.853900 0.981490
vt 0.863452 0.972894
vt 0.923627 0.918736
vt 0.940514 0.903538
vt 0.930588 0.912471
vt 0.943749 0.900626
vt 0.958044 0.887761
vt 0.956674 0.888994
vt 0.971175 0.875943
vt 0.971483 0.875666
vt 0.984922 0.863571
vt 0.983129 0.865184
vt 0.958189 0.887631
vt 0.970117 0.876895
vt 0.958334 0.887500
vt 0.982044 0.866160
vt 0.934044 0.909361
vt 0.945980 0.898618
vt 0.947100 0.897611
vt 0.849631 0.985332
vt 0.862390 0.973849
vt 0.862076 0.974132
vt 0.878320 0.959513
vt 0.896879 0.942809
vt 0.847222 0.987500
vt 0.936632 0.907032
vt 0.956597 0.889063
vt 0.971364 0.875772
vt 0.854263 0.981163
vt 0.875056 0.962450
vt 0.895849 0.943736
vt 0.916669 0.924998
vt 0.978414 0.869427
vt 0.978270 0.869558
vt 0.992823 0.856460
vt 0.993351 0.855984
vt 0.978424 0.869418
vt 0.993475 0.855873
vt 0.854297 0.979852
vt 0.875296 0.961043
vt 0.914489 0.924451
vt 0.875022 0.962480
vt 0.895833 0.943750
vt 0.839068 0.994665
vt 0.930594 0.904731
vt 0.934310 0.905853
vt 0.951403 0.885304
vt 0.945835 0.878879
vt 0.961088 0.844936
vt 0.948686 0.823743
vt 0.967053 0.863087
vt 0.966312 0.758179
vt 0.953988 0.888800
vt 0.969773 0.872301
vt 0.982353 0.858779
vt 0.935830 0.906681
vt 0.992043 0.857162
vt 0.992340 0.856894
vt 0.996875 0.852813
vt 0.992911 0.856380
vt 0.996311 0.853321
vt 0.998988 0.850912
vt 0.999422 0.850521
vt 0.998366 0.851471
vt 0.998754 0.851122
vt 0.997878 0.851910
vt 0.998153 0.851663
vt 0.998987 0.850912
vt 0.994804 0.854677
vt 0.997975 0.851823
vt 0.996592 0.853067
vt 0.990526 0.858527
vt 0.985842 0.862743
vt 0.979516 0.868436
vt 0.989085 0.859824
vt 0.985464 0.863083
vt 0.979436 0.868508
vt 0.991694 0.857475
vt 0.990701 0.858369
vt 0.835658 0.997908
vt 0.834551 0.998904
vt 0.837449 0.996296
vt 0.836814 0.996868
vt 0.835069 0.998438
vt 0.834346 0.999089
vt 0.836516 0.997136
vt 0.841532 0.992622
vt 0.841669 0.992498
vt 0.841407 0.992734
vt 0.842014 0.992188
vt 0.842231 0.991993
vt 0.836806 0.996875
vt 0.839748 0.994227
vt 0.839474 0.994474
vt 0.841148 0.992967
vt 0.838630 0.995234
vt 0.838449 0.995396
vt 0.842573 0.991685
vt 0.842212 0.992010
vt 0.842661 0.991605
vt 0.842696 0.991574
vt 0.998092 0.851717
vt 0.998971 0.850926
vt 0.997975 0.851823
vt 0.998119 0.851693
vt 0.998264 0.851563
vt 0.999057 0.850849
vt 0.998915 0.850977
vt 0.996705 0.852965
vt 0.992188 0.857031
vt 0.991949 0.857246
vt 0.992043 0.857162
vt 0.991872 0.857315
vt 0.995507 0.854044
vt 0.994328 0.855105
vt 0.995760 0.853816
vt 0.995513 0.854038
vt 0.991621 0.857541
vt 0.834435 0.998833
vt 0.836520 0.996481
vt 0.833870 0.998694
vt 0.829558 0.996457
vt 0.814180 0.998614
vt 0.827191 0.999550
vt 0.833709 0.999033
vt 0.886558 0.952098
vt 0.874983 0.962516
vt 0.863645 0.972720
vt 0.862301 0.973930
vt 0.854234 0.981190
vt 0.875008 0.962493
vt 0.863646 0.972719
vt 0.854234 0.981190
vt 0.895865 0.943722
vt 0.886387 0.952252
vt 0.978707 0.112408
vt 0.990411 0.249978
vt 0.968014 0.164893
vt 0.981546 0.281399
vt 0.988313 0.406679
vt 0.994955 0.400658
vt 1.000000 0.637500
vt 0.997219 0.609017
vt 0.992504 0.669915
vt 0.992894 0.740451
vt 0.996781 0.773186
vt 0.982874 0.665948
vt 0.968470 0.593399
vt 0.968281 0.672077
vt 0.983970 0.737193
vt 0.960852 0.204265
vt 0.972401 0.305142
vt 0.961612 0.316082
vt 0.966200 0.421503
vt 0.978771 0.416217
vt 0.990964 0.856887
vt 0.990791 0.858157
vt 0.993843 0.855512
vt 0.996817 0.852865
vt 0.991500 0.857650
vt 0.992766 0.856511
vt 0.995509 0.854042
vt 0.991320 0.857813
vt 0.991205 0.857916
vt 0.848151 0.986665
vt 0.842961 0.991335
vt 0.837609 0.996152
vt 0.843047 0.991258
vt 0.834784 0.998695
vt 0.833993 0.999406
vt 0.833828 0.999537
vt 0.836661 0.997005
vt 0.834521 0.998931
vt 0.836806 0.996875
vt 0.911930 0.929263
vt 0.913108 0.928203
vt 0.912166 0.929051
vt 0.902353 0.937882
vt 0.904292 0.936137
vt 0.907456 0.933290
vt 0.902099 0.938111
vt 0.916533 0.925121
vt 0.911526 0.929627
vt 0.994203 0.817780
vt 0.991289 0.853418
vt 0.989254 0.832702
vt 0.990541 0.850474
vt 0.986650 0.794078
vt 0.746351 0.995154
vt 0.747537 0.998499
vt 0.666487 0.998141
vt 0.747174 0.987556
vt 0.707399 0.985459
vt 0.666422 0.985008
vt 0.785165 0.992257
vt 0.624978 0.998229
vt 0.624965 0.994227
vt 0.583333 0.995255
vt 0.583333 0.998561
vt 0.624969 0.985533
vt 0.834597 0.998863
vt 0.836649 0.997016
vt 0.834810 0.998671
vt 0.834491 0.998958
vt 0.838135 0.995679
vt 0.836930 0.996763
vt 0.833912 0.999479
vt 0.833856 0.999530
vt 0.834784 0.998694
vt 0.833932 0.999461
vt 0.958314 0.887518
vt 0.946950 0.897745
vt 0.945634 0.898930
vt 0.937471 0.906276
vt 0.958313 0.887519
vt 0.946694 0.897976
vt 0.935218 0.908305
vt 0.969690 0.877279
vt 0.834871 0.998617
vt 0.836331 0.997302
vt 0.834001 0.999400
vt 0.835037 0.998466
vt 0.837618 0.996144
vt 0.840925 0.993168
vt 0.998901 0.850989
vt 0.996898 0.852793
vt 0.993388 0.855951
vt 0.995932 0.853662
vt 0.931236 0.911888
vt 0.929042 0.913863
vt 0.921168 0.920949
vt 0.921689 0.920480
vt 0.918917 0.922975
vt 0.925944 0.916650
vt 0.921274 0.920854
vt 0.930744 0.912331
vt 0.749852 0.562706
vt 0.769057 0.552259
vt 0.778871 0.567792
vt 0.749835 0.572637
vt 0.788261 0.541812
vt 0.803089 0.549014
vt 0.822456 0.578070
vt 0.786754 0.600051
vt 0.749689 0.603781
vt 0.666667 0.428125
vt 0.674587 0.459956
vt 0.682055 0.509045
vt 0.659854 0.505512
vt 0.682507 0.491787
vt 0.697479 0.515769
vt 0.712451 0.539752
vt 0.696074 0.548534
vt 0.833044 0.427865
vt 0.825489 0.461060
vt 0.817011 0.509853
vt 0.831698 0.505056
vt 0.817933 0.494255
vt 0.803096 0.518052
vt 0.788258 0.541850
vt 0.803084 0.549033
vt 0.822450 0.578075
vt 0.659851 0.505515
vt 0.682054 0.509057
vt 0.674587 0.459964
vt 0.696071 0.548549
vt 0.712452 0.539781
vt 0.697480 0.515792
vt 0.682508 0.491803
vt 0.872769 0.718210
vt 0.884813 0.713733
vt 0.889489 0.743685
vt 0.883192 0.761585
vt 0.893999 0.731867
vt 0.898083 0.748277
vt 0.903522 0.772819
vt 0.906222 0.733671
vt 0.905397 0.745698
vt 0.918443 0.735474
vt 0.912113 0.750448
vt 0.928817 0.738227
vt 0.920541 0.749265
vt 0.939191 0.740980
vt 0.921357 0.756900
vt 0.929360 0.726370
vt 0.920893 0.718905
vt 0.916299 0.747442
vt 0.918706 0.765644
vt 0.915640 0.734886
vt 0.910661 0.749700
vt 0.903522 0.772820
vt 0.908282 0.732074
vt 0.906838 0.744526
vt 0.900923 0.729262
vt 0.902261 0.746591
vt 0.894937 0.726820
vt 0.897801 0.741559
vt 0.888951 0.724378
vt 0.896236 0.748599
vt 0.834725 0.109691
vt 0.877992 0.119321
vt 0.876672 0.139413
vt 0.834920 0.129139
vt 0.919139 0.167556
vt 0.909311 0.186348
vt 0.902100 0.194159
vt 0.873087 0.149004
vt 0.834082 0.139064
vt 0.867057 0.160369
vt 0.831984 0.150934
vt 0.891963 0.203406
vt 0.879589 0.214437
vt 0.859500 0.173885
vt 0.829176 0.165080
vt 0.851920 0.191501
vt 0.826296 0.183247
vt 0.867131 0.228011
vt 0.858122 0.249804
vt 0.846637 0.233338
vt 0.823150 0.229770
vt 0.500000 0.000000
vt 0.541678 0.047137
vt 0.541703 0.056074
vt 0.500007 0.000009
vt 0.583356 0.083192
vt 0.583400 0.098636
vt 0.583445 0.107112
vt 0.541732 0.062386
vt 0.500014 0.000019
vt 0.541751 0.073219
vt 0.500028 0.014159
vt 0.583465 0.117929
vt 0.583450 0.131138
vt 0.541750 0.087179
vt 0.500042 0.028299
vt 0.541719 0.107231
vt 0.500021 0.047051
vt 0.583404 0.149864
vt 0.583357 0.198790
vt 0.541684 0.160004
vt 0.500000 0.065802
vt 0.625034 0.100588
vt 0.625100 0.119031
vt 0.666714 0.105744
vt 0.666805 0.124997
vt 0.666868 0.134578
vt 0.625157 0.128363
vt 0.625159 0.139261
vt 0.666837 0.145554
vt 0.666761 0.158339
vt 0.625121 0.152068
vt 0.625142 0.169613
vt 0.667082 0.175202
vt 0.670382 0.222635
vt 0.625131 0.215189
vt 0.708402 0.107122
vt 0.708531 0.126581
vt 0.750121 0.107352
vt 0.750350 0.126861
vt 0.750494 0.136724
vt 0.708607 0.136309
vt 0.708528 0.147524
vt 0.750372 0.148265
vt 0.750152 0.161858
vt 0.708397 0.160629
vt 0.708711 0.176230
vt 0.750032 0.177534
vt 0.749995 0.204911
vt 0.711782 0.205686
vt 0.792020 0.107687
vt 0.792387 0.127206
vt 0.792521 0.137167
vt 0.792135 0.148981
vt 0.791491 0.163008
vt 0.790624 0.179572
vt 0.787588 0.209012
vt 0.933920 0.292822
vt 0.924200 0.290431
vt 0.937720 0.413034
vt 0.927681 0.410001
vt 0.918073 0.409572
vt 0.915228 0.293117
vt 0.902953 0.298102
vt 0.905357 0.410381
vt 0.890458 0.411858
vt 0.888284 0.304280
vt 0.873235 0.310826
vt 0.875176 0.413554
vt 0.860345 0.414712
vt 0.859118 0.316437
vt 0.864713 0.579928
vt 0.862295 0.502540
vt 0.876933 0.502615
vt 0.878995 0.580194
vt 0.891441 0.502822
vt 0.892354 0.580740
vt 0.905591 0.503451
vt 0.905334 0.581760
vt 0.917848 0.504540
vt 0.916719 0.583241
vt 0.927429 0.506174
vt 0.925917 0.585256
vt 0.937887 0.508857
vt 0.936583 0.588434
vt 0.823151 0.229770
vt 0.846638 0.233337
vt 0.851921 0.191500
vt 0.826298 0.183247
vt 0.858123 0.249804
vt 0.867132 0.228010
vt 0.879589 0.214437
vt 0.859501 0.173885
vt 0.829178 0.165080
vt 0.867057 0.160369
vt 0.831985 0.150934
vt 0.891963 0.203406
vt 0.902100 0.194159
vt 0.873087 0.149004
vt 0.834083 0.139064
vt 0.876672 0.139413
vt 0.834920 0.129139
vt 0.909311 0.186348
vt 0.919139 0.167556
vt 0.877992 0.119321
vt 0.834725 0.109691
vt 0.541684 0.160004
vt 0.541719 0.107231
vt 0.583357 0.198790
vt 0.583404 0.149864
vt 0.583450 0.131138
vt 0.541750 0.087179
vt 0.541751 0.073219
vt 0.583465 0.117929
vt 0.583446 0.107112
vt 0.541732 0.062386
vt 0.541703 0.056074
vt 0.583400 0.098636
vt 0.583356 0.083192
vt 0.625133 0.215189
vt 0.625143 0.169614
vt 0.670384 0.222635
vt 0.667084 0.175203
vt 0.666762 0.158339
vt 0.625121 0.152068
vt 0.625160 0.139261
vt 0.666837 0.145555
vt 0.666868 0.134578
vt 0.625157 0.128363
vt 0.625100 0.119031
vt 0.666805 0.124997
vt 0.666714 0.105744
vt 0.625034 0.100588
vt 0.711783 0.205686
vt 0.708713 0.176230
vt 0.749996 0.204911
vt 0.750033 0.177534
vt 0.750153 0.161858
vt 0.708399 0.160630
vt 0.708529 0.147525
vt 0.750373 0.148265
vt 0.750494 0.136724
vt 0.708607 0.136309
vt 0.750350 0.126861
vt 0.708402 0.107122
vt 0.787589 0.209012
vt 0.790626 0.179571
vt 0.791492 0.163007
vt 0.792136 0.148981
vt 0.792521 0.137167
vt 0.792387 0.127206
vt 0.792020 0.107687
vt 0.859119 0.316438
vt 0.873235 0.310826
vt 0.860343 0.414712
vt 0.875175 0.413554
vt 0.890457 0.411860
vt 0.888284 0.304280
vt 0.902953 0.298102
vt 0.905356 0.410382
vt 0.918073 0.409572
vt 0.915228 0.293117
vt 0.924200 0.290431
vt 0.927681 0.410001
vt 0.937720 0.413034
vt 0.936583 0.588434
vt 0.927429 0.506174
vt 0.925916 0.585256
vt 0.917847 0.504541
vt 0.916718 0.583241
vt 0.905590 0.503453
vt 0.905332 0.581763
vt 0.891439 0.502825
vt 0.892350 0.580744
vt 0.876929 0.502617
vt 0.878988 0.580197
vt 0.862290 0.502541
vt 0.864705 0.579929
vt 0.833764 0.033812
vt 0.875707 0.037879
vt 0.876326 0.079411
vt 0.834026 0.072539
vt 0.914139 0.053298
vt 0.914138 0.099903
vt 0.845747 0.315957
vt 0.831820 0.319573
vt 0.846370 0.416082
vt 0.750000 0.032707
vt 0.791721 0.032853
vt 0.791776 0.070634
vt 0.750015 0.070332
vt 0.779719 0.256930
vt 0.749982 0.251484
vt 0.804339 0.279269
vt 0.790204 0.323008
vt 0.770092 0.313741
vt 0.749979 0.304473
vt 0.500000 0.245401
vt 0.541669 0.274983
vt 0.500000 0.425000
vt 0.541667 0.408027
vt 0.583333 0.410149
vt 0.583337 0.295817
vt 0.541669 0.274983
vt 0.583336 0.295817
vt 0.583334 0.410149
vt 0.500000 0.000000
vt 0.541667 0.013937
vt 0.541668 0.030626
vt 0.583333 0.024730
vt 0.583336 0.054132
vt 0.541667 0.013937
vt 0.583336 0.054132
vt 0.583333 0.024730
vt 0.625000 0.030207
vt 0.625004 0.065634
vt 0.666667 0.032069
vt 0.666673 0.069187
vt 0.694887 0.276997
vt 0.680682 0.329753
vt 0.659463 0.315077
vt 0.709725 0.325118
vt 0.694779 0.347048
vt 0.679834 0.368978
vt 0.673250 0.398551
vt 0.624311 0.306299
vt 0.624627 0.413615
vt 0.708333 0.032622
vt 0.708342 0.070170
vt 0.943248 0.204214
vt 0.947859 0.306585
vt 0.951404 0.418777
vt 0.945424 0.090770
vt 0.942055 0.138455
vt 0.951844 0.592548
vt 0.950306 0.670116
vt 0.934454 0.664991
vt 0.943809 0.743056
vt 0.928399 0.739912
vt 0.915960 0.756366
vt 0.925797 0.806903
vt 0.896433 0.819112
vt 0.847962 0.579647
vt 0.849763 0.655220
vt 0.824242 0.656537
vt 0.867592 0.653951
vt 0.854168 0.729150
vt 0.865071 0.804443
vt 0.834026 0.072539
vt 0.876326 0.079411
vt 0.914138 0.099903
vt 0.914139 0.053298
vt 0.749983 0.251483
vt 0.779720 0.256930
vt 0.770092 0.313741
vt 0.790204 0.323008
vt 0.804340 0.279269
vt 0.831821 0.319573
vt 0.845748 0.315957
vt 0.846368 0.416082
vt 0.750000 0.032707
vt 0.750015 0.070332
vt 0.791776 0.070634
vt 0.791721 0.032853
vt 0.625004 0.065634
vt 0.625000 0.030207
vt 0.666673 0.069187
vt 0.666667 0.032069
vt 0.624312 0.306299
vt 0.624626 0.413615
vt 0.659464 0.315077
vt 0.708333 0.032622
vt 0.680683 0.329753
vt 0.694888 0.276997
vt 0.709725 0.325118
vt 0.942055 0.138455
vt 0.943248 0.204214
vt 0.947859 0.306585
vt 0.934518 0.663328
vt 0.950330 0.669812
vt 0.951844 0.592548
vt 0.943978 0.742158
vt 0.865494 0.803702
vt 0.854335 0.729999
vt 0.896653 0.819100
vt 0.888404 0.751941
vt 0.873285 0.731063
vt 0.926030 0.807600
vt 0.824237 0.656537
vt 0.849761 0.655515
vt 0.847954 0.579648
vt 0.867579 0.655561
vt 0.938585 0.752286
vt 0.926742 0.735765
vt 0.921571 0.761731
vt 0.925836 0.782633
vt 0.920184 0.750042
vt 0.914801 0.758647
vt 0.907022 0.772360
vt 0.911604 0.740735
vt 0.910216 0.750483
vt 0.903022 0.731427
vt 0.904966 0.748322
vt 0.896043 0.725310
vt 0.899691 0.740514
vt 0.889063 0.719193
vt 0.898042 0.745777
vt 0.877793 0.719511
vt 0.890150 0.716189
vt 0.894286 0.746407
vt 0.887526 0.763432
vt 0.898559 0.737310
vt 0.902124 0.751262
vt 0.907022 0.772360
vt 0.909256 0.739428
vt 0.908568 0.749531
vt 0.919952 0.741545
vt 0.914442 0.753821
vt 0.928935 0.744072
vt 0.921762 0.753085
vt 0.937917 0.746600
vt 0.922470 0.759480
vt 0.827313 0.119939
vt 0.854771 0.126304
vt 0.859842 0.065217
vt 0.829173 0.056312
vt 0.869610 0.149117
vt 0.878767 0.116338
vt 0.888936 0.095351
vt 0.865676 0.039863
vt 0.831354 0.031332
vt 0.871632 0.021621
vt 0.833627 0.014725
vt 0.899101 0.078294
vt 0.908021 0.064363
vt 0.876677 0.007527
vt 0.835389 0.000999
vt 0.880229 -0.001295
vt 0.834361 0.001615
vt 0.915960 0.049370
vt 0.934771 -0.028626
vt 0.884052 -0.013198
vt 0.833333 0.002230
vt 0.500000 0.060815
vt 0.541663 0.109590
vt 0.541657 0.048669
vt 0.500004 0.043447
vt 0.583326 0.112998
vt 0.583315 0.049394
vt 0.583318 0.027056
vt 0.541658 0.027117
vt 0.500009 0.026080
vt 0.541672 0.013227
vt 0.500009 0.013040
vt 0.583351 0.013315
vt 0.583378 0.000802
vt 0.541693 0.000401
vt 0.500008 0.000000
vt 0.541682 0.000771
vt 0.500004 0.000000
vt 0.583370 0.001387
vt 0.583346 0.003338
vt 0.541672 0.001861
vt 0.624993 0.112531
vt 0.624984 0.049317
vt 0.666667 0.112755
vt 0.666681 0.049678
vt 0.666744 0.027349
vt 0.625002 0.027075
vt 0.625069 0.013396
vt 0.666876 0.013563
vt 0.666931 0.000965
vt 0.625155 0.000883
vt 0.625089 0.001720
vt 0.666870 0.001859
vt 0.666736 0.004494
vt 0.625030 0.004157
vt 0.708352 0.113617
vt 0.708420 0.050533
vt 0.750037 0.115209
vt 0.750185 0.052001
vt 0.750446 0.028880
vt 0.708570 0.027930
vt 0.708833 0.013854
vt 0.750845 0.014304
vt 0.751381 0.000968
vt 0.709156 0.000967
vt 0.708765 0.001903
vt 0.750687 0.001909
vt 0.750218 0.004616
vt 0.708472 0.004604
vt 0.790956 0.117514
vt 0.791390 0.054092
vt 0.791972 0.030163
vt 0.792672 0.014822
vt 0.793385 0.000984
vt 0.792551 0.001860
vt 0.791949 0.004384
vt 0.947390 0.598157
vt 0.949140 0.502402
vt 0.934667 0.495813
vt 0.932774 0.587718
vt 0.949455 0.374401
vt 0.935191 0.371239
vt 0.924367 0.370969
vt 0.923745 0.492245
vt 0.922278 0.581991
vt 0.911022 0.489957
vt 0.910459 0.577909
vt 0.911498 0.372594
vt 0.897140 0.375325
vt 0.896985 0.488644
vt 0.897609 0.575104
vt 0.882989 0.488220
vt 0.884763 0.573667
vt 0.882791 0.378344
vt 0.867669 0.380498
vt 0.868010 0.488042
vt 0.870172 0.572844
vt 0.869573 0.245270
vt 0.883926 0.235963
vt 0.897107 0.225123
vt 0.910206 0.214698
vt 0.921839 0.206217
vt 0.931731 0.199947
vt 0.946314 0.193643
vt 0.833333 0.002230
vt 0.884052 -0.013198
vt 0.880229 -0.001295
vt 0.834361 0.001615
vt 0.934771 -0.028626
vt 0.915960 0.049370
vt 0.908021 0.064363
vt 0.876677 0.007527
vt 0.835389 0.000999
vt 0.871632 0.021621
vt 0.833627 0.014725
vt 0.899101 0.078294
vt 0.888935 0.095351
vt 0.865676 0.039863
vt 0.831354 0.031332
vt 0.859842 0.065217
vt 0.829173 0.056312
vt 0.878766 0.116338
vt 0.869610 0.149117
vt 0.854771 0.126304
vt 0.827313 0.119939
vt 0.541672 0.001861
vt 0.541682 0.000771
vt 0.583346 0.003338
vt 0.583370 0.001387
vt 0.583378 0.000802
vt 0.541693 0.000401
vt 0.541672 0.013227
vt 0.583351 0.013315
vt 0.583318 0.027056
vt 0.541658 0.027117
vt 0.541657 0.048669
vt 0.583315 0.049394
vt 0.583326 0.112998
vt 0.541663 0.109590
vt 0.625030 0.004157
vt 0.625089 0.001720
vt 0.666736 0.004494
vt 0.666870 0.001859
vt 0.666931 0.000965
vt 0.625155 0.000883
vt 0.625069 0.013396
vt 0.666876 0.013563
vt 0.666744 0.027349
vt 0.625002 0.027075
vt 0.624984 0.049317
vt 0.666681 0.049678
vt 0.666667 0.112755
vt 0.624993 0.112531
vt 0.708765 0.001903
vt 0.750218 0.004616
vt 0.750687 0.001909
vt 0.751381 0.000968
vt 0.709156 0.000967
vt 0.708833 0.013854
vt 0.750845 0.014304
vt 0.750446 0.028880
vt 0.708570 0.027930
vt 0.708420 0.050533
vt 0.750185 0.052001
vt 0.750037 0.115209
vt 0.708352 0.113617
vt 0.791949 0.004384
vt 0.792551 0.001860
vt 0.793385 0.000984
vt 0.792672 0.014822
vt 0.791972 0.030163
vt 0.791390 0.054091
vt 0.870169 0.572849
vt 0.868008 0.488045
vt 0.882987 0.488223
vt 0.884759 0.573671
vt 0.867669 0.380499
vt 0.882791 0.378345
vt 0.897139 0.375326
vt 0.896984 0.488646
vt 0.897606 0.575107
vt 0.911021 0.489958
vt 0.910457 0.577911
vt 0.911497 0.372595
vt 0.924367 0.370970
vt 0.923745 0.492245
vt 0.922278 0.581991
vt 0.934667 0.495813
vt 0.932774 0.587718
vt 0.949455 0.374401
vt 0.949140 0.502402
vt 0.947390 0.598157
vt 0.946314 0.193643
vt 0.931731 0.199947
vt 0.921839 0.206217
vt 0.910206 0.214698
vt 0.897106 0.225123
vt 0.883926 0.235963
vt 0.869572 0.245270
vt 0.541666 0.242199
vt 0.500000 0.242907
vt 0.583332 0.239866
vt 0.583333 0.384038
vt 0.541667 0.393002
vt 0.541666 0.242199
vt 0.583333 0.384038
vt 0.583332 0.239866
vt 0.541667 0.004991
vt 0.583335 0.008918
vt 0.583335 0.008918
vt 0.625004 0.011031
vt 0.666675 0.011852
vt 0.624999 0.238379
vt 0.624999 0.380522
vt 0.666658 0.379351
vt 0.666663 0.238062
vt 0.708351 0.012116
vt 0.750027 0.012151
vt 0.708321 0.238474
vt 0.708300 0.379153
vt 0.749896 0.379401
vt 0.749960 0.239490
vt 0.878670 0.008480
vt 0.834441 0.010772
vt 0.920312 0.014414
vt 0.790664 0.240999
vt 0.790450 0.379836
vt 0.825116 0.380410
vt 0.825917 0.242614
vt 0.851647 0.244453
vt 0.849849 0.380942
vt 0.791802 0.012011
vt 0.967386 -0.014313
vt 0.954238 0.042072
vt 0.970578 0.199360
vt 0.972119 0.383957
vt 0.944798 0.685208
vt 0.968909 0.710544
vt 0.970945 0.615716
vt 0.961175 0.787545
vt 0.868326 0.805206
vt 0.857668 0.730332
vt 0.902029 0.825946
vt 0.893642 0.753766
vt 0.880261 0.735172
vt 0.938913 0.832494
vt 0.853229 0.652461
vt 0.851289 0.571932
vt 0.873143 0.653838
vt 0.625004 0.011031
vt 0.666675 0.011852
vt 0.666663 0.238062
vt 0.749960 0.239490
vt 0.749896 0.379401
vt 0.666658 0.379351
vt 0.624999 0.238379
vt 0.708351 0.012116
vt 0.750027 0.012151
vt 0.878670 0.008480
vt 0.920312 0.014414
vt 0.851647 0.244454
vt 0.825917 0.242614
vt 0.849849 0.380943
vt 0.825116 0.380410
vt 0.791802 0.012011
vt 0.967386 -0.014313
vt 0.972119 0.383957
vt 0.968830 0.710889
vt 0.944517 0.687158
vt 0.960739 0.788531
vt 0.935072 0.768367
vt 0.921047 0.770364
vt 0.938503 0.831601
vt 0.901740 0.825883
vt 0.851287 0.571935
vt 0.853177 0.652108
vt 0.872970 0.651941
vt 0.857304 0.729248
vt 0.867810 0.805913
vt 0.500000 0.531250
vt 0.541667 0.517308
vt 0.583333 0.508119
vt 0.624351 0.504430
vt 0.541667 0.517308
vt 0.583334 0.508119
vt 0.624353 0.504430
vt 0.849969 0.487552
vt 0.824954 0.487062
vt 0.971979 0.514070
vt 1.000000 0.531250
vt 0.824955 0.487061
vt 0.849970 0.487549
vt 0.971979 0.514071
vt 1.000000 0.531250
vt 0.920185 0.750040
vt 0.920763 0.666404
vt 0.930502 0.673940
vt 0.927629 0.759204
vt 0.898339 0.656463
vt 0.909891 0.660905
vt 0.909372 0.743675
vt 0.886945 0.652737
vt 0.898564 0.737312
vt 0.898317 0.656943
vt 0.886896 0.655015
vt 0.889412 0.736242
vt 0.920731 0.665837
vt 0.909893 0.660905
vt 0.909374 0.743677
vt 0.930451 0.671324
vt 0.847284 0.502777
vt 0.952373 0.512376
vt 0.968127 0.513214
vt 0.847288 0.502777
vt 0.831702 0.505052
vt 0.952373 0.512376
vt 0.968127 0.513214
vt 0.893992 0.731863
vt 0.893236 0.656458
vt 0.881170 0.655852
vt 0.883639 0.731463
vt 0.915532 0.658756
vt 0.905019 0.657598
vt 0.904816 0.733374
vt 0.924021 0.659344
vt 0.915639 0.734891
vt 0.915562 0.659204
vt 0.924118 0.661437
vt 0.922019 0.737402
vt 0.893273 0.656027
vt 0.905022 0.657598
vt 0.904819 0.733379
vt 0.881294 0.653838
vt 0.981486 0.509271
vt 0.991094 0.507419
vt 0.996680 0.515058
vt 0.790252 0.486972
vt 0.749797 0.487098
vt 0.708268 0.487265
vt 0.666650 0.487907
vt 0.624998 0.490097
vt 0.583333 0.496862
vt 0.541667 0.510981
vt 0.500000 0.531250
vt 0.991094 0.507419
vt 0.981486 0.509271
vt 0.749797 0.487098
vt 0.790252 0.486972
vt 0.666650 0.487907
vt 0.708268 0.487265
vt 0.583333 0.496862
vt 0.541667 0.510981
vt 0.786750 0.600056
vt 0.789373 0.659767
vt 0.749687 0.603787
vt 0.749536 0.661253
vt 0.711883 0.600501
vt 0.708581 0.660681
vt 0.789375 0.659767
vt 0.749537 0.661252
vt 0.711886 0.600495
vt 0.708584 0.660681
vt 0.778868 0.567811
vt 0.769055 0.552298
vt 0.749852 0.562745
vt 0.749833 0.572657
vt 0.720725 0.567569
vt 0.731152 0.551263
vt 0.729852 0.314796
vt 0.720116 0.255398
vt 0.818223 0.330904
vt 0.805075 0.345088
vt 0.819947 0.367169
vt 0.826496 0.397517
vt 0.818223 0.330904
vt 0.805075 0.345088
vt 0.720115 0.255398
vt 0.729852 0.314796
vt 0.720727 0.567551
vt 0.731152 0.551229
vt 0.817014 0.509837
vt 0.803099 0.518021
vt 0.817936 0.494230
vt 0.825490 0.461047
s 1
f 75/1/1 689/2/2 1989/3/3 901/4/4
f 689/2/2 8/5/5 691/6/6 1989/3/3
f 1989/3/3 691/6/6 76/7/7 902/8/8
f 901/4/4 1989/3/3 902/8/8 186/9/9
f 186/9/9 902/8/8 1990/10/10 903/11/11
f 902/8/8 76/7/7 690/12/12 1990/10/10
f 1990/10/10 690/12/12 16/13/13 709/14/14
f 903/11/11 1990/10/10 709/14/14 85/15/15
f 633/16/16 673/17/17 1991/18/18 1974/19/19
f 673/17/17 1/20/20 668/21/21 1991/18/18
f 1991/18/18 668/21/21 63/22/22 1916/23/23
f 1974/19/19 1991/18/18 1916/23/23 638/24/24
f 638/24/24 1916/23/23 1992/25/25 1973/26/26
f 1916/23/23 63/22/22 667/27/27 1992/25/25
f 1992/25/25 667/27/27 7/28/28 684/29/29
f 1973/26/26 1992/25/25 684/29/29 634/30/30
f 634/30/30 684/29/29 1993/31/31 1972/32/32
f 684/29/29 7/28/28 679/33/33 1993/31/31
f 1993/31/31 679/33/33 69/34/34 1917/35/35
f 1972/32/32 1993/31/31 1917/35/35 639/36/36
f 639/36/36 1917/35/35 1994/37/37 1971/38/38
f 1917/35/35 69/34/34 678/39/39 1994/37/37
f 1994/37/37 678/39/39 6/40/40 685/41/41
f 1971/38/38 1994/37/37 685/41/41 635/42/42
f 1/20/20 676/43/43 1995/44/44 668/21/21
f 676/43/43 68/45/45 910/46/46 1995/44/44
f 1995/44/44 910/46/46 189/47/47 913/48/48
f 668/21/21 1995/44/44 913/48/48 63/22/22
f 68/45/45 677/49/49 1996/50/50 910/46/46
f 677/49/49 5/51/51 675/52/52 1996/50/50
f 1996/50/50 675/52/52 67/53/53 911/54/54
f 910/46/46 1996/50/50 911/54/54 189/47/47
f 189/47/47 911/54/54 1997/55/55 912/56/56
f 911/54/54 67/53/53 674/57/57 1997/55/55
f 1997/55/55 674/57/57 9/58/58 687/59/59
f 912/56/56 1997/55/55 687/59/59 74/60/60
f 63/22/22 913/48/48 1998/61/61 667/27/27
f 913/48/48 189/47/47 912/56/56 1998/61/61
f 1998/61/61 912/56/56 74/60/60 686/62/62
f 667/27/27 1998/61/61 686/62/62 7/28/28
f 7/28/28 686/62/62 1999/63/63 679/33/33
f 686/62/62 74/60/60 914/64/64 1999/63/63
f 1999/63/63 914/64/64 190/65/65 917/66/66
f 679/33/33 1999/63/63 917/66/66 69/34/34
f 74/60/60 687/59/59 2000/67/67 914/64/64
f 687/59/59 9/58/58 683/68/68 2000/67/67
f 2000/67/67 683/68/68 71/69/69 915/70/70
f 914/64/64 2000/67/67 915/70/70 190/65/65
f 190/65/65 915/70/70 2001/71/71 916/72/72
f 915/70/70 71/69/69 682/73/73 2001/71/71
f 2001/71/71 682/73/73 8/5/5 689/2/2
f 916/72/72 2001/71/71 689/2/2 75/1/1
f 69/34/34 917/66/66 2002/74/74 678/39/39
f 917/66/66 190/65/65 916/72/72 2002/74/74
f 2002/74/74 916/72/72 75/1/1 688/75/75
f 678/39/39 2002/74/74 688/75/75 6/40/40
f 28/76/76 718/77/77 2003/78/78 751/79/79
f 718/77/77 90/77/80 918/80/81 2003/78/78
f 2003/78/78 918/80/81 191/81/82 921/82/83
f 751/79/79 2003/78/78 921/82/83 106/82/84
f 90/77/80 719/83/85 2004/84/86 918/80/81
f 719/83/85 17/85/87 711/86/88 2004/84/86
f 2004/84/86 711/86/88 86/87/89 919/87/90
f 918/80/81 2004/84/86 919/87/90 191/81/82
f 191/81/82 919/87/90 2005/88/91 920/89/92
f 919/87/90 86/87/89 710/90/93 2005/88/91
f 2005/88/91 710/90/93 11/91/94 699/92/95
f 920/89/92 2005/88/91 699/92/95 80/93/96
f 106/82/84 921/82/83 2006/88/97 750/89/98
f 921/82/83 191/81/82 920/89/92 2006/88/97
f 2006/88/97 920/89/92 80/93/96 698/92/99
f 750/89/98 2006/88/97 698/92/99 27/91/100
f 31/94/101 716/95/102 2007/96/103 761/97/104
f 716/95/102 89/98/105 922/99/106 2007/96/103
f 2007/96/103 922/99/106 192/100/107 925/101/108
f 761/97/104 2007/96/103 925/101/108 111/102/109
f 89/98/105 717/95/110 2008/103/111 922/99/106
f 717/95/110 15/104/112 707/105/113 2008/103/111
f 2008/103/111 707/105/113 84/102/114 923/106/115
f 922/99/106 2008/103/111 923/106/115 192/100/107
f 192/100/107 923/106/115 2009/107/116 924/108/117
f 923/106/115 84/102/114 706/109/118 2009/107/116
f 2009/107/116 706/109/118 4/110/119 693/111/120
f 924/108/117 2009/107/116 693/111/120 77/112/121
f 111/102/109 925/101/108 2010/113/122 760/114/123
f 925/101/108 192/100/107 924/108/117 2010/113/122
f 2010/113/122 924/108/117 77/112/121 692/115/124
f 760/114/123 2010/113/122 692/115/124 30/116/125
f 25/117/126 714/118/127 2011/119/128 741/86/129
f 714/118/127 88/120/130 926/121/131 2011/119/128
f 2011/119/128 926/121/131 193/122/132 929/123/133
f 741/86/129 2011/119/128 929/123/133 101/15/134
f 88/120/130 715/124/135 2012/125/136 926/121/131
f 715/124/135 18/120/137 713/126/138 2012/125/136
f 2012/125/136 713/126/138 87/122/139 927/127/140
f 926/121/131 2012/125/136 927/127/140 193/122/132
f 193/122/132 927/127/140 2013/128/141 928/128/142
f 927/127/140 87/122/139 712/90/143 2013/128/141
f 2013/128/141 712/90/143 13/91/144 705/92/145
f 928/128/142 2013/128/141 705/92/145 83/129/146
f 101/15/134 929/123/133 2014/130/147 740/131/148
f 929/123/133 193/122/132 928/128/142 2014/130/147
f 2014/130/147 928/128/142 83/129/146 704/132/149
f 740/131/148 2014/130/147 704/132/149 24/133/150
f 23/134/151 733/135/152 2015/136/153 739/6/154
f 733/135/152 97/137/155 930/138/156 2015/136/153
f 2015/136/153 930/138/156 194/139/157 933/140/158
f 739/6/154 2015/136/153 933/140/158 100/141/159
f 97/137/155 732/142/160 2016/143/161 930/138/156
f 732/142/160 14/144/162 701/145/163 2016/143/161
f 2016/143/161 701/145/163 81/146/164 931/147/165
f 930/138/156 2016/143/161 931/147/165 194/139/157
f 194/139/157 931/147/165 2017/148/166 932/149/167
f 931/147/165 81/146/164 700/150/168 2017/148/166
f 2017/148/166 700/150/168 18/120/137 715/124/135
f 932/149/167 2017/148/166 715/124/135 88/120/130
f 100/141/159 933/140/158 2018/151/169 738/152/170
f 933/140/158 194/139/157 932/149/167 2018/151/169
f 2018/151/169 932/149/167 88/120/130 714/118/127
f 738/152/170 2018/151/169 714/118/127 25/117/126
f 29/153/171 753/154/172 2019/155/173 759/156/174
f 753/154/172 107/134/175 934/6/176 2019/155/173
f 2019/155/173 934/6/176 195/157/177 937/158/178
f 759/156/174 2019/155/173 937/158/178 110/159/179
f 107/134/175 752/160/180 2020/161/181 934/6/176
f 752/160/180 10/162/182 681/163/183 2020/161/181
f 2020/161/181 681/163/183 70/164/184 935/158/185
f 934/6/176 2020/161/181 935/158/185 195/157/177
f 195/157/177 935/158/185 2021/165/186 936/12/187
f 935/158/185 70/164/184 680/166/188 2021/165/186
f 2021/165/186 680/166/188 15/104/112 717/95/110
f 936/12/187 2021/165/186 717/95/110 89/98/105
f 110/159/179 937/158/178 2022/167/189 758/168/190
f 937/158/178 195/157/177 936/12/187 2022/167/189
f 2022/167/189 936/12/187 89/98/105 716/95/102
f 758/168/190 2022/167/189 716/95/102 31/94/101
f 26/169/191 743/134/192 2023/170/193 749/171/194
f 743/134/192 102/172/195 938/6/196 2023/170/193
f 2023/170/193 938/6/196 196/173/197 941/174/198
f 749/171/194 2023/170/193 941/174/198 105/175/199
f 102/172/195 742/134/200 2024/6/201 938/6/196
f 742/134/200 12/134/202 695/6/203 2024/6/201
f 2024/6/201 695/6/203 78/175/204 939/176/205
f 938/6/196 2024/6/201 939/176/205 196/173/197
f 196/173/197 939/176/205 2025/177/206 940/12/207
f 939/176/205 78/175/204 694/12/208 2025/177/206
f 2025/177/206 694/12/208 17/85/87 719/83/85
f 940/12/207 2025/177/206 719/83/85 90/77/80
f 105/175/199 941/174/198 2026/178/209 748/179/210
f 941/174/198 196/173/197 940/12/207 2026/178/209
f 2026/178/209 940/12/207 90/77/80 718/77/77
f 748/179/210 2026/178/209 718/77/77 28/76/76
f 14/144/162 723/180/211 2027/181/212 701/145/163
f 723/180/211 92/182/213 942/183/214 2027/181/212
f 2027/181/212 942/183/214 197/184/215 945/185/216
f 701/145/163 2027/181/212 945/185/216 81/146/164
f 92/182/213 722/186/217 2028/187/218 942/183/214
f 722/186/217 19/188/219 721/189/220 2028/187/218
f 2028/187/218 721/189/220 91/190/221 943/191/222
f 942/183/214 2028/187/218 943/191/222 197/184/215
f 197/184/215 943/191/222 2029/192/223 944/193/224
f 943/191/222 91/190/221 720/194/225 2029/192/223
f 2029/192/223 720/194/225 20/195/226 725/196/227
f 944/193/224 2029/192/223 725/196/227 93/197/228
f 81/146/164 945/185/216 2030/198/229 700/150/168
f 945/185/216 197/184/215 944/193/224 2030/198/229
f 2030/198/229 944/193/224 93/197/228 724/199/230
f 700/150/168 2030/198/229 724/199/230 18/120/137
f 18/120/137 729/200/231 2031/201/232 713/126/138
f 729/200/231 95/202/233 946/203/234 2031/201/232
f 2031/201/232 946/203/234 198/204/235 949/205/236
f 713/126/138 2031/201/232 949/205/236 87/122/139
f 95/202/233 728/206/237 2032/207/238 946/203/234
f 728/206/237 22/84/239 727/208/240 2032/207/238
f 2032/207/238 727/208/240 94/209/241 947/209/242
f 946/203/234 2032/207/238 947/209/242 198/204/235
f 198/204/235 947/209/242 2033/210/243 948/211/244
f 947/209/242 94/209/241 726/212/245 2033/210/243
f 2033/210/243 726/212/245 21/89/246 731/213/247
f 948/211/244 2033/210/243 731/213/247 96/214/248
f 87/122/139 949/205/236 2034/215/249 712/90/143
f 949/205/236 198/204/235 948/211/244 2034/215/249
f 2034/215/249 948/211/244 96/214/248 730/216/250
f 712/90/143 2034/215/249 730/216/250 13/91/144
f 12/134/202 703/134/251 2035/6/252 695/6/203
f 703/134/251 82/172/253 950/161/254 2035/6/252
f 2035/6/252 950/161/254 199/7/255 953/176/256
f 695/6/203 2035/6/252 953/176/256 78/175/204
f 82/172/253 702/134/257 2036/6/258 950/161/254
f 702/134/257 23/134/151 739/6/154 2036/6/258
f 2036/6/258 739/6/154 100/141/159 951/217/259
f 950/161/254 2036/6/258 951/217/259 199/7/255
f 199/7/255 951/217/259 2037/218/260 952/219/261
f 951/217/259 100/141/159 738/152/170 2037/218/260
f 2037/218/260 738/152/170 25/117/126 737/220/262
f 952/219/261 2037/218/260 737/220/262 99/120/263
f 78/175/204 953/176/256 2038/221/264 694/12/208
f 953/176/256 199/7/255 952/219/261 2038/221/264
f 2038/221/264 952/219/261 99/120/263 736/222/265
f 694/12/208 2038/221/264 736/222/265 17/85/87
f 17/85/87 736/222/265 2039/223/266 711/86/88
f 736/222/265 99/120/263 954/224/267 2039/223/266
f 2039/223/266 954/224/267 200/225/268 957/226/269
f 711/86/88 2039/223/266 957/226/269 86/87/89
f 99/120/263 737/220/262 2040/227/270 954/224/267
f 737/220/262 25/117/126 741/86/129 2040/227/270
f 2040/227/270 741/86/129 101/15/134 955/228/271
f 954/224/267 2040/227/270 955/228/271 200/225/268
f 200/225/268 955/228/271 2041/229/272 956/230/273
f 955/228/271 101/15/134 740/131/148 2041/229/272
f 2041/229/272 740/131/148 24/133/150 735/231/274
f 956/230/273 2041/229/272 735/231/274 98/232/275
f 86/87/89 957/226/269 2042/233/276 710/90/93
f 957/226/269 200/225/268 956/230/273 2042/233/276
f 2042/233/276 956/230/273 98/232/275 734/234/277
f 710/90/93 2042/233/276 734/234/277 11/91/94
f 10/162/182 697/235/278 2043/236/279 681/163/183
f 697/235/278 79/237/280 958/238/281 2043/236/279
f 2043/236/279 958/238/281 201/239/282 961/240/283
f 681/163/183 2043/236/279 961/240/283 70/164/184
f 79/237/280 696/241/284 2044/242/285 958/238/281
f 696/241/284 26/169/191 749/171/194 2044/242/285
f 2044/242/285 749/171/194 105/175/199 959/240/286
f 958/238/281 2044/242/285 959/240/286 201/239/282
f 201/239/282 959/240/286 2045/243/287 960/244/288
f 959/240/286 105/175/199 748/179/210 2045/243/287
f 2045/243/287 748/179/210 28/76/76 747/245/289
f 960/244/288 2045/243/287 747/245/289 104/83/290
f 70/164/184 961/240/283 2046/246/291 680/166/188
f 961/240/283 201/239/282 960/244/288 2046/246/291
f 2046/246/291 960/244/288 104/83/290 746/247/292
f 680/166/188 2046/246/291 746/247/292 15/104/112
f 15/104/112 746/247/292 2047/248/293 707/105/113
f 746/247/292 104/83/290 962/249/294 2047/248/293
f 2047/248/293 962/249/294 202/250/295 965/251/296
f 707/105/113 2047/248/293 965/251/296 84/102/114
f 104/83/290 747/245/289 2048/252/297 962/249/294
f 747/245/289 28/76/76 751/79/79 2048/252/297
f 2048/252/297 751/79/79 106/82/84 963/253/298
f 962/249/294 2048/252/297 963/253/298 202/250/295
f 202/250/295 963/253/298 2049/254/299 964/255/300
f 963/253/298 106/82/84 750/89/98 2049/254/299
f 2049/254/299 750/89/98 27/91/100 745/256/301
f 964/255/300 2049/254/299 745/256/301 103/257/302
f 84/102/114 965/251/296 2050/258/303 706/109/118
f 965/251/296 202/250/295 964/255/300 2050/258/303
f 2050/258/303 964/255/300 103/257/302 744/259/304
f 706/109/118 2050/258/303 744/259/304 4/110/119
f 8/5/5 670/260/305 2051/261/306 691/6/6
f 670/260/305 64/262/307 966/263/308 2051/261/306
f 2051/261/306 966/263/308 203/264/309 969/265/310
f 691/6/6 2051/261/306 969/265/310 76/7/7
f 64/262/307 669/266/311 2052/267/312 966/263/308
f 669/266/311 29/153/171 759/156/174 2052/267/312
f 2052/267/312 759/156/174 110/159/179 967/240/313
f 966/263/308 2052/267/312 967/240/313 203/264/309
f 203/264/309 967/240/313 2053/268/314 968/269/315
f 967/240/313 110/159/179 758/168/190 2053/268/314
f 2053/268/314 758/168/190 31/94/101 757/270/316
f 968/269/315 2053/268/314 757/270/316 109/271/317
f 76/7/7 969/265/310 2054/272/318 690/12/12
f 969/265/310 203/264/309 968/269/315 2054/272/318
f 2054/272/318 968/269/315 109/271/317 756/273/319
f 690/12/12 2054/272/318 756/273/319 16/13/13
f 16/13/13 756/273/319 2055/274/320 709/14/14
f 756/273/319 109/271/317 970/275/321 2055/274/320
f 2055/274/320 970/275/321 204/276/322 973/277/323
f 709/14/14 2055/274/320 973/277/323 85/15/15
f 109/271/317 757/270/316 2056/278/324 970/275/321
f 757/270/316 31/94/101 761/97/104 2056/278/324
f 2056/278/324 761/97/104 111/102/109 971/279/325
f 970/275/321 2056/278/324 971/279/325 204/276/322
f 204/276/322 971/279/325 2057/280/326 972/281/327
f 971/279/325 111/102/109 760/114/123 2057/280/326
f 2057/280/326 760/114/123 30/116/125 755/282/328
f 972/281/327 2057/280/326 755/282/328 108/283/329
f 85/15/15 973/277/323 2058/284/330 708/285/331
f 973/277/323 204/276/322 972/281/327 2058/284/330
f 2058/284/330 972/281/327 108/283/329 754/286/332
f 708/285/331 2058/284/330 754/286/332 3/287/333
f 205/288/334 974/289/335 2059/290/336 975/291/337
f 974/289/335 134/292/338 804/293/339 2059/290/336
f 2059/290/336 804/293/339 43/294/340 785/295/341
f 975/291/337 2059/290/336 785/295/341 125/296/342
f 124/297/343 976/298/344 2060/299/345 784/300/346
f 976/298/344 205/288/334 975/291/337 2060/299/345
f 2060/299/345 975/291/337 125/296/342 786/301/347
f 784/300/346 2060/299/345 786/301/347 36/5/348
f 629/302/349 1909/303/350 2061/304/351 1903/305/352
f 1909/303/350 628/306/353 779/307/354 2061/304/351
f 2061/304/351 779/307/354 32/308/355 762/309/356
f 1903/305/352 2061/304/351 762/309/356 112/310/357
f 627/311/358 1908/312/359 2062/313/360 768/314/361
f 1908/312/359 629/302/349 1903/305/352 2062/313/360
f 2062/313/360 1903/305/352 112/310/357 763/315/362
f 768/314/361 2062/313/360 763/315/362 33/20/363
f 33/20/363 763/315/362 2063/316/364 771/43/365
f 763/315/362 112/310/357 980/317/366 2063/316/364
f 2063/316/364 980/317/366 207/318/367 983/319/368
f 771/43/365 2063/316/364 983/319/368 117/45/369
f 112/310/357 762/309/356 2064/320/370 980/317/366
f 762/309/356 32/308/355 781/321/371 2064/320/370
f 2064/320/370 781/321/371 123/322/372 981/323/373
f 980/317/366 2064/320/370 981/323/373 207/318/367
f 207/318/367 981/323/373 2065/324/374 982/325/375
f 981/323/373 123/322/372 782/326/376 2065/324/374
f 2065/324/374 782/326/376 38/327/377 769/328/378
f 982/325/375 2065/324/374 769/328/378 116/329/379
f 117/45/369 983/319/368 2066/330/380 772/49/381
f 983/319/368 207/318/367 982/325/375 2066/330/380
f 2066/330/380 982/325/375 116/329/379 770/331/382
f 772/49/381 2066/330/380 770/331/382 39/332/383
f 32/308/355 774/333/384 2067/334/385 781/321/371
f 774/333/384 118/335/386 984/336/387 2067/334/385
f 2067/334/385 984/336/387 208/337/388 987/338/389
f 781/321/371 2067/334/385 987/338/389 123/322/372
f 118/335/386 773/339/390 2068/340/391 984/336/387
f 773/339/390 40/341/392 783/342/393 2068/340/391
f 2068/340/391 783/342/393 124/297/343 985/343/394
f 984/336/387 2068/340/391 985/343/394 208/337/388
f 208/337/388 985/343/394 2069/344/395 986/345/396
f 985/343/394 124/297/343 784/300/346 2069/344/395
f 2069/344/395 784/300/346 36/5/348 777/346/397
f 986/345/396 2069/344/395 777/346/397 120/347/398
f 123/322/372 987/338/389 2070/348/399 782/326/376
f 987/338/389 208/337/388 986/345/396 2070/348/399
f 2070/348/399 986/345/396 120/347/398 778/349/400
f 782/326/376 2070/348/399 778/349/400 38/327/377
f 58/76/401 846/79/402 2071/350/403 813/351/404
f 846/79/402 155/352/405 988/353/406 2071/350/403
f 2071/350/403 988/353/406 209/354/407 991/355/408
f 813/351/404 2071/350/403 991/355/408 139/356/409
f 155/352/405 845/89/410 2072/357/411 988/353/406
f 845/89/410 49/287/412 793/358/413 2072/357/411
f 2072/357/411 793/358/413 129/359/414 989/360/415
f 988/353/406 2072/357/411 989/360/415 209/354/407
f 209/354/407 989/360/415 2073/361/416 990/362/417
f 989/360/415 129/359/414 794/363/418 2073/361/416
f 2073/361/416 794/363/418 50/364/419 805/365/420
f 990/362/417 2073/361/416 805/365/420 135/366/421
f 139/356/409 991/355/408 2074/367/422 814/368/423
f 991/355/408 209/354/407 990/362/417 2074/367/422
f 2074/367/422 990/362/417 135/366/421 806/369/424
f 814/368/423 2074/367/422 806/369/424 46/370/425
f 57/94/426 856/371/427 2075/372/428 811/373/429
f 856/371/427 160/374/430 992/251/431 2075/372/428
f 2075/372/428 992/251/431 210/250/432 995/375/433
f 811/373/429 2075/372/428 995/375/433 138/376/434
f 160/374/430 855/377/435 2076/378/436 992/251/431
f 855/377/435 44/379/437 787/380/438 2076/378/436
f 2076/378/436 787/380/438 126/381/439 993/255/440
f 992/251/431 2076/378/436 993/255/440 210/250/432
f 210/250/432 993/255/440 2077/382/441 994/383/442
f 993/255/440 126/381/439 788/384/443 2077/382/441
f 2077/382/441 788/384/443 45/287/444 801/385/445
f 994/383/442 2077/382/441 801/385/445 133/127/446
f 138/376/434 995/375/433 2078/386/447 812/387/448
f 995/375/433 210/250/432 994/383/442 2078/386/447
f 2078/386/447 994/383/442 133/127/446 802/388/449
f 812/387/448 2078/386/447 802/388/449 41/98/450
f 56/389/451 836/390/452 2079/391/453 809/389/454
f 836/390/452 150/392/455 996/393/456 2079/391/453
f 2079/391/453 996/393/456 211/392/457 999/390/458
f 809/389/454 2079/391/453 999/390/458 137/83/459
f 150/392/455 835/394/460 2080/395/461 996/393/456
f 835/394/460 54/112/462 799/396/463 2080/395/461
f 2080/395/461 799/396/463 132/397/464 997/398/465
f 996/393/456 2080/395/461 997/398/465 211/392/457
f 211/392/457 997/398/465 2081/399/466 998/400/467
f 997/398/465 132/397/464 800/401/468 2081/399/466
f 2081/399/466 800/401/468 55/402/469 807/403/470
f 998/400/467 2081/399/466 807/403/470 136/404/471
f 137/83/459 999/390/458 2082/405/472 810/406/473
f 999/390/458 211/392/457 998/400/467 2082/405/472
f 2082/405/472 998/400/467 136/404/471 808/407/474
f 810/406/473 2082/405/472 808/407/474 51/370/475
f 53/408/476 834/409/477 2083/410/478 828/411/479
f 834/409/477 149/412/480 1000/413/481 2083/410/478
f 2083/410/478 1000/413/481 212/414/482 1003/415/483
f 828/411/479 2083/410/478 1003/415/483 146/416/484
f 149/412/480 833/417/485 2084/418/486 1000/413/481
f 833/417/485 56/389/451 809/389/454 2084/418/486
f 2084/418/486 809/389/454 137/83/459 1001/419/487
f 1000/413/481 2084/418/486 1001/419/487 212/414/482
f 212/414/482 1001/419/487 2085/420/488 1002/421/489
f 1001/419/487 137/83/459 810/406/473 2085/420/488
f 2085/420/488 810/406/473 51/370/475 795/422/490
f 1002/421/489 2085/420/488 795/422/490 130/423/491
f 146/416/484 1003/415/483 2086/424/492 827/425/493
f 1003/415/483 212/414/482 1002/421/489 2086/424/492
f 2086/424/492 1002/421/489 130/423/491 796/426/494
f 827/425/493 2086/424/492 796/426/494 52/427/495
f 35/169/496 854/428/497 2087/429/498 848/430/499
f 854/428/497 159/175/500 1004/431/501 2087/429/498
f 2087/429/498 1004/431/501 213/432/502 1007/238/503
f 848/430/499 2087/429/498 1007/238/503 156/433/504
f 159/175/500 853/168/505 2088/434/506 1004/431/501
f 853/168/505 57/94/426 811/373/429 2088/434/506
f 2088/434/506 811/373/429 138/376/434 1005/435/507
f 1004/431/501 2088/434/506 1005/435/507 213/432/502
f 213/432/502 1005/435/507 2089/436/508 1006/437/509
f 1005/435/507 138/376/434 812/387/448 2089/436/508
f 2089/436/508 812/387/448 41/98/450 775/438/510
f 1006/437/509 2089/436/508 775/438/510 119/439/511
f 156/433/504 1007/238/503 2090/440/512 847/430/513
f 1007/238/503 213/432/502 1006/437/509 2090/440/512
f 2090/440/512 1006/437/509 119/439/511 776/441/514
f 847/430/513 2090/440/512 776/441/514 42/5/515
f 48/442/516 844/6/517 2091/443/518 838/444/519
f 844/6/517 154/175/520 1008/445/521 2091/443/518
f 2091/443/518 1008/445/521 214/446/522 1011/447/523
f 838/444/519 2091/443/518 1011/447/523 151/448/524
f 154/175/520 843/449/525 2092/450/526 1008/445/521
f 843/449/525 58/76/401 813/351/404 2092/450/526
f 2092/450/526 813/351/404 139/356/409 1009/451/527
f 1008/445/521 2092/450/526 1009/451/527 214/446/522
f 214/446/522 1009/451/527 2093/452/528 1010/453/529
f 1009/451/527 139/356/409 814/368/423 2093/452/528
f 2093/452/528 814/368/423 46/370/425 789/454/530
f 1010/453/529 2093/452/528 789/454/530 127/455/531
f 151/448/524 1011/447/523 2094/456/532 837/457/533
f 1011/447/523 214/446/522 1010/453/529 2094/456/532
f 2094/456/532 1010/453/529 127/455/531 790/458/534
f 837/457/533 2094/456/532 790/458/534 47/459/535
f 52/427/495 796/426/494 2095/460/536 818/461/537
f 796/426/494 130/423/491 1012/462/538 2095/460/536
f 2095/460/536 1012/462/538 215/463/539 1015/464/540
f 818/461/537 2095/460/536 1015/464/540 141/465/541
f 130/423/491 795/422/490 2096/466/542 1012/462/538
f 795/422/490 51/370/475 819/467/543 2096/466/542
f 2096/466/542 819/467/543 142/468/544 1013/469/545
f 1012/462/538 2096/466/542 1013/469/546 215/463/539
f 215/463/539 1013/469/546 2097/470/547 1014/471/548
f 1013/469/545 142/468/544 820/472/549 2097/470/547
f 2097/470/547 820/472/549 59/473/550 815/474/551
f 1014/471/548 2097/470/547 815/474/551 140/475/552
f 141/465/541 1015/464/540 2098/476/553 817/477/554
f 1015/464/540 215/463/539 1014/471/548 2098/476/553
f 2098/476/553 1014/471/548 140/475/552 816/478/555
f 817/477/554 2098/476/553 816/478/555 60/479/556
f 51/370/475 808/407/474 2099/480/557 824/481/558
f 808/407/474 136/404/471 1016/482/559 2099/480/557
f 2099/480/557 1016/482/559 216/483/560 1019/484/561
f 824/481/558 2099/480/557 1019/484/561 144/485/562
f 136/404/471 807/403/470 2100/486/563 1016/482/559
f 807/403/470 55/402/469 825/487/564 2100/486/563
f 2100/486/563 825/487/564 145/488/565 1017/489/566
f 1016/482/559 2100/486/563 1017/489/566 216/483/560
f 216/483/560 1017/489/566 2101/490/567 1018/491/568
f 1017/489/566 145/488/565 826/492/569 2101/490/567
f 2101/490/567 826/492/569 61/493/570 821/494/571
f 1018/491/568 2101/490/567 821/494/571 143/495/572
f 144/485/562 1019/484/561 2102/496/573 823/497/574
f 1019/484/561 216/483/560 1018/491/568 2102/496/573
f 2102/496/573 1018/491/568 143/495/572 822/498/575
f 823/497/574 2102/496/573 822/498/575 62/499/576
f 47/459/535 790/458/534 2103/500/577 798/501/578
f 790/458/534 127/455/531 1020/502/579 2103/500/577
f 2103/500/577 1020/502/579 217/503/580 1023/504/581
f 798/501/578 2103/500/577 1023/504/581 131/505/582
f 127/455/531 789/454/530 2104/506/583 1020/502/579
f 789/454/530 46/370/425 831/389/584 2104/506/583
f 2104/506/583 831/389/584 148/98/585 1021/507/586
f 1020/502/579 2104/506/583 1021/507/586 217/503/580
f 217/503/580 1021/507/586 2105/508/587 1022/509/588
f 1021/507/586 148/98/585 832/510/589 2105/508/587
f 2105/508/587 832/510/589 56/389/451 833/417/485
f 1022/509/588 2105/508/587 833/417/485 149/412/480
f 131/505/582 1023/504/581 2106/511/590 797/512/591
f 1023/504/581 217/503/580 1022/509/588 2106/511/590
f 2106/511/590 1022/509/588 149/412/480 834/409/477
f 797/512/591 2106/511/590 834/409/477 53/408/476
f 46/370/425 806/369/424 2107/513/592 831/389/584
f 806/369/424 135/366/421 1024/514/593 2107/513/592
f 2107/513/592 1024/514/593 218/515/594 1027/516/595
f 831/389/584 2107/513/592 1027/516/595 148/98/585
f 135/366/421 805/365/420 2108/517/596 1024/514/593
f 805/365/420 50/364/419 829/518/597 2108/517/596
f 2108/517/596 829/518/597 147/379/598 1025/519/599
f 1024/514/593 2108/517/596 1025/519/599 218/515/594
f 218/515/594 1025/519/599 2109/377/600 1026/520/601
f 1025/519/599 147/379/598 830/518/602 2109/377/600
f 2109/377/600 830/518/602 54/112/462 835/394/460
f 1026/520/601 2109/377/600 835/394/460 150/392/455
f 148/98/585 1027/516/595 2110/521/603 832/510/589
f 1027/516/595 218/515/594 1026/520/601 2110/521/603
f 2110/521/603 1026/520/601 150/392/455 836/390/452
f 832/510/589 2110/521/603 836/390/452 56/389/451
f 42/5/515 776/441/514 2111/522/604 792/523/605
f 776/441/514 119/439/511 1028/524/606 2111/522/604
f 2111/522/604 1028/524/606 219/525/607 1031/6/608
f 792/523/605 2111/522/604 1031/6/608 128/526/609
f 119/439/511 775/438/510 2112/527/610 1028/524/606
f 775/438/510 41/98/450 841/528/611 2112/527/610
f 2112/527/610 841/528/611 153/83/612 1029/166/613
f 1028/524/606 2112/527/610 1029/166/613 219/525/607
f 219/525/607 1029/166/613 2113/529/614 1030/158/615
f 1029/166/613 153/83/612 842/356/616 2113/529/614
f 2113/529/614 842/356/616 58/76/401 843/449/525
f 1030/158/615 2113/529/614 843/449/525 154/175/520
f 128/526/609 1031/6/608 2114/530/617 791/526/618
f 1031/6/608 219/525/607 1030/158/615 2114/530/617
f 2114/530/617 1030/158/615 154/175/520 844/6/517
f 791/526/618 2114/530/617 844/6/517 48/442/516
f 41/98/450 802/388/449 2115/84/619 841/528/611
f 802/388/449 133/127/446 1032/531/620 2115/84/619
f 2115/84/619 1032/531/620 220/532/621 1035/80/622
f 841/528/611 2115/84/619 1035/80/622 153/83/612
f 133/127/446 801/385/445 2116/533/623 1032/531/620
f 801/385/445 45/287/444 839/129/624 2116/533/623
f 2116/533/623 839/129/624 152/93/625 1033/89/626
f 1032/531/620 2116/533/623 1033/89/626 220/532/621
f 220/532/621 1033/89/626 2117/128/627 1034/534/628
f 1033/89/626 152/93/625 840/129/629 2117/128/627
f 2117/128/627 840/129/629 49/287/412 845/89/410
f 1034/534/628 2117/128/627 845/89/410 155/352/405
f 153/83/612 1035/80/622 2118/535/630 842/356/616
f 1035/80/622 220/532/621 1034/534/628 2118/535/630
f 2118/535/630 1034/534/628 155/352/405 846/79/402
f 842/356/616 2118/535/630 846/79/402 58/76/401
f 36/5/348 786/301/347 2119/536/631 765/134/632
f 786/301/347 125/296/342 1036/537/633 2119/536/631
f 2119/536/631 1036/537/633 221/175/634 1039/156/635
f 765/134/632 2119/536/631 1039/156/635 113/162/636
f 125/296/342 785/295/341 2120/538/637 1036/537/633
f 785/295/341 43/294/340 851/539/638 2120/538/637
f 2120/538/637 851/539/638 158/98/639 1037/12/640
f 1036/537/633 2120/538/637 1037/12/640 221/175/634
f 221/175/634 1037/12/640 2121/540/641 1038/541/642
f 1037/12/640 158/98/639 852/387/643 2121/540/641
f 2121/540/641 852/387/643 57/94/426 853/168/505
f 1038/541/642 2121/540/641 853/168/505 159/175/500
f 113/162/636 1039/156/635 2122/542/644 764/543/645
f 1039/156/635 221/175/634 1038/541/642 2122/542/644
f 2122/542/644 1038/541/642 159/175/500 854/428/497
f 764/543/645 2122/542/644 854/428/497 35/169/496
f 43/294/340 804/293/339 2123/544/646 851/539/638
f 804/293/339 134/292/338 1040/545/647 2123/544/646
f 2123/544/646 1040/545/647 222/546/648 1043/547/649
f 851/539/638 2123/544/646 1043/547/649 158/98/639
f 134/292/338 803/548/650 2124/549/651 1040/545/647
f 803/548/650 37/550/652 849/551/653 2124/549/651
f 2124/549/651 849/551/653 157/552/654 1041/553/655
f 1040/545/647 2124/549/651 1041/553/655 222/546/648
f 222/546/648 1041/553/655 2125/554/656 1042/555/657
f 1041/553/655 157/552/654 850/556/658 2125/554/656
f 2125/554/656 850/556/658 44/379/437 855/377/435
f 1042/555/657 2125/554/656 855/377/435 160/374/430
f 158/98/639 1043/547/649 2126/557/659 852/387/643
f 1043/547/649 222/546/648 1042/555/657 2126/557/659
f 2126/557/659 1042/555/657 160/374/430 856/371/427
f 852/387/643 2126/557/659 856/371/427 57/94/426
f 4/110/119 744/259/304 2127/558/660 860/559/661
f 744/259/304 103/257/302 1044/560/662 2127/558/660
f 2127/558/660 1044/560/662 223/561/663 1047/562/664
f 860/559/661 2127/558/660 1047/562/664 162/563/665
f 103/257/302 745/256/301 2128/564/666 1044/560/662
f 745/256/301 27/91/100 857/565/667 2128/564/666
f 2128/564/666 857/565/667 161/566/668 1045/567/669
f 1044/560/662 2128/564/666 1045/567/669 223/561/663
f 223/561/663 1045/567/669 2129/568/670 1046/569/671
f 1045/567/669 161/566/668 858/570/672 2129/568/670
f 2129/568/670 858/570/672 49/287/412 840/129/629
f 1046/569/671 2129/568/670 840/129/629 152/93/625
f 162/563/665 1047/562/664 2130/571/673 859/572/674
f 1047/562/664 223/561/663 1046/569/671 2130/571/673
f 2130/571/673 1046/569/671 152/93/625 839/129/624
f 859/572/674 2130/571/673 839/129/624 45/287/444
f 13/91/144 730/216/250 2131/573/675 864/574/676
f 730/216/250 96/214/248 1048/575/677 2131/573/675
f 2131/573/675 1048/575/677 224/576/678 1051/577/679
f 864/574/676 2131/573/675 1051/577/679 164/578/680
f 96/214/248 731/213/247 2132/579/681 1048/575/677
f 731/213/247 21/89/246 861/580/682 2132/579/681
f 2132/579/681 861/580/682 163/581/683 1049/582/684
f 1048/575/677 2132/579/681 1049/582/684 224/576/678
f 224/576/678 1049/582/684 2133/583/685 1050/584/686
f 1049/582/684 163/581/683 862/585/687 2133/583/685
f 2133/583/685 862/585/687 61/493/570 826/492/569
f 1050/584/686 2133/583/685 826/492/569 145/488/565
f 164/578/680 1051/577/679 2134/586/688 863/587/689
f 1051/577/679 224/576/678 1050/584/686 2134/586/688
f 2134/586/688 1050/584/686 145/488/565 825/487/564
f 863/587/689 2134/586/688 825/487/564 55/402/469
f 23/134/151 702/134/257 2135/588/690 868/589/691
f 702/134/257 82/172/253 1052/590/692 2135/588/690
f 2135/588/690 1052/590/692 225/591/693 1055/592/694
f 868/589/691 2135/588/690 1055/592/694 166/593/695
f 82/172/253 703/134/251 2136/594/696 1052/590/692
f 703/134/251 12/134/202 865/595/697 2136/594/696
f 2136/594/696 865/595/697 165/596/698 1053/597/699
f 1052/590/692 2136/594/696 1053/597/699 225/591/693
f 225/591/693 1053/597/699 2137/598/700 1054/599/701
f 1053/597/699 165/596/698 866/600/702 2137/598/700
f 2137/598/700 866/600/702 47/459/535 798/501/578
f 1054/599/701 2137/598/700 798/501/578 131/505/582
f 166/593/695 1055/592/694 2138/601/703 867/602/704
f 1055/592/694 225/591/693 1054/599/701 2138/601/703
f 2138/601/703 1054/599/701 131/505/582 797/512/591
f 867/602/704 2138/601/703 797/512/591 53/408/476
f 14/144/162 732/142/160 2139/603/705 870/604/706
f 732/142/160 97/137/155 1056/605/707 2139/603/705
f 2139/603/705 1056/605/707 226/606/708 1059/607/709
f 870/604/706 2139/603/705 1059/607/709 167/608/710
f 97/137/155 733/135/152 2140/609/711 1056/605/707
f 733/135/152 23/134/151 868/589/691 2140/609/711
f 2140/609/711 868/589/691 166/593/695 1057/610/712
f 1056/605/707 2140/609/711 1057/610/712 226/606/708
f 226/606/708 1057/610/712 2141/611/713 1058/612/714
f 1057/610/712 166/593/695 867/602/704 2141/611/713
f 2141/611/713 867/602/704 53/408/476 828/411/479
f 1058/612/714 2141/611/713 828/411/479 146/416/484
f 167/608/710 1059/607/709 2142/613/715 869/614/716
f 1059/607/709 226/606/708 1058/612/714 2142/613/715
f 2142/613/715 1058/612/714 146/416/484 827/425/493
f 869/614/716 2142/613/715 827/425/493 52/427/495
f 24/133/150 704/132/149 2143/615/717 874/616/718
f 704/132/149 83/129/146 1064/617/719 2143/615/717
f 2143/615/717 1064/617/719 229/618/720 1067/619/721
f 874/616/718 2143/615/717 1067/619/721 172/620/722
f 83/129/146 705/92/145 2144/621/723 1064/617/719
f 705/92/145 13/91/144 864/574/676 2144/621/723
f 2144/621/723 864/574/676 164/578/680 1065/622/724
f 1064/617/719 2144/621/723 1065/622/724 229/618/720
f 229/618/720 1065/622/724 2145/623/725 1066/624/726
f 1065/622/724 164/578/680 863/587/689 2145/623/725
f 2145/623/725 863/587/689 55/402/469 800/401/468
f 1066/624/726 2145/623/725 800/401/468 132/397/464
f 172/620/722 1067/619/721 2146/625/727 873/626/728
f 1067/619/721 229/618/720 1066/624/726 2146/625/727
f 2146/625/727 1066/624/726 132/397/464 799/396/463
f 873/626/728 2146/625/727 799/396/463 54/112/462
f 11/91/94 734/234/277 2147/627/729 876/628/730
f 734/234/277 98/232/275 1068/629/731 2147/627/729
f 2147/627/729 1068/629/731 230/630/732 1071/631/733
f 876/628/730 2147/627/729 1071/631/733 173/632/734
f 98/232/275 735/231/274 2148/633/735 1068/629/731
f 735/231/274 24/133/150 874/616/718 2148/633/735
f 2148/633/735 874/616/718 172/620/722 1069/634/736
f 1068/629/731 2148/633/735 1069/634/736 230/630/732
f 230/630/732 1069/634/736 2149/635/737 1070/636/738
f 1069/634/736 172/620/722 873/626/728 2149/635/737
f 2149/635/737 873/626/728 54/112/462 830/518/602
f 1070/636/738 2149/635/737 830/518/602 147/379/598
f 173/632/734 1071/631/733 2150/637/739 875/638/740
f 1071/631/733 230/630/732 1070/636/738 2150/637/739
f 2150/637/739 1070/636/738 147/379/598 829/518/597
f 875/638/740 2150/637/739 829/518/597 50/364/419
f 29/153/171 669/266/311 2151/639/741 880/640/742
f 669/266/311 64/262/307 1072/641/743 2151/639/741
f 2151/639/741 1072/641/743 231/642/744 1075/643/745
f 880/640/742 2151/639/741 1075/643/745 175/644/746
f 64/262/307 670/260/305 2152/645/747 1072/641/743
f 670/260/305 8/5/5 877/646/748 2152/645/747
f 2152/645/747 877/646/748 174/647/749 1073/648/750
f 1072/641/743 2152/645/747 1073/648/750 231/642/744
f 231/642/744 1073/648/750 2153/649/751 1074/650/752
f 1073/648/750 174/647/749 878/651/753 2153/649/751
f 2153/649/751 878/651/753 36/5/348 765/134/632
f 1074/650/752 2153/649/751 765/134/632 113/162/636
f 175/644/746 1075/643/745 2154/652/754 879/640/755
f 1075/643/745 231/642/744 1074/650/752 2154/652/754
f 2154/652/754 1074/650/752 113/162/636 764/543/645
f 879/640/755 2154/652/754 764/543/645 35/169/496
f 20/195/226 720/194/225 2155/653/756 884/654/757
f 720/194/225 91/190/221 1076/655/758 2155/653/756
f 2155/653/756 1076/655/758 232/656/759 1079/657/760
f 884/654/757 2155/653/756 1079/657/760 177/658/761
f 91/190/221 721/189/220 2156/659/762 1076/655/758
f 721/189/220 19/188/219 881/660/763 2156/659/762
f 2156/659/762 881/660/763 176/661/764 1077/662/765
f 1076/655/758 2156/659/762 1077/662/765 232/656/759
f 232/656/759 1077/662/765 2157/663/766 1078/664/767
f 1077/662/765 176/661/764 882/665/768 2157/663/766
f 2157/663/766 882/665/768 60/479/556 816/478/555
f 1078/664/767 2157/663/766 816/478/555 140/475/552
f 177/658/761 1079/657/760 2158/666/769 883/667/770
f 1079/657/760 232/656/759 1078/664/767 2158/666/769
f 2158/666/769 1078/664/767 140/475/552 815/474/551
f 883/667/770 2158/666/769 815/474/551 59/473/550
f 2/668/771 671/669/772 2159/670/773 871/671/774
f 671/669/772 65/672/775 1082/673/776 2159/670/773
f 2159/670/773 1082/673/776 234/674/777 1085/675/778
f 871/671/774 2159/670/773 1085/675/778 168/676/779
f 632/677/780 672/678/781 2160/679/782 1970/680/783
f 672/678/781 3/287/333 885/681/784 2160/679/782
f 2160/679/782 885/681/784 178/682/785 1918/683/786
f 1970/680/783 2160/679/782 1918/683/786 640/684/787
f 640/684/787 1918/683/786 2161/685/788 1969/686/789
f 1918/683/786 178/682/785 886/687/790 2161/685/788
f 2161/685/788 886/687/790 37/550/652 767/688/791
f 1969/686/789 2161/685/788 767/688/791 636/689/792
f 168/676/779 1085/675/778 2162/690/793 872/691/794
f 1085/675/778 234/674/777 1084/692/795 2162/690/793
f 2162/690/793 1084/692/795 114/693/796 766/694/797
f 872/691/794 2162/690/793 766/694/797 34/695/798
f 30/116/125 692/115/124 2163/696/799 888/697/800
f 692/115/124 77/112/121 1086/698/801 2163/696/799
f 2163/696/799 1086/698/801 235/699/802 1089/700/803
f 888/697/800 2163/696/799 1089/700/803 179/701/804
f 77/112/121 693/111/120 2164/702/805 1086/698/801
f 693/111/120 4/110/119 860/559/661 2164/702/805
f 2164/702/805 860/559/661 162/563/665 1087/703/806
f 1086/698/801 2164/702/805 1087/703/806 235/699/802
f 235/699/802 1087/703/806 2165/704/807 1088/705/808
f 1087/703/806 162/563/665 859/572/674 2165/704/807
f 2165/704/807 859/572/674 45/287/444 788/384/443
f 1088/705/808 2165/704/807 788/384/443 126/381/439
f 179/701/804 1089/700/803 2166/706/809 887/707/810
f 1089/700/803 235/699/802 1088/705/808 2166/706/809
f 2166/706/809 1088/705/808 126/381/439 787/380/438
f 887/707/810 2166/706/809 787/380/438 44/379/437
f 19/188/219 722/186/217 2167/708/811 881/660/763
f 722/186/217 92/182/213 1090/709/812 2167/708/811
f 2167/708/811 1090/709/812 236/710/813 1093/711/814
f 881/660/763 2167/708/811 1093/711/814 176/661/764
f 92/182/213 723/180/211 2168/712/815 1090/709/812
f 723/180/211 14/144/162 870/604/706 2168/712/815
f 2168/712/815 870/604/706 167/608/710 1091/713/816
f 1090/709/812 2168/712/815 1091/713/816 236/710/813
f 236/710/813 1091/713/816 2169/714/817 1092/715/818
f 1091/713/816 167/608/710 869/614/716 2169/714/817
f 2169/714/817 869/614/716 52/427/495 818/461/537
f 1092/715/818 2169/714/817 818/461/537 141/465/541
f 176/661/764 1093/711/814 2170/716/819 882/665/768
f 1093/711/814 236/710/813 1092/715/818 2170/716/819
f 2170/716/819 1092/715/818 141/465/541 817/477/554
f 882/665/768 2170/716/819 817/477/554 60/479/556
f 10/162/182 752/160/180 2171/717/820 890/718/821
f 752/160/180 107/134/175 1094/719/822 2171/717/820
f 2171/717/820 1094/719/822 237/720/823 1097/721/824
f 890/718/821 2171/717/820 1097/721/824 180/644/825
f 107/134/175 753/154/172 2172/722/826 1094/719/822
f 753/154/172 29/153/171 880/640/742 2172/722/826
f 2172/722/826 880/640/742 175/644/746 1095/723/827
f 1094/719/822 2172/722/826 1095/723/827 237/720/823
f 237/720/823 1095/723/827 2173/724/828 1096/725/829
f 1095/723/827 175/644/746 879/640/755 2173/724/828
f 2173/724/828 879/640/755 35/169/496 848/430/499
f 1096/725/829 2173/724/828 848/430/499 156/433/504
f 180/644/825 1097/721/824 2174/726/830 889/727/831
f 1097/721/824 237/720/823 1096/725/829 2174/726/830
f 2174/726/830 1096/725/829 156/433/504 847/430/513
f 889/727/831 2174/726/830 847/430/513 42/5/515
f 18/120/832 724/199/230 2175/728/833 892/118/834
f 724/199/230 93/197/228 1098/729/835 2175/728/833
f 2175/728/833 1098/729/835 238/730/836 1101/731/837
f 892/118/834 2175/728/833 1101/731/837 181/117/838
f 93/197/228 725/196/227 2176/732/839 1098/729/835
f 725/196/227 20/195/226 884/654/757 2176/732/839
f 2176/732/839 884/654/757 177/658/761 1099/733/840
f 1098/729/835 2176/732/839 1099/733/840 238/730/836
f 238/730/836 1099/733/840 2177/734/841 1100/735/842
f 1099/733/840 177/658/761 883/667/770 2177/734/841
f 2177/734/841 883/667/770 59/473/550 820/472/549
f 1100/735/842 2177/734/841 820/472/549 142/468/544
f 181/117/838 1101/731/837 2178/736/843 891/737/844
f 1101/731/837 238/730/836 1100/735/842 2178/736/843
f 2178/736/843 1100/735/842 142/468/544 819/467/543
f 891/737/844 2178/736/843 819/467/543 51/370/845
f 3/287/333 754/286/332 2179/738/846 885/681/784
f 754/286/332 108/283/329 1102/739/847 2179/738/846
f 2179/738/846 1102/739/847 239/740/848 1105/741/849
f 885/681/784 2179/738/846 1105/741/849 178/682/785
f 108/283/329 755/282/328 2180/742/850 1102/739/847
f 755/282/328 30/116/125 888/697/800 2180/742/850
f 2180/742/850 888/697/800 179/701/804 1103/743/851
f 1102/739/847 2180/742/850 1103/743/851 239/740/848
f 239/740/848 1103/743/851 2181/744/852 1104/745/853
f 1103/743/851 179/701/804 887/707/810 2181/744/852
f 2181/744/852 887/707/810 44/379/437 850/556/658
f 1104/745/853 2181/744/852 850/556/658 157/552/654
f 178/682/785 1105/741/849 2182/746/854 886/687/790
f 1105/741/849 239/740/848 1104/745/853 2182/746/854
f 2182/746/854 1104/745/853 157/552/654 849/551/653
f 886/687/790 2182/746/854 849/551/653 37/550/652
f 8/5/5 682/73/73 2183/747/855 877/646/748
f 682/73/73 71/69/69 1106/748/856 2183/747/855
f 2183/747/855 1106/748/856 240/749/857 1109/750/858
f 877/646/748 2183/747/855 1109/750/858 174/647/749
f 71/69/69 683/68/68 2184/751/859 1106/748/856
f 683/68/68 9/58/58 893/752/860 2184/751/859
f 2184/751/859 893/752/860 182/753/861 1107/754/862
f 1106/748/856 2184/751/859 1107/754/862 240/749/857
f 240/749/857 1107/754/862 2185/755/863 1108/756/864
f 1107/754/862 182/753/861 894/757/865 2185/755/863
f 2185/755/863 894/757/865 38/327/377 778/349/400
f 1108/756/864 2185/755/863 778/349/400 120/347/398
f 174/647/749 1109/750/858 2186/758/866 878/651/753
f 1109/750/858 240/749/857 1108/756/864 2186/758/866
f 2186/758/866 1108/756/864 120/347/398 777/346/397
f 878/651/753 2186/758/866 777/346/397 36/5/348
f 9/58/58 674/57/57 2187/759/867 893/752/860
f 674/57/57 67/53/53 1110/760/868 2187/759/867
f 2187/759/867 1110/760/868 241/761/869 1113/762/870
f 893/752/860 2187/759/867 1113/762/870 182/753/861
f 67/53/53 675/52/52 2188/763/871 1110/760/868
f 675/52/52 5/51/51 895/51/872 2188/763/871
f 2188/763/871 895/51/872 183/51/873 1111/764/874
f 1110/760/868 2188/763/871 1111/764/874 241/761/869
f 241/761/869 1111/764/874 2189/765/875 1112/766/876
f 1111/764/874 183/51/873 896/51/877 2189/765/875
f 2189/765/875 896/51/877 39/332/383 770/331/382
f 1112/766/876 2189/765/875 770/331/382 116/329/379
f 182/753/861 1113/762/870 2190/767/878 894/757/865
f 1113/762/870 241/761/869 1112/766/876 2190/767/878
f 2190/767/878 1112/766/876 116/329/379 769/328/378
f 894/757/865 2190/767/878 769/328/378 38/327/377
f 26/169/191 696/241/284 2191/768/879 898/769/880
f 696/241/284 79/237/280 1114/770/881 2191/768/879
f 2191/768/879 1114/770/881 242/771/882 1117/772/883
f 898/769/880 2191/768/879 1117/772/883 184/773/884
f 79/237/280 697/235/278 2192/774/885 1114/770/881
f 697/235/278 10/162/182 890/718/821 2192/774/885
f 2192/774/885 890/718/821 180/644/825 1115/775/886
f 1114/770/881 2192/774/885 1115/775/886 242/771/882
f 242/771/882 1115/775/886 2193/776/887 1116/777/888
f 1115/775/886 180/644/825 889/727/831 2193/776/887
f 2193/776/887 889/727/831 42/5/515 792/523/605
f 1116/777/888 2193/776/887 792/523/605 128/526/609
f 184/773/884 1117/772/883 2194/778/889 897/779/890
f 1117/772/883 242/771/882 1116/777/888 2194/778/889
f 2194/778/889 1116/777/888 128/526/609 791/526/618
f 897/779/890 2194/778/889 791/526/618 48/442/516
f 21/89/246 726/212/245 2195/780/891 861/580/682
f 726/212/245 94/209/241 1118/781/892 2195/780/891
f 2195/780/891 1118/781/892 243/87/893 1121/782/894
f 861/580/682 2195/780/891 1121/782/894 163/581/683
f 94/209/241 727/208/240 2196/783/895 1118/781/892
f 727/208/240 22/84/239 899/784/896 2196/783/895
f 2196/783/895 899/784/896 185/785/897 1119/786/898
f 1118/781/892 2196/783/895 1119/786/898 243/87/893
f 243/87/893 1119/786/898 2197/787/899 1120/788/900
f 1119/786/898 185/785/897 900/789/901 2197/787/899
f 2197/787/899 900/789/901 62/499/576 822/498/575
f 1120/788/900 2197/787/899 822/498/575 143/495/572
f 163/581/683 1121/782/894 2198/790/902 862/585/687
f 1121/782/894 243/87/893 1120/788/900 2198/790/902
f 2198/790/902 1120/788/900 143/495/572 821/494/571
f 862/585/687 2198/790/902 821/494/571 61/493/570
f 12/134/202 742/134/200 2199/791/903 865/595/697
f 742/134/200 102/172/195 1122/792/904 2199/791/903
f 2199/791/903 1122/792/904 244/793/905 1125/794/906
f 865/595/697 2199/791/903 1125/794/906 165/596/698
f 102/172/195 743/134/192 2200/795/907 1122/792/904
f 743/134/192 26/169/191 898/769/880 2200/795/907
f 2200/795/907 898/769/880 184/773/884 1123/796/908
f 1122/792/904 2200/795/907 1123/796/908 244/793/905
f 244/793/905 1123/796/908 2201/797/909 1124/798/910
f 1123/796/908 184/773/884 897/779/890 2201/797/909
f 2201/797/909 897/779/890 48/442/516 838/444/519
f 1124/798/910 2201/797/909 838/444/519 151/448/524
f 165/596/698 1125/794/906 2202/799/911 866/600/702
f 1125/794/906 244/793/905 1124/798/910 2202/799/911
f 2202/799/911 1124/798/910 151/448/524 837/457/533
f 866/600/702 2202/799/911 837/457/533 47/459/535
f 27/91/100 698/92/99 2203/800/912 857/565/667
f 698/92/99 80/93/96 1126/801/913 2203/800/912
f 2203/800/912 1126/801/913 245/802/914 1129/803/915
f 857/565/667 2203/800/912 1129/803/915 161/566/668
f 80/93/96 699/92/95 2204/804/916 1126/801/913
f 699/92/95 11/91/94 876/628/730 2204/804/916
f 2204/804/916 876/628/730 173/632/734 1127/805/917
f 1126/801/913 2204/804/916 1127/805/917 245/802/914
f 245/802/914 1127/805/917 2205/806/918 1128/807/919
f 1127/805/917 173/632/734 875/638/740 2205/806/918
f 2205/806/918 875/638/740 50/364/419 794/363/418
f 1128/807/919 2205/806/918 794/363/418 129/359/414
f 161/566/668 1129/803/915 2206/808/920 858/570/672
f 1129/803/915 245/802/914 1128/807/919 2206/808/920
f 2206/808/920 1128/807/919 129/359/414 793/358/413
f 858/570/672 2206/808/920 793/358/413 49/287/412
f 22/84/239 728/206/237 2207/809/921 899/784/896
f 728/206/237 95/202/233 1130/810/922 2207/809/921
f 2207/809/921 1130/810/922 246/811/923 1133/812/924
f 899/784/896 2207/809/921 1133/812/924 185/785/897
f 95/202/233 729/200/231 2208/813/925 1130/810/922
f 729/200/231 18/120/137 892/118/926 2208/813/925
f 2208/813/925 892/118/926 181/117/927 1131/814/928
f 1130/810/922 2208/813/925 1131/814/928 246/811/923
f 246/811/923 1131/814/928 2209/815/929 1132/816/930
f 1131/814/928 181/117/927 891/737/931 2209/815/929
f 2209/815/929 891/737/931 51/370/475 824/481/558
f 1132/816/930 2209/815/929 824/481/558 144/485/562
f 185/785/897 1133/812/924 2210/817/932 900/789/901
f 1133/812/924 246/811/923 1132/816/930 2210/817/932
f 2210/817/932 1132/816/930 144/485/562 823/497/574
f 900/789/901 2210/817/932 823/497/574 62/499/576
f 315/818/933 1360/819/934 2211/820/935 1153/821/936
f 1360/819/934 422/822/937 1361/823/938 2211/820/935
f 2211/820/935 1361/823/938 316/7/939 1155/6/940
f 1153/821/936 2211/820/935 1155/6/940 252/5/941
f 422/822/937 1362/824/942 2212/825/943 1361/823/938
f 1362/824/942 325/15/944 1173/14/945 2212/825/943
f 2212/825/943 1173/14/945 260/13/946 1154/12/947
f 1361/823/938 2212/825/943 1154/12/947 316/7/939
f 633/16/16 1968/19/948 2213/18/949 673/17/17
f 1968/19/948 646/826/950 1924/827/951 2213/18/949
f 2213/18/949 1924/827/951 305/828/952 1135/21/953
f 673/17/17 2213/18/949 1135/21/953 1/20/20
f 646/826/950 1967/829/954 2214/830/955 1924/827/951
f 1967/829/954 642/831/956 1148/29/957 2214/830/955
f 2214/830/955 1148/29/957 251/28/958 1134/27/959
f 1924/827/951 2214/830/955 1134/27/959 305/828/952
f 642/831/956 1966/832/960 2215/833/961 1148/29/957
f 1966/832/960 647/36/962 1925/834/963 2215/833/961
f 2215/833/961 1925/834/963 309/835/964 1143/33/965
f 1148/29/957 2215/833/961 1143/33/965 251/28/958
f 647/36/962 1965/836/966 2216/837/967 1925/834/963
f 1965/836/966 643/838/968 1149/839/969 2216/837/967
f 2216/837/967 1149/839/969 250/840/970 1142/841/971
f 1925/834/963 2216/837/967 1142/841/971 309/835/964
f 1/20/20 1135/21/953 2217/842/972 676/43/43
f 1135/21/953 305/828/952 1372/843/973 2217/842/972
f 2217/842/972 1372/843/973 425/844/974 1369/845/975
f 676/43/43 2217/842/972 1369/845/975 68/45/45
f 68/45/45 1369/845/975 2218/50/976 677/49/49
f 1369/845/975 425/844/974 1370/54/977 2218/50/976
f 2218/50/976 1370/54/977 308/53/978 1141/52/979
f 677/49/49 2218/50/976 1141/52/979 5/51/51
f 425/844/974 1371/846/980 2219/847/981 1370/54/977
f 1371/846/980 314/848/982 1151/59/983 2219/847/981
f 2219/847/981 1151/59/983 253/58/984 1140/57/985
f 1370/54/977 2219/847/981 1140/57/985 308/53/978
f 305/828/952 1134/27/959 2220/61/986 1372/843/973
f 1134/27/959 251/28/958 1150/849/987 2220/61/986
f 2220/61/986 1150/849/987 314/848/982 1371/846/980
f 1372/843/973 2220/61/986 1371/846/980 425/844/974
f 251/28/958 1143/33/965 2221/850/988 1150/849/987
f 1143/33/965 309/835/964 1376/851/989 2221/850/988
f 2221/850/988 1376/851/989 426/852/990 1373/64/991
f 1150/849/987 2221/850/988 1373/64/991 314/848/982
f 314/848/982 1373/64/991 2222/853/992 1151/59/983
f 1373/64/991 426/852/990 1374/854/993 2222/853/992
f 2222/853/992 1374/854/993 311/69/994 1147/68/995
f 1151/59/983 2222/853/992 1147/68/995 253/58/984
f 426/852/990 1375/855/996 2223/856/997 1374/854/993
f 1375/855/996 315/818/933 1153/821/936 2223/856/997
f 2223/856/997 1153/821/936 252/5/941 1146/73/998
f 1374/854/993 2223/856/997 1146/73/998 311/69/994
f 309/835/964 1142/841/971 2224/857/999 1376/851/989
f 1142/841/971 250/840/970 1152/858/1000 2224/857/999
f 2224/857/999 1152/858/1000 315/818/933 1375/855/996
f 1376/851/989 2224/857/999 1375/855/996 426/852/990
f 272/76/1001 1215/79/1002 2225/78/1003 1182/859/1004
f 1215/79/1002 346/352/1005 1380/531/1006 2225/78/1003
f 2225/78/1003 1380/531/1006 427/122/1007 1377/78/1008
f 1182/859/1004 2225/78/1003 1377/78/1008 330/389/1009
f 330/389/1009 1377/78/1008 2226/860/1010 1183/861/1011
f 1377/78/1008 427/122/1007 1378/862/1012 2226/860/1010
f 2226/860/1010 1378/862/1012 326/122/1013 1175/863/1014
f 1183/861/1011 2226/860/1010 1175/863/1014 261/864/1015
f 427/122/1007 1379/865/1016 2227/866/1017 1378/862/1012
f 1379/865/1016 320/129/1018 1163/92/1019 2227/866/1017
f 2227/866/1017 1163/92/1019 255/91/1020 1174/90/1021
f 1378/862/1012 2227/866/1017 1174/90/1021 326/122/1013
f 346/352/1005 1214/867/1022 2228/868/1023 1380/531/1006
f 1214/867/1022 271/869/1024 1162/870/1025 2228/868/1023
f 2228/868/1023 1162/870/1025 320/129/1018 1379/865/1016
f 1380/531/1006 2228/868/1023 1379/865/1016 427/122/1007
f 275/94/1026 1225/97/1027 2229/871/1028 1180/872/1029
f 1225/97/1027 351/102/1030 1384/873/1031 2229/871/1028
f 2229/871/1028 1384/873/1031 428/100/1032 1381/99/1033
f 1180/872/1029 2229/871/1028 1381/99/1033 329/98/1034
f 329/98/1034 1381/99/1033 2230/874/1035 1181/387/1036
f 1381/99/1033 428/100/1032 1382/106/1037 2230/874/1035
f 2230/874/1035 1382/106/1037 324/102/1038 1171/105/1039
f 1181/387/1036 2230/874/1035 1171/105/1039 259/98/1040
f 428/100/1032 1383/108/1041 2231/875/1042 1382/106/1037
f 1383/108/1041 317/112/1043 1157/876/1044 2231/875/1042
f 2231/875/1042 1157/876/1044 249/112/1045 1170/877/1046
f 1382/106/1037 2231/875/1042 1170/877/1046 324/102/1038
f 351/102/1030 1224/878/1047 2232/113/1048 1384/873/1031
f 1224/878/1047 274/116/1049 1156/879/1050 2232/113/1048
f 2232/113/1048 1156/879/1050 317/112/1043 1383/108/1041
f 1384/873/1031 2232/113/1048 1383/108/1041 428/100/1032
f 269/120/1051 1205/880/1052 2233/881/1053 1178/118/1054
f 1205/880/1052 341/882/1055 1388/883/1056 2233/881/1053
f 2233/881/1053 1388/883/1056 429/122/1057 1385/121/1058
f 1178/118/1054 2233/881/1053 1385/121/1058 328/120/1059
f 328/120/1059 1385/121/1058 2234/125/1060 1179/884/1061
f 1385/121/1058 429/122/1057 1386/122/1062 2234/125/1060
f 2234/125/1060 1386/122/1062 327/122/1063 1177/126/1064
f 1179/884/1061 2234/125/1060 1177/126/1064 262/120/1065
f 429/122/1057 1387/128/1066 2235/866/1067 1386/122/1062
f 1387/128/1066 323/129/1068 1169/92/1069 2235/866/1067
f 2235/866/1067 1169/92/1069 257/91/1070 1176/90/1071
f 1386/122/1062 2235/866/1067 1176/90/1071 327/122/1063
f 341/882/1055 1204/885/1072 2236/886/1073 1388/883/1056
f 1204/885/1072 268/133/1074 1168/132/1075 2236/886/1073
f 2236/886/1073 1168/132/1075 323/129/1068 1387/128/1066
f 1388/883/1056 2236/886/1073 1387/128/1066 429/122/1057
f 267/5/1076 1203/6/1077 2237/887/1078 1197/888/1079
f 1203/6/1077 340/141/1080 1392/140/1081 2237/887/1078
f 2237/887/1078 1392/140/1081 430/889/1082 1389/890/1083
f 1197/888/1079 2237/887/1078 1389/890/1083 337/891/1084
f 337/891/1084 1389/890/1083 2238/892/1085 1196/893/1086
f 1389/890/1083 430/889/1082 1390/894/1087 2238/892/1085
f 2238/892/1085 1390/894/1087 321/146/1088 1165/895/1089
f 1196/893/1086 2238/892/1085 1165/895/1089 258/896/1090
f 430/889/1082 1391/149/1091 2239/897/1092 1390/894/1087
f 1391/149/1091 328/120/1059 1179/884/1061 2239/897/1092
f 2239/897/1092 1179/884/1061 262/120/1065 1164/150/1093
f 1390/894/1087 2239/897/1092 1164/150/1093 321/146/1088
f 340/141/1080 1202/898/1094 2240/899/1095 1392/140/1081
f 1202/898/1094 269/120/1051 1178/118/1054 2240/899/1095
f 2240/899/1095 1178/118/1054 328/120/1059 1391/149/1091
f 1392/140/1081 2240/899/1095 1391/149/1091 430/889/1082
f 273/160/1096 1223/156/1097 2241/156/1098 1217/160/1099
f 1223/156/1097 350/159/1100 1396/158/1101 2241/156/1098
f 2241/156/1098 1396/158/1101 431/157/1102 1393/6/1103
f 1217/160/1099 2241/156/1098 1393/6/1103 347/162/1104
f 347/162/1104 1393/6/1103 2242/900/1105 1216/901/1106
f 1393/6/1103 431/157/1102 1394/902/1107 2242/900/1105
f 2242/900/1105 1394/902/1107 310/7/1108 1145/163/1109
f 1216/901/1106 2242/900/1105 1145/163/1109 254/134/1110
f 431/157/1102 1395/903/1111 2243/904/1112 1394/902/1107
f 1395/903/1111 329/98/1034 1181/387/1036 2243/904/1112
f 2243/904/1112 1181/387/1036 259/98/1040 1144/905/1113
f 1394/902/1107 2243/904/1112 1144/905/1113 310/7/1108
f 350/159/1100 1222/168/1114 2244/906/1115 1396/158/1101
f 1222/168/1114 275/94/1026 1180/872/1029 2244/906/1115
f 2244/906/1115 1180/872/1029 329/98/1034 1395/903/1111
f 1396/158/1101 2244/906/1115 1395/903/1111 431/157/1102
f 270/169/1116 1213/907/1117 2245/908/1118 1207/134/1119
f 1213/907/1117 345/439/1120 1400/909/1121 2245/908/1118
f 2245/908/1118 1400/909/1121 432/910/1122 1397/911/1123
f 1207/134/1119 2245/908/1118 1397/911/1123 342/526/1124
f 342/526/1124 1397/911/1123 2246/912/1125 1206/913/1126
f 1397/911/1123 432/910/1122 1398/910/1127 2246/912/1125
f 2246/912/1125 1398/910/1127 318/914/1128 1159/915/1129
f 1206/913/1126 2246/912/1125 1159/915/1129 256/5/1130
f 432/910/1122 1399/166/1131 2247/916/1132 1398/910/1127
f 1399/166/1131 330/389/1009 1183/861/1011 2247/916/1132
f 2247/916/1132 1183/861/1011 261/864/1015 1158/917/1133
f 1398/910/1127 2247/916/1132 1158/917/1133 318/914/1128
f 345/439/1120 1212/918/1134 2248/919/1135 1400/909/1121
f 1212/918/1134 272/76/1001 1182/859/1004 2248/919/1135
f 2248/919/1135 1182/859/1004 330/389/1009 1399/166/1131
f 1400/909/1121 2248/919/1135 1399/166/1131 432/910/1122
f 258/896/1090 1165/895/1089 2249/920/1136 1187/921/1137
f 1165/895/1089 321/146/1088 1404/922/1138 2249/920/1136
f 2249/920/1136 1404/922/1138 433/184/1139 1401/183/1140
f 1187/921/1137 2249/920/1136 1401/183/1140 332/182/1141
f 332/182/1141 1401/183/1140 2250/923/1142 1186/924/1143
f 1401/183/1140 433/184/1139 1402/191/1144 2250/923/1142
f 2250/923/1142 1402/191/1144 331/925/1145 1185/926/1146
f 1186/924/1143 2250/923/1142 1185/926/1146 263/927/1147
f 433/184/1139 1403/193/1148 2251/928/1149 1402/191/1144
f 1403/193/1148 333/197/1150 1189/929/1151 2251/928/1149
f 2251/928/1149 1189/929/1151 264/195/1152 1184/194/1153
f 1402/191/1144 2251/928/1149 1184/194/1153 331/925/1145
f 321/146/1088 1164/150/1093 2252/930/1154 1404/922/1138
f 1164/150/1093 262/120/1065 1188/199/1155 2252/930/1154
f 2252/930/1154 1188/199/1155 333/197/1150 1403/193/1148
f 1404/922/1138 2252/930/1154 1403/193/1148 433/184/1139
f 262/120/1065 1177/126/1064 2253/931/1156 1193/932/1157
f 1177/126/1064 327/122/1063 1408/933/1158 2253/931/1156
f 2253/931/1156 1408/933/1158 434/204/1159 1405/203/1160
f 1193/932/1157 2253/931/1156 1405/203/1160 335/202/1161
f 335/202/1161 1405/203/1160 2254/934/1162 1192/935/1163
f 1405/203/1160 434/204/1159 1406/209/1164 2254/934/1162
f 2254/934/1162 1406/209/1164 334/936/1165 1191/937/1166
f 1192/935/1163 2254/934/1162 1191/937/1166 266/938/1167
f 434/204/1159 1407/939/1168 2255/940/1169 1406/209/1164
f 1407/939/1168 336/214/1170 1195/213/1171 2255/940/1169
f 2255/940/1169 1195/213/1171 265/89/1172 1190/212/1173
f 1406/209/1164 2255/940/1169 1190/212/1173 334/936/1165
f 327/122/1063 1176/90/1071 2256/941/1174 1408/933/1158
f 1176/90/1071 257/91/1070 1194/942/1175 2256/941/1174
f 2256/941/1174 1194/942/1175 336/214/1170 1407/939/1168
f 1408/933/1158 2256/941/1174 1407/939/1168 434/204/1159
f 256/5/1130 1159/915/1129 2257/943/1176 1167/134/1177
f 1159/915/1129 318/914/1128 1412/157/1178 2257/943/1176
f 2257/943/1176 1412/157/1178 435/7/1179 1409/161/1180
f 1167/134/1177 2257/943/1176 1409/161/1180 322/172/1181
f 322/172/1181 1409/161/1180 2258/944/1182 1166/134/1183
f 1409/161/1180 435/7/1179 1410/141/1184 2258/944/1182
f 2258/944/1182 1410/141/1184 340/141/1080 1203/6/1077
f 1166/134/1183 2258/944/1182 1203/6/1077 267/5/1076
f 435/7/1179 1411/945/1185 2259/946/1186 1410/141/1184
f 1411/945/1185 339/947/1187 1201/948/1188 2259/946/1186
f 2259/946/1186 1201/948/1188 269/120/1051 1202/898/1094
f 1410/141/1184 2259/946/1186 1202/898/1094 340/141/1080
f 318/914/1128 1158/917/1133 2260/949/1189 1412/157/1178
f 1158/917/1133 261/864/1015 1200/950/1190 2260/949/1189
f 2260/949/1189 1200/950/1190 339/947/1187 1411/945/1185
f 1412/157/1178 2260/949/1189 1411/945/1185 435/7/1179
f 261/864/1015 1175/863/1014 2261/951/1191 1200/950/1190
f 1175/863/1014 326/122/1013 1416/226/1192 2261/951/1191
f 2261/951/1191 1416/226/1192 436/952/1193 1413/953/1194
f 1200/950/1190 2261/951/1191 1413/953/1194 339/947/1187
f 339/947/1187 1413/953/1194 2262/954/1195 1201/948/1188
f 1413/953/1194 436/952/1193 1414/955/1196 2262/954/1195
f 2262/954/1195 1414/955/1196 341/882/1055 1205/880/1052
f 1201/948/1188 2262/954/1195 1205/880/1052 269/120/1051
f 436/952/1193 1415/230/1197 2263/956/1198 1414/955/1196
f 1415/230/1197 338/232/1199 1199/231/1200 2263/956/1198
f 2263/956/1198 1199/231/1200 268/133/1074 1204/885/1072
f 1414/955/1196 2263/956/1198 1204/885/1072 341/882/1055
f 326/122/1013 1174/90/1021 2264/957/1201 1416/226/1192
f 1174/90/1021 255/91/1020 1198/958/1202 2264/957/1201
f 2264/957/1201 1198/958/1202 338/232/1199 1415/230/1197
f 1416/226/1192 2264/957/1201 1415/230/1197 436/952/1193
f 254/134/1110 1145/163/1109 2265/959/1203 1161/960/1204
f 1145/163/1109 310/7/1108 1420/240/1205 2265/959/1203
f 2265/959/1203 1420/240/1205 437/239/1206 1417/238/1207
f 1161/960/1204 2265/959/1203 1417/238/1207 319/237/1208
f 319/237/1208 1417/238/1207 2266/961/1209 1160/241/1210
f 1417/238/1207 437/239/1206 1418/437/1211 2266/961/1209
f 2266/961/1209 1418/437/1211 345/439/1120 1213/907/1117
f 1160/241/1210 2266/961/1209 1213/907/1117 270/169/1116
f 437/239/1206 1419/962/1212 2267/436/1213 1418/437/1211
f 1419/962/1212 344/83/1214 1211/356/1215 2267/436/1213
f 2267/436/1213 1211/356/1215 272/76/1001 1212/918/1134
f 1418/437/1211 2267/436/1213 1212/918/1134 345/439/1120
f 310/7/1108 1144/905/1113 2268/963/1216 1420/240/1205
f 1144/905/1113 259/98/1040 1210/964/1217 2268/963/1216
f 2268/963/1216 1210/964/1217 344/83/1214 1419/962/1212
f 1420/240/1205 2268/963/1216 1419/962/1212 437/239/1206
f 259/98/1040 1171/105/1039 2269/965/1218 1210/964/1217
f 1171/105/1039 324/102/1038 1424/251/1219 2269/965/1218
f 2269/965/1218 1424/251/1219 438/250/1220 1421/249/1221
f 1210/964/1217 2269/965/1218 1421/249/1221 344/83/1214
f 344/83/1214 1421/249/1221 2270/966/1222 1211/356/1215
f 1421/249/1221 438/250/1220 1422/253/1223 2270/966/1222
f 2270/966/1222 1422/253/1223 346/352/1005 1215/79/1002
f 1211/356/1215 2270/966/1222 1215/79/1002 272/76/1001
f 438/250/1220 1423/255/1224 2271/967/1225 1422/253/1223
f 1423/255/1224 343/257/1226 1209/256/1227 2271/967/1225
f 2271/967/1225 1209/256/1227 271/869/1024 1214/867/1022
f 1422/253/1223 2271/967/1225 1214/867/1022 346/352/1005
f 324/102/1038 1170/877/1046 2272/968/1228 1424/251/1219
f 1170/877/1046 249/112/1045 1208/380/1229 2272/968/1228
f 2272/968/1228 1208/380/1229 343/257/1226 1423/255/1224
f 1424/251/1219 2272/968/1228 1423/255/1224 438/250/1220
f 252/5/941 1155/6/940 2273/969/1230 1137/970/1231
f 1155/6/940 316/7/939 1428/265/1232 2273/969/1230
f 2273/969/1230 1428/265/1232 439/264/1233 1425/263/1234
f 1137/970/1231 2273/969/1230 1425/263/1234 306/262/1235
f 306/262/1235 1425/263/1234 2274/971/1236 1136/972/1237
f 1425/263/1234 439/264/1233 1426/240/1238 2274/971/1236
f 2274/971/1236 1426/240/1238 350/159/1100 1223/156/1097
f 1136/972/1237 2274/971/1236 1223/156/1097 273/160/1096
f 439/264/1233 1427/269/1239 2275/973/1240 1426/240/1238
f 1427/269/1239 349/974/1241 1221/975/1242 2275/973/1240
f 2275/973/1240 1221/975/1242 275/94/1026 1222/168/1114
f 1426/240/1238 2275/973/1240 1222/168/1114 350/159/1100
f 316/7/939 1154/12/947 2276/976/1243 1428/265/1232
f 1154/12/947 260/13/946 1220/273/1244 2276/976/1243
f 2276/976/1243 1220/273/1244 349/974/1241 1427/269/1239
f 1428/265/1232 2276/976/1243 1427/269/1239 439/264/1233
f 260/13/946 1173/14/945 2277/274/1245 1220/273/1244
f 1173/14/945 325/15/944 1432/277/1246 2277/274/1245
f 2277/274/1245 1432/277/1246 440/276/1247 1429/977/1248
f 1220/273/1244 2277/274/1245 1429/977/1248 349/974/1241
f 349/974/1241 1429/977/1248 2278/978/1249 1221/975/1242
f 1429/977/1248 440/276/1247 1430/279/1250 2278/978/1249
f 2278/978/1249 1430/279/1250 351/102/1030 1225/97/1027
f 1221/975/1242 2278/978/1249 1225/97/1027 275/94/1026
f 440/276/1247 1431/281/1251 2279/979/1252 1430/279/1250
f 1431/281/1251 348/283/1253 1219/980/1254 2279/979/1252
f 2279/979/1252 1219/980/1254 274/116/1049 1224/878/1047
f 1430/279/1250 2279/979/1252 1224/878/1047 351/102/1030
f 325/15/944 1172/285/1255 2280/981/1256 1432/277/1246
f 1172/285/1255 248/287/1257 1218/982/1258 2280/981/1256
f 2280/981/1256 1218/982/1258 348/283/1253 1431/281/1251
f 1432/277/1246 2280/981/1256 1431/281/1251 440/276/1247
f 441/983/1259 1434/984/1260 2281/985/1261 1433/986/1262
f 1434/984/1260 363/987/1263 1246/988/1264 2281/985/1261
f 2281/985/1261 1246/988/1264 285/294/1265 1265/989/1266
f 1433/986/1262 2281/985/1261 1265/989/1266 372/292/1267
f 362/990/1268 1245/991/1269 2282/992/1270 1435/993/1271
f 1245/991/1269 279/5/1272 1247/994/1273 2282/992/1270
f 2282/992/1270 1247/994/1273 363/987/1263 1434/984/1260
f 1435/993/1271 2282/992/1270 1434/984/1260 441/983/1259
f 631/995/1274 1905/996/1275 2283/997/1276 1907/998/1277
f 1905/996/1275 352/999/1278 1226/1000/1279 2283/997/1276
f 2283/997/1276 1226/1000/1279 276/1001/1280 1240/1002/1281
f 1907/998/1277 2283/997/1276 1240/1002/1281 630/1003/1282
f 627/311/358 768/314/361 2284/1004/1283 1906/1005/1284
f 768/314/361 33/20/363 1227/1006/1285 2284/1004/1283
f 2284/1004/1283 1227/1006/1285 352/999/1278 1905/996/1275
f 1906/1005/1284 2284/1004/1283 1905/996/1275 631/995/1274
f 33/20/363 771/43/365 2285/1007/1286 1227/1006/1285
f 771/43/365 117/45/369 1442/1008/1287 2285/1007/1286
f 2285/1007/1286 1442/1008/1287 443/1009/1288 1439/1010/1289
f 1227/1006/1285 2285/1007/1286 1439/1010/1289 352/999/1278
f 352/999/1278 1439/1010/1289 2286/1011/1290 1226/1000/1279
f 1439/1010/1289 443/1009/1288 1440/1012/1291 2286/1011/1290
f 2286/1011/1290 1440/1012/1291 361/322/1292 1242/1013/1293
f 1226/1000/1279 2286/1011/1290 1242/1013/1293 276/1001/1280
f 443/1009/1288 1441/1014/1294 2287/324/1295 1440/1012/1291
f 1441/1014/1294 355/329/1296 1232/1015/1297 2287/324/1295
f 2287/324/1295 1232/1015/1297 281/327/1298 1243/1016/1299
f 1440/1012/1291 2287/324/1295 1243/1016/1299 361/322/1292
f 117/45/369 772/49/381 2288/1017/1300 1442/1008/1287
f 772/49/381 39/332/383 1233/331/1301 2288/1017/1300
f 2288/1017/1300 1233/331/1301 355/329/1296 1441/1014/1294
f 1442/1008/1287 2288/1017/1300 1441/1014/1294 443/1009/1288
f 276/1001/1280 1242/1013/1293 2289/1018/1302 1235/1019/1303
f 1242/1013/1293 361/322/1292 1446/1020/1304 2289/1018/1302
f 2289/1018/1302 1446/1020/1304 444/1021/1305 1443/1022/1306
f 1235/1019/1303 2289/1018/1302 1443/1022/1306 356/1023/1307
f 356/1023/1307 1443/1022/1306 2290/1024/1308 1234/1025/1309
f 1443/1022/1306 444/1021/1305 1444/1026/1310 2290/1024/1308
f 2290/1024/1308 1444/1026/1310 362/990/1268 1244/1027/1311
f 1234/1025/1309 2290/1024/1308 1244/1027/1311 282/1028/1312
f 444/1021/1305 1445/1029/1313 2291/1030/1314 1444/1026/1310
f 1445/1029/1313 358/1031/1315 1238/1032/1316 2291/1030/1314
f 2291/1030/1314 1238/1032/1316 279/5/1272 1245/991/1269
f 1444/1026/1310 2291/1030/1314 1245/991/1269 362/990/1268
f 361/322/1292 1243/1016/1299 2292/1033/1317 1446/1020/1304
f 1243/1016/1299 281/327/1298 1239/1034/1318 2292/1033/1317
f 2292/1033/1317 1239/1034/1318 358/1031/1315 1445/1029/1313
f 1446/1020/1304 2292/1033/1317 1445/1029/1313 444/1021/1305
f 300/76/1319 1274/77/1320 2293/350/1321 1307/79/1322
f 1274/77/1320 377/387/1323 1450/1035/1324 2293/350/1321
f 2293/350/1321 1450/1035/1324 445/1036/1325 1447/1037/1326
f 1307/79/1322 2293/350/1321 1447/1037/1326 393/352/1327
f 393/352/1327 1447/1037/1326 2294/1038/1328 1306/89/1329
f 1447/1037/1326 445/1036/1325 1448/360/1330 2294/1038/1328
f 2294/1038/1328 1448/360/1330 367/1039/1331 1254/1040/1332
f 1306/89/1329 2294/1038/1328 1254/1040/1332 291/287/1333
f 445/1036/1325 1449/1041/1334 2295/1042/1335 1448/360/1330
f 1449/1041/1334 373/1043/1336 1266/1044/1337 2295/1042/1335
f 2295/1042/1335 1266/1044/1337 292/364/1338 1255/363/1339
f 1448/360/1330 2295/1042/1335 1255/363/1339 367/1039/1331
f 377/387/1323 1275/1045/1340 2296/1046/1341 1450/1035/1324
f 1275/1045/1340 288/389/1342 1267/390/1343 2296/1046/1341
f 2296/1046/1341 1267/390/1343 373/1043/1336 1449/1041/1334
f 1450/1035/1324 2296/1046/1341 1449/1041/1334 445/1036/1325
f 299/94/1344 1272/1047/1345 2297/1048/1346 1317/1049/1347
f 1272/1047/1345 376/376/1348 1454/375/1349 2297/1048/1346
f 2297/1048/1346 1454/375/1349 446/250/1350 1451/251/1351
f 1317/1049/1347 2297/1048/1346 1451/251/1351 398/374/1352
f 398/374/1352 1451/251/1351 2298/1050/1353 1316/377/1354
f 1451/251/1351 446/250/1350 1452/255/1355 2298/1050/1353
f 2298/1050/1353 1452/255/1355 364/1051/1356 1248/1052/1357
f 1316/377/1354 2298/1050/1353 1248/1052/1357 286/112/1358
f 446/250/1350 1453/383/1359 2299/1053/1360 1452/255/1355
f 1453/383/1359 371/1054/1361 1262/285/1362 2299/1053/1360
f 2299/1053/1360 1262/285/1362 287/869/1363 1249/384/1364
f 1452/255/1355 2299/1053/1360 1249/384/1364 364/1051/1356
f 376/376/1348 1273/387/1365 2300/1055/1366 1454/375/1349
f 1273/387/1365 283/98/1367 1263/388/1368 2300/1055/1366
f 2300/1055/1366 1263/388/1368 371/1054/1361 1453/383/1359
f 1454/375/1349 2300/1055/1366 1453/383/1359 446/250/1350
f 298/389/1369 1270/389/1370 2301/1056/1371 1297/390/1372
f 1270/389/1370 375/83/1373 1458/390/1374 2301/1056/1371
f 2301/1056/1371 1458/390/1374 447/1043/1375 1455/1057/1376
f 1297/390/1372 2301/1056/1371 1455/1057/1376 388/1043/1377
f 388/1043/1377 1455/1057/1376 2302/1058/1378 1296/1059/1379
f 1455/1057/1376 447/1043/1375 1456/1060/1380 2302/1058/1378
f 2302/1058/1378 1456/1060/1380 370/112/1381 1260/1061/1382
f 1296/1059/1379 2302/1058/1378 1260/1061/1382 296/112/1383
f 447/1043/1375 1457/1062/1384 2303/1063/1385 1456/1060/1380
f 1457/1062/1384 374/1064/1386 1268/1065/1387 2303/1063/1385
f 2303/1063/1385 1268/1065/1387 297/379/1388 1261/518/1389
f 1456/1060/1380 2303/1063/1385 1261/518/1389 370/112/1381
f 375/83/1373 1271/1066/1390 2304/1067/1391 1458/390/1374
f 1271/1066/1390 293/370/1392 1269/1068/1393 2304/1067/1391
f 2304/1067/1391 1269/1068/1393 374/1064/1386 1457/1062/1384
f 1458/390/1374 2304/1067/1391 1457/1062/1384 447/1043/1375
f 295/408/1394 1289/1069/1395 2305/1070/1396 1295/409/1397
f 1289/1069/1395 384/1071/1398 1462/1072/1399 2305/1070/1396
f 2305/1070/1396 1462/1072/1399 448/414/1400 1459/1073/1401
f 1295/409/1397 2305/1070/1396 1459/1073/1401 387/412/1402
f 387/412/1402 1459/1073/1401 2306/418/1403 1294/1074/1404
f 1459/1073/1401 448/414/1400 1460/419/1405 2306/418/1403
f 2306/418/1403 1460/419/1405 375/83/1373 1270/389/1370
f 1294/1074/1404 2306/418/1403 1270/389/1370 298/389/1369
f 448/414/1400 1461/421/1406 2307/420/1407 1460/419/1405
f 1461/421/1406 368/423/1408 1256/422/1409 2307/420/1407
f 2307/420/1407 1256/422/1409 293/370/1392 1271/1066/1390
f 1460/419/1405 2307/420/1407 1271/1066/1390 375/83/1373
f 384/1071/1398 1288/1075/1410 2308/1076/1411 1462/1072/1399
f 1288/1075/1410 294/1077/1412 1257/1078/1413 2308/1076/1411
f 2308/1076/1411 1257/1078/1413 368/423/1408 1461/421/1406
f 1462/1072/1399 2308/1076/1411 1461/421/1406 448/414/1400
f 278/169/1414 1309/430/1415 2309/1079/1416 1315/1080/1417
f 1309/430/1415 394/433/1418 1466/238/1419 2309/1079/1416
f 2309/1079/1416 1466/238/1419 449/432/1420 1463/431/1421
f 1315/1080/1417 2309/1079/1416 1463/431/1421 397/175/1422
f 397/175/1422 1463/431/1421 2310/1081/1423 1314/168/1424
f 1463/431/1421 449/432/1420 1464/435/1425 2310/1081/1423
f 2310/1081/1423 1464/435/1425 376/376/1348 1272/1047/1345
f 1314/168/1424 2310/1081/1423 1272/1047/1345 299/94/1344
f 449/432/1420 1465/437/1426 2311/436/1427 1464/435/1425
f 1465/437/1426 357/1082/1428 1236/438/1429 2311/436/1427
f 2311/436/1427 1236/438/1429 283/98/1367 1273/387/1365
f 1464/435/1425 2311/436/1427 1273/387/1365 376/376/1348
f 394/433/1418 1308/430/1430 2312/961/1431 1466/238/1419
f 1308/430/1430 284/5/1432 1237/1083/1433 2312/961/1431
f 2312/961/1431 1237/1083/1433 357/1082/1428 1465/437/1426
f 1466/238/1419 2312/961/1431 1465/437/1426 449/432/1420
f 290/442/1434 1299/1084/1435 2313/1085/1436 1305/6/1437
f 1299/1084/1435 389/448/1438 1470/1086/1439 2313/1085/1436
f 2313/1085/1436 1470/1086/1439 450/446/1440 1467/1087/1441
f 1305/6/1437 2313/1085/1436 1467/1087/1441 392/175/1442
f 392/175/1442 1467/1087/1441 2314/1088/1443 1304/179/1444
f 1467/1087/1441 450/446/1440 1468/451/1445 2314/1088/1443
f 2314/1088/1443 1468/451/1445 377/387/1323 1274/77/1320
f 1304/179/1444 2314/1088/1443 1274/77/1320 300/76/1319
f 450/446/1440 1469/453/1446 2315/1089/1447 1468/451/1445
f 1469/453/1446 365/455/1448 1250/1090/1449 2315/1089/1447
f 2315/1089/1447 1250/1090/1449 288/389/1342 1275/1045/1340
f 1468/451/1445 2315/1089/1447 1275/1045/1340 377/387/1323
f 389/448/1438 1298/457/1450 2316/1091/1451 1470/1086/1439
f 1298/457/1450 289/459/1452 1251/1092/1453 2316/1091/1451
f 2316/1091/1451 1251/1092/1453 365/455/1448 1469/453/1446
f 1470/1086/1439 2316/1091/1451 1469/453/1446 450/446/1440
f 294/1077/1412 1279/1093/1454 2317/1094/1455 1257/1078/1413
f 1279/1093/1454 379/1095/1456 1474/1096/1457 2317/1094/1455
f 2317/1094/1455 1474/1096/1457 451/463/1458 1471/1097/1459
f 1257/1078/1413 2317/1094/1455 1471/1097/1459 368/423/1408
f 368/423/1408 1471/1097/1459 2318/1098/1460 1256/422/1409
f 1471/1097/1459 451/463/1458 1472/469/1461 2318/1098/1460
f 2318/1098/1460 1472/469/1462 380/1099/1463 1280/1100/1464
f 1256/422/1409 2318/1098/1460 1280/1100/1464 293/370/1392
f 451/463/1458 1473/1101/1465 2319/1102/1466 1472/469/1461
f 1473/1101/1465 378/1103/1467 1276/1104/1468 2319/1102/1466
f 2319/1102/1466 1276/1104/1468 301/473/1469 1281/1105/1470
f 1472/469/1462 2319/1102/1466 1281/1105/1470 380/1099/1463
f 379/1095/1456 1278/1106/1471 2320/1107/1472 1474/1096/1457
f 1278/1106/1471 302/479/1473 1277/478/1474 2320/1107/1472
f 2320/1107/1472 1277/478/1474 378/1103/1467 1473/1101/1465
f 1474/1096/1457 2320/1107/1472 1473/1101/1465 451/463/1458
f 293/370/1392 1285/1108/1475 2321/1109/1476 1269/1068/1393
f 1285/1108/1475 382/1110/1477 1478/1111/1478 2321/1109/1476
f 2321/1109/1476 1478/1111/1478 452/1112/1479 1475/1113/1480
f 1269/1068/1393 2321/1109/1476 1475/1113/1480 374/1064/1386
f 374/1064/1386 1475/1113/1480 2322/1114/1481 1268/1065/1387
f 1475/1113/1480 452/1112/1479 1476/1115/1482 2322/1114/1481
f 2322/1114/1481 1476/1115/1482 383/1116/1483 1286/1117/1484
f 1268/1065/1387 2322/1114/1481 1286/1117/1484 297/379/1388
f 452/1112/1479 1477/1118/1485 2323/1119/1486 1476/1115/1482
f 1477/1118/1485 381/1120/1487 1282/212/1488 2323/1119/1486
f 2323/1119/1486 1282/212/1488 303/90/1489 1287/1121/1490
f 1476/1115/1482 2323/1119/1486 1287/1121/1490 383/1116/1483
f 382/1110/1477 1284/1122/1491 2324/1123/1492 1478/1111/1478
f 1284/1122/1491 304/388/1493 1283/1124/1494 2324/1123/1492
f 2324/1123/1492 1283/1124/1494 381/1120/1487 1477/1118/1485
f 1478/1111/1478 2324/1123/1492 1477/1118/1485 452/1112/1479
f 289/459/1452 1259/1125/1495 2325/1126/1496 1251/1092/1453
f 1259/1125/1495 369/408/1497 1482/1127/1498 2325/1126/1496
f 2325/1126/1496 1482/1127/1498 453/503/1499 1479/1128/1500
f 1251/1092/1453 2325/1126/1496 1479/1128/1500 365/455/1448
f 365/455/1448 1479/1128/1500 2326/1129/1501 1250/1090/1449
f 1479/1128/1500 453/503/1499 1480/507/1502 2326/1129/1501
f 2326/1129/1501 1480/507/1502 386/13/1503 1292/510/1504
f 1250/1090/1449 2326/1129/1501 1292/510/1504 288/389/1342
f 453/503/1499 1481/509/1505 2327/508/1506 1480/507/1502
f 1481/509/1505 387/412/1402 1294/1074/1404 2327/508/1506
f 2327/508/1506 1294/1074/1404 298/389/1369 1293/510/1507
f 1480/507/1502 2327/508/1506 1293/510/1507 386/13/1503
f 369/408/1497 1258/1130/1508 2328/409/1509 1482/1127/1498
f 1258/1130/1508 295/408/1394 1295/409/1397 2328/409/1509
f 2328/409/1509 1295/409/1397 387/412/1402 1481/509/1505
f 1482/1127/1498 2328/409/1509 1481/509/1505 453/503/1499
f 288/389/1342 1292/510/1504 2329/521/1510 1267/390/1343
f 1292/510/1504 386/13/1503 1486/1131/1511 2329/521/1510
f 2329/521/1510 1486/1131/1511 454/1132/1512 1483/520/1513
f 1267/390/1343 2329/521/1510 1483/520/1513 373/1043/1336
f 373/1043/1336 1483/520/1513 2330/1133/1514 1266/1044/1337
f 1483/520/1513 454/1132/1512 1484/519/1515 2330/1133/1514
f 2330/1133/1514 1484/519/1515 385/379/1516 1290/518/1517
f 1266/1044/1337 2330/1133/1514 1290/518/1517 292/364/1338
f 454/1132/1512 1485/520/1518 2331/394/1519 1484/519/1515
f 1485/520/1518 388/1043/1377 1296/1059/1379 2331/394/1519
f 2331/394/1519 1296/1059/1379 296/112/1383 1291/518/1520
f 1484/519/1515 2331/394/1519 1291/518/1520 385/379/1516
f 386/13/1503 1293/510/1507 2332/521/1521 1486/1131/1511
f 1293/510/1507 298/389/1369 1297/390/1372 2332/521/1521
f 2332/521/1521 1297/390/1372 388/1043/1377 1485/520/1518
f 1486/1131/1511 2332/521/1521 1485/520/1518 454/1132/1512
f 284/5/1432 1253/134/1522 2333/1134/1523 1237/1083/1433
f 1253/134/1522 366/172/1524 1490/6/1525 2333/1134/1523
f 2333/1134/1523 1490/6/1525 455/525/1526 1487/1135/1527
f 1237/1083/1433 2333/1134/1523 1487/1135/1527 357/1082/1428
f 357/1082/1428 1487/1135/1527 2334/1136/1528 1236/438/1429
f 1487/1135/1527 455/525/1526 1488/12/1529 2334/1136/1528
f 2334/1136/1528 1488/12/1529 391/83/1530 1302/1137/1531
f 1236/438/1429 2334/1136/1528 1302/1137/1531 283/98/1367
f 455/525/1526 1489/176/1532 2335/177/1533 1488/12/1529
f 1489/176/1532 392/175/1442 1304/179/1444 2335/177/1533
f 2335/177/1533 1304/179/1444 300/76/1319 1303/77/1534
f 1488/12/1529 2335/177/1533 1303/77/1534 391/83/1530
f 366/172/1524 1252/526/1535 2336/6/1536 1490/6/1525
f 1252/526/1535 290/442/1434 1305/6/1437 2336/6/1536
f 2336/6/1536 1305/6/1437 392/175/1442 1489/176/1532
f 1490/6/1525 2336/6/1536 1489/176/1532 455/525/1526
f 283/98/1367 1302/1137/1531 2337/84/1537 1263/388/1368
f 1302/1137/1531 391/83/1530 1494/80/1538 2337/84/1537
f 2337/84/1537 1494/80/1538 456/936/1539 1491/82/1540
f 1263/388/1368 2337/84/1537 1491/82/1540 371/1054/1361
f 371/1054/1361 1491/82/1540 2338/1138/1541 1262/285/1362
f 1491/82/1540 456/936/1539 1492/1139/1542 2338/1138/1541
f 2338/1138/1541 1492/1139/1542 390/1140/1543 1300/1141/1544
f 1262/285/1362 2338/1138/1541 1300/1141/1544 287/869/1363
f 456/936/1539 1493/127/1545 2339/1142/1546 1492/1139/1542
f 1493/127/1545 393/352/1327 1306/89/1329 2339/1142/1546
f 2339/1142/1546 1306/89/1329 291/287/1333 1301/1143/1547
f 1492/1139/1542 2339/1142/1546 1301/1143/1547 390/1140/1543
f 391/83/1530 1303/77/1534 2340/84/1548 1494/80/1538
f 1303/77/1534 300/76/1319 1307/79/1322 2340/84/1548
f 2340/84/1548 1307/79/1322 393/352/1327 1493/127/1545
f 1494/80/1538 2340/84/1548 1493/127/1545 456/936/1539
f 279/5/1272 1229/134/1549 2341/1144/1550 1247/994/1273
f 1229/134/1549 353/162/1551 1498/156/1552 2341/1144/1550
f 2341/1144/1550 1498/156/1552 457/175/1553 1495/1145/1554
f 1247/994/1273 2341/1144/1550 1495/1145/1554 363/987/1263
f 363/987/1263 1495/1145/1554 2342/538/1555 1246/988/1264
f 1495/1145/1554 457/175/1553 1496/12/1556 2342/538/1555
f 2342/538/1555 1496/12/1556 396/98/1557 1312/1146/1558
f 1246/988/1264 2342/538/1555 1312/1146/1558 285/294/1265
f 457/175/1553 1497/1147/1559 2343/1148/1560 1496/12/1556
f 1497/1147/1559 397/175/1422 1314/168/1424 2343/1148/1560
f 2343/1148/1560 1314/168/1424 299/94/1344 1313/387/1561
f 1496/12/1556 2343/1148/1560 1313/387/1561 396/98/1557
f 353/162/1551 1228/1149/1562 2344/542/1563 1498/156/1552
f 1228/1149/1562 278/169/1414 1315/1080/1417 2344/542/1563
f 2344/542/1563 1315/1080/1417 397/175/1422 1497/1147/1559
f 1498/156/1552 2344/542/1563 1497/1147/1559 457/175/1553
f 285/294/1265 1312/1146/1558 2345/1150/1564 1265/989/1266
f 1312/1146/1558 396/98/1557 1502/1151/1565 2345/1150/1564
f 2345/1150/1564 1502/1151/1565 458/1152/1566 1499/1153/1567
f 1265/989/1266 2345/1150/1564 1499/1153/1567 372/292/1267
f 372/292/1267 1499/1153/1567 2346/1154/1568 1264/1155/1569
f 1499/1153/1567 458/1152/1566 1500/1156/1570 2346/1154/1568
f 2346/1154/1568 1500/1156/1570 395/552/1571 1310/551/1572
f 1264/1155/1569 2346/1154/1568 1310/551/1572 280/1157/1573
f 458/1152/1566 1501/1158/1574 2347/1159/1575 1500/1156/1570
f 1501/1158/1574 398/374/1352 1316/377/1354 2347/1159/1575
f 2347/1159/1575 1316/377/1354 286/112/1358 1311/1160/1576
f 1500/1156/1570 2347/1159/1575 1311/1160/1576 395/552/1571
f 396/98/1557 1313/387/1561 2348/1161/1577 1502/1151/1565
f 1313/387/1561 299/94/1344 1317/1049/1347 2348/1161/1577
f 2348/1161/1577 1317/1049/1347 398/374/1352 1501/1158/1574
f 1502/1151/1565 2348/1161/1577 1501/1158/1574 458/1152/1566
f 249/112/1045 1321/1162/1578 2349/1163/1579 1208/380/1229
f 1321/1162/1578 400/563/1580 1506/1164/1581 2349/1163/1579
f 2349/1163/1579 1506/1164/1581 459/561/1582 1503/1165/1583
f 1208/380/1229 2349/1163/1579 1503/1165/1583 343/257/1226
f 343/257/1226 1503/1165/1583 2350/1166/1584 1209/256/1227
f 1503/1165/1583 459/561/1582 1504/1167/1585 2350/1166/1584
f 2350/1166/1584 1504/1167/1585 399/1168/1586 1318/565/1587
f 1209/256/1227 2350/1166/1584 1318/565/1587 271/869/1024
f 459/561/1582 1505/1169/1588 2351/1170/1589 1504/1167/1585
f 1505/1169/1588 390/1140/1543 1301/1143/1547 2351/1170/1589
f 2351/1170/1589 1301/1143/1547 291/287/1333 1319/565/1590
f 1504/1167/1585 2351/1170/1589 1319/565/1590 399/1168/1586
f 400/563/1580 1320/1171/1591 2352/1172/1592 1506/1164/1581
f 1320/1171/1591 287/869/1363 1300/1141/1544 2352/1172/1592
f 2352/1172/1592 1300/1141/1544 390/1140/1543 1505/1169/1588
f 1506/1164/1581 2352/1172/1592 1505/1169/1588 459/561/1582
f 257/91/1070 1325/1173/1593 2353/1174/1594 1194/942/1175
f 1325/1173/1593 402/1175/1595 1510/1176/1596 2353/1174/1594
f 2353/1174/1594 1510/1176/1596 460/576/1597 1507/1177/1598
f 1194/942/1175 2353/1174/1594 1507/1177/1598 336/214/1170
f 336/214/1170 1507/1177/1598 2354/1178/1599 1195/213/1171
f 1507/1177/1598 460/576/1597 1508/582/1600 2354/1178/1599
f 2354/1178/1599 1508/582/1600 401/581/1601 1322/1179/1602
f 1195/213/1171 2354/1178/1599 1322/1179/1602 265/89/1172
f 460/576/1597 1509/1180/1603 2355/1181/1604 1508/582/1600
f 1509/1180/1603 383/1116/1483 1287/1121/1490 2355/1181/1604
f 2355/1181/1604 1287/1121/1490 303/90/1489 1323/1182/1605
f 1508/582/1600 2355/1181/1604 1323/1182/1605 401/581/1601
f 402/1175/1595 1324/1183/1606 2356/1184/1607 1510/1176/1596
f 1324/1183/1606 297/379/1388 1286/1117/1484 2356/1184/1607
f 2356/1184/1607 1286/1117/1484 383/1116/1483 1509/1180/1603
f 1510/1176/1596 2356/1184/1607 1509/1180/1603 460/576/1597
f 267/5/1076 1329/1185/1608 2357/1186/1609 1166/134/1183
f 1329/1185/1608 404/1187/1610 1514/1188/1611 2357/1186/1609
f 2357/1186/1609 1514/1188/1611 461/1189/1612 1511/590/1613
f 1166/134/1183 2357/1186/1609 1511/590/1613 322/172/1181
f 322/172/1181 1511/590/1613 2358/1190/1614 1167/134/1177
f 1511/590/1613 461/1189/1612 1512/1191/1615 2358/1190/1614
f 2358/1190/1614 1512/1191/1615 403/596/1616 1326/595/1617
f 1167/134/1177 2358/1190/1614 1326/595/1617 256/5/1130
f 461/1189/1612 1513/600/1618 2359/1192/1619 1512/1191/1615
f 1513/600/1618 369/408/1497 1259/1125/1495 2359/1192/1619
f 2359/1192/1619 1259/1125/1495 289/459/1452 1327/600/1620
f 1512/1191/1615 2359/1192/1619 1327/600/1620 403/596/1616
f 404/1187/1610 1328/1193/1621 2360/1194/1622 1514/1188/1611
f 1328/1193/1621 295/408/1394 1258/1130/1508 2360/1194/1622
f 2360/1194/1622 1258/1130/1508 369/408/1497 1513/600/1618
f 1514/1188/1611 2360/1194/1622 1513/600/1618 461/1189/1612
f 258/896/1090 1331/1195/1623 2361/1196/1624 1196/893/1086
f 1331/1195/1623 405/1197/1625 1518/1198/1626 2361/1196/1624
f 2361/1196/1624 1518/1198/1626 462/1199/1627 1515/1200/1628
f 1196/893/1086 2361/1196/1624 1515/1200/1628 337/891/1084
f 337/891/1084 1515/1200/1628 2362/1201/1629 1197/888/1079
f 1515/1200/1628 462/1199/1627 1516/1202/1630 2362/1201/1629
f 2362/1201/1629 1516/1202/1630 404/1187/1610 1329/1185/1608
f 1197/888/1079 2362/1201/1629 1329/1185/1608 267/5/1076
f 462/1199/1627 1517/1203/1631 2363/1204/1632 1516/1202/1630
f 1517/1203/1631 384/1071/1398 1289/1069/1395 2363/1204/1632
f 2363/1204/1632 1289/1069/1395 295/408/1394 1328/1193/1621
f 1516/1202/1630 2363/1204/1632 1328/1193/1621 404/1187/1610
f 405/1197/1625 1330/1205/1633 2364/1206/1634 1518/1198/1626
f 1330/1205/1633 294/1077/1412 1288/1075/1410 2364/1206/1634
f 2364/1206/1634 1288/1075/1410 384/1071/1398 1517/1203/1631
f 1518/1198/1626 2364/1206/1634 1517/1203/1631 462/1199/1627
f 268/133/1074 1335/1207/1635 2365/1208/1636 1168/132/1075
f 1335/1207/1635 409/1209/1637 1526/1210/1638 2365/1208/1636
f 2365/1208/1636 1526/1210/1638 465/1211/1639 1523/1212/1640
f 1168/132/1075 2365/1208/1636 1523/1212/1640 323/129/1068
f 323/129/1068 1523/1212/1640 2366/1213/1641 1169/92/1069
f 1523/1212/1640 465/1211/1639 1524/1214/1642 2366/1213/1641
f 2366/1213/1641 1524/1214/1642 402/1175/1595 1325/1173/1593
f 1169/92/1069 2366/1213/1641 1325/1173/1593 257/91/1070
f 465/1211/1639 1525/1215/1643 2367/1216/1644 1524/1214/1642
f 1525/1215/1643 370/112/1381 1261/518/1389 2367/1216/1644
f 2367/1216/1644 1261/518/1389 297/379/1388 1324/1183/1606
f 1524/1214/1642 2367/1216/1644 1324/1183/1606 402/1175/1595
f 409/1209/1637 1334/1217/1645 2368/1218/1646 1526/1210/1638
f 1334/1217/1645 296/112/1383 1260/1061/1382 2368/1218/1646
f 2368/1218/1646 1260/1061/1382 370/112/1381 1525/1215/1643
f 1526/1210/1638 2368/1218/1646 1525/1215/1643 465/1211/1639
f 255/91/1020 1337/628/1647 2369/1219/1648 1198/958/1202
f 1337/628/1647 410/632/1649 1530/631/1650 2369/1219/1648
f 2369/1219/1648 1530/631/1650 466/630/1651 1527/1220/1652
f 1198/958/1202 2369/1219/1648 1527/1220/1652 338/232/1199
f 338/232/1199 1527/1220/1652 2370/1221/1653 1199/231/1200
f 1527/1220/1652 466/630/1651 1528/1222/1654 2370/1221/1653
f 2370/1221/1653 1528/1222/1654 409/1209/1637 1335/1207/1635
f 1199/231/1200 2370/1221/1653 1335/1207/1635 268/133/1074
f 466/630/1651 1529/636/1655 2371/1223/1656 1528/1222/1654
f 1529/636/1655 385/379/1516 1291/518/1520 2371/1223/1656
f 2371/1223/1656 1291/518/1520 296/112/1383 1334/1217/1645
f 1528/1222/1654 2371/1223/1656 1334/1217/1645 409/1209/1637
f 410/632/1649 1336/638/1657 2372/637/1658 1530/631/1650
f 1336/638/1657 292/364/1338 1290/518/1517 2372/637/1658
f 2372/637/1658 1290/518/1517 385/379/1516 1529/636/1655
f 1530/631/1650 2372/637/1658 1529/636/1655 466/630/1651
f 273/160/1096 1341/1224/1659 2373/1225/1660 1136/972/1237
f 1341/1224/1659 412/644/1661 1534/1226/1662 2373/1225/1660
f 2373/1225/1660 1534/1226/1662 467/642/1663 1531/641/1664
f 1136/972/1237 2373/1225/1660 1531/641/1664 306/262/1235
f 306/262/1235 1531/641/1664 2374/1227/1665 1137/970/1231
f 1531/641/1664 467/642/1663 1532/648/1666 2374/1227/1665
f 2374/1227/1665 1532/648/1666 411/647/1667 1338/1228/1668
f 1137/970/1231 2374/1227/1665 1338/1228/1668 252/5/941
f 467/642/1663 1533/650/1669 2375/1229/1670 1532/648/1666
f 1533/650/1669 353/162/1551 1229/134/1549 2375/1229/1670
f 2375/1229/1670 1229/134/1549 279/5/1272 1339/651/1671
f 1532/648/1666 2375/1229/1670 1339/651/1671 411/647/1667
f 412/644/1661 1340/640/1672 2376/1230/1673 1534/1226/1662
f 1340/640/1672 278/169/1414 1228/1149/1562 2376/1230/1673
f 2376/1230/1673 1228/1149/1562 353/162/1551 1533/650/1669
f 1534/1226/1662 2376/1230/1673 1533/650/1669 467/642/1663
f 264/195/1152 1345/654/1674 2377/1231/1675 1184/194/1153
f 1345/654/1674 414/658/1676 1538/657/1677 2377/1231/1675
f 2377/1231/1675 1538/657/1677 468/158/1678 1535/1232/1679
f 1184/194/1153 2377/1231/1675 1535/1232/1679 331/925/1145
f 331/925/1145 1535/1232/1679 2378/1233/1680 1185/926/1146
f 1535/1232/1679 468/158/1678 1536/1234/1681 2378/1233/1680
f 2378/1233/1680 1536/1234/1681 413/661/1682 1342/1235/1683
f 1185/926/1146 2378/1233/1680 1342/1235/1683 263/927/1147
f 468/158/1678 1537/1236/1684 2379/1237/1685 1536/1234/1681
f 1537/1236/1684 378/1103/1467 1277/478/1474 2379/1237/1685
f 2379/1237/1685 1277/478/1474 302/479/1473 1343/1238/1686
f 1536/1234/1681 2379/1237/1685 1343/1238/1686 413/661/1682
f 414/658/1676 1344/1239/1687 2380/1240/1688 1538/657/1677
f 1344/1239/1687 301/473/1469 1276/1104/1468 2380/1240/1688
f 2380/1240/1688 1276/1104/1468 378/1103/1467 1537/1236/1684
f 1538/657/1677 2380/1240/1688 1537/1236/1684 468/158/1678
f 247/668/1689 1332/1241/1690 2381/1242/1691 1138/669/1692
f 1332/1241/1690 406/1243/1693 1544/1244/1694 2381/1242/1691
f 2381/1242/1691 1544/1244/1694 470/1245/1695 1541/1246/1696
f 1138/669/1692 2381/1242/1691 1541/1246/1696 307/672/1697
f 641/1247/1698 1964/1248/1699 2382/679/1700 1139/678/1701
f 1964/1248/1699 648/684/1702 1926/1249/1703 2382/679/1700
f 2382/679/1700 1926/1249/1703 415/1250/1704 1346/1251/1705
f 1139/678/1701 2382/679/1700 1346/1251/1705 248/287/1257
f 648/684/1702 1963/686/1706 2383/1252/1707 1926/1249/1703
f 1963/686/1706 644/1253/1708 1231/1254/1709 2383/1252/1707
f 2383/1252/1707 1231/1254/1709 280/1157/1573 1347/1255/1710
f 1926/1249/1703 2383/1252/1707 1347/1255/1710 415/1250/1704
f 406/1243/1693 1333/1256/1711 2384/1257/1712 1544/1244/1694
f 1333/1256/1711 277/695/1713 1230/1258/1714 2384/1257/1712
f 2384/1257/1712 1230/1258/1714 354/1259/1715 1543/1260/1716
f 1544/1244/1694 2384/1257/1712 1543/1260/1716 470/1245/1695
f 274/116/1049 1349/1261/1717 2385/1262/1718 1156/879/1050
f 1349/1261/1717 416/701/1719 1548/1263/1720 2385/1262/1718
f 2385/1262/1718 1548/1263/1720 471/1264/1721 1545/698/1722
f 1156/879/1050 2385/1262/1718 1545/698/1722 317/112/1043
f 317/112/1043 1545/698/1722 2386/1265/1723 1157/876/1044
f 1545/698/1722 471/1264/1721 1546/703/1724 2386/1265/1723
f 2386/1265/1723 1546/703/1724 400/563/1580 1321/1162/1578
f 1157/876/1044 2386/1265/1723 1321/1162/1578 249/112/1045
f 471/1264/1721 1547/1266/1725 2387/1267/1726 1546/703/1724
f 1547/1266/1725 364/1051/1356 1249/384/1364 2387/1267/1726
f 2387/1267/1726 1249/384/1364 287/869/1363 1320/1171/1591
f 1546/703/1724 2387/1267/1726 1320/1171/1591 400/563/1580
f 416/701/1719 1348/1268/1727 2388/1269/1728 1548/1263/1720
f 1348/1268/1727 286/112/1358 1248/1052/1357 2388/1269/1728
f 2388/1269/1728 1248/1052/1357 364/1051/1356 1547/1266/1725
f 1548/1263/1720 2388/1269/1728 1547/1266/1725 471/1264/1721
f 263/927/1147 1342/1235/1683 2389/1270/1729 1186/924/1143
f 1342/1235/1683 413/661/1682 1552/711/1730 2389/1270/1729
f 2389/1270/1729 1552/711/1730 472/710/1731 1549/709/1732
f 1186/924/1143 2389/1270/1729 1549/709/1732 332/182/1141
f 332/182/1141 1549/709/1732 2390/1271/1733 1187/921/1137
f 1549/709/1732 472/710/1731 1550/1272/1734 2390/1271/1733
f 2390/1271/1733 1550/1272/1734 405/1197/1625 1331/1195/1623
f 1187/921/1137 2390/1271/1733 1331/1195/1623 258/896/1090
f 472/710/1731 1551/709/1735 2391/1273/1736 1550/1272/1734
f 1551/709/1735 379/1095/1456 1279/1093/1454 2391/1273/1736
f 2391/1273/1736 1279/1093/1454 294/1077/1412 1330/1205/1633
f 1550/1272/1734 2391/1273/1736 1330/1205/1633 405/1197/1625
f 413/661/1682 1343/1238/1686 2392/1270/1737 1552/711/1730
f 1343/1238/1686 302/479/1473 1278/1106/1471 2392/1270/1737
f 2392/1270/1737 1278/1106/1471 379/1095/1456 1551/709/1735
f 1552/711/1730 2392/1270/1737 1551/709/1735 472/710/1731
f 254/134/1110 1351/640/1738 2393/722/1739 1216/901/1106
f 1351/640/1738 417/644/1740 1556/1274/1741 2393/722/1739
f 2393/722/1739 1556/1274/1741 473/720/1742 1553/1275/1743
f 1216/901/1106 2393/722/1739 1553/1275/1743 347/162/1104
f 347/162/1104 1553/1275/1743 2394/1276/1744 1217/160/1099
f 1553/1275/1743 473/720/1742 1554/721/1745 2394/1276/1744
f 2394/1276/1744 1554/721/1745 412/644/1661 1341/1224/1659
f 1217/160/1099 2394/1276/1744 1341/1224/1659 273/160/1096
f 473/720/1742 1555/725/1746 2395/1277/1747 1554/721/1745
f 1555/725/1746 394/433/1418 1309/430/1415 2395/1277/1747
f 2395/1277/1747 1309/430/1415 278/169/1414 1340/640/1672
f 1554/721/1745 2395/1277/1747 1340/640/1672 412/644/1661
f 417/644/1740 1350/1278/1748 2396/1279/1749 1556/1274/1741
f 1350/1278/1748 284/5/1432 1308/430/1430 2396/1279/1749
f 2396/1279/1749 1308/430/1430 394/433/1418 1555/725/1746
f 1556/1274/1741 2396/1279/1749 1555/725/1746 473/720/1742
f 262/120/1750 1353/118/1751 2397/1280/1752 1188/199/1155
f 1353/118/1751 418/120/1753 1560/1281/1754 2397/1280/1752
f 2397/1280/1752 1560/1281/1754 474/1282/1755 1557/729/1756
f 1188/199/1155 2397/1280/1752 1557/729/1756 333/197/1150
f 333/197/1150 1557/729/1756 2398/1283/1757 1189/929/1151
f 1557/729/1756 474/1282/1755 1558/1284/1758 2398/1283/1757
f 2398/1283/1757 1558/1284/1758 414/658/1676 1345/654/1674
f 1189/929/1151 2398/1283/1757 1345/654/1674 264/195/1152
f 474/1282/1755 1559/1285/1759 2399/1286/1760 1558/1284/1758
f 1559/1285/1759 380/1099/1463 1281/1105/1470 2399/1286/1760
f 2399/1286/1760 1281/1105/1470 301/473/1469 1344/1239/1687
f 1558/1284/1758 2399/1286/1760 1344/1239/1687 414/658/1676
f 418/120/1753 1352/1287/1761 2400/1288/1762 1560/1281/1754
f 1352/1287/1761 293/370/1763 1280/1100/1464 2400/1288/1762
f 2400/1288/1762 1280/1100/1464 380/1099/1463 1559/1285/1759
f 1560/1281/1754 2400/1288/1762 1559/1285/1759 474/1282/1755
f 248/287/1257 1346/1251/1705 2401/1289/1764 1218/982/1258
f 1346/1251/1705 415/1250/1704 1564/741/1765 2401/1289/1764
f 2401/1289/1764 1564/741/1765 475/740/1766 1561/739/1767
f 1218/982/1258 2401/1289/1764 1561/739/1767 348/283/1253
f 348/283/1253 1561/739/1767 2402/1290/1768 1219/980/1254
f 1561/739/1767 475/740/1766 1562/743/1769 2402/1290/1768
f 2402/1290/1768 1562/743/1769 416/701/1719 1349/1261/1717
f 1219/980/1254 2402/1290/1768 1349/1261/1717 274/116/1049
f 475/740/1766 1563/1291/1770 2403/1292/1771 1562/743/1769
f 1563/1291/1770 395/552/1571 1311/1160/1576 2403/1292/1771
f 2403/1292/1771 1311/1160/1576 286/112/1358 1348/1268/1727
f 1562/743/1769 2403/1292/1771 1348/1268/1727 416/701/1719
f 415/1250/1704 1347/1255/1710 2404/1293/1772 1564/741/1765
f 1347/1255/1710 280/1157/1573 1310/551/1572 2404/1293/1772
f 2404/1293/1772 1310/551/1572 395/552/1571 1563/1291/1770
f 1564/741/1765 2404/1293/1772 1563/1291/1770 475/740/1766
f 252/5/941 1338/1228/1668 2405/747/1773 1146/73/998
f 1338/1228/1668 411/647/1667 1568/750/1774 2405/747/1773
f 2405/747/1773 1568/750/1774 476/1294/1775 1565/1295/1776
f 1146/73/998 2405/747/1773 1565/1295/1776 311/69/994
f 311/69/994 1565/1295/1776 2406/751/1777 1147/68/995
f 1565/1295/1776 476/1294/1775 1566/754/1778 2406/751/1777
f 2406/751/1777 1566/754/1778 419/753/1779 1354/1296/1780
f 1147/68/995 2406/751/1777 1354/1296/1780 253/58/984
f 476/1294/1775 1567/1297/1781 2407/1298/1782 1566/754/1778
f 1567/1297/1781 358/1031/1315 1239/1034/1318 2407/1298/1782
f 2407/1298/1782 1239/1034/1318 281/327/1298 1355/1299/1783
f 1566/754/1778 2407/1298/1782 1355/1299/1783 419/753/1779
f 411/647/1667 1339/651/1671 2408/1300/1784 1568/750/1774
f 1339/651/1671 279/5/1272 1238/1032/1316 2408/1300/1784
f 2408/1300/1784 1238/1032/1316 358/1031/1315 1567/1297/1781
f 1568/750/1774 2408/1300/1784 1567/1297/1781 476/1294/1775
f 253/58/984 1354/1296/1780 2409/1301/1785 1140/57/985
f 1354/1296/1780 419/753/1779 1572/1302/1786 2409/1301/1785
f 2409/1301/1785 1572/1302/1786 477/1303/1787 1569/1304/1788
f 1140/57/985 2409/1301/1785 1569/1304/1788 308/53/978
f 308/53/978 1569/1304/1788 2410/763/1789 1141/52/979
f 1569/1304/1788 477/1303/1787 1570/764/1790 2410/763/1789
f 2410/763/1789 1570/764/1790 183/51/873 895/51/872
f 1141/52/979 2410/763/1789 895/51/872 5/51/51
f 477/1303/1787 1571/766/1791 2411/765/1792 1570/764/1790
f 1571/766/1791 355/329/1296 1233/331/1301 2411/765/1792
f 2411/765/1792 1233/331/1301 39/332/383 896/51/877
f 1570/764/1790 2411/765/1792 896/51/877 183/51/873
f 419/753/1779 1355/1299/1783 2412/1305/1793 1572/1302/1786
f 1355/1299/1783 281/327/1298 1232/1015/1297 2412/1305/1793
f 2412/1305/1793 1232/1015/1297 355/329/1296 1571/766/1791
f 1572/1302/1786 2412/1305/1793 1571/766/1791 477/1303/1787
f 270/169/1116 1357/1306/1794 2413/1307/1795 1160/241/1210
f 1357/1306/1794 420/773/1796 1576/1308/1797 2413/1307/1795
f 2413/1307/1795 1576/1308/1797 478/1309/1798 1573/1310/1799
f 1160/241/1210 2413/1307/1795 1573/1310/1799 319/237/1208
f 319/237/1208 1573/1310/1799 2414/1311/1800 1161/960/1204
f 1573/1310/1799 478/1309/1798 1574/721/1801 2414/1311/1800
f 2414/1311/1800 1574/721/1801 417/644/1740 1351/640/1738
f 1161/960/1204 2414/1311/1800 1351/640/1738 254/134/1110
f 478/1309/1798 1575/1312/1802 2415/1313/1803 1574/721/1801
f 1575/1312/1802 366/172/1524 1253/134/1522 2415/1313/1803
f 2415/1313/1803 1253/134/1522 284/5/1432 1350/1278/1748
f 1574/721/1801 2415/1313/1803 1350/1278/1748 417/644/1740
f 420/773/1796 1356/1314/1804 2416/1315/1805 1576/1308/1797
f 1356/1314/1804 290/442/1434 1252/526/1535 2416/1315/1805
f 2416/1315/1805 1252/526/1535 366/172/1524 1575/1312/1802
f 1576/1308/1797 2416/1315/1805 1575/1312/1802 478/1309/1798
f 265/89/1172 1322/1179/1602 2417/780/1806 1190/212/1173
f 1322/1179/1602 401/581/1601 1580/782/1807 2417/780/1806
f 2417/780/1806 1580/782/1807 479/122/1808 1577/1316/1809
f 1190/212/1173 2417/780/1806 1577/1316/1809 334/936/1165
f 334/936/1165 1577/1316/1809 2418/1317/1810 1191/937/1166
f 1577/1316/1809 479/122/1808 1578/1318/1811 2418/1317/1810
f 2418/1317/1810 1578/1318/1811 421/785/1812 1358/1319/1813
f 1191/937/1166 2418/1317/1810 1358/1319/1813 266/938/1167
f 479/122/1808 1579/1320/1814 2419/1321/1815 1578/1318/1811
f 1579/1320/1814 381/1120/1487 1283/1124/1494 2419/1321/1815
f 2419/1321/1815 1283/1124/1494 304/388/1493 1359/1322/1816
f 1578/1318/1811 2419/1321/1815 1359/1322/1816 421/785/1812
f 401/581/1601 1323/1182/1605 2420/1323/1817 1580/782/1807
f 1323/1182/1605 303/90/1489 1282/212/1488 2420/1323/1817
f 2420/1323/1817 1282/212/1488 381/1120/1487 1579/1320/1814
f 1580/782/1807 2420/1323/1817 1579/1320/1814 479/122/1808
f 256/5/1130 1326/595/1617 2421/1324/1818 1206/913/1126
f 1326/595/1617 403/596/1616 1584/1325/1819 2421/1324/1818
f 2421/1324/1818 1584/1325/1819 480/793/1820 1581/792/1821
f 1206/913/1126 2421/1324/1818 1581/792/1821 342/526/1124
f 342/526/1124 1581/792/1821 2422/1326/1822 1207/134/1119
f 1581/792/1821 480/793/1820 1582/1327/1823 2422/1326/1822
f 2422/1326/1822 1582/1327/1823 420/773/1796 1357/1306/1794
f 1207/134/1119 2422/1326/1822 1357/1306/1794 270/169/1116
f 480/793/1820 1583/798/1824 2423/1328/1825 1582/1327/1823
f 1583/798/1824 389/448/1438 1299/1084/1435 2423/1328/1825
f 2423/1328/1825 1299/1084/1435 290/442/1434 1356/1314/1804
f 1582/1327/1823 2423/1328/1825 1356/1314/1804 420/773/1796
f 403/596/1616 1327/600/1620 2424/1329/1826 1584/1325/1819
f 1327/600/1620 289/459/1452 1298/457/1450 2424/1329/1826
f 2424/1329/1826 1298/457/1450 389/448/1438 1583/798/1824
f 1584/1325/1819 2424/1329/1826 1583/798/1824 480/793/1820
f 271/869/1024 1318/565/1587 2425/1330/1827 1162/870/1025
f 1318/565/1587 399/1168/1586 1588/803/1828 2425/1330/1827
f 2425/1330/1827 1588/803/1828 481/802/1829 1585/801/1830
f 1162/870/1025 2425/1330/1827 1585/801/1830 320/129/1018
f 320/129/1018 1585/801/1830 2426/804/1831 1163/92/1019
f 1585/801/1830 481/802/1829 1586/1331/1832 2426/804/1831
f 2426/804/1831 1586/1331/1832 410/632/1649 1337/628/1647
f 1163/92/1019 2426/804/1831 1337/628/1647 255/91/1020
f 481/802/1829 1587/1332/1833 2427/806/1834 1586/1331/1832
f 1587/1332/1833 367/1039/1331 1255/363/1339 2427/806/1834
f 2427/806/1834 1255/363/1339 292/364/1338 1336/638/1657
f 1586/1331/1832 2427/806/1834 1336/638/1657 410/632/1649
f 399/1168/1586 1319/565/1590 2428/1333/1835 1588/803/1828
f 1319/565/1590 291/287/1333 1254/1040/1332 2428/1333/1835
f 2428/1333/1835 1254/1040/1332 367/1039/1331 1587/1332/1833
f 1588/803/1828 2428/1333/1835 1587/1332/1833 481/802/1829
f 266/938/1167 1358/1319/1813 2429/1334/1836 1192/935/1163
f 1358/1319/1813 421/785/1812 1592/1335/1837 2429/1334/1836
f 2429/1334/1836 1592/1335/1837 482/1336/1838 1589/810/1839
f 1192/935/1163 2429/1334/1836 1589/810/1839 335/202/1161
f 335/202/1161 1589/810/1839 2430/1337/1840 1193/932/1157
f 1589/810/1839 482/1336/1838 1590/1338/1841 2430/1337/1840
f 2430/1337/1840 1590/1338/1841 418/120/1842 1353/118/1843
f 1193/932/1157 2430/1337/1840 1353/118/1843 262/120/1065
f 482/1336/1838 1591/1339/1844 2431/1340/1845 1590/1338/1841
f 1591/1339/1844 382/1110/1477 1285/1108/1475 2431/1340/1845
f 2431/1340/1845 1285/1108/1475 293/370/1392 1352/1287/1846
f 1590/1338/1841 2431/1340/1845 1352/1287/1846 418/120/1842
f 421/785/1812 1359/1322/1816 2432/1341/1847 1592/1335/1837
f 1359/1322/1816 304/388/1493 1284/1122/1491 2432/1341/1847
f 2432/1341/1847 1284/1122/1491 382/1110/1477 1591/1339/1844
f 1592/1335/1837 2432/1341/1847 1591/1339/1844 482/1336/1838
f 484/1342/1848 1597/1343/1849 2433/1344/1850 1610/1345/1851
f 1597/1343/1849 490/1346/1852 1988/1347/1853 2433/1344/1850
f 2433/1344/1850 1988/1347/1853 637/1348/1854 1979/1349/1855
f 1610/1345/1851 2433/1344/1850 1979/1349/1855 666/1350/1856
f 121/1351/1857 1617/1352/1858 2434/1353/1859 1902/1354/1860
f 1617/1352/1858 492/1355/1861 1599/1356/1862 2434/1353/1859
f 2434/1353/1859 1599/1356/1862 489/1357/1863 1987/1358/1864
f 1902/1354/1860 2434/1353/1859 1987/1358/1864 628/306/353
f 360/1359/1865 1613/1360/1866 2435/1361/1867 1923/1362/1868
f 1613/1360/1866 500/1363/1869 1604/1364/1870 2435/1361/1867
f 2435/1361/1867 1604/1364/1870 497/1365/1871 1981/1366/1872
f 1923/1362/1868 2435/1361/1867 1981/1366/1872 645/1367/1873
f 359/1351/1874 1904/1368/1875 2436/1369/1876 1616/1370/1877
f 1904/1368/1875 630/1003/1282 1982/1371/1878 2436/1369/1876
f 2436/1369/1876 1982/1371/1878 498/1372/1879 1601/1373/1880
f 1616/1370/1877 2436/1369/1876 1601/1373/1880 495/1374/1881
f 519/1375/1882 1620/1376/1883 2437/1377/1884 1619/1378/1885
f 522/1379/1886 1624/1380/1887 2437/1377/1884 1620/1376/1883
f 521/1381/1888 1619/1378/1885 2437/1377/1884 1624/1380/1887
f 522/1379/1886 1621/1382/1889 2438/1383/1890 1624/1380/1887
f 523/1384/1891 1625/1385/1892 2438/1383/1890 1621/1382/1889
f 521/1381/1888 1624/1380/1887 2438/1383/1890 1625/1385/1892
f 523/1384/1891 1622/1386/1893 2439/1387/1894 1625/1385/1892
f 520/1388/1895 1623/1389/1896 2439/1387/1894 1622/1386/1893
f 521/1381/1888 1625/1385/1892 2439/1387/1894 1623/1389/1896
f 548/1390/1897 1627/1391/1898 2440/1392/1899 1626/1393/1900
f 551/1394/1901 1631/1395/1902 2440/1392/1899 1627/1391/1898
f 550/1396/1903 1626/1393/1900 2440/1392/1899 1631/1395/1902
f 551/1394/1901 1628/1397/1904 2441/1398/1905 1631/1395/1902
f 552/1399/1906 1632/1400/1907 2441/1398/1905 1628/1397/1904
f 550/1396/1903 1631/1395/1902 2441/1398/1905 1632/1400/1907
f 552/1399/1906 1629/1401/1908 2442/1402/1909 1632/1400/1907
f 549/1403/1910 1630/1404/1911 2442/1402/1909 1629/1401/1908
f 550/1396/1903 1632/1400/1907 2442/1402/1909 1630/1404/1911
f 504/1405/1912 1634/1406/1913 2443/1407/1914 1633/1408/1915
f 1634/1406/1913 515/1409/1916 1635/1410/1917 2443/1407/1914
f 2443/1407/1914 1635/1410/1917 517/1411/1918 1636/1412/1919
f 1633/1408/1915 2443/1407/1914 1636/1412/1919 506/1413/1920
f 506/1413/1920 1636/1412/1919 2444/1414/1921 1637/1415/1922
f 1636/1412/1919 517/1411/1918 1638/1416/1923 2444/1414/1921
f 2444/1414/1921 1638/1416/1923 518/1417/1924 1639/1418/1925
f 1637/1415/1922 2444/1414/1921 1639/1418/1925 505/1419/1926
f 505/1419/1926 1639/1418/1925 2445/1420/1927 1640/1421/1928
f 1639/1418/1925 518/1417/1924 1641/1422/1929 2445/1420/1927
f 2445/1420/1927 1641/1422/1929 516/1423/1930 1642/1424/1931
f 1640/1421/1928 2445/1420/1927 1642/1424/1931 503/1425/1932
f 508/1426/1933 1644/1427/1934 2446/1428/1935 1643/1429/1936
f 1644/1427/1934 524/1430/1937 1645/1431/1938 2446/1428/1935
f 2446/1428/1935 1645/1431/1938 526/1432/1939 1646/1433/1940
f 1643/1429/1936 2446/1428/1935 1646/1433/1940 510/1434/1941
f 510/1434/1941 1646/1433/1940 2447/1435/1942 1647/1436/1943
f 1646/1433/1940 526/1432/1939 1648/1437/1944 2447/1435/1942
f 2447/1435/1942 1648/1437/1944 527/1438/1945 1649/1439/1946
f 1647/1436/1943 2447/1435/1942 1649/1439/1946 509/1440/1947
f 509/1440/1947 1649/1439/1946 2448/1441/1948 1650/1442/1949
f 1649/1439/1946 527/1438/1945 1651/1443/1950 2448/1441/1948
f 2448/1441/1948 1651/1443/1950 525/1444/1951 1652/1445/1952
f 1650/1442/1949 2448/1441/1948 1652/1445/1952 507/1446/1953
f 524/1430/1937 1653/1447/1954 2449/1448/1955 1645/1431/1938
f 1653/1447/1954 511/1449/1956 1654/1450/1957 2449/1448/1955
f 2449/1448/1955 1654/1450/1957 513/1451/1958 1655/1452/1959
f 1645/1431/1938 2449/1448/1955 1655/1452/1959 526/1432/1939
f 526/1432/1939 1655/1452/1959 2450/1453/1960 1648/1437/1944
f 1655/1452/1959 513/1451/1958 1656/1454/1961 2450/1453/1960
f 2450/1453/1960 1656/1454/1961 514/1455/1962 1657/1456/1963
f 1648/1437/1944 2450/1453/1960 1657/1456/1963 527/1438/1945
f 527/1438/1945 1657/1456/1963 2451/1457/1964 1651/1443/1950
f 1657/1456/1963 514/1455/1962 1658/1458/1965 2451/1457/1964
f 2451/1457/1964 1658/1458/1965 512/1459/1966 1659/1460/1967
f 1651/1443/1950 2451/1457/1964 1659/1460/1967 525/1444/1951
f 511/1449/1956 1660/1461/1968 2452/1462/1969 1654/1450/1957
f 1660/1461/1968 528/1463/1970 1661/1464/1971 2452/1462/1969
f 2452/1462/1969 1661/1464/1971 530/1465/1972 1662/1466/1973
f 1654/1450/1957 2452/1462/1969 1662/1466/1973 513/1451/1958
f 513/1451/1958 1662/1466/1973 2453/1467/1974 1656/1454/1961
f 1662/1466/1973 530/1465/1972 1663/1468/1975 2453/1467/1974
f 2453/1467/1974 1663/1468/1975 531/1469/1976 1664/1470/1977
f 1656/1454/1961 2453/1467/1974 1664/1470/1977 514/1455/1962
f 514/1455/1962 1664/1470/1977 2454/1471/1978 1658/1458/1965
f 1664/1470/1977 531/1469/1976 1665/1472/1979 2454/1471/1978
f 2454/1471/1978 1665/1472/1979 529/1473/1980 1666/1474/1981
f 1658/1458/1965 2454/1471/1978 1666/1474/1981 512/1459/1966
f 528/1463/1970 1667/1475/1982 2455/1476/1983 1661/1464/1971
f 1667/1475/1982 504/1405/1912 1633/1408/1915 2455/1476/1983
f 2455/1476/1983 1633/1408/1915 506/1413/1920 1668/1477/1984
f 1661/1464/1971 2455/1476/1983 1668/1477/1984 530/1465/1972
f 530/1465/1972 1668/1477/1984 2456/1478/1985 1663/1468/1975
f 1668/1477/1984 506/1413/1920 1637/1415/1922 2456/1478/1985
f 2456/1478/1985 1637/1415/1922 505/1419/1926 1669/1479/1986
f 1663/1468/1975 2456/1478/1985 1669/1479/1986 531/1469/1976
f 531/1469/1976 1669/1479/1986 2457/1480/1987 1665/1472/1979
f 1669/1479/1986 505/1419/1926 1640/1421/1928 2457/1480/1987
f 2457/1480/1987 1640/1421/1928 503/1425/1932 1670/1481/1988
f 1665/1472/1979 2457/1480/1987 1670/1481/1988 529/1473/1980
f 515/1409/1916 1671/1482/1989 2458/1483/1990 1635/1410/1917
f 1671/1482/1989 532/1484/1991 1672/1485/1992 2458/1483/1990
f 2458/1483/1990 1672/1485/1992 534/1486/1993 1673/1487/1994
f 1635/1410/1917 2458/1483/1990 1673/1487/1994 517/1411/1918
f 517/1411/1918 1673/1487/1994 2459/1488/1995 1638/1416/1923
f 1673/1487/1994 534/1486/1993 1674/1489/1996 2459/1488/1995
f 2459/1488/1995 1674/1489/1996 535/1490/1997 1675/1491/1998
f 1638/1416/1923 2459/1488/1995 1675/1491/1998 518/1417/1924
f 518/1417/1924 1675/1491/1998 2460/1492/1999 1641/1422/1929
f 1675/1491/1998 535/1490/1997 1676/1493/2000 2460/1492/1999
f 2460/1492/1999 1676/1493/2000 533/1494/2001 1677/1495/2002
f 1641/1422/1929 2460/1492/1999 1677/1495/2002 516/1423/1930
f 649/1496/2003 1678/1497/2004 2461/1498/2005 1962/1499/2006
f 1678/1497/2004 533/1494/2001 1676/1493/2000 2461/1498/2005
f 2461/1498/2005 1676/1493/2000 535/1490/1997 1928/1500/2007
f 1962/1499/2006 2461/1498/2005 1928/1500/2007 650/1501/2008
f 650/1501/2008 1928/1500/2007 2462/1502/2009 1961/1503/2010
f 1928/1500/2007 535/1490/1997 1674/1489/1996 2462/1502/2009
f 2462/1502/2009 1674/1489/1996 534/1486/1993 1929/1504/2011
f 1961/1503/2010 2462/1502/2009 1929/1504/2011 651/1505/2012
f 651/1505/2012 1929/1504/2011 2463/1506/2013 1960/1507/2014
f 1929/1504/2011 534/1486/1993 1672/1485/1992 2463/1506/2013
f 2463/1506/2013 1672/1485/1992 532/1484/1991 1930/1508/2015
f 1960/1507/2014 2463/1506/2013 1930/1508/2015 652/1509/2016
f 537/1510/2017 1683/1511/2018 2464/1512/2019 1682/1513/2020
f 1683/1511/2018 544/1514/2021 1684/1515/2022 2464/1512/2019
f 2464/1512/2019 1684/1515/2022 546/1516/2023 1685/1517/2024
f 1682/1513/2020 2464/1512/2019 1685/1517/2024 539/1518/2025
f 539/1518/2025 1685/1517/2024 2465/1519/2026 1686/1520/2027
f 1685/1517/2024 546/1516/2023 1687/1521/2028 2465/1519/2026
f 2465/1519/2026 1687/1521/2028 547/1522/2029 1688/1523/2030
f 1686/1520/2027 2465/1519/2026 1688/1523/2030 538/1524/2031
f 538/1524/2031 1688/1523/2030 2466/1525/2032 1689/1526/2033
f 1688/1523/2030 547/1522/2029 1690/1527/2034 2466/1525/2032
f 2466/1525/2032 1690/1527/2034 545/1528/2035 1691/1529/2036
f 1689/1526/2033 2466/1525/2032 1691/1529/2036 536/1530/2037
f 507/1446/1953 1692/1531/2038 2467/1532/2039 1650/1442/1949
f 1692/1531/2038 553/1533/2040 1693/1534/2041 2467/1532/2039
f 2467/1532/2039 1693/1534/2041 555/1535/2042 1694/1536/2043
f 1650/1442/1949 2467/1532/2039 1694/1536/2043 509/1440/1947
f 509/1440/1947 1694/1536/2043 2468/1537/2044 1647/1436/1943
f 1694/1536/2043 555/1535/2042 1695/1538/2045 2468/1537/2044
f 2468/1537/2044 1695/1538/2045 556/1539/2046 1696/1540/2047
f 1647/1436/1943 2468/1537/2044 1696/1540/2047 510/1434/1941
f 510/1434/1941 1696/1540/2047 2469/1541/2048 1643/1429/1936
f 1696/1540/2047 556/1539/2046 1697/1542/2049 2469/1541/2048
f 2469/1541/2048 1697/1542/2049 554/1543/2050 1698/1427/2051
f 1643/1429/1936 2469/1541/2048 1698/1427/2051 508/1426/1933
f 553/1533/2040 1699/1544/2052 2470/1545/2053 1693/1534/2041
f 1699/1544/2052 540/1546/2054 1700/1547/2055 2470/1545/2053
f 2470/1545/2053 1700/1547/2055 542/1548/2056 1701/1549/2057
f 1693/1534/2041 2470/1545/2053 1701/1549/2057 555/1535/2042
f 555/1535/2042 1701/1549/2057 2471/1550/2058 1695/1538/2045
f 1701/1549/2057 542/1548/2056 1702/1551/2059 2471/1550/2058
f 2471/1550/2058 1702/1551/2059 543/1552/2060 1703/1553/2061
f 1695/1538/2045 2471/1550/2058 1703/1553/2061 556/1539/2046
f 556/1539/2046 1703/1553/2061 2472/1554/2062 1697/1542/2049
f 1703/1553/2061 543/1552/2060 1704/1555/2063 2472/1554/2062
f 2472/1554/2062 1704/1555/2063 541/1556/2064 1705/1557/2065
f 1697/1542/2049 2472/1554/2062 1705/1557/2065 554/1543/2050
f 540/1546/2054 1706/1558/2066 2473/1559/2067 1700/1547/2055
f 1706/1558/2066 557/1560/2068 1707/1561/2069 2473/1559/2067
f 2473/1559/2067 1707/1561/2069 559/1562/2070 1708/1563/2071
f 1700/1547/2055 2473/1559/2067 1708/1563/2071 542/1548/2056
f 542/1548/2056 1708/1563/2071 2474/1564/2072 1702/1551/2059
f 1708/1563/2071 559/1562/2070 1709/1565/2073 2474/1564/2072
f 2474/1564/2072 1709/1565/2073 560/1566/2074 1710/1567/2075
f 1702/1551/2059 2474/1564/2072 1710/1567/2075 543/1552/2060
f 543/1552/2060 1710/1567/2075 2475/1462/2076 1704/1555/2063
f 1710/1567/2075 560/1566/2074 1711/1568/2077 2475/1462/2076
f 2475/1462/2076 1711/1568/2077 558/1463/2078 1712/1569/2079
f 1704/1555/2063 2475/1462/2076 1712/1569/2079 541/1556/2064
f 557/1560/2068 1713/1570/2080 2476/1571/2081 1707/1561/2069
f 1713/1570/2080 537/1510/2017 1682/1513/2020 2476/1571/2081
f 2476/1571/2081 1682/1513/2020 539/1518/2025 1714/1572/2082
f 1707/1561/2069 2476/1571/2081 1714/1572/2082 559/1562/2070
f 559/1562/2070 1714/1572/2082 2477/1573/2083 1709/1565/2073
f 1714/1572/2082 539/1518/2025 1686/1520/2027 2477/1573/2083
f 2477/1573/2083 1686/1520/2027 538/1524/2031 1715/1574/2084
f 1709/1565/2073 2477/1573/2083 1715/1574/2084 560/1566/2074
f 560/1566/2074 1715/1574/2084 2478/1575/2085 1711/1568/2077
f 1715/1574/2084 538/1524/2031 1689/1526/2033 2478/1575/2085
f 2478/1575/2085 1689/1526/2033 536/1530/2037 1716/1576/2086
f 1711/1568/2077 2478/1575/2085 1716/1576/2086 558/1463/2078
f 544/1514/2021 1717/1577/2087 2479/1578/2088 1684/1515/2022
f 1717/1577/2087 561/1579/2089 1718/1580/2090 2479/1578/2088
f 2479/1578/2088 1718/1580/2090 563/1581/2091 1719/1582/2092
f 1684/1515/2022 2479/1578/2088 1719/1582/2092 546/1516/2023
f 546/1516/2023 1719/1582/2092 2480/1583/2093 1687/1521/2028
f 1719/1582/2092 563/1581/2091 1720/1584/2094 2480/1583/2093
f 2480/1583/2093 1720/1584/2094 564/1585/2095 1721/1586/2096
f 1687/1521/2028 2480/1583/2093 1721/1586/2096 547/1522/2029
f 547/1522/2029 1721/1586/2096 2481/1587/2097 1690/1527/2034
f 1721/1586/2096 564/1585/2095 1722/1588/2098 2481/1587/2097
f 2481/1587/2097 1722/1588/2098 562/1589/2099 1723/1482/2100
f 1690/1527/2034 2481/1587/2097 1723/1482/2100 545/1528/2035
f 653/1590/2101 1724/1508/2102 2482/1591/2103 1959/1592/2104
f 1724/1508/2102 562/1589/2099 1722/1588/2098 2482/1591/2103
f 2482/1591/2103 1722/1588/2098 564/1585/2095 1932/1593/2105
f 1959/1592/2104 2482/1591/2103 1932/1593/2105 654/1594/2106
f 654/1594/2106 1932/1593/2105 2483/1595/2107 1958/1596/2108
f 1932/1593/2105 564/1585/2095 1720/1584/2094 2483/1595/2107
f 2483/1595/2107 1720/1584/2094 563/1581/2091 1933/1597/2109
f 1958/1596/2108 2483/1595/2107 1933/1597/2109 655/1598/2110
f 655/1598/2110 1933/1597/2109 2484/1599/2111 1957/1600/2112
f 1933/1597/2109 563/1581/2091 1718/1580/2090 2484/1599/2111
f 2484/1599/2111 1718/1580/2090 561/1579/2089 1934/1601/2113
f 1957/1600/2112 2484/1599/2111 1934/1601/2113 656/1602/2114
f 169/1603/2115 1061/1604/2116 2485/1605/2117 1728/1606/2118
f 1061/1604/2116 227/1607/2119 1729/1608/2120 2485/1605/2117
f 2485/1605/2117 1729/1608/2120 515/1409/1916 1634/1406/1913
f 1728/1606/2118 2485/1605/2117 1634/1406/1913 504/1405/1912
f 503/1425/1932 1642/1424/1931 2486/1609/2121 1730/1610/2122
f 1642/1424/1931 516/1423/1930 1677/1495/2002 2486/1609/2121
f 2486/1609/2121 1677/1495/2002 533/1494/2001 1731/1611/2123
f 1730/1610/2122 2486/1609/2121 1731/1611/2123 122/1359/2124
f 233/1612/2125 1080/1613/2126 2487/1614/2127 1732/1615/2128
f 1080/1613/2126 169/1603/2115 1728/1606/2118 2487/1614/2127
f 2487/1614/2127 1728/1606/2118 504/1405/1912 1667/1475/1982
f 1732/1615/2128 2487/1614/2127 1667/1475/1982 528/1463/1970
f 529/1473/1980 1670/1481/1988 2488/1616/2129 1733/1617/2130
f 1670/1481/1988 503/1425/1932 1985/1618/2131 2488/1616/2129
f 2488/1616/2129 1985/1618/2131 485/1619/2132 1594/1620/2133
f 1733/1617/2130 2488/1616/2129 1594/1620/2133 483/1621/2134
f 507/1446/1953 1734/1622/2135 2489/1623/2136 1692/1531/2038
f 1734/1622/2135 115/1624/2137 1438/1625/2138 2489/1623/2136
f 2489/1623/2136 1438/1625/2138 442/1626/2139 1735/1627/2140
f 1692/1531/2038 2489/1623/2136 1735/1627/2140 553/1533/2040
f 507/1446/1953 1652/1445/1952 2490/1628/2141 1734/1622/2135
f 1652/1445/1952 525/1444/1951 1736/1629/2142 2490/1628/2141
f 2490/1628/2141 1736/1629/2142 206/1630/2143 979/1625/2144
f 1734/1622/2135 2490/1628/2141 979/1625/2144 115/1624/2137
f 171/1631/2145 1063/1632/2146 2491/1633/2147 1737/1631/2148
f 1063/1632/2146 228/1634/2149 1738/1635/2150 2491/1633/2147
f 2491/1633/2147 1738/1635/2150 524/1430/1937 1644/1427/1934
f 1737/1631/2148 2491/1633/2147 1644/1427/1934 508/1426/1933
f 171/1631/2145 1737/1631/2148 2492/1633/2151 1522/1636/2152
f 1737/1631/2148 508/1426/1933 1698/1427/2051 2492/1633/2151
f 2492/1633/2151 1698/1427/2051 554/1543/2050 1739/1637/2153
f 1522/1636/2152 2492/1633/2151 1739/1637/2153 464/1638/2154
f 228/1634/2149 1062/1639/2155 2493/1640/2156 1738/1635/2150
f 1062/1639/2155 170/1641/2157 1740/1642/2158 2493/1640/2156
f 2493/1640/2156 1740/1642/2158 511/1449/1956 1653/1447/1954
f 1738/1635/2150 2493/1640/2156 1653/1447/1954 524/1430/1937
f 512/1459/1966 1986/1643/2159 2494/1644/2160 1741/1645/2161
f 1986/1643/2159 486/1646/2162 1600/1647/2163 2494/1644/2160
f 2494/1644/2160 1600/1647/2163 491/1648/2164 1618/1649/2165
f 1741/1645/2161 2494/1644/2160 1618/1649/2165 121/1351/1857
f 525/1444/1951 1659/1460/1967 2495/1650/2166 1736/1629/2142
f 1659/1460/1967 512/1459/1966 1741/1645/2161 2495/1650/2166
f 2495/1650/2166 1741/1645/2161 121/1351/1857 977/1651/2167
f 1736/1629/2142 2495/1650/2166 977/1651/2167 206/1630/2143
f 170/1641/2157 1081/1652/2168 2496/1653/2169 1740/1642/2158
f 1081/1652/2168 233/1612/2125 1732/1615/2128 2496/1653/2169
f 2496/1653/2169 1732/1615/2128 528/1463/1970 1660/1461/1968
f 1740/1642/2158 2496/1653/2169 1660/1461/1968 511/1449/1956
f 515/1409/1916 1742/1654/2170 2497/1655/2171 1671/1482/1989
f 1742/1654/2170 34/695/798 766/694/797 2497/1655/2171
f 2497/1655/2171 766/694/797 114/693/796 1743/1656/2172
f 1671/1482/1989 2497/1655/2171 1743/1656/2172 532/1484/1991
f 227/1607/2119 1060/1657/2173 2498/1658/2174 1729/1608/2120
f 1060/1657/2173 168/676/779 872/691/794 2498/1658/2174
f 2498/1658/2174 872/691/794 34/695/798 1742/1654/2170
f 1729/1608/2120 2498/1658/2174 1742/1654/2170 515/1409/1916
f 652/1509/2016 1956/1659/2175 2499/1660/2176 1681/1661/2177
f 1956/1659/2175 636/689/792 767/688/791 2499/1660/2176
f 2499/1660/2176 767/688/791 37/550/652 1744/1662/2178
f 1681/1661/2177 2499/1660/2176 1744/1662/2178 520/1663/1895
f 521/1381/1888 1623/1664/1896 2500/1665/2179 1745/1666/2180
f 520/1663/1895 1744/1662/2178 2500/1665/2179 1623/1664/1896
f 37/550/652 803/548/650 2500/1665/2179 1744/1662/2178
f 134/292/338 974/289/335 2500/1665/2179 803/548/650
f 205/288/334 1745/1666/2180 2500/1665/2179 974/289/335
f 637/1348/1854 1955/1667/2181 2501/1668/2182 780/1669/2183
f 1955/1667/2181 649/1496/2003 1927/1670/2184 2501/1668/2182
f 2501/1668/2182 1927/1670/2184 519/1375/1882 1746/1671/2185
f 780/1669/2183 2501/1668/2182 1746/1671/2185 40/341/392
f 40/341/392 1746/1671/2185 2502/1672/2186 783/342/393
f 519/1375/1882 1619/1378/1885 2502/1672/2186 1746/1671/2185
f 521/1381/1888 1745/1666/2180 2502/1672/2186 1619/1378/1885
f 205/288/334 976/298/344 2502/1672/2186 1745/1666/2180
f 124/297/343 783/342/393 2502/1672/2186 976/298/344
f 407/1603/2187 1747/1673/2188 2503/1674/2189 1520/1604/2190
f 1747/1673/2188 536/1530/2037 1691/1529/2036 2503/1674/2189
f 2503/1674/2189 1691/1529/2036 545/1528/2035 1748/1675/2191
f 1520/1604/2190 2503/1674/2189 1748/1675/2191 463/1676/2192
f 557/1560/2068 1749/1677/2193 2504/1678/2194 1713/1570/2080
f 1749/1677/2193 494/1621/2195 1607/1679/2196 2504/1678/2194
f 2504/1678/2194 1607/1679/2196 502/1680/2197 1984/1681/2198
f 1713/1570/2080 2504/1678/2194 1984/1681/2198 537/1510/2017
f 537/1510/2017 1750/1682/2199 2505/1683/2200 1683/1511/2018
f 1750/1682/2199 360/1359/1865 1751/1684/2201 2505/1683/2200
f 2505/1683/2200 1751/1684/2201 561/1579/2089 1717/1577/2087
f 1683/1511/2018 2505/1683/2200 1717/1577/2087 544/1514/2021
f 469/1685/2202 1752/1686/2203 2506/1687/2204 1539/1688/2205
f 1752/1686/2203 558/1463/2078 1716/1576/2086 2506/1687/2204
f 2506/1687/2204 1716/1576/2086 536/1530/2037 1747/1673/2188
f 1539/1688/2205 2506/1687/2204 1747/1673/2188 407/1603/2187
f 464/1638/2154 1739/1637/2153 2507/1689/2206 1521/1690/2207
f 1739/1637/2153 554/1543/2050 1705/1557/2065 2507/1689/2206
f 2507/1689/2206 1705/1557/2065 541/1556/2064 1753/1691/2208
f 1521/1690/2207 2507/1689/2206 1753/1691/2208 408/1692/2209
f 553/1533/2040 1735/1627/2140 2508/1693/2210 1699/1544/2052
f 1735/1627/2140 442/1626/2139 1436/1694/2211 2508/1693/2210
f 2508/1693/2210 1436/1694/2211 359/1351/1874 1754/1695/2212
f 1699/1544/2052 2508/1693/2210 1754/1695/2212 540/1546/2054
f 408/1692/2209 1753/1691/2208 2509/1653/2213 1540/1696/2214
f 1753/1691/2208 541/1556/2064 1712/1569/2079 2509/1653/2213
f 2509/1653/2213 1712/1569/2079 558/1463/2078 1752/1686/2203
f 1540/1696/2214 2509/1653/2213 1752/1686/2203 469/1685/2202
f 540/1546/2054 1754/1695/2212 2510/1697/2215 1983/1698/2216
f 1754/1695/2212 359/1351/1874 1615/1649/2217 2510/1697/2215
f 2510/1697/2215 1615/1649/2217 496/1648/2218 1609/1647/2219
f 1983/1698/2216 2510/1697/2215 1609/1647/2219 501/1699/2220
f 463/1676/2192 1748/1675/2191 2511/1700/2221 1519/1657/2222
f 1748/1675/2191 545/1528/2035 1755/1701/2223 2511/1700/2221
f 2511/1700/2221 1755/1701/2223 277/695/1713 1333/1256/1711
f 1519/1657/2222 2511/1700/2221 1333/1256/1711 406/1243/1693
f 545/1528/2035 1723/1482/2100 2512/1702/2224 1755/1701/2223
f 1723/1482/2100 562/1589/2099 1756/1656/2225 2512/1702/2224
f 2512/1702/2224 1756/1656/2225 354/1259/1715 1230/1258/1714
f 1755/1701/2223 2512/1702/2224 1230/1258/1714 277/695/1713
f 653/1590/2101 1931/1703/2226 2513/1704/2227 1954/1705/2228
f 1931/1703/2226 548/1390/1897 1757/1706/2229 2513/1704/2227
f 2513/1704/2227 1757/1706/2229 280/1157/1573 1231/1254/1709
f 1954/1705/2228 2513/1704/2227 1231/1254/1709 644/1253/1708
f 282/1028/1312 1244/1027/1311 2514/1707/2230 1758/1708/2231
f 362/990/1268 1435/993/1271 2514/1707/2230 1244/1027/1311
f 441/983/1259 1759/1709/2232 2514/1707/2230 1435/993/1271
f 550/1396/1903 1630/1710/1911 2514/1707/2230 1759/1709/2232
f 549/1711/1910 1758/1708/2231 2514/1707/2230 1630/1710/1911
f 548/1390/1897 1626/1393/1900 2515/1712/2233 1757/1706/2229
f 550/1396/1903 1759/1709/2232 2515/1712/2233 1626/1393/1900
f 441/983/1259 1433/986/1262 2515/1712/2233 1759/1709/2232
f 372/292/1267 1264/1155/1569 2515/1712/2233 1433/986/1262
f 280/1157/1573 1757/1706/2229 2515/1712/2233 1264/1155/1569
f 645/1367/1873 1241/1713/2234 2516/1714/2235 1953/1715/2236
f 1241/1713/2234 282/1028/1312 1758/1708/2231 2516/1714/2235
f 2516/1714/2235 1758/1708/2231 549/1711/1910 1727/1716/2237
f 1953/1715/2236 2516/1714/2235 1727/1716/2237 656/1602/2114
f 581/1717/2238 1761/1718/2239 2517/1719/2240 1760/1720/2241
f 584/1721/2242 1765/1722/2243 2517/1719/2240 1761/1718/2239
f 583/1723/2244 1760/1720/2241 2517/1719/2240 1765/1722/2243
f 584/1721/2242 1762/1724/2245 2518/1725/2246 1765/1722/2243
f 585/1726/2247 1766/1727/2248 2518/1725/2246 1762/1724/2245
f 583/1723/2244 1765/1722/2243 2518/1725/2246 1766/1727/2248
f 585/1726/2247 1763/1728/2249 2519/1729/2250 1766/1727/2248
f 582/1730/2251 1764/1731/2252 2519/1729/2250 1763/1728/2249
f 583/1723/2244 1766/1727/2248 2519/1729/2250 1764/1731/2252
f 610/1732/2253 1768/1733/2254 2520/1734/2255 1767/1735/2256
f 613/1736/2257 1772/1737/2258 2520/1734/2255 1768/1733/2254
f 612/1738/2259 1767/1735/2256 2520/1734/2255 1772/1737/2258
f 613/1736/2257 1769/1739/2260 2521/1740/2261 1772/1737/2258
f 614/1741/2262 1773/1742/2263 2521/1740/2261 1769/1739/2260
f 612/1738/2259 1772/1737/2258 2521/1740/2261 1773/1742/2263
f 614/1741/2262 1770/1743/2264 2522/1744/2265 1773/1742/2263
f 611/1745/2266 1771/1746/2267 2522/1744/2265 1770/1743/2264
f 612/1738/2259 1773/1742/2263 2522/1744/2265 1771/1746/2267
f 574/1747/2268 1775/1748/2269 2523/1749/2270 1774/1750/2271
f 1775/1748/2269 577/1751/2272 1776/1752/2273 2523/1749/2270
f 2523/1749/2270 1776/1752/2273 579/1753/2274 1777/1754/2275
f 1774/1750/2271 2523/1749/2270 1777/1754/2275 576/1755/2276
f 576/1755/2276 1777/1754/2275 2524/1756/2277 1778/1757/2278
f 1777/1754/2275 579/1753/2274 1779/1758/2279 2524/1756/2277
f 2524/1756/2277 1779/1758/2279 580/1759/2280 1780/1760/2281
f 1778/1757/2278 2524/1756/2277 1780/1760/2281 575/1761/2282
f 575/1761/2282 1780/1760/2281 2525/1762/2283 1781/1763/2284
f 1780/1760/2281 580/1759/2280 1782/1764/2285 2525/1762/2283
f 2525/1762/2283 1782/1764/2285 578/1765/2286 1783/1766/2287
f 1781/1763/2284 2525/1762/2283 1783/1766/2287 573/1767/2288
f 566/1768/2289 1785/1769/2290 2526/1770/2291 1784/1771/2292
f 1785/1769/2290 586/1772/2293 1786/1773/2294 2526/1770/2291
f 2526/1770/2291 1786/1773/2294 588/1774/2295 1787/1775/2296
f 1784/1771/2292 2526/1770/2291 1787/1775/2296 568/1776/2297
f 568/1776/2297 1787/1775/2296 2527/1777/2298 1788/1778/2299
f 1787/1775/2296 588/1774/2295 1789/1779/2300 2527/1777/2298
f 2527/1777/2298 1789/1779/2300 589/1780/2301 1790/1781/2302
f 1788/1778/2299 2527/1777/2298 1790/1781/2302 567/1782/2303
f 567/1782/2303 1790/1781/2302 2528/1783/2304 1791/1784/2305
f 1790/1781/2302 589/1780/2301 1792/1785/2306 2528/1783/2304
f 2528/1783/2304 1792/1785/2306 587/1786/2307 1793/1787/2308
f 1791/1784/2305 2528/1783/2304 1793/1787/2308 565/1426/2309
f 586/1772/2293 1794/1788/2310 2529/1789/2311 1786/1773/2294
f 1794/1788/2310 569/1790/2312 1795/1791/2313 2529/1789/2311
f 2529/1789/2311 1795/1791/2313 571/1792/2314 1796/1793/2315
f 1786/1773/2294 2529/1789/2311 1796/1793/2315 588/1774/2295
f 588/1774/2295 1796/1793/2315 2530/1794/2316 1789/1779/2300
f 1796/1793/2315 571/1792/2314 1797/1795/2317 2530/1794/2316
f 2530/1794/2316 1797/1795/2317 572/1796/2318 1798/1797/2319
f 1789/1779/2300 2530/1794/2316 1798/1797/2319 589/1780/2301
f 589/1780/2301 1798/1797/2319 2531/1798/2320 1792/1785/2306
f 1798/1797/2319 572/1796/2318 1799/1799/2321 2531/1798/2320
f 2531/1798/2320 1799/1799/2321 570/1800/2322 1800/1801/2323
f 1792/1785/2306 2531/1798/2320 1800/1801/2323 587/1786/2307
f 569/1790/2312 1801/1802/2324 2532/1803/2325 1795/1791/2313
f 1801/1802/2324 590/1804/2326 1802/1805/2327 2532/1803/2325
f 2532/1803/2325 1802/1805/2327 592/1806/2328 1803/1807/2329
f 1795/1791/2313 2532/1803/2325 1803/1807/2329 571/1792/2314
f 571/1792/2314 1803/1807/2329 2533/1808/2330 1797/1795/2317
f 1803/1807/2329 592/1806/2328 1804/1809/2331 2533/1808/2330
f 2533/1808/2330 1804/1809/2331 593/1810/2332 1805/1811/2333
f 1797/1795/2317 2533/1808/2330 1805/1811/2333 572/1796/2318
f 572/1796/2318 1805/1811/2333 2534/1812/2334 1799/1799/2321
f 1805/1811/2333 593/1810/2332 1806/1813/2335 2534/1812/2334
f 2534/1812/2334 1806/1813/2335 591/1814/2336 1807/1815/2337
f 1799/1799/2321 2534/1812/2334 1807/1815/2337 570/1800/2322
f 590/1804/2326 1808/1816/2338 2535/1817/2339 1802/1805/2327
f 1808/1816/2338 574/1747/2268 1774/1750/2271 2535/1817/2339
f 2535/1817/2339 1774/1750/2271 576/1755/2276 1809/1818/2340
f 1802/1805/2327 2535/1817/2339 1809/1818/2340 592/1806/2328
f 592/1806/2328 1809/1818/2340 2536/1819/2341 1804/1809/2331
f 1809/1818/2340 576/1755/2276 1778/1757/2278 2536/1819/2341
f 2536/1819/2341 1778/1757/2278 575/1761/2282 1810/1820/2342
f 1804/1809/2331 2536/1819/2341 1810/1820/2342 593/1810/2332
f 593/1810/2332 1810/1820/2342 2537/1821/2343 1806/1813/2335
f 1810/1820/2342 575/1761/2282 1781/1763/2284 2537/1821/2343
f 2537/1821/2343 1781/1763/2284 573/1767/2288 1811/1822/2344
f 1806/1813/2335 2537/1821/2343 1811/1822/2344 591/1814/2336
f 657/1823/2345 1812/1824/2346 2538/1825/2347 1952/1826/2348
f 1812/1824/2346 594/1827/2349 1813/1828/2350 2538/1825/2347
f 2538/1825/2347 1813/1828/2350 596/1829/2351 1936/1830/2352
f 1952/1826/2348 2538/1825/2347 1936/1830/2352 658/1831/2353
f 658/1831/2353 1936/1830/2352 2539/1832/2354 1951/1833/2355
f 1936/1830/2352 596/1829/2351 1815/1834/2356 2539/1832/2354
f 2539/1832/2354 1815/1834/2356 597/1835/2357 1937/1836/2358
f 1951/1833/2355 2539/1832/2354 1937/1836/2358 659/1837/2359
f 659/1837/2359 1937/1836/2358 2540/1838/2360 1950/1839/2361
f 1937/1836/2358 597/1835/2357 1817/1840/2362 2540/1838/2360
f 2540/1838/2360 1817/1840/2362 595/1841/2363 1938/1842/2364
f 1950/1839/2361 2540/1838/2360 1938/1842/2364 660/1843/2365
f 577/1751/2272 1819/1844/2366 2541/1845/2367 1776/1752/2273
f 1819/1844/2366 595/1841/2363 1817/1840/2362 2541/1845/2367
f 2541/1845/2367 1817/1840/2362 597/1835/2357 1820/1846/2368
f 1776/1752/2273 2541/1845/2367 1820/1846/2368 579/1753/2274
f 579/1753/2274 1820/1846/2368 2542/1847/2369 1779/1758/2279
f 1820/1846/2368 597/1835/2357 1815/1834/2356 2542/1847/2369
f 2542/1847/2369 1815/1834/2356 596/1829/2351 1821/1848/2370
f 1779/1758/2279 2542/1847/2369 1821/1848/2370 580/1759/2280
f 580/1759/2280 1821/1848/2370 2543/1849/2371 1782/1764/2285
f 1821/1848/2370 596/1829/2351 1813/1828/2350 2543/1849/2371
f 2543/1849/2371 1813/1828/2350 594/1827/2349 1822/1850/2372
f 1782/1764/2285 2543/1849/2371 1822/1850/2372 578/1765/2286
f 603/1851/2373 1824/1852/2374 2544/1853/2375 1823/1854/2376
f 1824/1852/2374 606/1855/2377 1825/1856/2378 2544/1853/2375
f 2544/1853/2375 1825/1856/2378 608/1857/2379 1826/1858/2380
f 1823/1854/2376 2544/1853/2375 1826/1858/2380 605/1859/2381
f 605/1859/2381 1826/1858/2380 2545/1860/2382 1827/1861/2383
f 1826/1858/2380 608/1857/2379 1828/1862/2384 2545/1860/2382
f 2545/1860/2382 1828/1862/2384 609/1863/2385 1829/1864/2386
f 1827/1861/2383 2545/1860/2382 1829/1864/2386 604/1865/2387
f 604/1865/2387 1829/1864/2386 2546/1866/2388 1830/1867/2389
f 1829/1864/2386 609/1863/2385 1831/1868/2390 2546/1866/2388
f 2546/1866/2388 1831/1868/2390 607/1869/2391 1832/1870/2392
f 1830/1867/2389 2546/1866/2388 1832/1870/2392 602/1871/2393
f 565/1426/2309 1833/1872/2394 2547/1873/2395 1791/1784/2305
f 1833/1872/2394 615/1874/2396 1834/1875/2397 2547/1873/2395
f 2547/1873/2395 1834/1875/2397 617/1876/2398 1835/1877/2399
f 1791/1784/2305 2547/1873/2395 1835/1877/2399 567/1782/2303
f 567/1782/2303 1835/1877/2399 2548/1878/2400 1788/1778/2299
f 1835/1877/2399 617/1876/2398 1836/1879/2401 2548/1878/2400
f 2548/1878/2400 1836/1879/2401 618/1880/2402 1837/1881/2403
f 1788/1778/2299 2548/1878/2400 1837/1881/2403 568/1776/2297
f 568/1776/2297 1837/1881/2403 2549/1882/2404 1784/1771/2292
f 1837/1881/2403 618/1880/2402 1838/1883/2405 2549/1882/2404
f 2549/1882/2404 1838/1883/2405 616/1884/2406 1839/1885/2407
f 1784/1771/2292 2549/1882/2404 1839/1885/2407 566/1768/2289
f 615/1874/2396 1840/1886/2408 2550/1887/2409 1834/1875/2397
f 1840/1886/2408 598/1888/2410 1841/1889/2411 2550/1887/2409
f 2550/1887/2409 1841/1889/2411 600/1890/2412 1842/1891/2413
f 1834/1875/2397 2550/1887/2409 1842/1891/2413 617/1876/2398
f 617/1876/2398 1842/1891/2413 2551/1892/2414 1836/1879/2401
f 1842/1891/2413 600/1890/2412 1843/1893/2415 2551/1892/2414
f 2551/1892/2414 1843/1893/2415 601/1894/2416 1844/1895/2417
f 1836/1879/2401 2551/1892/2414 1844/1895/2417 618/1880/2402
f 618/1880/2402 1844/1895/2417 2552/1896/2418 1838/1883/2405
f 1844/1895/2417 601/1894/2416 1845/1897/2419 2552/1896/2418
f 2552/1896/2418 1845/1897/2419 599/1898/2420 1846/1899/2421
f 1838/1883/2405 2552/1896/2418 1846/1899/2421 616/1884/2406
f 598/1888/2410 1847/1815/2422 2553/1900/2423 1841/1889/2411
f 1847/1815/2422 619/1901/2424 1848/1902/2425 2553/1900/2423
f 2553/1900/2423 1848/1902/2425 621/1903/2426 1849/1904/2427
f 1841/1889/2411 2553/1900/2423 1849/1904/2427 600/1890/2412
f 600/1890/2412 1849/1904/2427 2554/1905/2428 1843/1893/2415
f 1849/1904/2427 621/1903/2426 1850/1906/2429 2554/1905/2428
f 2554/1905/2428 1850/1906/2429 622/1907/2430 1851/1908/2431
f 1843/1893/2415 2554/1905/2428 1851/1908/2431 601/1894/2416
f 601/1894/2416 1851/1908/2431 2555/1909/2432 1845/1897/2419
f 1851/1908/2431 622/1907/2430 1852/1910/2433 2555/1909/2432
f 2555/1909/2432 1852/1910/2433 620/1911/2434 1853/1912/2435
f 1845/1897/2419 2555/1909/2432 1853/1912/2435 599/1898/2420
f 619/1901/2424 1854/1913/2436 2556/1914/2437 1848/1902/2425
f 1854/1913/2436 603/1851/2373 1823/1854/2376 2556/1914/2437
f 2556/1914/2437 1823/1854/2376 605/1859/2381 1855/1915/2438
f 1848/1902/2425 2556/1914/2437 1855/1915/2438 621/1903/2426
f 621/1903/2426 1855/1915/2438 2557/1916/2439 1850/1906/2429
f 1855/1915/2438 605/1859/2381 1827/1861/2383 2557/1916/2439
f 2557/1916/2439 1827/1861/2383 604/1865/2387 1856/1917/2440
f 1850/1906/2429 2557/1916/2439 1856/1917/2440 622/1907/2430
f 622/1907/2430 1856/1917/2440 2558/1918/2441 1852/1910/2433
f 1856/1917/2440 604/1865/2387 1830/1867/2389 2558/1918/2441
f 2558/1918/2441 1830/1867/2389 602/1871/2393 1857/1816/2442
f 1852/1910/2433 2558/1918/2441 1857/1816/2442 620/1911/2434
f 661/1919/2443 1858/1920/2444 2559/1921/2445 1949/1922/2446
f 1858/1920/2444 623/1923/2447 1859/1924/2448 2559/1921/2445
f 2559/1921/2445 1859/1924/2448 625/1925/2449 1940/1926/2450
f 1949/1922/2446 2559/1921/2445 1940/1926/2450 662/1927/2451
f 662/1927/2451 1940/1926/2450 2560/1928/2452 1948/1929/2453
f 1940/1926/2450 625/1925/2449 1861/1930/2454 2560/1928/2452
f 2560/1928/2452 1861/1930/2454 626/1931/2455 1941/1932/2456
f 1948/1929/2453 2560/1928/2452 1941/1932/2456 663/1933/2457
f 663/1933/2457 1941/1932/2456 2561/1934/2458 1947/1935/2459
f 1941/1932/2456 626/1931/2455 1863/1828/2460 2561/1934/2458
f 2561/1934/2458 1863/1828/2460 624/1936/2461 1942/1937/2462
f 1947/1935/2459 2561/1934/2458 1942/1937/2462 664/1938/2463
f 606/1855/2377 1865/1939/2464 2562/1940/2465 1825/1856/2378
f 1865/1939/2464 624/1936/2461 1863/1828/2460 2562/1940/2465
f 2562/1940/2465 1863/1828/2460 626/1931/2455 1866/1941/2466
f 1825/1856/2378 2562/1940/2465 1866/1941/2466 608/1857/2379
f 608/1857/2379 1866/1941/2466 2563/1942/2467 1828/1862/2384
f 1866/1941/2466 626/1931/2455 1861/1930/2454 2563/1942/2467
f 2563/1942/2467 1861/1930/2454 625/1925/2449 1867/1943/2468
f 1828/1862/2384 2563/1942/2467 1867/1943/2468 609/1863/2385
f 609/1863/2385 1867/1943/2468 2564/1944/2469 1831/1868/2390
f 1867/1943/2468 625/1925/2449 1859/1924/2448 2564/1944/2469
f 2564/1944/2469 1859/1924/2448 623/1923/2447 1868/1945/2470
f 1831/1868/2390 2564/1944/2469 1868/1945/2470 607/1869/2391
f 566/1768/2289 1839/1885/2407 2565/1946/2471 1869/1947/2472
f 1839/1885/2407 616/1884/2406 1870/1948/2473 2565/1946/2471
f 2565/1946/2471 1870/1948/2473 423/1949/2474 1363/1950/2475
f 1869/1947/2472 2565/1946/2471 1363/1950/2475 66/1624/2476
f 566/1768/2289 1869/1947/2472 2566/1951/2477 1785/1769/2290
f 1869/1947/2472 66/1624/2476 904/1950/2478 2566/1951/2477
f 2566/1951/2477 904/1950/2478 187/1952/2479 1871/1953/2480
f 1785/1769/2290 2566/1951/2477 1871/1953/2480 586/1772/2293
f 565/1426/2309 1793/1787/2308 2567/1954/2481 1872/1631/2482
f 1793/1787/2308 587/1786/2307 1873/1955/2483 2567/1954/2481
f 2567/1954/2481 1873/1955/2483 228/1634/2149 1063/1632/2146
f 1872/1631/2482 2567/1954/2481 1063/1632/2146 171/1631/2145
f 565/1426/2309 1872/1631/2482 2568/1954/2484 1833/1872/2394
f 1872/1631/2482 171/1631/2145 1522/1636/2152 2568/1954/2484
f 2568/1954/2484 1522/1636/2152 464/1638/2154 1874/1956/2485
f 1833/1872/2394 2568/1954/2484 1874/1956/2485 615/1874/2396
f 587/1786/2307 1800/1801/2323 2569/1957/2486 1873/1955/2483
f 1800/1801/2323 570/1800/2322 1875/1958/2487 2569/1957/2486
f 2569/1957/2486 1875/1958/2487 170/1641/2157 1062/1639/2155
f 1873/1955/2483 2569/1957/2486 1062/1639/2155 228/1634/2149
f 586/1772/2293 1871/1953/2480 2570/1959/2488 1794/1788/2310
f 1871/1953/2480 187/1952/2479 906/1960/2489 2570/1959/2488
f 2570/1959/2488 906/1960/2489 72/1961/2490 1876/1962/2491
f 1794/1788/2310 2570/1959/2488 1876/1962/2491 569/1790/2312
f 570/1800/2322 1807/1815/2337 2571/1963/2492 1875/1958/2487
f 1807/1815/2337 591/1814/2336 1877/1964/2493 2571/1963/2492
f 2571/1963/2492 1877/1964/2493 233/1612/2125 1081/1652/2168
f 1875/1958/2487 2571/1963/2492 1081/1652/2168 170/1641/2157
f 569/1790/2312 1876/1962/2491 2572/1965/2494 1801/1802/2324
f 1876/1962/2491 72/1961/2490 907/1966/2495 2572/1965/2494
f 2572/1965/2494 907/1966/2495 188/1967/2496 1878/1968/2497
f 1801/1802/2324 2572/1965/2494 1878/1968/2497 590/1804/2326
f 573/1767/2288 1783/1766/2287 2573/1969/2498 1879/1970/2499
f 1783/1766/2287 578/1765/2286 1880/1971/2500 2573/1969/2498
f 2573/1969/2498 1880/1971/2500 227/1607/2119 1061/1604/2116
f 1879/1970/2499 2573/1969/2498 1061/1604/2116 169/1603/2115
f 590/1804/2326 1878/1968/2497 2574/1972/2501 1808/1816/2338
f 1878/1968/2497 188/1967/2496 909/1973/2502 2574/1972/2501
f 2574/1972/2501 909/1973/2502 73/1974/2503 1881/1975/2504
f 1808/1816/2338 2574/1972/2501 1881/1975/2504 574/1747/2268
f 574/1747/2268 1881/1975/2504 2575/1976/2505 1775/1748/2269
f 1881/1975/2504 73/1974/2503 1882/1977/2506 2575/1976/2505
f 2575/1976/2505 1882/1977/2506 595/1841/2363 1819/1844/2366
f 1775/1748/2269 2575/1976/2505 1819/1844/2366 577/1751/2272
f 591/1814/2336 1811/1822/2344 2576/1978/2507 1877/1964/2493
f 1811/1822/2344 573/1767/2288 1879/1970/2499 2576/1978/2507
f 2576/1978/2507 1879/1970/2499 169/1603/2115 1080/1613/2126
f 1877/1964/2493 2576/1978/2507 1080/1613/2126 233/1612/2125
f 578/1765/2286 1883/1979/2508 2577/1980/2509 1880/1971/2500
f 1883/1979/2508 2/668/771 871/671/774 2577/1980/2509
f 2577/1980/2509 871/671/774 168/676/779 1060/1657/2173
f 1880/1971/2500 2577/1980/2509 1060/1657/2173 227/1607/2119
f 578/1765/2286 1822/1850/2372 2578/1981/2510 1883/1979/2508
f 1822/1850/2372 594/1827/2349 1884/1982/2511 2578/1981/2510
f 2578/1981/2510 1884/1982/2511 65/672/775 671/669/772
f 1883/1979/2508 2578/1981/2510 671/669/772 2/668/771
f 657/1823/2345 1935/1983/2512 2579/1984/2513 1946/1985/2514
f 1935/1983/2512 581/1717/2238 1885/1986/2515 2579/1984/2513
f 2579/1984/2513 1885/1986/2515 3/287/333 672/678/781
f 1946/1985/2514 2579/1984/2513 672/678/781 632/677/780
f 6/40/40 688/75/75 2580/1987/2516 1886/1988/2517
f 75/1/1 901/4/4 2580/1987/2516 688/75/75
f 186/9/9 1887/1989/2518 2580/1987/2516 901/4/4
f 583/1723/2244 1764/1990/2252 2580/1987/2516 1887/1989/2518
f 582/1991/2251 1886/1988/2517 2580/1987/2516 1764/1990/2252
f 581/1717/2238 1760/1720/2241 2581/1992/2519 1885/1986/2515
f 583/1723/2244 1887/1989/2518 2581/1992/2519 1760/1720/2241
f 186/9/9 903/11/11 2581/1992/2519 1887/1989/2518
f 85/15/15 708/285/331 2581/1992/2519 903/11/11
f 3/287/333 1885/1986/2515 2581/1992/2519 708/285/331
f 635/42/42 685/41/41 2582/1993/2520 1945/1994/2521
f 685/41/41 6/40/40 1886/1988/2517 2582/1993/2520
f 2582/1993/2520 1886/1988/2517 582/1991/2251 1818/1995/2522
f 1945/1994/2521 2582/1993/2520 1818/1995/2522 660/1843/2365
f 615/1874/2396 1874/1956/2485 2583/1996/2523 1840/1886/2408
f 1874/1956/2485 464/1638/2154 1521/1690/2207 2583/1996/2523
f 2583/1996/2523 1521/1690/2207 408/1692/2209 1888/1997/2524
f 1840/1886/2408 2583/1996/2523 1888/1997/2524 598/1888/2410
f 599/1898/2420 1853/1912/2435 2584/1965/2525 1889/1998/2526
f 1853/1912/2435 620/1911/2434 1890/1999/2527 2584/1965/2525
f 2584/1965/2525 1890/1999/2527 424/2000/2528 1366/1966/2529
f 1889/1998/2526 2584/1965/2525 1366/1966/2529 312/2001/2530
f 616/1884/2406 1846/1899/2421 2585/2002/2531 1870/1948/2473
f 1846/1899/2421 599/1898/2420 1889/1998/2526 2585/2002/2531
f 2585/2002/2531 1889/1998/2526 312/2001/2530 1365/1960/2532
f 1870/1948/2473 2585/2002/2531 1365/1960/2532 423/1949/2474
f 598/1888/2410 1888/1997/2524 2586/2003/2533 1847/1815/2422
f 1888/1997/2524 408/1692/2209 1540/1696/2214 2586/2003/2533
f 2586/2003/2533 1540/1696/2214 469/1685/2202 1891/2004/2534
f 1847/1815/2422 2586/2003/2533 1891/2004/2534 619/1901/2424
f 603/1851/2373 1892/1970/2535 2587/2005/2536 1824/1852/2374
f 1892/1970/2535 407/1603/2187 1520/1604/2190 2587/2005/2536
f 2587/2005/2536 1520/1604/2190 463/1676/2192 1893/2006/2537
f 1824/1852/2374 2587/2005/2536 1893/2006/2537 606/1855/2377
f 602/1871/2393 1832/1870/2392 2588/2007/2538 1894/2008/2539
f 1832/1870/2392 607/1869/2391 1868/1945/2470 2588/2007/2538
f 2588/2007/2538 1868/1945/2470 623/1923/2447 1895/2009/2540
f 1894/2008/2539 2588/2007/2538 1895/2009/2540 313/2010/2541
f 619/1901/2424 1891/2004/2534 2589/2011/2542 1854/1913/2436
f 1891/2004/2534 469/1685/2202 1539/1688/2205 2589/2011/2542
f 2589/2011/2542 1539/1688/2205 407/1603/2187 1892/1970/2535
f 1854/1913/2436 2589/2011/2542 1892/1970/2535 603/1851/2373
f 620/1911/2434 1857/1816/2442 2590/1972/2543 1890/1999/2527
f 1857/1816/2442 602/1871/2393 1894/2008/2539 2590/1972/2543
f 2590/1972/2543 1894/2008/2539 313/2010/2541 1368/1973/2544
f 1890/1999/2527 2590/1972/2543 1368/1973/2544 424/2000/2528
f 606/1855/2377 1896/2012/2545 2591/1981/2546 1865/1939/2464
f 1896/2012/2545 247/668/1689 1138/669/1692 2591/1981/2546
f 2591/1981/2546 1138/669/1692 307/672/1697 1897/2013/2547
f 1865/1939/2464 2591/1981/2546 1897/2013/2547 624/1936/2461
f 606/1855/2377 1893/2006/2537 2592/1980/2548 1896/2012/2545
f 1893/2006/2537 463/1676/2192 1519/1657/2222 2592/1980/2548
f 2592/1980/2548 1519/1657/2222 406/1243/1693 1332/1241/1690
f 1896/2012/2545 2592/1980/2548 1332/1241/1690 247/668/1689
f 664/1938/2463 1944/1985/2549 2593/2014/2550 1864/2015/2551
f 1944/1985/2549 641/1247/1698 1139/678/1701 2593/2014/2550
f 2593/2014/2550 1139/678/1701 248/287/1257 1898/2016/2552
f 1864/2015/2551 2593/2014/2550 1898/2016/2552 611/2017/2266
f 612/1738/2259 1771/2018/2267 2594/2019/2553 1899/2020/2554
f 611/2017/2266 1898/2016/2552 2594/2019/2553 1771/2018/2267
f 248/287/1257 1172/285/1255 2594/2019/2553 1898/2016/2552
f 325/15/944 1362/824/942 2594/2019/2553 1172/285/1255
f 422/822/937 1899/2020/2554 2594/2019/2553 1362/824/942
f 643/838/968 1943/2021/2555 2595/2022/2556 1149/839/969
f 1943/2021/2555 661/1919/2443 1939/2023/2557 2595/2022/2556
f 2595/2022/2556 1939/2023/2557 610/1732/2253 1900/2024/2558
f 1149/839/969 2595/2022/2556 1900/2024/2558 250/840/970
f 250/840/970 1900/2024/2558 2596/2025/2559 1152/858/1000
f 610/1732/2253 1767/1735/2256 2596/2025/2559 1900/2024/2558
f 612/1738/2259 1899/2020/2554 2596/2025/2559 1767/1735/2256
f 422/822/937 1360/819/934 2596/2025/2559 1899/2020/2554
f 315/818/933 1152/858/1000 2596/2025/2559 1360/819/934
f 115/1624/2137 1901/2026/2560 2597/2027/2561 1438/1625/2138
f 1901/2026/2560 627/311/358 1906/1005/1284 2597/2027/2561
f 2597/2027/2561 1906/1005/1284 631/995/1274 1437/2028/2562
f 1438/1625/2138 2597/2027/2561 1437/2028/2562 442/1626/2139
f 442/1626/2139 1437/2028/2562 2598/2029/2563 1436/1694/2211
f 1437/2028/2562 631/995/1274 1907/998/1277 2598/2029/2563
f 2598/2029/2563 1907/998/1277 630/1003/1282 1904/1368/1875
f 1436/1694/2211 2598/2029/2563 1904/1368/1875 359/1351/1874
f 115/1624/2137 979/1625/2144 2599/2030/2564 1901/2026/2560
f 979/1625/2144 206/1630/2143 978/2031/2565 2599/2030/2564
f 2599/2030/2564 978/2031/2565 629/302/349 1908/312/359
f 1901/2026/2560 2599/2030/2564 1908/312/359 627/311/358
f 206/1630/2143 977/1651/2167 2600/2032/2566 978/2031/2565
f 977/1651/2167 121/1351/1857 1902/1354/1860 2600/2032/2566
f 2600/2032/2566 1902/1354/1860 628/306/353 1909/303/350
f 978/2031/2565 2600/2032/2566 1909/303/350 629/302/349
f 313/2010/2541 1895/2009/2540 2601/2033/2567 1921/2034/2568
f 1895/2009/2540 623/1923/2447 1858/1920/2444 2601/2033/2567
f 2601/2033/2567 1858/1920/2444 661/1919/2443 1943/2021/2555
f 1921/2034/2568 2601/2033/2567 1943/2021/2555 643/838/968
f 624/1936/2461 1897/2013/2547 2602/2035/2569 1942/1937/2462
f 1897/2013/2547 307/672/1697 1919/2036/2570 2602/2035/2569
f 2602/2035/2569 1919/2036/2570 641/1247/1698 1944/1985/2549
f 1942/1937/2462 2602/2035/2569 1944/1985/2549 664/1938/2463
f 73/1974/2503 1913/2037/2571 2603/2038/2572 1882/1977/2506
f 1913/2037/2571 635/42/42 1945/1994/2521 2603/2038/2572
f 2603/2038/2572 1945/1994/2521 660/1843/2365 1938/1842/2364
f 1882/1977/2506 2603/2038/2572 1938/1842/2364 595/1841/2363
f 594/1827/2349 1812/1824/2346 2604/2039/2573 1884/1982/2511
f 1812/1824/2346 657/1823/2345 1946/1985/2514 2604/2039/2573
f 2604/2039/2573 1946/1985/2514 632/677/780 1910/2040/2574
f 1884/1982/2511 2604/2039/2573 1910/2040/2574 65/672/775
f 614/2041/2262 1862/2042/2575 2605/2043/2576 1770/2044/2264
f 1862/2042/2575 663/1933/2457 1947/1935/2459 2605/2043/2576
f 2605/2043/2576 1947/1935/2459 664/1938/2463 1864/2015/2551
f 1770/2044/2264 2605/2043/2576 1864/2015/2551 611/2017/2266
f 613/1736/2257 1860/2045/2577 2606/2046/2578 1769/2047/2260
f 1860/2045/2577 662/1927/2451 1948/1929/2453 2606/2046/2578
f 2606/2046/2578 1948/1929/2453 663/1933/2457 1862/2042/2575
f 1769/2047/2260 2606/2046/2578 1862/2042/2575 614/2041/2262
f 610/1732/2253 1939/2023/2557 2607/2048/2579 1768/1733/2254
f 1939/2023/2557 661/1919/2443 1949/1922/2446 2607/2048/2579
f 2607/2048/2579 1949/1922/2446 662/1927/2451 1860/2045/2577
f 1768/1733/2254 2607/2048/2579 1860/2045/2577 613/1736/2257
f 585/2049/2247 1816/2050/2580 2608/2051/2581 1763/2052/2249
f 1816/2050/2580 659/1837/2359 1950/1839/2361 2608/2051/2581
f 2608/2051/2581 1950/1839/2361 660/1843/2365 1818/1995/2522
f 1763/2052/2249 2608/2051/2581 1818/1995/2522 582/1991/2251
f 584/1721/2242 1814/2053/2582 2609/2054/2583 1762/2055/2245
f 1814/2053/2582 658/1831/2353 1951/1833/2355 2609/2054/2583
f 2609/2054/2583 1951/1833/2355 659/1837/2359 1816/2050/2580
f 1762/2055/2245 2609/2054/2583 1816/2050/2580 585/2049/2247
f 581/1717/2238 1935/1983/2512 2610/2056/2584 1761/1718/2239
f 1935/1983/2512 657/1823/2345 1952/1826/2348 2610/2056/2584
f 2610/2056/2584 1952/1826/2348 658/1831/2353 1814/2053/2582
f 1761/1718/2239 2610/2056/2584 1814/2053/2582 584/1721/2242
f 360/1359/1865 1923/1362/1868 2611/2057/2585 1751/1684/2201
f 1923/1362/1868 645/1367/1873 1953/1715/2236 2611/2057/2585
f 2611/2057/2585 1953/1715/2236 656/1602/2114 1934/1601/2113
f 1751/1684/2201 2611/2057/2585 1934/1601/2113 561/1579/2089
f 562/1589/2099 1724/1508/2102 2612/2058/2586 1756/1656/2225
f 1724/1508/2102 653/1590/2101 1954/1705/2228 2612/2058/2586
f 2612/2058/2586 1954/1705/2228 644/1253/1708 1922/2059/2587
f 1756/1656/2225 2612/2058/2586 1922/2059/2587 354/1259/1715
f 122/1359/2124 1731/1611/2123 2613/2060/2588 1915/2061/2589
f 1731/1611/2123 533/1494/2001 1678/1497/2004 2613/2060/2588
f 2613/2060/2588 1678/1497/2004 649/1496/2003 1955/1667/2181
f 1915/2061/2589 2613/2060/2588 1955/1667/2181 637/1348/1854
f 532/1484/1991 1743/1656/2172 2614/2062/2590 1930/1508/2015
f 1743/1656/2172 114/693/796 1914/2063/2591 2614/2062/2590
f 2614/2062/2590 1914/2063/2591 636/689/792 1956/1659/2175
f 1930/1508/2015 2614/2062/2590 1956/1659/2175 652/1509/2016
f 552/2064/1906 1726/2065/2592 2615/2066/2593 1629/2067/1908
f 1726/2065/2592 655/1598/2110 1957/1600/2112 2615/2066/2593
f 2615/2066/2593 1957/1600/2112 656/1602/2114 1727/1716/2237
f 1629/2067/1908 2615/2066/2593 1727/1716/2237 549/1711/1910
f 551/1394/1901 1725/2068/2594 2616/2069/2595 1628/2070/1904
f 1725/2068/2594 654/1594/2106 1958/1596/2108 2616/2069/2595
f 2616/2069/2595 1958/1596/2108 655/1598/2110 1726/2065/2592
f 1628/2070/1904 2616/2069/2595 1726/2065/2592 552/2064/1906
f 548/1390/1897 1931/1703/2226 2617/2071/2596 1627/1391/1898
f 1931/1703/2226 653/1590/2101 1959/1592/2104 2617/2071/2596
f 2617/2071/2596 1959/1592/2104 654/1594/2106 1725/2068/2594
f 1627/1391/1898 2617/2071/2596 1725/2068/2594 551/1394/1901
f 523/2072/1891 1680/2073/2597 2618/2074/2598 1622/2075/1893
f 1680/2073/2597 651/1505/2012 1960/1507/2014 2618/2074/2598
f 2618/2074/2598 1960/1507/2014 652/1509/2016 1681/1661/2177
f 1622/2075/1893 2618/2074/2598 1681/1661/2177 520/1663/1895
f 522/1379/1886 1679/2076/2599 2619/2077/2600 1621/2078/1889
f 1679/2076/2599 650/1501/2008 1961/1503/2010 2619/2077/2600
f 2619/2077/2600 1961/1503/2010 651/1505/2012 1680/2073/2597
f 1621/2078/1889 2619/2077/2600 1680/2073/2597 523/2072/1891
f 519/1375/1882 1927/1670/2184 2620/2079/2601 1620/1376/1883
f 1927/1670/2184 649/1496/2003 1962/1499/2006 2620/2079/2601
f 2620/2079/2601 1962/1499/2006 650/1501/2008 1679/2076/2599
f 1620/1376/1883 2620/2079/2601 1679/2076/2599 522/1379/1886
f 470/1245/1695 1543/1260/1716 2621/2080/2602 1542/2081/2603
f 1543/1260/1716 354/1259/1715 1922/2059/2587 2621/2080/2602
f 2621/2080/2602 1922/2059/2587 644/1253/1708 1963/686/1706
f 1542/2081/2603 2621/2080/2602 1963/686/1706 648/684/1702
f 307/672/1697 1541/1246/1696 2622/2082/2604 1919/2036/2570
f 1541/1246/1696 470/1245/1695 1542/2081/2603 2622/2082/2604
f 2622/2082/2604 1542/2081/2603 648/684/1702 1964/1248/1699
f 1919/2036/2570 2622/2082/2604 1964/1248/1699 641/1247/1698
f 424/2000/2528 1368/1973/2544 2623/2083/2605 1367/2084/2606
f 1368/1973/2544 313/2010/2541 1921/2034/2568 2623/2083/2605
f 2623/2083/2605 1921/2034/2568 643/838/968 1965/836/966
f 1367/2084/2606 2623/2083/2605 1965/836/966 647/36/962
f 312/2001/2530 1366/1966/2529 2624/2085/2607 1920/2086/2608
f 1366/1966/2529 424/2000/2528 1367/2084/2606 2624/2085/2607
f 2624/2085/2607 1367/2084/2606 647/36/962 1966/832/960
f 1920/2086/2608 2624/2085/2607 1966/832/960 642/831/956
f 423/1949/2474 1365/1960/2532 2625/2087/2609 1364/2088/2610
f 1365/1960/2532 312/2001/2530 1920/2086/2608 2625/2087/2609
f 2625/2087/2609 1920/2086/2608 642/831/956 1967/829/954
f 1364/2088/2610 2625/2087/2609 1967/829/954 646/826/950
f 66/1624/2476 1363/1950/2475 2626/2089/2611 1911/2090/2612
f 1363/1950/2475 423/1949/2474 1364/2088/2610 2626/2089/2611
f 2626/2089/2611 1364/2088/2610 646/826/950 1968/19/948
f 1911/2090/2612 2626/2089/2611 1968/19/948 633/16/16
f 234/674/777 1083/2091/2613 2627/2092/2614 1084/692/795
f 1083/2091/2613 640/684/787 1969/686/789 2627/2092/2614
f 2627/2092/2614 1969/686/789 636/689/792 1914/2063/2591
f 1084/692/795 2627/2092/2614 1914/2063/2591 114/693/796
f 65/672/775 1910/2040/2574 2628/2082/2615 1082/673/776
f 1910/2040/2574 632/677/780 1970/680/783 2628/2082/2615
f 2628/2082/2615 1970/680/783 640/684/787 1083/2091/2613
f 1082/673/776 2628/2082/2615 1083/2091/2613 234/674/777
f 188/1967/2496 908/2093/2616 2629/2094/2617 909/1973/2502
f 908/2093/2616 639/36/36 1971/38/38 2629/2094/2617
f 2629/2094/2617 1971/38/38 635/42/42 1913/2037/2571
f 909/1973/2502 2629/2094/2617 1913/2037/2571 73/1974/2503
f 72/1961/2490 1912/2095/2618 2630/2096/2619 907/1966/2495
f 1912/2095/2618 634/30/30 1972/32/32 2630/2096/2619
f 2630/2096/2619 1972/32/32 639/36/36 908/2093/2616
f 907/1966/2495 2630/2096/2619 908/2093/2616 188/1967/2496
f 187/1952/2479 905/2097/2620 2631/2087/2621 906/1960/2489
f 905/2097/2620 638/24/24 1973/26/26 2631/2087/2621
f 2631/2087/2621 1973/26/26 634/30/30 1912/2095/2618
f 906/1960/2489 2631/2087/2621 1912/2095/2618 72/1961/2490
f 66/1624/2476 1911/2090/2612 2632/2098/2622 904/1950/2478
f 1911/2090/2612 633/16/16 1974/19/19 2632/2098/2622
f 2632/2098/2622 1974/19/19 638/24/24 905/2097/2620
f 904/1950/2478 2632/2098/2622 905/2097/2620 187/1952/2479
f 645/1367/1873 1976/2099/2623 2633/2100/2624 1241/1713/2234
f 1976/2099/2623 665/2101/2625 1612/2102/2626 2633/2100/2624
f 2633/2100/2624 1612/2102/2626 356/1023/1307 1234/1025/1309
f 1241/1713/2234 2633/2100/2624 1234/1025/1309 282/1028/1312
f 665/2101/2625 1977/2103/2627 2634/2104/2628 1612/2102/2626
f 1977/2103/2627 630/1003/1282 1240/1002/1281 2634/2104/2628
f 2634/2104/2628 1240/1002/1281 276/1001/1280 1235/1019/1303
f 1612/2102/2626 2634/2104/2628 1235/1019/1303 356/1023/1307
f 666/1350/1856 1979/1349/1855 2635/2105/2629 1978/2106/2630
f 1979/1349/1855 637/1348/1854 780/1669/2183 2635/2105/2629
f 2635/2105/2629 780/1669/2183 40/341/392 773/339/390
f 1978/2106/2630 2635/2105/2629 773/339/390 118/335/386
f 628/306/353 1980/2107/2631 2636/2108/2632 779/307/354
f 1980/2107/2631 666/1350/1856 1978/2106/2630 2636/2108/2632
f 2636/2108/2632 1978/2106/2630 118/335/386 774/333/384
f 779/307/354 2636/2108/2632 774/333/384 32/308/355
f 645/1367/1873 1981/1366/1872 2637/2109/2633 1976/2099/2623
f 1981/1366/1872 497/1365/1871 1603/2110/2634 2637/2109/2633
f 2637/2109/2633 1603/2110/2634 493/2111/2635 1975/2112/2636
f 1976/2099/2623 2637/2109/2633 1975/2112/2636 665/2101/2625
f 498/1372/1879 1982/1371/1878 2638/2113/2637 1602/2114/2638
f 1982/1371/1878 630/1003/1282 1977/2103/2627 2638/2113/2637
f 2638/2113/2637 1977/2103/2627 665/2101/2625 1975/2112/2636
f 1602/2114/2638 2638/2113/2637 1975/2112/2636 493/2111/2635
f 501/1699/2220 1608/2115/2639 2639/2116/2640 1983/1698/2216
f 1608/2115/2639 494/1621/2195 1749/1677/2193 2639/2116/2640
f 2639/2116/2640 1749/1677/2193 557/1560/2068 1706/1558/2066
f 1983/1698/2216 2639/2116/2640 1706/1558/2066 540/1546/2054
f 537/1510/2017 1984/1681/2198 2640/2117/2641 1750/1682/2199
f 1984/1681/2198 502/1680/2197 1606/2118/2642 2640/2117/2641
f 2640/2117/2641 1606/2118/2642 499/2119/2643 1614/2120/2644
f 1750/1682/2199 2640/2117/2641 1614/2120/2644 360/1359/1865
f 485/1619/2132 1985/1618/2131 2641/2121/2645 1595/2122/2646
f 1985/1618/2131 503/1425/1932 1730/1610/2122 2641/2121/2645
f 2641/2121/2645 1730/1610/2122 122/1359/2124 1611/2120/2647
f 1595/2122/2646 2641/2121/2645 1611/2120/2647 488/2119/2648
f 486/1646/2162 1986/1643/2159 2642/2123/2649 1593/2124/2650
f 1986/1643/2159 512/1459/1966 1666/1474/1981 2642/2123/2649
f 2642/2123/2649 1666/1474/1981 529/1473/1980 1733/1617/2130
f 1593/2124/2650 2642/2123/2649 1733/1617/2130 483/1621/2134
f 628/306/353 1987/1358/1864 2643/2125/2651 1980/2107/2631
f 1987/1358/1864 489/1357/1863 1598/2126/2652 2643/2125/2651
f 2643/2125/2651 1598/2126/2652 484/1342/1848 1610/1345/1851
f 1980/2107/2631 2643/2125/2651 1610/1345/1851 666/1350/1856
f 637/1348/1854 1988/1347/1853 2644/2127/2653 1915/2061/2589
f 1988/1347/1853 490/1346/1852 1596/2128/2654 2644/2127/2653
f 2644/2127/2653 1596/2128/2654 487/2129/2655 1605/2130/2656
f 1915/2061/2589 2644/2127/2653 1605/2130/2656 122/1359/2124
f 2719/1/2657 3545/4/2658 4633/3/2659 3333/2/2660
f 3333/2/2660 4633/3/2659 3335/6/2661 2652/5/2662
f 4633/3/2659 3546/8/2663 2720/7/2664 3335/6/2661
f 3545/4/2658 2830/9/2665 3546/8/2663 4633/3/2659
f 2830/9/2665 3547/11/2666 4634/10/2667 3546/8/2663
f 3546/8/2663 4634/10/2667 3334/12/2668 2720/7/2664
f 4634/10/2667 3353/14/2669 2660/13/2670 3334/12/2668
f 3547/11/2666 2729/15/2671 3353/14/2669 4634/10/2667
f 3277/16/2672 4618/19/2673 4635/18/2674 3317/17/2675
f 3317/17/2675 4635/18/2674 3312/21/2676 2645/20/2677
f 4635/18/2674 4560/23/2678 2707/22/2679 3312/21/2676
f 4618/19/2673 3282/24/2680 4560/23/2678 4635/18/2674
f 3282/24/2680 4617/26/2681 4636/25/2682 4560/23/2678
f 4560/23/2678 4636/25/2682 3311/27/2683 2707/22/2679
f 4636/25/2682 3328/29/2684 2651/28/2685 3311/27/2683
f 4617/26/2681 3278/30/2686 3328/29/2684 4636/25/2682
f 3278/30/2686 4616/32/2687 4637/31/2688 3328/29/2684
f 3328/29/2684 4637/31/2688 3323/33/2689 2651/28/2685
f 4637/31/2688 4561/35/2690 2713/34/2691 3323/33/2689
f 4616/32/2687 3283/36/2692 4561/35/2690 4637/31/2688
f 3283/36/2692 4615/38/2693 4638/37/2694 4561/35/2690
f 4561/35/2690 4638/37/2694 3322/39/2695 2713/34/2691
f 4638/37/2694 3329/41/2696 2650/40/2697 3322/39/2695
f 4615/38/2693 3279/42/2698 3329/41/2696 4638/37/2694
f 2645/20/2677 3312/21/2676 4639/44/2699 3320/43/2700
f 3320/43/2700 4639/44/2699 3554/46/2701 2712/45/2702
f 4639/44/2699 3557/48/2703 2833/47/2704 3554/46/2701
f 3312/21/2676 2707/22/2679 3557/48/2703 4639/44/2699
f 2712/45/2702 3554/46/2701 4640/50/2705 3321/49/2706
f 3321/49/2706 4640/50/2705 3319/52/2707 2649/51/2708
f 4640/50/2705 3555/54/2709 2711/53/2710 3319/52/2707
f 3554/46/2701 2833/47/2704 3555/54/2709 4640/50/2705
f 2833/47/2704 3556/56/2711 4641/55/2712 3555/54/2709
f 3555/54/2709 4641/55/2712 3318/57/2713 2711/53/2710
f 4641/55/2712 3331/59/2714 2653/58/2715 3318/57/2713
f 3556/56/2711 2718/60/2716 3331/59/2714 4641/55/2712
f 2707/22/2679 3311/27/2683 4642/61/2717 3557/48/2703
f 3557/48/2703 4642/61/2717 3556/56/2711 2833/47/2704
f 4642/61/2717 3330/62/2718 2718/60/2716 3556/56/2711
f 3311/27/2683 2651/28/2685 3330/62/2718 4642/61/2717
f 2651/28/2685 3323/33/2689 4643/63/2719 3330/62/2718
f 3330/62/2718 4643/63/2719 3558/64/2720 2718/60/2716
f 4643/63/2719 3561/66/2721 2834/65/2722 3558/64/2720
f 3323/33/2689 2713/34/2691 3561/66/2721 4643/63/2719
f 2718/60/2716 3558/64/2720 4644/67/2723 3331/59/2714
f 3331/59/2714 4644/67/2723 3327/68/2724 2653/58/2715
f 4644/67/2723 3559/70/2725 2715/69/2726 3327/68/2724
f 3558/64/2720 2834/65/2722 3559/70/2725 4644/67/2723
f 2834/65/2722 3560/72/2727 4645/71/2728 3559/70/2725
f 3559/70/2725 4645/71/2728 3326/73/2729 2715/69/2726
f 4645/71/2728 3333/2/2660 2652/5/2662 3326/73/2729
f 3560/72/2727 2719/1/2657 3333/2/2660 4645/71/2728
f 2713/34/2691 3322/39/2695 4646/74/2730 3561/66/2721
f 3561/66/2721 4646/74/2730 3560/72/2727 2834/65/2722
f 4646/74/2730 3332/75/2731 2719/1/2657 3560/72/2727
f 3322/39/2695 2650/40/2697 3332/75/2731 4646/74/2730
f 2672/76/2732 3395/79/2733 4647/78/2734 3362/77/2735
f 3362/77/2735 4647/78/2734 3562/80/2736 2734/77/2737
f 4647/78/2734 3565/82/2738 2835/81/2739 3562/80/2736
f 3395/79/2733 2750/82/2740 3565/82/2738 4647/78/2734
f 2734/77/2737 3562/80/2736 4648/84/2741 3363/83/2742
f 3363/83/2742 4648/84/2741 3355/86/2743 2661/85/2744
f 4648/84/2741 3563/87/2745 2730/87/2746 3355/86/2743
f 3562/80/2736 2835/81/2739 3563/87/2745 4648/84/2741
f 2835/81/2739 3564/89/2747 4649/88/2748 3563/87/2745
f 3563/87/2745 4649/88/2748 3354/90/2749 2730/87/2746
f 4649/88/2748 3343/92/2750 2655/91/2751 3354/90/2749
f 3564/89/2747 2724/93/2752 3343/92/2750 4649/88/2748
f 2750/82/2740 3394/89/2753 4650/88/2754 3565/82/2738
f 3565/82/2738 4650/88/2754 3564/89/2747 2835/81/2739
f 4650/88/2754 3342/92/2755 2724/93/2752 3564/89/2747
f 3394/89/2753 2671/91/2756 3342/92/2755 4650/88/2754
f 2675/94/2757 3405/97/2758 4651/96/2759 3360/95/2760
f 3360/95/2760 4651/96/2759 3566/99/2761 2733/98/2762
f 4651/96/2759 3569/101/2763 2836/100/2764 3566/99/2761
f 3405/97/2758 2755/102/2765 3569/101/2763 4651/96/2759
f 2733/98/2762 3566/99/2761 4652/103/2766 3361/95/2767
f 3361/95/2767 4652/103/2766 3351/105/2768 2659/104/2769
f 4652/103/2766 3567/106/2770 2728/102/2771 3351/105/2768
f 3566/99/2761 2836/100/2764 3567/106/2770 4652/103/2766
f 2836/100/2764 3568/108/2772 4653/107/2773 3567/106/2770
f 3567/106/2770 4653/107/2773 3350/109/2774 2728/102/2771
f 4653/107/2773 3337/111/2775 2648/110/2776 3350/109/2774
f 3568/108/2772 2721/112/2777 3337/111/2775 4653/107/2773
f 2755/102/2765 3404/114/2778 4654/113/2779 3569/101/2763
f 3569/101/2763 4654/113/2779 3568/108/2772 2836/100/2764
f 4654/113/2779 3336/115/2780 2721/112/2777 3568/108/2772
f 3404/114/2778 2674/116/2781 3336/115/2780 4654/113/2779
f 2669/117/2782 3385/86/2783 4655/119/2784 3358/118/2785
f 3358/118/2785 4655/119/2784 3570/121/2786 2732/120/2787
f 4655/119/2784 3573/123/2788 2837/122/2789 3570/121/2786
f 3385/86/2783 2745/15/2790 3573/123/2788 4655/119/2784
f 2732/120/2787 3570/121/2786 4656/125/2791 3359/124/2792
f 3359/124/2792 4656/125/2791 3357/126/2793 2662/120/2794
f 4656/125/2791 3571/127/2795 2731/122/2796 3357/126/2793
f 3570/121/2786 2837/122/2789 3571/127/2795 4656/125/2791
f 2837/122/2789 3572/128/2797 4657/128/2798 3571/127/2795
f 3571/127/2795 4657/128/2798 3356/90/2799 2731/122/2796
f 4657/128/2798 3349/92/2800 2657/91/2801 3356/90/2799
f 3572/128/2797 2727/129/2802 3349/92/2800 4657/128/2798
f 2745/15/2790 3384/131/2803 4658/130/2804 3573/123/2788
f 3573/123/2788 4658/130/2804 3572/128/2797 2837/122/2789
f 4658/130/2804 3348/132/2805 2727/129/2802 3572/128/2797
f 3384/131/2803 2668/133/2806 3348/132/2805 4658/130/2804
f 2667/134/2807 3383/6/2808 4659/136/2809 3377/135/2810
f 3377/135/2810 4659/136/2809 3574/138/2811 2741/137/2812
f 4659/136/2809 3577/140/2813 2838/139/2814 3574/138/2811
f 3383/6/2808 2744/141/2815 3577/140/2813 4659/136/2809
f 2741/137/2812 3574/138/2811 4660/143/2816 3376/142/2817
f 3376/142/2817 4660/143/2816 3345/145/2818 2658/144/2819
f 4660/143/2816 3575/147/2820 2725/146/2821 3345/145/2818
f 3574/138/2811 2838/139/2814 3575/147/2820 4660/143/2816
f 2838/139/2814 3576/149/2822 4661/148/2823 3575/147/2820
f 3575/147/2820 4661/148/2823 3344/150/2824 2725/146/2821
f 4661/148/2823 3359/124/2792 2662/120/2794 3344/150/2824
f 3576/149/2822 2732/120/2787 3359/124/2792 4661/148/2823
f 2744/141/2815 3382/152/2825 4662/151/2826 3577/140/2813
f 3577/140/2813 4662/151/2826 3576/149/2822 2838/139/2814
f 4662/151/2826 3358/118/2785 2732/120/2787 3576/149/2822
f 3382/152/2825 2669/117/2782 3358/118/2785 4662/151/2826
f 2673/153/2827 3403/156/2828 4663/155/2829 3397/154/2830
f 3397/154/2830 4663/155/2829 3578/6/2831 2751/134/2832
f 4663/155/2829 3581/158/2833 2839/157/2834 3578/6/2831
f 3403/156/2828 2754/159/2835 3581/158/2833 4663/155/2829
f 2751/134/2832 3578/6/2831 4664/161/2836 3396/160/2837
f 3396/160/2837 4664/161/2836 3325/163/2838 2654/162/2839
f 4664/161/2836 3579/158/2840 2714/164/2841 3325/163/2838
f 3578/6/2831 2839/157/2834 3579/158/2840 4664/161/2836
f 2839/157/2834 3580/12/2842 4665/165/2843 3579/158/2840
f 3579/158/2840 4665/165/2843 3324/166/2844 2714/164/2841
f 4665/165/2843 3361/95/2767 2659/104/2769 3324/166/2844
f 3580/12/2842 2733/98/2762 3361/95/2767 4665/165/2843
f 2754/159/2835 3402/168/2845 4666/167/2846 3581/158/2833
f 3581/158/2833 4666/167/2846 3580/12/2842 2839/157/2834
f 4666/167/2846 3360/95/2760 2733/98/2762 3580/12/2842
f 3402/168/2845 2675/94/2757 3360/95/2760 4666/167/2846
f 2670/169/2847 3393/171/2848 4667/170/2849 3387/134/2850
f 3387/134/2850 4667/170/2849 3582/6/2851 2746/172/2852
f 4667/170/2849 3585/174/2853 2840/173/2854 3582/6/2851
f 3393/171/2848 2749/175/2855 3585/174/2853 4667/170/2849
f 2746/172/2852 3582/6/2851 4668/6/2856 3386/134/2857
f 3386/134/2857 4668/6/2856 3339/6/2858 2656/134/2859
f 4668/6/2856 3583/176/2860 2722/175/2861 3339/6/2858
f 3582/6/2851 2840/173/2854 3583/176/2860 4668/6/2856
f 2840/173/2854 3584/12/2862 4669/177/2863 3583/176/2860
f 3583/176/2860 4669/177/2863 3338/12/2864 2722/175/2861
f 4669/177/2863 3363/83/2742 2661/85/2744 3338/12/2864
f 3584/12/2862 2734/77/2737 3363/83/2742 4669/177/2863
f 2749/175/2855 3392/179/2865 4670/178/2866 3585/174/2853
f 3585/174/2853 4670/178/2866 3584/12/2862 2840/173/2854
f 4670/178/2866 3362/77/2735 2734/77/2737 3584/12/2862
f 3392/179/2865 2672/76/2732 3362/77/2735 4670/178/2866
f 2658/144/2819 3345/145/2818 4671/181/2867 3367/180/2868
f 3367/180/2868 4671/181/2867 3586/183/2869 2736/182/2870
f 4671/181/2867 3589/185/2871 2841/184/2872 3586/183/2869
f 3345/145/2818 2725/146/2821 3589/185/2871 4671/181/2867
f 2736/182/2870 3586/183/2869 4672/187/2873 3366/186/2874
f 3366/186/2874 4672/187/2873 3365/189/2875 2663/188/2876
f 4672/187/2873 3587/191/2877 2735/190/2878 3365/189/2875
f 3586/183/2869 2841/184/2872 3587/191/2877 4672/187/2873
f 2841/184/2872 3588/193/2879 4673/192/2880 3587/191/2877
f 3587/191/2877 4673/192/2880 3364/194/2881 2735/190/2878
f 4673/192/2880 3369/196/2882 2664/195/2883 3364/194/2881
f 3588/193/2884 2737/197/2885 3369/196/2882 4673/192/2880
f 2725/146/2821 3344/150/2824 4674/198/2886 3589/185/2871
f 3589/185/2871 4674/198/2886 3588/193/2879 2841/184/2872
f 4674/198/2886 3368/199/2887 2737/197/2885 3588/193/2884
f 3344/150/2824 2662/120/2794 3368/199/2887 4674/198/2886
f 2662/120/2794 3357/126/2793 4675/201/2888 3373/200/2889
f 3373/200/2889 4675/201/2888 3590/203/2890 2739/202/2891
f 4675/201/2888 3593/205/2892 2842/204/2893 3590/203/2890
f 3357/126/2793 2731/122/2796 3593/205/2892 4675/201/2888
f 2739/202/2891 3590/203/2890 4676/207/2894 3372/206/2895
f 3372/206/2895 4676/207/2894 3371/208/2896 2666/84/2897
f 4676/207/2894 3591/209/2898 2738/209/2899 3371/208/2896
f 3590/203/2890 2842/204/2893 3591/209/2898 4676/207/2894
f 2842/204/2893 3592/211/2900 4677/210/2901 3591/209/2898
f 3591/209/2898 4677/210/2901 3370/212/2902 2738/209/2899
f 4677/210/2901 3375/213/2903 2665/89/2904 3370/212/2902
f 3592/211/2900 2740/214/2905 3375/213/2903 4677/210/2901
f 2731/122/2796 3356/90/2799 4678/215/2906 3593/205/2892
f 3593/205/2892 4678/215/2906 3592/211/2900 2842/204/2893
f 4678/215/2906 3374/216/2907 2740/214/2905 3592/211/2900
f 3356/90/2799 2657/91/2801 3374/216/2907 4678/215/2906
f 2656/134/2859 3339/6/2858 4679/6/2908 3347/134/2909
f 3347/134/2909 4679/6/2908 3594/161/2910 2726/172/2911
f 4679/6/2908 3597/176/2912 2843/7/2913 3594/161/2910
f 3339/6/2858 2722/175/2861 3597/176/2912 4679/6/2908
f 2726/172/2911 3594/161/2910 4680/6/2914 3346/134/2915
f 3346/134/2915 4680/6/2914 3383/6/2808 2667/134/2807
f 4680/6/2914 3595/217/2916 2744/141/2815 3383/6/2808
f 3594/161/2910 2843/7/2913 3595/217/2916 4680/6/2914
f 2843/7/2913 3596/219/2917 4681/218/2918 3595/217/2916
f 3595/217/2916 4681/218/2918 3382/152/2825 2744/141/2815
f 4681/218/2918 3381/220/2919 2669/117/2782 3382/152/2825
f 3596/219/2917 2743/120/2920 3381/220/2919 4681/218/2918
f 2722/175/2861 3338/12/2864 4682/221/2921 3597/176/2912
f 3597/176/2912 4682/221/2921 3596/219/2917 2843/7/2913
f 4682/221/2921 3380/222/2922 2743/120/2920 3596/219/2917
f 3338/12/2864 2661/85/2744 3380/222/2922 4682/221/2921
f 2661/85/2744 3355/86/2743 4683/223/2923 3380/222/2922
f 3380/222/2922 4683/223/2923 3598/224/2924 2743/120/2920
f 4683/223/2923 3601/226/2925 2844/225/2926 3598/224/2924
f 3355/86/2743 2730/87/2746 3601/226/2925 4683/223/2923
f 2743/120/2920 3598/224/2924 4684/227/2927 3381/220/2919
f 3381/220/2919 4684/227/2927 3385/86/2783 2669/117/2782
f 4684/227/2927 3599/228/2928 2745/15/2790 3385/86/2783
f 3598/224/2924 2844/225/2926 3599/228/2928 4684/227/2927
f 2844/225/2926 3600/230/2929 4685/229/2930 3599/228/2928
f 3599/228/2928 4685/229/2930 3384/131/2803 2745/15/2790
f 4685/229/2930 3379/231/2931 2668/133/2806 3384/131/2803
f 3600/230/2929 2742/232/2932 3379/231/2931 4685/229/2930
f 2730/87/2746 3354/90/2749 4686/233/2933 3601/226/2925
f 3601/226/2925 4686/233/2933 3600/230/2929 2844/225/2926
f 4686/233/2933 3378/234/2934 2742/232/2932 3600/230/2929
f 3354/90/2749 2655/91/2751 3378/234/2934 4686/233/2933
f 2654/162/2839 3325/163/2838 4687/236/2935 3341/235/2936
f 3341/235/2936 4687/236/2935 3602/238/2937 2723/237/2938
f 4687/236/2935 3605/240/2939 2845/239/2940 3602/238/2937
f 3325/163/2838 2714/164/2841 3605/240/2939 4687/236/2935
f 2723/237/2938 3602/238/2937 4688/242/2941 3340/241/2942
f 3340/241/2942 4688/242/2941 3393/171/2848 2670/169/2847
f 4688/242/2941 3603/240/2943 2749/175/2855 3393/171/2848
f 3602/238/2937 2845/239/2940 3603/240/2943 4688/242/2941
f 2845/239/2940 3604/244/2944 4689/243/2945 3603/240/2943
f 3603/240/2943 4689/243/2945 3392/179/2865 2749/175/2855
f 4689/243/2945 3391/245/2946 2672/76/2732 3392/179/2865
f 3604/244/2944 2748/83/2947 3391/245/2946 4689/243/2945
f 2714/164/2841 3324/166/2844 4690/246/2948 3605/240/2939
f 3605/240/2939 4690/246/2948 3604/244/2944 2845/239/2940
f 4690/246/2948 3390/247/2949 2748/83/2947 3604/244/2944
f 3324/166/2844 2659/104/2769 3390/247/2949 4690/246/2948
f 2659/104/2769 3351/105/2768 4691/248/2950 3390/247/2949
f 3390/247/2949 4691/248/2950 3606/249/2951 2748/83/2947
f 4691/248/2950 3609/251/2952 2846/250/2953 3606/249/2951
f 3351/105/2768 2728/102/2771 3609/251/2952 4691/248/2950
f 2748/83/2947 3606/249/2951 4692/252/2954 3391/245/2946
f 3391/245/2946 4692/252/2954 3395/79/2733 2672/76/2732
f 4692/252/2954 3607/253/2955 2750/82/2740 3395/79/2733
f 3606/249/2951 2846/250/2953 3607/253/2955 4692/252/2954
f 2846/250/2953 3608/255/2956 4693/254/2957 3607/253/2955
f 3607/253/2955 4693/254/2957 3394/89/2753 2750/82/2740
f 4693/254/2957 3389/256/2958 2671/91/2756 3394/89/2753
f 3608/255/2956 2747/257/2959 3389/256/2958 4693/254/2957
f 2728/102/2771 3350/109/2774 4694/258/2960 3609/251/2952
f 3609/251/2952 4694/258/2960 3608/255/2956 2846/250/2953
f 4694/258/2960 3388/259/2961 2747/257/2959 3608/255/2956
f 3350/109/2774 2648/110/2776 3388/259/2961 4694/258/2960
f 2652/5/2662 3335/6/2661 4695/261/2962 3314/260/2963
f 3314/260/2963 4695/261/2962 3610/263/2964 2708/262/2965
f 4695/261/2962 3613/265/2966 2847/264/2967 3610/263/2964
f 3335/6/2661 2720/7/2664 3613/265/2966 4695/261/2962
f 2708/262/2965 3610/263/2964 4696/267/2968 3313/266/2969
f 3313/266/2969 4696/267/2968 3403/156/2828 2673/153/2827
f 4696/267/2968 3611/240/2970 2754/159/2835 3403/156/2828
f 3610/263/2964 2847/264/2967 3611/240/2970 4696/267/2968
f 2847/264/2967 3612/269/2971 4697/268/2972 3611/240/2970
f 3611/240/2970 4697/268/2972 3402/168/2845 2754/159/2835
f 4697/268/2972 3401/270/2973 2675/94/2757 3402/168/2845
f 3612/269/2971 2753/271/2974 3401/270/2973 4697/268/2972
f 2720/7/2664 3334/12/2668 4698/272/2975 3613/265/2966
f 3613/265/2966 4698/272/2975 3612/269/2971 2847/264/2967
f 4698/272/2975 3400/273/2976 2753/271/2974 3612/269/2971
f 3334/12/2668 2660/13/2670 3400/273/2976 4698/272/2975
f 2660/13/2670 3353/14/2669 4699/274/2977 3400/273/2976
f 3400/273/2976 4699/274/2977 3614/275/2978 2753/271/2974
f 4699/274/2977 3617/277/2979 2848/276/2980 3614/275/2978
f 3353/14/2669 2729/15/2671 3617/277/2979 4699/274/2977
f 2753/271/2974 3614/275/2978 4700/278/2981 3401/270/2973
f 3401/270/2973 4700/278/2981 3405/97/2758 2675/94/2757
f 4700/278/2981 3615/279/2982 2755/102/2765 3405/97/2758
f 3614/275/2978 2848/276/2980 3615/279/2982 4700/278/2981
f 2848/276/2980 3616/281/2983 4701/280/2984 3615/279/2982
f 3615/279/2982 4701/280/2984 3404/114/2778 2755/102/2765
f 4701/280/2984 3399/282/2985 2674/116/2781 3404/114/2778
f 3616/281/2983 2752/283/2986 3399/282/2985 4701/280/2984
f 2729/15/2671 3352/285/2987 4702/284/2988 3617/277/2979
f 3617/277/2979 4702/284/2988 3616/281/2983 2848/276/2980
f 4702/284/2988 3398/286/2989 2752/283/2986 3616/281/2983
f 3352/285/2987 2647/287/2990 3398/286/2989 4702/284/2988
f 2849/288/2991 3619/291/2992 4703/290/2993 3618/289/2994
f 3618/289/2994 4703/290/2993 3448/293/2995 2778/292/2996
f 4703/290/2993 3429/295/2997 2687/294/2998 3448/293/2995
f 3619/291/2992 2769/296/2999 3429/295/2997 4703/290/2993
f 2768/297/3000 3428/300/3001 4704/299/3002 3620/298/3003
f 3620/298/3003 4704/299/3002 3619/291/2992 2849/288/2991
f 4704/299/3002 3430/301/3004 2769/296/2999 3619/291/2992
f 3428/300/3001 2680/5/3005 3430/301/3004 4704/299/3002
f 3273/302/3006 4547/305/3007 4705/304/3008 4553/303/3009
f 4553/303/3009 4705/304/3008 3423/307/3010 3272/306/3011
f 4705/304/3008 3406/309/3012 2676/308/3013 3423/307/3010
f 4547/305/3007 2756/310/3014 3406/309/3012 4705/304/3008
f 3271/311/3015 3412/314/3016 4706/313/3017 4552/312/3018
f 4552/312/3018 4706/313/3017 4547/305/3007 3273/302/3006
f 4706/313/3017 3407/315/3019 2756/310/3014 4547/305/3007
f 3412/314/3016 2677/20/3020 3407/315/3019 4706/313/3017
f 2677/20/3020 3415/43/3021 4707/316/3022 3407/315/3019
f 3407/315/3019 4707/316/3022 3624/317/3023 2756/310/3014
f 4707/316/3022 3627/319/3024 2851/318/3025 3624/317/3023
f 3415/43/3021 2761/45/3026 3627/319/3024 4707/316/3022
f 2756/310/3014 3624/317/3023 4708/320/3027 3406/309/3012
f 3406/309/3012 4708/320/3027 3425/321/3028 2676/308/3013
f 4708/320/3027 3625/323/3029 2767/322/3030 3425/321/3028
f 3624/317/3023 2851/318/3025 3625/323/3029 4708/320/3027
f 2851/318/3025 3626/325/3031 4709/324/3032 3625/323/3029
f 3625/323/3029 4709/324/3032 3426/326/3033 2767/322/3030
f 4709/324/3032 3413/328/3034 2682/327/3035 3426/326/3033
f 3626/325/3031 2760/329/3036 3413/328/3034 4709/324/3032
f 2761/45/3026 3416/49/3037 4710/330/3038 3627/319/3024
f 3627/319/3024 4710/330/3038 3626/325/3031 2851/318/3025
f 4710/330/3038 3414/331/3039 2760/329/3036 3626/325/3031
f 3416/49/3037 2683/332/3040 3414/331/3039 4710/330/3038
f 2676/308/3013 3425/321/3028 4711/334/3041 3418/333/3042
f 3418/333/3042 4711/334/3041 3628/336/3043 2762/335/3044
f 4711/334/3041 3631/338/3045 2852/337/3046 3628/336/3043
f 3425/321/3028 2767/322/3030 3631/338/3045 4711/334/3041
f 2762/335/3044 3628/336/3043 4712/340/3047 3417/339/3048
f 3417/339/3048 4712/340/3047 3427/342/3049 2684/341/3050
f 4712/340/3047 3629/343/3051 2768/297/3000 3427/342/3049
f 3628/336/3043 2852/337/3046 3629/343/3051 4712/340/3047
f 2852/337/3046 3630/345/3052 4713/344/3053 3629/343/3051
f 3629/343/3051 4713/344/3053 3428/300/3001 2768/297/3000
f 4713/344/3053 3421/346/3054 2680/5/3005 3428/300/3001
f 3630/345/3052 2764/347/3055 3421/346/3054 4713/344/3053
f 2767/322/3030 3426/326/3033 4714/348/3056 3631/338/3045
f 3631/338/3045 4714/348/3056 3630/345/3052 2852/337/3046
f 4714/348/3056 3422/349/3057 2764/347/3055 3630/345/3052
f 3426/326/3033 2682/327/3035 3422/349/3057 4714/348/3056
f 2702/76/3058 3457/351/3059 4715/350/3060 3490/79/3061
f 3490/79/3061 4715/350/3060 3632/353/3062 2799/352/3063
f 4715/350/3060 3635/355/3064 2853/354/3065 3632/353/3062
f 3457/351/3059 2783/356/3066 3635/355/3064 4715/350/3060
f 2799/352/3063 3632/353/3062 4716/357/3067 3489/89/3068
f 3489/89/3068 4716/357/3067 3437/358/3069 2693/287/3070
f 4716/357/3067 3633/360/3071 2773/359/3072 3437/358/3069
f 3632/353/3062 2853/354/3065 3633/360/3071 4716/357/3067
f 2853/354/3065 3634/362/3073 4717/361/3074 3633/360/3071
f 3633/360/3071 4717/361/3074 3438/363/3075 2773/359/3072
f 4717/361/3074 3449/365/3076 2694/364/3077 3438/363/3075
f 3634/362/3073 2779/366/3078 3449/365/3076 4717/361/3074
f 2783/356/3066 3458/368/3079 4718/367/3080 3635/355/3064
f 3635/355/3064 4718/367/3080 3634/362/3073 2853/354/3065
f 4718/367/3080 3450/369/3081 2779/366/3078 3634/362/3073
f 3458/368/3079 2690/370/3082 3450/369/3081 4718/367/3080
f 2701/94/3083 3455/373/3084 4719/372/3085 3500/371/3086
f 3500/371/3086 4719/372/3085 3636/251/3087 2804/374/3088
f 4719/372/3085 3639/375/3089 2854/250/3090 3636/251/3087
f 3455/373/3084 2782/376/3091 3639/375/3089 4719/372/3085
f 2804/374/3088 3636/251/3087 4720/378/3092 3499/377/3093
f 3499/377/3093 4720/378/3092 3431/380/3094 2688/379/3095
f 4720/378/3092 3637/255/3096 2770/381/3097 3431/380/3094
f 3636/251/3087 2854/250/3090 3637/255/3096 4720/378/3092
f 2854/250/3090 3638/383/3098 4721/382/3099 3637/255/3096
f 3637/255/3096 4721/382/3099 3432/384/3100 2770/381/3097
f 4721/382/3099 3445/385/3101 2689/287/3102 3432/384/3100
f 3638/383/3098 2777/127/3103 3445/385/3101 4721/382/3099
f 2782/376/3091 3456/387/3104 4722/386/3105 3639/375/3089
f 3639/375/3089 4722/386/3105 3638/383/3098 2854/250/3090
f 4722/386/3105 3446/388/3106 2777/127/3103 3638/383/3098
f 3456/387/3104 2685/98/3107 3446/388/3106 4722/386/3105
f 2700/389/3108 3453/389/3109 4723/391/3110 3480/390/3111
f 3480/390/3111 4723/391/3110 3640/393/3112 2794/392/3113
f 4723/391/3110 3643/390/3114 2855/392/3115 3640/393/3112
f 3453/389/3109 2781/83/3116 3643/390/3114 4723/391/3110
f 2794/392/3113 3640/393/3112 4724/395/3117 3479/394/3118
f 3479/394/3118 4724/395/3117 3443/396/3119 2698/112/3120
f 4724/395/3117 3641/398/3121 2776/397/3122 3443/396/3119
f 3640/393/3112 2855/392/3115 3641/398/3121 4724/395/3117
f 2855/392/3115 3642/400/3123 4725/399/3124 3641/398/3121
f 3641/398/3121 4725/399/3124 3444/401/3125 2776/397/3122
f 4725/399/3124 3451/403/3126 2699/402/3127 3444/401/3125
f 3642/400/3123 2780/404/3128 3451/403/3126 4725/399/3124
f 2781/83/3116 3454/406/3129 4726/405/3130 3643/390/3114
f 3643/390/3114 4726/405/3130 3642/400/3123 2855/392/3115
f 4726/405/3130 3452/407/3131 2780/404/3128 3642/400/3123
f 3454/406/3129 2695/370/3132 3452/407/3131 4726/405/3130
f 2697/408/3133 3472/411/3134 4727/410/3135 3478/409/3136
f 3478/409/3136 4727/410/3135 3644/413/3137 2793/412/3138
f 4727/410/3135 3647/415/3139 2856/414/3140 3644/413/3137
f 3472/411/3134 2790/416/3141 3647/415/3139 4727/410/3135
f 2793/412/3138 3644/413/3137 4728/418/3142 3477/417/3143
f 3477/417/3143 4728/418/3142 3453/389/3109 2700/389/3108
f 4728/418/3142 3645/419/3144 2781/83/3116 3453/389/3109
f 3644/413/3137 2856/414/3140 3645/419/3144 4728/418/3142
f 2856/414/3140 3646/421/3145 4729/420/3146 3645/419/3144
f 3645/419/3144 4729/420/3146 3454/406/3129 2781/83/3116
f 4729/420/3146 3439/422/3147 2695/370/3132 3454/406/3129
f 3646/421/3145 2774/423/3148 3439/422/3147 4729/420/3146
f 2790/416/3141 3471/425/3149 4730/424/3150 3647/415/3139
f 3647/415/3139 4730/424/3150 3646/421/3145 2856/414/3140
f 4730/424/3150 3440/426/3151 2774/423/3148 3646/421/3145
f 3471/425/3149 2696/427/3152 3440/426/3151 4730/424/3150
f 2679/169/3153 3492/430/3154 4731/429/3155 3498/428/3156
f 3498/428/3156 4731/429/3155 3648/431/3157 2803/175/3158
f 4731/429/3155 3651/238/3159 2857/432/3160 3648/431/3157
f 3492/430/3154 2800/433/3161 3651/238/3159 4731/429/3155
f 2803/175/3158 3648/431/3157 4732/434/3162 3497/168/3163
f 3497/168/3163 4732/434/3162 3455/373/3084 2701/94/3083
f 4732/434/3162 3649/435/3164 2782/376/3091 3455/373/3084
f 3648/431/3157 2857/432/3160 3649/435/3164 4732/434/3162
f 2857/432/3160 3650/437/3165 4733/436/3166 3649/435/3164
f 3649/435/3164 4733/436/3166 3456/387/3104 2782/376/3091
f 4733/436/3166 3419/438/3167 2685/98/3107 3456/387/3104
f 3650/437/3165 2763/439/3168 3419/438/3167 4733/436/3166
f 2800/433/3161 3491/430/3169 4734/440/3170 3651/238/3159
f 3651/238/3159 4734/440/3170 3650/437/3165 2857/432/3160
f 4734/440/3170 3420/441/3171 2763/439/3168 3650/437/3165
f 3491/430/3169 2686/5/3172 3420/441/3171 4734/440/3170
f 2692/442/3173 3482/444/3174 4735/443/3175 3488/6/3176
f 3488/6/3176 4735/443/3175 3652/445/3177 2798/175/3178
f 4735/443/3175 3655/447/3179 2858/446/3180 3652/445/3177
f 3482/444/3174 2795/448/3181 3655/447/3179 4735/443/3175
f 2798/175/3178 3652/445/3177 4736/450/3182 3487/449/3183
f 3487/449/3183 4736/450/3182 3457/351/3059 2702/76/3058
f 4736/450/3182 3653/451/3184 2783/356/3066 3457/351/3059
f 3652/445/3177 2858/446/3180 3653/451/3184 4736/450/3182
f 2858/446/3180 3654/453/3185 4737/452/3186 3653/451/3184
f 3653/451/3184 4737/452/3186 3458/368/3079 2783/356/3066
f 4737/452/3186 3433/454/3187 2690/370/3082 3458/368/3079
f 3654/453/3185 2771/455/3188 3433/454/3187 4737/452/3186
f 2795/448/3181 3481/457/3189 4738/456/3190 3655/447/3179
f 3655/447/3179 4738/456/3190 3654/453/3185 2858/446/3180
f 4738/456/3190 3434/458/3191 2771/455/3188 3654/453/3185
f 3481/457/3189 2691/459/3192 3434/458/3191 4738/456/3190
f 2696/427/3152 3462/461/3193 4739/460/3194 3440/426/3151
f 3440/426/3151 4739/460/3194 3656/462/3195 2774/423/3148
f 4739/460/3194 3659/464/3196 2859/463/3197 3656/462/3195
f 3462/461/3193 2785/465/3198 3659/464/3196 4739/460/3194
f 2774/423/3148 3656/462/3195 4740/466/3199 3439/422/3147
f 3439/422/3147 4740/466/3199 3463/467/3200 2695/370/3132
f 4740/466/3199 3657/469/3201 2786/468/3202 3463/467/3200
f 3656/462/3195 2859/463/3197 3657/469/3203 4740/466/3199
f 2859/463/3197 3658/471/3204 4741/470/3205 3657/469/3203
f 3657/469/3201 4741/470/3205 3464/472/3206 2786/468/3202
f 4741/470/3205 3459/474/3207 2703/473/3208 3464/472/3206
f 3658/471/3204 2784/475/3209 3459/474/3207 4741/470/3205
f 2785/465/3198 3461/477/3210 4742/476/3211 3659/464/3196
f 3659/464/3196 4742/476/3211 3658/471/3204 2859/463/3197
f 4742/476/3211 3460/478/3212 2784/475/3209 3658/471/3204
f 3461/477/3210 2704/479/3213 3460/478/3212 4742/476/3211
f 2695/370/3132 3468/481/3214 4743/480/3215 3452/407/3131
f 3452/407/3131 4743/480/3215 3660/482/3216 2780/404/3128
f 4743/480/3215 3663/484/3217 2860/483/3218 3660/482/3216
f 3468/481/3214 2788/485/3219 3663/484/3217 4743/480/3215
f 2780/404/3128 3660/482/3216 4744/486/3220 3451/403/3126
f 3451/403/3126 4744/486/3220 3469/487/3221 2699/402/3127
f 4744/486/3220 3661/489/3222 2789/488/3223 3469/487/3221
f 3660/482/3216 2860/483/3218 3661/489/3222 4744/486/3220
f 2860/483/3218 3662/491/3224 4745/490/3225 3661/489/3222
f 3661/489/3222 4745/490/3225 3470/492/3226 2789/488/3223
f 4745/490/3225 3465/494/3227 2705/493/3228 3470/492/3226
f 3662/491/3224 2787/495/3229 3465/494/3227 4745/490/3225
f 2788/485/3219 3467/497/3230 4746/496/3231 3663/484/3217
f 3663/484/3217 4746/496/3231 3662/491/3224 2860/483/3218
f 4746/496/3231 3466/498/3232 2787/495/3229 3662/491/3224
f 3467/497/3230 2706/499/3233 3466/498/3232 4746/496/3231
f 2691/459/3192 3442/501/3234 4747/500/3235 3434/458/3191
f 3434/458/3191 4747/500/3235 3664/502/3236 2771/455/3188
f 4747/500/3235 3667/504/3237 2861/503/3238 3664/502/3236
f 3442/501/3234 2775/505/3239 3667/504/3237 4747/500/3235
f 2771/455/3188 3664/502/3236 4748/506/3240 3433/454/3187
f 3433/454/3187 4748/506/3240 3475/389/3241 2690/370/3082
f 4748/506/3240 3665/507/3242 2792/98/3243 3475/389/3241
f 3664/502/3236 2861/503/3238 3665/507/3242 4748/506/3240
f 2861/503/3238 3666/509/3244 4749/508/3245 3665/507/3242
f 3665/507/3242 4749/508/3245 3476/510/3246 2792/98/3243
f 4749/508/3245 3477/417/3143 2700/389/3108 3476/510/3246
f 3666/509/3244 2793/412/3138 3477/417/3143 4749/508/3245
f 2775/505/3239 3441/512/3247 4750/511/3248 3667/504/3237
f 3667/504/3237 4750/511/3248 3666/509/3244 2861/503/3238
f 4750/511/3248 3478/409/3136 2793/412/3138 3666/509/3244
f 3441/512/3247 2697/408/3133 3478/409/3136 4750/511/3248
f 2690/370/3082 3475/389/3241 4751/513/3249 3450/369/3081
f 3450/369/3081 4751/513/3249 3668/514/3250 2779/366/3078
f 4751/513/3249 3671/516/3251 2862/515/3252 3668/514/3250
f 3475/389/3241 2792/98/3243 3671/516/3251 4751/513/3249
f 2779/366/3078 3668/514/3250 4752/517/3253 3449/365/3076
f 3449/365/3076 4752/517/3253 3473/518/3254 2694/364/3077
f 4752/517/3253 3669/519/3255 2791/379/3256 3473/518/3254
f 3668/514/3250 2862/515/3252 3669/519/3255 4752/517/3253
f 2862/515/3252 3670/520/3257 4753/377/3258 3669/519/3255
f 3669/519/3255 4753/377/3258 3474/518/3259 2791/379/3256
f 4753/377/3258 3479/394/3118 2698/112/3120 3474/518/3259
f 3670/520/3257 2794/392/3113 3479/394/3118 4753/377/3258
f 2792/98/3243 3476/510/3246 4754/521/3260 3671/516/3251
f 3671/516/3251 4754/521/3260 3670/520/3257 2862/515/3252
f 4754/521/3260 3480/390/3111 2794/392/3113 3670/520/3257
f 3476/510/3246 2700/389/3108 3480/390/3111 4754/521/3260
f 2686/5/3172 3436/523/3261 4755/522/3262 3420/441/3171
f 3420/441/3171 4755/522/3262 3672/524/3263 2763/439/3168
f 4755/522/3262 3675/6/3264 2863/525/3265 3672/524/3263
f 3436/523/3261 2772/526/3266 3675/6/3264 4755/522/3262
f 2763/439/3168 3672/524/3263 4756/527/3267 3419/438/3167
f 3419/438/3167 4756/527/3267 3485/528/3268 2685/98/3107
f 4756/527/3267 3673/166/3269 2797/83/3270 3485/528/3268
f 3672/524/3263 2863/525/3265 3673/166/3269 4756/527/3267
f 2863/525/3265 3674/158/3271 4757/529/3272 3673/166/3269
f 3673/166/3269 4757/529/3272 3486/356/3273 2797/83/3270
f 4757/529/3272 3487/449/3183 2702/76/3058 3486/356/3273
f 3674/158/3271 2798/175/3178 3487/449/3183 4757/529/3272
f 2772/526/3266 3435/526/3274 4758/530/3275 3675/6/3264
f 3675/6/3264 4758/530/3275 3674/158/3271 2863/525/3265
f 4758/530/3275 3488/6/3176 2798/175/3178 3674/158/3271
f 3435/526/3274 2692/442/3173 3488/6/3176 4758/530/3275
f 2685/98/3107 3485/528/3268 4759/84/3276 3446/388/3106
f 3446/388/3106 4759/84/3276 3676/531/3277 2777/127/3103
f 4759/84/3276 3679/80/3278 2864/532/3279 3676/531/3277
f 3485/528/3268 2797/83/3270 3679/80/3278 4759/84/3276
f 2777/127/3103 3676/531/3277 4760/533/3280 3445/385/3101
f 3445/385/3101 4760/533/3280 3483/129/3281 2689/287/3102
f 4760/533/3280 3677/89/3282 2796/93/3283 3483/129/3281
f 3676/531/3277 2864/532/3279 3677/89/3282 4760/533/3280
f 2864/532/3279 3678/534/3284 4761/128/3285 3677/89/3282
f 3677/89/3282 4761/128/3285 3484/129/3286 2796/93/3283
f 4761/128/3285 3489/89/3068 2693/287/3070 3484/129/3286
f 3678/534/3284 2799/352/3063 3489/89/3068 4761/128/3285
f 2797/83/3270 3486/356/3273 4762/535/3287 3679/80/3278
f 3679/80/3278 4762/535/3287 3678/534/3284 2864/532/3279
f 4762/535/3287 3490/79/3061 2799/352/3063 3678/534/3284
f 3486/356/3273 2702/76/3058 3490/79/3061 4762/535/3287
f 2680/5/3005 3409/134/3288 4763/536/3289 3430/301/3004
f 3430/301/3004 4763/536/3289 3680/537/3290 2769/296/2999
f 4763/536/3289 3683/156/3291 2865/175/3292 3680/537/3290
f 3409/134/3288 2757/162/3293 3683/156/3291 4763/536/3289
f 2769/296/2999 3680/537/3290 4764/538/3294 3429/295/2997
f 3429/295/2997 4764/538/3294 3495/539/3295 2687/294/2998
f 4764/538/3294 3681/12/3296 2802/98/3297 3495/539/3295
f 3680/537/3290 2865/175/3292 3681/12/3296 4764/538/3294
f 2865/175/3292 3682/541/3298 4765/540/3299 3681/12/3296
f 3681/12/3296 4765/540/3299 3496/387/3300 2802/98/3297
f 4765/540/3299 3497/168/3163 2701/94/3083 3496/387/3300
f 3682/541/3298 2803/175/3158 3497/168/3163 4765/540/3299
f 2757/162/3293 3408/543/3301 4766/542/3302 3683/156/3291
f 3683/156/3291 4766/542/3302 3682/541/3298 2865/175/3292
f 4766/542/3302 3498/428/3156 2803/175/3158 3682/541/3298
f 3408/543/3301 2679/169/3153 3498/428/3156 4766/542/3302
f 2687/294/2998 3495/539/3295 4767/544/3303 3448/293/2995
f 3448/293/2995 4767/544/3303 3684/545/3304 2778/292/2996
f 4767/544/3303 3687/547/3305 2866/546/3306 3684/545/3304
f 3495/539/3295 2802/98/3297 3687/547/3305 4767/544/3303
f 2778/292/2996 3684/545/3304 4768/549/3307 3447/548/3308
f 3447/548/3308 4768/549/3307 3493/551/3309 2681/550/3310
f 4768/549/3307 3685/553/3311 2801/552/3312 3493/551/3309
f 3684/545/3304 2866/546/3306 3685/553/3311 4768/549/3307
f 2866/546/3306 3686/555/3313 4769/554/3314 3685/553/3311
f 3685/553/3311 4769/554/3314 3494/556/3315 2801/552/3312
f 4769/554/3314 3499/377/3093 2688/379/3095 3494/556/3315
f 3686/555/3313 2804/374/3088 3499/377/3093 4769/554/3314
f 2802/98/3297 3496/387/3300 4770/557/3316 3687/547/3305
f 3687/547/3305 4770/557/3316 3686/555/3313 2866/546/3306
f 4770/557/3316 3500/371/3086 2804/374/3088 3686/555/3313
f 3496/387/3300 2701/94/3083 3500/371/3086 4770/557/3316
f 2648/110/2776 3504/559/3317 4771/558/3318 3388/259/2961
f 3388/259/2961 4771/558/3318 3688/560/3319 2747/257/2959
f 4771/558/3318 3691/562/3320 2867/561/3321 3688/560/3319
f 3504/559/3317 2806/563/3322 3691/562/3320 4771/558/3318
f 2747/257/2959 3688/560/3319 4772/564/3323 3389/256/2958
f 3389/256/2958 4772/564/3323 3501/565/3324 2671/91/2756
f 4772/564/3323 3689/567/3325 2805/566/3326 3501/565/3324
f 3688/560/3319 2867/561/3321 3689/567/3325 4772/564/3323
f 2867/561/3321 3690/569/3327 4773/568/3328 3689/567/3325
f 3689/567/3325 4773/568/3328 3502/570/3329 2805/566/3326
f 4773/568/3328 3484/129/3286 2693/287/3070 3502/570/3329
f 3690/569/3327 2796/93/3283 3484/129/3286 4773/568/3328
f 2806/563/3322 3503/572/3330 4774/571/3331 3691/562/3320
f 3691/562/3320 4774/571/3331 3690/569/3327 2867/561/3321
f 4774/571/3331 3483/129/3281 2796/93/3283 3690/569/3327
f 3503/572/3330 2689/287/3102 3483/129/3281 4774/571/3331
f 2657/91/2801 3508/574/3332 4775/573/3333 3374/216/2907
f 3374/216/2907 4775/573/3333 3692/575/3334 2740/214/2905
f 4775/573/3333 3695/577/3335 2868/576/3336 3692/575/3334
f 3508/574/3332 2808/578/3337 3695/577/3335 4775/573/3333
f 2740/214/2905 3692/575/3334 4776/579/3338 3375/213/2903
f 3375/213/2903 4776/579/3338 3505/580/3339 2665/89/2904
f 4776/579/3338 3693/582/3340 2807/581/3341 3505/580/3339
f 3692/575/3334 2868/576/3336 3693/582/3340 4776/579/3338
f 2868/576/3336 3694/584/3342 4777/583/3343 3693/582/3340
f 3693/582/3340 4777/583/3343 3506/585/3344 2807/581/3341
f 4777/583/3343 3470/492/3226 2705/493/3228 3506/585/3344
f 3694/584/3342 2789/488/3223 3470/492/3226 4777/583/3343
f 2808/578/3337 3507/587/3345 4778/586/3346 3695/577/3335
f 3695/577/3335 4778/586/3346 3694/584/3342 2868/576/3336
f 4778/586/3346 3469/487/3221 2789/488/3223 3694/584/3342
f 3507/587/3345 2699/402/3127 3469/487/3221 4778/586/3346
f 2667/134/2807 3512/589/3347 4779/588/3348 3346/134/2915
f 3346/134/2915 4779/588/3348 3696/590/3349 2726/172/2911
f 4779/588/3348 3699/592/3350 2869/591/3351 3696/590/3349
f 3512/589/3347 2810/593/3352 3699/592/3350 4779/588/3348
f 2726/172/2911 3696/590/3349 4780/594/3353 3347/134/2909
f 3347/134/2909 4780/594/3353 3509/595/3354 2656/134/2859
f 4780/594/3353 3697/597/3355 2809/596/3356 3509/595/3354
f 3696/590/3349 2869/591/3351 3697/597/3355 4780/594/3353
f 2869/591/3351 3698/599/3357 4781/598/3358 3697/597/3355
f 3697/597/3355 4781/598/3358 3510/600/3359 2809/596/3356
f 4781/598/3358 3442/501/3234 2691/459/3192 3510/600/3359
f 3698/599/3357 2775/505/3239 3442/501/3234 4781/598/3358
f 2810/593/3352 3511/602/3360 4782/601/3361 3699/592/3350
f 3699/592/3350 4782/601/3361 3698/599/3357 2869/591/3351
f 4782/601/3361 3441/512/3247 2775/505/3239 3698/599/3357
f 3511/602/3360 2697/408/3133 3441/512/3247 4782/601/3361
f 2658/144/2819 3514/604/3362 4783/603/3363 3376/142/2817
f 3376/142/2817 4783/603/3363 3700/605/3364 2741/137/2812
f 4783/603/3363 3703/607/3365 2870/606/3366 3700/605/3364
f 3514/604/3362 2811/608/3367 3703/607/3365 4783/603/3363
f 2741/137/2812 3700/605/3364 4784/609/3368 3377/135/2810
f 3377/135/2810 4784/609/3368 3512/589/3347 2667/134/2807
f 4784/609/3368 3701/610/3369 2810/593/3352 3512/589/3347
f 3700/605/3364 2870/606/3366 3701/610/3369 4784/609/3368
f 2870/606/3366 3702/612/3370 4785/611/3371 3701/610/3369
f 3701/610/3369 4785/611/3371 3511/602/3360 2810/593/3352
f 4785/611/3371 3472/411/3134 2697/408/3133 3511/602/3360
f 3702/612/3370 2790/416/3141 3472/411/3134 4785/611/3371
f 2811/608/3367 3513/614/3372 4786/613/3373 3703/607/3365
f 3703/607/3365 4786/613/3373 3702/612/3370 2870/606/3366
f 4786/613/3373 3471/425/3149 2790/416/3141 3702/612/3370
f 3513/614/3372 2696/427/3152 3471/425/3149 4786/613/3373
f 2668/133/2806 3518/616/3374 4787/615/3375 3348/132/2805
f 3348/132/2805 4787/615/3375 3708/617/3376 2727/129/2802
f 4787/615/3375 3711/619/3377 2873/618/3378 3708/617/3376
f 3518/616/3374 2816/620/3379 3711/619/3377 4787/615/3375
f 2727/129/2802 3708/617/3376 4788/621/3380 3349/92/2800
f 3349/92/2800 4788/621/3380 3508/574/3332 2657/91/2801
f 4788/621/3380 3709/622/3381 2808/578/3337 3508/574/3332
f 3708/617/3376 2873/618/3378 3709/622/3381 4788/621/3380
f 2873/618/3378 3710/624/3382 4789/623/3383 3709/622/3381
f 3709/622/3381 4789/623/3383 3507/587/3345 2808/578/3337
f 4789/623/3383 3444/401/3125 2699/402/3127 3507/587/3345
f 3710/624/3382 2776/397/3122 3444/401/3125 4789/623/3383
f 2816/620/3379 3517/626/3384 4790/625/3385 3711/619/3377
f 3711/619/3377 4790/625/3385 3710/624/3382 2873/618/3378
f 4790/625/3385 3443/396/3119 2776/397/3122 3710/624/3382
f 3517/626/3384 2698/112/3120 3443/396/3119 4790/625/3385
f 2655/91/2751 3520/628/3386 4791/627/3387 3378/234/2934
f 3378/234/2934 4791/627/3387 3712/629/3388 2742/232/2932
f 4791/627/3387 3715/631/3389 2874/630/3390 3712/629/3388
f 3520/628/3386 2817/632/3391 3715/631/3389 4791/627/3387
f 2742/232/2932 3712/629/3388 4792/633/3392 3379/231/2931
f 3379/231/2931 4792/633/3392 3518/616/3374 2668/133/2806
f 4792/633/3392 3713/634/3393 2816/620/3379 3518/616/3374
f 3712/629/3388 2874/630/3390 3713/634/3393 4792/633/3392
f 2874/630/3390 3714/636/3394 4793/635/3395 3713/634/3393
f 3713/634/3393 4793/635/3395 3517/626/3384 2816/620/3379
f 4793/635/3395 3474/518/3259 2698/112/3120 3517/626/3384
f 3714/636/3394 2791/379/3256 3474/518/3259 4793/635/3395
f 2817/632/3391 3519/638/3396 4794/637/3397 3715/631/3389
f 3715/631/3389 4794/637/3397 3714/636/3394 2874/630/3390
f 4794/637/3397 3473/518/3254 2791/379/3256 3714/636/3394
f 3519/638/3396 2694/364/3077 3473/518/3254 4794/637/3397
f 2673/153/2827 3524/640/3398 4795/639/3399 3313/266/2969
f 3313/266/2969 4795/639/3399 3716/641/3400 2708/262/2965
f 4795/639/3399 3719/643/3401 2875/642/3402 3716/641/3400
f 3524/640/3398 2819/644/3403 3719/643/3401 4795/639/3399
f 2708/262/2965 3716/641/3400 4796/645/3404 3314/260/2963
f 3314/260/2963 4796/645/3404 3521/646/3405 2652/5/2662
f 4796/645/3404 3717/648/3406 2818/647/3407 3521/646/3405
f 3716/641/3400 2875/642/3402 3717/648/3406 4796/645/3404
f 2875/642/3402 3718/650/3408 4797/649/3409 3717/648/3406
f 3717/648/3406 4797/649/3409 3522/651/3410 2818/647/3407
f 4797/649/3409 3409/134/3288 2680/5/3005 3522/651/3410
f 3718/650/3408 2757/162/3293 3409/134/3288 4797/649/3409
f 2819/644/3403 3523/640/3411 4798/652/3412 3719/643/3401
f 3719/643/3401 4798/652/3412 3718/650/3408 2875/642/3402
f 4798/652/3412 3408/543/3301 2757/162/3293 3718/650/3408
f 3523/640/3411 2679/169/3153 3408/543/3301 4798/652/3412
f 2664/195/2883 3528/654/3413 4799/653/3414 3364/194/2881
f 3364/194/2881 4799/653/3414 3720/655/3415 2735/190/2878
f 4799/653/3414 3723/657/3416 2876/656/3417 3720/655/3415
f 3528/654/3413 2821/658/3418 3723/657/3416 4799/653/3414
f 2735/190/2878 3720/655/3415 4800/659/3419 3365/189/2875
f 3365/189/2875 4800/659/3419 3525/660/3420 2663/188/2876
f 4800/659/3419 3721/662/3421 2820/661/3422 3525/660/3420
f 3720/655/3415 2876/656/3417 3721/662/3421 4800/659/3419
f 2876/656/3417 3722/664/3423 4801/663/3424 3721/662/3421
f 3721/662/3421 4801/663/3424 3526/665/3425 2820/661/3422
f 4801/663/3424 3460/478/3212 2704/479/3213 3526/665/3425
f 3722/664/3423 2784/475/3209 3460/478/3212 4801/663/3424
f 2821/658/3418 3527/667/3426 4802/666/3427 3723/657/3416
f 3723/657/3416 4802/666/3427 3722/664/3423 2876/656/3417
f 4802/666/3427 3459/474/3207 2784/475/3209 3722/664/3423
f 3527/667/3426 2703/473/3208 3459/474/3207 4802/666/3427
f 2646/668/3428 3515/671/3429 4803/670/3430 3315/669/3431
f 3315/669/3431 4803/670/3430 3726/673/3432 2709/672/3433
f 4803/670/3430 3729/675/3434 2878/674/3435 3726/673/3432
f 3515/671/3429 2812/676/3436 3729/675/3434 4803/670/3430
f 3276/677/3437 4614/680/3438 4804/679/3439 3316/678/3440
f 3316/678/3440 4804/679/3439 3529/681/3441 2647/287/2990
f 4804/679/3439 4562/683/3442 2822/682/3443 3529/681/3441
f 4614/680/3438 3284/684/3444 4562/683/3442 4804/679/3439
f 3284/684/3444 4613/686/3445 4805/685/3446 4562/683/3442
f 4562/683/3442 4805/685/3446 3530/687/3447 2822/682/3443
f 4805/685/3446 3411/688/3448 2681/550/3310 3530/687/3447
f 4613/686/3445 3280/689/3449 3411/688/3448 4805/685/3446
f 2812/676/3436 3516/691/3450 4806/690/3451 3729/675/3434
f 3729/675/3434 4806/690/3451 3728/692/3452 2878/674/3435
f 4806/690/3451 3410/694/3453 2758/693/3454 3728/692/3452
f 3516/691/3450 2678/695/3455 3410/694/3453 4806/690/3451
f 2674/116/2781 3532/697/3456 4807/696/3457 3336/115/2780
f 3336/115/2780 4807/696/3457 3730/698/3458 2721/112/2777
f 4807/696/3457 3733/700/3459 2879/699/3460 3730/698/3458
f 3532/697/3456 2823/701/3461 3733/700/3459 4807/696/3457
f 2721/112/2777 3730/698/3458 4808/702/3462 3337/111/2775
f 3337/111/2775 4808/702/3462 3504/559/3317 2648/110/2776
f 4808/702/3462 3731/703/3463 2806/563/3322 3504/559/3317
f 3730/698/3458 2879/699/3460 3731/703/3463 4808/702/3462
f 2879/699/3460 3732/705/3464 4809/704/3465 3731/703/3463
f 3731/703/3463 4809/704/3465 3503/572/3330 2806/563/3322
f 4809/704/3465 3432/384/3100 2689/287/3102 3503/572/3330
f 3732/705/3464 2770/381/3097 3432/384/3100 4809/704/3465
f 2823/701/3461 3531/707/3466 4810/706/3467 3733/700/3459
f 3733/700/3459 4810/706/3467 3732/705/3464 2879/699/3460
f 4810/706/3467 3431/380/3094 2770/381/3097 3732/705/3464
f 3531/707/3466 2688/379/3095 3431/380/3094 4810/706/3467
f 2663/188/2876 3525/660/3420 4811/708/3468 3366/186/2874
f 3366/186/2874 4811/708/3468 3734/709/3469 2736/182/2870
f 4811/708/3468 3737/711/3470 2880/710/3471 3734/709/3469
f 3525/660/3420 2820/661/3422 3737/711/3470 4811/708/3468
f 2736/182/2870 3734/709/3469 4812/712/3472 3367/180/2868
f 3367/180/2868 4812/712/3472 3514/604/3362 2658/144/2819
f 4812/712/3472 3735/713/3473 2811/608/3367 3514/604/3362
f 3734/709/3469 2880/710/3471 3735/713/3473 4812/712/3472
f 2880/710/3471 3736/715/3474 4813/714/3475 3735/713/3473
f 3735/713/3473 4813/714/3475 3513/614/3372 2811/608/3367
f 4813/714/3475 3462/461/3193 2696/427/3152 3513/614/3372
f 3736/715/3474 2785/465/3198 3462/461/3193 4813/714/3475
f 2820/661/3422 3526/665/3425 4814/716/3476 3737/711/3470
f 3737/711/3470 4814/716/3476 3736/715/3474 2880/710/3471
f 4814/716/3476 3461/477/3210 2785/465/3198 3736/715/3474
f 3526/665/3425 2704/479/3213 3461/477/3210 4814/716/3476
f 2654/162/2839 3534/718/3477 4815/717/3478 3396/160/2837
f 3396/160/2837 4815/717/3478 3738/719/3479 2751/134/2832
f 4815/717/3478 3741/721/3480 2881/720/3481 3738/719/3479
f 3534/718/3477 2824/644/3482 3741/721/3480 4815/717/3478
f 2751/134/2832 3738/719/3479 4816/722/3483 3397/154/2830
f 3397/154/2830 4816/722/3483 3524/640/3398 2673/153/2827
f 4816/722/3483 3739/723/3484 2819/644/3403 3524/640/3398
f 3738/719/3479 2881/720/3481 3739/723/3484 4816/722/3483
f 2881/720/3481 3740/725/3485 4817/724/3486 3739/723/3484
f 3739/723/3484 4817/724/3486 3523/640/3411 2819/644/3403
f 4817/724/3486 3492/430/3154 2679/169/3153 3523/640/3411
f 3740/725/3485 2800/433/3161 3492/430/3154 4817/724/3486
f 2824/644/3482 3533/727/3487 4818/726/3488 3741/721/3480
f 3741/721/3480 4818/726/3488 3740/725/3485 2881/720/3481
f 4818/726/3488 3491/430/3169 2800/433/3161 3740/725/3485
f 3533/727/3487 2686/5/3172 3491/430/3169 4818/726/3488
f 2662/120/3489 3536/118/3490 4819/728/3491 3368/199/2887
f 3368/199/2887 4819/728/3491 3742/729/3492 2737/197/2885
f 4819/728/3491 3745/731/3493 2882/730/3494 3742/729/3492
f 3536/118/3490 2825/117/3495 3745/731/3493 4819/728/3491
f 2737/197/2885 3742/729/3492 4820/732/3496 3369/196/2882
f 3369/196/2882 4820/732/3496 3528/654/3413 2664/195/2883
f 4820/732/3496 3743/733/3497 2821/658/3418 3528/654/3413
f 3742/729/3492 2882/730/3494 3743/733/3497 4820/732/3496
f 2882/730/3494 3744/735/3498 4821/734/3499 3743/733/3497
f 3743/733/3497 4821/734/3499 3527/667/3426 2821/658/3418
f 4821/734/3499 3464/472/3206 2703/473/3208 3527/667/3426
f 3744/735/3498 2786/468/3202 3464/472/3206 4821/734/3499
f 2825/117/3495 3535/737/3500 4822/736/3501 3745/731/3493
f 3745/731/3493 4822/736/3501 3744/735/3498 2882/730/3494
f 4822/736/3501 3463/467/3200 2786/468/3202 3744/735/3498
f 3535/737/3500 2695/370/3502 3463/467/3200 4822/736/3501
f 2647/287/2990 3529/681/3441 4823/738/3503 3398/286/2989
f 3398/286/2989 4823/738/3503 3746/739/3504 2752/283/2986
f 4823/738/3503 3749/741/3505 2883/740/3506 3746/739/3504
f 3529/681/3441 2822/682/3443 3749/741/3505 4823/738/3503
f 2752/283/2986 3746/739/3504 4824/742/3507 3399/282/2985
f 3399/282/2985 4824/742/3507 3532/697/3456 2674/116/2781
f 4824/742/3507 3747/743/3508 2823/701/3461 3532/697/3456
f 3746/739/3504 2883/740/3506 3747/743/3508 4824/742/3507
f 2883/740/3506 3748/745/3509 4825/744/3510 3747/743/3508
f 3747/743/3508 4825/744/3510 3531/707/3466 2823/701/3461
f 4825/744/3510 3494/556/3315 2688/379/3095 3531/707/3466
f 3748/745/3509 2801/552/3312 3494/556/3315 4825/744/3510
f 2822/682/3443 3530/687/3447 4826/746/3511 3749/741/3505
f 3749/741/3505 4826/746/3511 3748/745/3509 2883/740/3506
f 4826/746/3511 3493/551/3309 2801/552/3312 3748/745/3509
f 3530/687/3447 2681/550/3310 3493/551/3309 4826/746/3511
f 2652/5/2662 3521/646/3405 4827/747/3512 3326/73/2729
f 3326/73/2729 4827/747/3512 3750/748/3513 2715/69/2726
f 4827/747/3512 3753/750/3514 2884/749/3515 3750/748/3513
f 3521/646/3405 2818/647/3407 3753/750/3514 4827/747/3512
f 2715/69/2726 3750/748/3513 4828/751/3516 3327/68/2724
f 3327/68/2724 4828/751/3516 3537/752/3517 2653/58/2715
f 4828/751/3516 3751/754/3518 2826/753/3519 3537/752/3517
f 3750/748/3513 2884/749/3515 3751/754/3518 4828/751/3516
f 2884/749/3515 3752/756/3520 4829/755/3521 3751/754/3518
f 3751/754/3518 4829/755/3521 3538/757/3522 2826/753/3519
f 4829/755/3521 3422/349/3057 2682/327/3035 3538/757/3522
f 3752/756/3520 2764/347/3055 3422/349/3057 4829/755/3521
f 2818/647/3407 3522/651/3410 4830/758/3523 3753/750/3514
f 3753/750/3514 4830/758/3523 3752/756/3520 2884/749/3515
f 4830/758/3523 3421/346/3054 2764/347/3055 3752/756/3520
f 3522/651/3410 2680/5/3005 3421/346/3054 4830/758/3523
f 2653/58/2715 3537/752/3517 4831/759/3524 3318/57/2713
f 3318/57/2713 4831/759/3524 3754/760/3525 2711/53/2710
f 4831/759/3524 3757/762/3526 2885/761/3527 3754/760/3525
f 3537/752/3517 2826/753/3519 3757/762/3526 4831/759/3524
f 2711/53/2710 3754/760/3525 4832/763/3528 3319/52/2707
f 3319/52/2707 4832/763/3528 3539/51/3529 2649/51/2708
f 4832/763/3528 3755/764/3530 2827/51/3531 3539/51/3529
f 3754/760/3525 2885/761/3527 3755/764/3530 4832/763/3528
f 2885/761/3527 3756/766/3532 4833/765/3533 3755/764/3530
f 3755/764/3530 4833/765/3533 3540/51/3534 2827/51/3531
f 4833/765/3533 3414/331/3039 2683/332/3040 3540/51/3534
f 3756/766/3532 2760/329/3036 3414/331/3039 4833/765/3533
f 2826/753/3519 3538/757/3522 4834/767/3535 3757/762/3526
f 3757/762/3526 4834/767/3535 3756/766/3532 2885/761/3527
f 4834/767/3535 3413/328/3034 2760/329/3036 3756/766/3532
f 3538/757/3522 2682/327/3035 3413/328/3034 4834/767/3535
f 2670/169/2847 3542/769/3536 4835/768/3537 3340/241/2942
f 3340/241/2942 4835/768/3537 3758/770/3538 2723/237/2938
f 4835/768/3537 3761/772/3539 2886/771/3540 3758/770/3538
f 3542/769/3536 2828/773/3541 3761/772/3539 4835/768/3537
f 2723/237/2938 3758/770/3538 4836/774/3542 3341/235/2936
f 3341/235/2936 4836/774/3542 3534/718/3477 2654/162/2839
f 4836/774/3542 3759/775/3543 2824/644/3482 3534/718/3477
f 3758/770/3538 2886/771/3540 3759/775/3543 4836/774/3542
f 2886/771/3540 3760/777/3544 4837/776/3545 3759/775/3543
f 3759/775/3543 4837/776/3545 3533/727/3487 2824/644/3482
f 4837/776/3545 3436/523/3261 2686/5/3172 3533/727/3487
f 3760/777/3544 2772/526/3266 3436/523/3261 4837/776/3545
f 2828/773/3541 3541/779/3546 4838/778/3547 3761/772/3539
f 3761/772/3539 4838/778/3547 3760/777/3544 2886/771/3540
f 4838/778/3547 3435/526/3274 2772/526/3266 3760/777/3544
f 3541/779/3546 2692/442/3173 3435/526/3274 4838/778/3547
f 2665/89/2904 3505/580/3339 4839/780/3548 3370/212/2902
f 3370/212/2902 4839/780/3548 3762/781/3549 2738/209/2899
f 4839/780/3548 3765/782/3550 2887/87/3551 3762/781/3549
f 3505/580/3339 2807/581/3341 3765/782/3550 4839/780/3548
f 2738/209/2899 3762/781/3549 4840/783/3552 3371/208/2896
f 3371/208/2896 4840/783/3552 3543/784/3553 2666/84/2897
f 4840/783/3552 3763/786/3554 2829/785/3555 3543/784/3553
f 3762/781/3549 2887/87/3551 3763/786/3554 4840/783/3552
f 2887/87/3551 3764/788/3556 4841/787/3557 3763/786/3554
f 3763/786/3554 4841/787/3557 3544/789/3558 2829/785/3555
f 4841/787/3557 3466/498/3232 2706/499/3233 3544/789/3558
f 3764/788/3556 2787/495/3229 3466/498/3232 4841/787/3557
f 2807/581/3341 3506/585/3344 4842/790/3559 3765/782/3550
f 3765/782/3550 4842/790/3559 3764/788/3556 2887/87/3551
f 4842/790/3559 3465/494/3227 2787/495/3229 3764/788/3556
f 3506/585/3344 2705/493/3228 3465/494/3227 4842/790/3559
f 2656/134/2859 3509/595/3354 4843/791/3560 3386/134/2857
f 3386/134/2857 4843/791/3560 3766/792/3561 2746/172/2852
f 4843/791/3560 3769/794/3562 2888/793/3563 3766/792/3561
f 3509/595/3354 2809/596/3356 3769/794/3562 4843/791/3560
f 2746/172/2852 3766/792/3561 4844/795/3564 3387/134/2850
f 3387/134/2850 4844/795/3564 3542/769/3536 2670/169/2847
f 4844/795/3564 3767/796/3565 2828/773/3541 3542/769/3536
f 3766/792/3561 2888/793/3563 3767/796/3565 4844/795/3564
f 2888/793/3563 3768/798/3566 4845/797/3567 3767/796/3565
f 3767/796/3565 4845/797/3567 3541/779/3546 2828/773/3541
f 4845/797/3567 3482/444/3174 2692/442/3173 3541/779/3546
f 3768/798/3566 2795/448/3181 3482/444/3174 4845/797/3567
f 2809/596/3356 3510/600/3359 4846/799/3568 3769/794/3562
f 3769/794/3562 4846/799/3568 3768/798/3566 2888/793/3563
f 4846/799/3568 3481/457/3189 2795/448/3181 3768/798/3566
f 3510/600/3359 2691/459/3192 3481/457/3189 4846/799/3568
f 2671/91/2756 3501/565/3324 4847/800/3569 3342/92/2755
f 3342/92/2755 4847/800/3569 3770/801/3570 2724/93/2752
f 4847/800/3569 3773/803/3571 2889/802/3572 3770/801/3570
f 3501/565/3324 2805/566/3326 3773/803/3571 4847/800/3569
f 2724/93/2752 3770/801/3570 4848/804/3573 3343/92/2750
f 3343/92/2750 4848/804/3573 3520/628/3386 2655/91/2751
f 4848/804/3573 3771/805/3574 2817/632/3391 3520/628/3386
f 3770/801/3570 2889/802/3572 3771/805/3574 4848/804/3573
f 2889/802/3572 3772/807/3575 4849/806/3576 3771/805/3574
f 3771/805/3574 4849/806/3576 3519/638/3396 2817/632/3391
f 4849/806/3576 3438/363/3075 2694/364/3077 3519/638/3396
f 3772/807/3575 2773/359/3072 3438/363/3075 4849/806/3576
f 2805/566/3326 3502/570/3329 4850/808/3577 3773/803/3571
f 3773/803/3571 4850/808/3577 3772/807/3575 2889/802/3572
f 4850/808/3577 3437/358/3069 2773/359/3072 3772/807/3575
f 3502/570/3329 2693/287/3070 3437/358/3069 4850/808/3577
f 2666/84/2897 3543/784/3553 4851/809/3578 3372/206/2895
f 3372/206/2895 4851/809/3578 3774/810/3579 2739/202/2891
f 4851/809/3578 3777/812/3580 2890/811/3581 3774/810/3579
f 3543/784/3553 2829/785/3555 3777/812/3580 4851/809/3578
f 2739/202/2891 3774/810/3579 4852/813/3582 3373/200/2889
f 3373/200/2889 4852/813/3582 3536/118/3583 2662/120/2794
f 4852/813/3582 3775/814/3584 2825/117/3585 3536/118/3583
f 3774/810/3579 2890/811/3581 3775/814/3584 4852/813/3582
f 2890/811/3581 3776/816/3586 4853/815/3587 3775/814/3584
f 3775/814/3584 4853/815/3587 3535/737/3588 2825/117/3585
f 4853/815/3587 3468/481/3214 2695/370/3589 3535/737/3588
f 3776/816/3586 2788/485/3219 3468/481/3214 4853/815/3587
f 2829/785/3555 3544/789/3558 4854/817/3590 3777/812/3580
f 3777/812/3580 4854/817/3590 3776/816/3586 2890/811/3581
f 4854/817/3590 3467/497/3230 2788/485/3219 3776/816/3586
f 3544/789/3558 2706/499/3233 3467/497/3230 4854/817/3590
f 2959/818/3591 3797/821/3592 4855/820/3593 4004/819/3594
f 4004/819/3594 4855/820/3593 4005/823/3595 3066/822/3596
f 4855/820/3593 3799/6/3597 2960/7/3598 4005/823/3595
f 3797/821/3592 2896/5/3599 3799/6/3597 4855/820/3593
f 3066/822/3596 4005/823/3595 4856/825/3600 4006/824/3601
f 4006/824/3601 4856/825/3600 3817/14/3602 2969/15/3603
f 4856/825/3600 3798/12/3604 2904/13/3605 3817/14/3602
f 4005/823/3595 2960/7/3598 3798/12/3604 4856/825/3600
f 3277/16/2672 3317/17/2675 4857/18/3606 4612/19/3607
f 4612/19/3607 4857/18/3606 4568/827/3608 3290/826/3609
f 4857/18/3606 3779/21/3610 2949/828/3611 4568/827/3608
f 3317/17/2675 2645/20/2677 3779/21/3610 4857/18/3606
f 3290/826/3609 4568/827/3608 4858/830/3612 4611/829/3613
f 4611/829/3613 4858/830/3612 3792/29/3614 3286/831/3615
f 4858/830/3612 3778/27/3616 2895/28/3617 3792/29/3614
f 4568/827/3608 2949/828/3611 3778/27/3616 4858/830/3612
f 3286/831/3615 3792/29/3614 4859/833/3618 4610/832/3619
f 4610/832/3619 4859/833/3618 4569/834/3620 3291/36/3621
f 4859/833/3618 3787/33/3622 2953/835/3623 4569/834/3620
f 3792/29/3614 2895/28/3617 3787/33/3622 4859/833/3618
f 3291/36/3621 4569/834/3620 4860/837/3624 4609/836/3625
f 4609/836/3625 4860/837/3624 3793/839/3626 3287/838/3627
f 4860/837/3624 3786/841/3628 2894/840/3629 3793/839/3626
f 4569/834/3620 2953/835/3623 3786/841/3628 4860/837/3624
f 2645/20/2677 3320/43/2700 4861/842/3630 3779/21/3610
f 3779/21/3610 4861/842/3630 4016/843/3631 2949/828/3611
f 4861/842/3630 4013/845/3632 3069/844/3633 4016/843/3631
f 3320/43/2700 2712/45/2702 4013/845/3632 4861/842/3630
f 2712/45/2702 3321/49/2706 4862/50/3634 4013/845/3632
f 4013/845/3632 4862/50/3634 4014/54/3635 3069/844/3633
f 4862/50/3634 3785/52/3636 2952/53/3637 4014/54/3635
f 3321/49/2706 2649/51/2708 3785/52/3636 4862/50/3634
f 3069/844/3633 4014/54/3635 4863/847/3638 4015/846/3639
f 4015/846/3639 4863/847/3638 3795/59/3640 2958/848/3641
f 4863/847/3638 3784/57/3642 2897/58/3643 3795/59/3640
f 4014/54/3635 2952/53/3637 3784/57/3642 4863/847/3638
f 2949/828/3611 4016/843/3631 4864/61/3644 3778/27/3616
f 3778/27/3616 4864/61/3644 3794/849/3645 2895/28/3617
f 4864/61/3644 4015/846/3639 2958/848/3641 3794/849/3645
f 4016/843/3631 3069/844/3633 4015/846/3639 4864/61/3644
f 2895/28/3617 3794/849/3645 4865/850/3646 3787/33/3622
f 3787/33/3622 4865/850/3646 4020/851/3647 2953/835/3623
f 4865/850/3646 4017/64/3648 3070/852/3649 4020/851/3647
f 3794/849/3645 2958/848/3641 4017/64/3648 4865/850/3646
f 2958/848/3641 3795/59/3640 4866/853/3650 4017/64/3648
f 4017/64/3648 4866/853/3650 4018/854/3651 3070/852/3649
f 4866/853/3650 3791/68/3652 2955/69/3653 4018/854/3651
f 3795/59/3640 2897/58/3643 3791/68/3652 4866/853/3650
f 3070/852/3649 4018/854/3651 4867/856/3654 4019/855/3655
f 4019/855/3655 4867/856/3654 3797/821/3592 2959/818/3591
f 4867/856/3654 3790/73/3656 2896/5/3599 3797/821/3592
f 4018/854/3651 2955/69/3653 3790/73/3656 4867/856/3654
f 2953/835/3623 4020/851/3647 4868/857/3657 3786/841/3628
f 3786/841/3628 4868/857/3657 3796/858/3658 2894/840/3629
f 4868/857/3657 4019/855/3655 2959/818/3591 3796/858/3658
f 4020/851/3647 3070/852/3649 4019/855/3655 4868/857/3657
f 2916/76/3659 3826/859/3660 4869/78/3661 3859/79/3662
f 3859/79/3662 4869/78/3661 4024/531/3663 2990/352/3664
f 4869/78/3661 4021/78/3665 3071/122/3666 4024/531/3663
f 3826/859/3660 2974/389/3667 4021/78/3665 4869/78/3661
f 2974/389/3667 3827/861/3668 4870/860/3669 4021/78/3665
f 4021/78/3665 4870/860/3669 4022/862/3670 3071/122/3666
f 4870/860/3669 3819/863/3671 2970/122/3672 4022/862/3670
f 3827/861/3668 2905/864/3673 3819/863/3671 4870/860/3669
f 3071/122/3666 4022/862/3670 4871/866/3674 4023/865/3675
f 4023/865/3675 4871/866/3674 3807/92/3676 2964/129/3677
f 4871/866/3674 3818/90/3678 2899/91/3679 3807/92/3676
f 4022/862/3670 2970/122/3672 3818/90/3678 4871/866/3674
f 2990/352/3664 4024/531/3663 4872/868/3680 3858/867/3681
f 3858/867/3681 4872/868/3680 3806/870/3682 2915/869/3683
f 4872/868/3680 4023/865/3675 2964/129/3677 3806/870/3682
f 4024/531/3663 3071/122/3666 4023/865/3675 4872/868/3680
f 2919/94/3684 3824/872/3685 4873/871/3686 3869/97/3687
f 3869/97/3687 4873/871/3686 4028/873/3688 2995/102/3689
f 4873/871/3686 4025/99/3690 3072/100/3691 4028/873/3688
f 3824/872/3685 2973/98/3692 4025/99/3690 4873/871/3686
f 2973/98/3692 3825/387/3693 4874/874/3694 4025/99/3690
f 4025/99/3690 4874/874/3694 4026/106/3695 3072/100/3691
f 4874/874/3694 3815/105/3696 2968/102/3697 4026/106/3695
f 3825/387/3693 2903/98/3698 3815/105/3696 4874/874/3694
f 3072/100/3691 4026/106/3695 4875/875/3699 4027/108/3700
f 4027/108/3700 4875/875/3699 3801/876/3701 2961/112/3702
f 4875/875/3699 3814/877/3703 2893/112/3704 3801/876/3701
f 4026/106/3695 2968/102/3697 3814/877/3703 4875/875/3699
f 2995/102/3689 4028/873/3688 4876/113/3705 3868/878/3706
f 3868/878/3706 4876/113/3705 3800/879/3707 2918/116/3708
f 4876/113/3705 4027/108/3700 2961/112/3702 3800/879/3707
f 4028/873/3688 3072/100/3691 4027/108/3700 4876/113/3705
f 2913/120/3709 3822/118/3710 4877/881/3711 3849/880/3712
f 3849/880/3712 4877/881/3711 4032/883/3713 2985/882/3714
f 4877/881/3711 4029/121/3715 3073/122/3716 4032/883/3713
f 3822/118/3710 2972/120/3717 4029/121/3715 4877/881/3711
f 2972/120/3717 3823/884/3718 4878/125/3719 4029/121/3715
f 4029/121/3715 4878/125/3719 4030/122/3720 3073/122/3716
f 4878/125/3719 3821/126/3721 2971/122/3722 4030/122/3720
f 3823/884/3718 2906/120/3723 3821/126/3721 4878/125/3719
f 3073/122/3716 4030/122/3720 4879/866/3724 4031/128/3725
f 4031/128/3725 4879/866/3724 3813/92/3726 2967/129/3727
f 4879/866/3724 3820/90/3728 2901/91/3729 3813/92/3726
f 4030/122/3720 2971/122/3722 3820/90/3728 4879/866/3724
f 2985/882/3714 4032/883/3713 4880/886/3730 3848/885/3731
f 3848/885/3731 4880/886/3730 3812/132/3732 2912/133/3733
f 4880/886/3730 4031/128/3725 2967/129/3727 3812/132/3732
f 4032/883/3713 3073/122/3716 4031/128/3725 4880/886/3730
f 2911/5/3734 3841/888/3735 4881/887/3736 3847/6/3737
f 3847/6/3737 4881/887/3736 4036/140/3738 2984/141/3739
f 4881/887/3736 4033/890/3740 3074/889/3741 4036/140/3738
f 3841/888/3735 2981/891/3742 4033/890/3740 4881/887/3736
f 2981/891/3742 3840/893/3743 4882/892/3744 4033/890/3740
f 4033/890/3740 4882/892/3744 4034/894/3745 3074/889/3741
f 4882/892/3744 3809/895/3746 2965/146/3747 4034/894/3745
f 3840/893/3743 2902/896/3748 3809/895/3746 4882/892/3744
f 3074/889/3741 4034/894/3745 4883/897/3749 4035/149/3750
f 4035/149/3750 4883/897/3749 3823/884/3718 2972/120/3717
f 4883/897/3749 3808/150/3751 2906/120/3723 3823/884/3718
f 4034/894/3745 2965/146/3747 3808/150/3751 4883/897/3749
f 2984/141/3739 4036/140/3738 4884/899/3752 3846/898/3753
f 3846/898/3753 4884/899/3752 3822/118/3710 2913/120/3709
f 4884/899/3752 4035/149/3750 2972/120/3717 3822/118/3710
f 4036/140/3738 3074/889/3741 4035/149/3750 4884/899/3752
f 2917/160/3754 3861/160/3755 4885/156/3756 3867/156/3757
f 3867/156/3757 4885/156/3756 4040/158/3758 2994/159/3759
f 4885/156/3756 4037/6/3760 3075/157/3761 4040/158/3758
f 3861/160/3755 2991/162/3762 4037/6/3760 4885/156/3756
f 2991/162/3762 3860/901/3763 4886/900/3764 4037/6/3760
f 4037/6/3760 4886/900/3764 4038/902/3765 3075/157/3761
f 4886/900/3764 3789/163/3766 2954/7/3767 4038/902/3765
f 3860/901/3763 2898/134/3768 3789/163/3766 4886/900/3764
f 3075/157/3761 4038/902/3765 4887/904/3769 4039/903/3770
f 4039/903/3770 4887/904/3769 3825/387/3693 2973/98/3692
f 4887/904/3769 3788/905/3771 2903/98/3698 3825/387/3693
f 4038/902/3765 2954/7/3767 3788/905/3771 4887/904/3769
f 2994/159/3759 4040/158/3758 4888/906/3772 3866/168/3773
f 3866/168/3773 4888/906/3772 3824/872/3685 2919/94/3684
f 4888/906/3772 4039/903/3770 2973/98/3692 3824/872/3685
f 4040/158/3758 3075/157/3761 4039/903/3770 4888/906/3772
f 2914/169/3774 3851/134/3775 4889/908/3776 3857/907/3777
f 3857/907/3777 4889/908/3776 4044/909/3778 2989/439/3779
f 4889/908/3776 4041/911/3780 3076/910/3781 4044/909/3778
f 3851/134/3775 2986/526/3782 4041/911/3780 4889/908/3776
f 2986/526/3782 3850/913/3783 4890/912/3784 4041/911/3780
f 4041/911/3780 4890/912/3784 4042/910/3785 3076/910/3781
f 4890/912/3784 3803/915/3786 2962/914/3787 4042/910/3785
f 3850/913/3783 2900/5/3788 3803/915/3786 4890/912/3784
f 3076/910/3781 4042/910/3785 4891/916/3789 4043/166/3790
f 4043/166/3790 4891/916/3789 3827/861/3668 2974/389/3667
f 4891/916/3789 3802/917/3791 2905/864/3673 3827/861/3668
f 4042/910/3785 2962/914/3787 3802/917/3791 4891/916/3789
f 2989/439/3779 4044/909/3778 4892/919/3792 3856/918/3793
f 3856/918/3793 4892/919/3792 3826/859/3660 2916/76/3659
f 4892/919/3792 4043/166/3790 2974/389/3667 3826/859/3660
f 4044/909/3778 3076/910/3781 4043/166/3790 4892/919/3792
f 2902/896/3748 3831/921/3794 4893/920/3795 3809/895/3746
f 3809/895/3746 4893/920/3795 4048/922/3796 2965/146/3747
f 4893/920/3795 4045/183/3797 3077/184/3798 4048/922/3796
f 3831/921/3794 2976/182/3799 4045/183/3797 4893/920/3795
f 2976/182/3799 3830/924/3800 4894/923/3801 4045/183/3797
f 4045/183/3797 4894/923/3801 4046/191/3802 3077/184/3798
f 4894/923/3801 3829/926/3803 2975/925/3804 4046/191/3802
f 3830/924/3800 2907/927/3805 3829/926/3803 4894/923/3801
f 3077/184/3798 4046/191/3802 4895/928/3806 4047/193/3807
f 4047/193/3808 4895/928/3806 3833/929/3809 2977/197/3810
f 4895/928/3806 3828/194/3811 2908/195/3812 3833/929/3809
f 4046/191/3802 2975/925/3804 3828/194/3811 4895/928/3806
f 2965/146/3747 4048/922/3796 4896/930/3813 3808/150/3751
f 3808/150/3751 4896/930/3813 3832/199/3814 2906/120/3723
f 4896/930/3813 4047/193/3808 2977/197/3810 3832/199/3814
f 4048/922/3796 3077/184/3798 4047/193/3807 4896/930/3813
f 2906/120/3723 3837/932/3815 4897/931/3816 3821/126/3721
f 3821/126/3721 4897/931/3816 4052/933/3817 2971/122/3722
f 4897/931/3816 4049/203/3818 3078/204/3819 4052/933/3817
f 3837/932/3815 2979/202/3820 4049/203/3818 4897/931/3816
f 2979/202/3820 3836/935/3821 4898/934/3822 4049/203/3818
f 4049/203/3818 4898/934/3822 4050/209/3823 3078/204/3819
f 4898/934/3822 3835/937/3824 2978/936/3825 4050/209/3823
f 3836/935/3821 2910/938/3826 3835/937/3824 4898/934/3822
f 3078/204/3819 4050/209/3823 4899/940/3827 4051/939/3828
f 4051/939/3828 4899/940/3827 3839/213/3829 2980/214/3830
f 4899/940/3827 3834/212/3831 2909/89/3832 3839/213/3829
f 4050/209/3823 2978/936/3825 3834/212/3831 4899/940/3827
f 2971/122/3722 4052/933/3817 4900/941/3833 3820/90/3728
f 3820/90/3728 4900/941/3833 3838/942/3834 2901/91/3729
f 4900/941/3833 4051/939/3828 2980/214/3830 3838/942/3834
f 4052/933/3817 3078/204/3819 4051/939/3828 4900/941/3833
f 2900/5/3788 3811/134/3835 4901/943/3836 3803/915/3786
f 3803/915/3786 4901/943/3836 4056/157/3837 2962/914/3787
f 4901/943/3836 4053/161/3838 3079/7/3839 4056/157/3837
f 3811/134/3835 2966/172/3840 4053/161/3838 4901/943/3836
f 2966/172/3840 3810/134/3841 4902/944/3842 4053/161/3838
f 4053/161/3838 4902/944/3842 4054/141/3843 3079/7/3839
f 4902/944/3842 3847/6/3737 2984/141/3739 4054/141/3843
f 3810/134/3841 2911/5/3734 3847/6/3737 4902/944/3842
f 3079/7/3839 4054/141/3843 4903/946/3844 4055/945/3845
f 4055/945/3845 4903/946/3844 3845/948/3846 2983/947/3847
f 4903/946/3844 3846/898/3753 2913/120/3709 3845/948/3846
f 4054/141/3843 2984/141/3739 3846/898/3753 4903/946/3844
f 2962/914/3787 4056/157/3837 4904/949/3848 3802/917/3791
f 3802/917/3791 4904/949/3848 3844/950/3849 2905/864/3673
f 4904/949/3848 4055/945/3845 2983/947/3847 3844/950/3849
f 4056/157/3837 3079/7/3839 4055/945/3845 4904/949/3848
f 2905/864/3673 3844/950/3849 4905/951/3850 3819/863/3671
f 3819/863/3671 4905/951/3850 4060/226/3851 2970/122/3672
f 4905/951/3850 4057/953/3852 3080/952/3853 4060/226/3851
f 3844/950/3849 2983/947/3847 4057/953/3852 4905/951/3850
f 2983/947/3847 3845/948/3846 4906/954/3854 4057/953/3852
f 4057/953/3852 4906/954/3854 4058/955/3855 3080/952/3853
f 4906/954/3854 3849/880/3712 2985/882/3714 4058/955/3855
f 3845/948/3846 2913/120/3709 3849/880/3712 4906/954/3854
f 3080/952/3853 4058/955/3855 4907/956/3856 4059/230/3857
f 4059/230/3857 4907/956/3856 3843/231/3858 2982/232/3859
f 4907/956/3856 3848/885/3731 2912/133/3733 3843/231/3858
f 4058/955/3855 2985/882/3714 3848/885/3731 4907/956/3856
f 2970/122/3672 4060/226/3851 4908/957/3860 3818/90/3678
f 3818/90/3678 4908/957/3860 3842/958/3861 2899/91/3679
f 4908/957/3860 4059/230/3857 2982/232/3859 3842/958/3861
f 4060/226/3851 3080/952/3853 4059/230/3857 4908/957/3860
f 2898/134/3768 3805/960/3862 4909/959/3863 3789/163/3766
f 3789/163/3766 4909/959/3863 4064/240/3864 2954/7/3767
f 4909/959/3863 4061/238/3865 3081/239/3866 4064/240/3864
f 3805/960/3862 2963/237/3867 4061/238/3865 4909/959/3863
f 2963/237/3867 3804/241/3868 4910/961/3869 4061/238/3865
f 4061/238/3865 4910/961/3869 4062/437/3870 3081/239/3866
f 4910/961/3869 3857/907/3777 2989/439/3779 4062/437/3870
f 3804/241/3868 2914/169/3774 3857/907/3777 4910/961/3869
f 3081/239/3866 4062/437/3870 4911/436/3871 4063/962/3872
f 4063/962/3872 4911/436/3871 3855/356/3873 2988/83/3874
f 4911/436/3871 3856/918/3793 2916/76/3659 3855/356/3873
f 4062/437/3870 2989/439/3779 3856/918/3793 4911/436/3871
f 2954/7/3767 4064/240/3864 4912/963/3875 3788/905/3771
f 3788/905/3771 4912/963/3875 3854/964/3876 2903/98/3698
f 4912/963/3875 4063/962/3872 2988/83/3874 3854/964/3876
f 4064/240/3864 3081/239/3866 4063/962/3872 4912/963/3875
f 2903/98/3698 3854/964/3876 4913/965/3877 3815/105/3696
f 3815/105/3696 4913/965/3877 4068/251/3878 2968/102/3697
f 4913/965/3877 4065/249/3879 3082/250/3880 4068/251/3878
f 3854/964/3876 2988/83/3874 4065/249/3879 4913/965/3877
f 2988/83/3874 3855/356/3873 4914/966/3881 4065/249/3879
f 4065/249/3879 4914/966/3881 4066/253/3882 3082/250/3880
f 4914/966/3881 3859/79/3662 2990/352/3664 4066/253/3882
f 3855/356/3873 2916/76/3659 3859/79/3662 4914/966/3881
f 3082/250/3880 4066/253/3882 4915/967/3883 4067/255/3884
f 4067/255/3884 4915/967/3883 3853/256/3885 2987/257/3886
f 4915/967/3883 3858/867/3681 2915/869/3683 3853/256/3885
f 4066/253/3882 2990/352/3664 3858/867/3681 4915/967/3883
f 2968/102/3697 4068/251/3878 4916/968/3887 3814/877/3703
f 3814/877/3703 4916/968/3887 3852/380/3888 2893/112/3704
f 4916/968/3887 4067/255/3884 2987/257/3886 3852/380/3888
f 4068/251/3878 3082/250/3880 4067/255/3884 4916/968/3887
f 2896/5/3599 3781/970/3889 4917/969/3890 3799/6/3597
f 3799/6/3597 4917/969/3890 4072/265/3891 2960/7/3598
f 4917/969/3890 4069/263/3892 3083/264/3893 4072/265/3891
f 3781/970/3889 2950/262/3894 4069/263/3892 4917/969/3890
f 2950/262/3894 3780/972/3895 4918/971/3896 4069/263/3892
f 4069/263/3892 4918/971/3896 4070/240/3897 3083/264/3893
f 4918/971/3896 3867/156/3757 2994/159/3759 4070/240/3897
f 3780/972/3895 2917/160/3754 3867/156/3757 4918/971/3896
f 3083/264/3893 4070/240/3897 4919/973/3898 4071/269/3899
f 4071/269/3899 4919/973/3898 3865/975/3900 2993/974/3901
f 4919/973/3898 3866/168/3773 2919/94/3684 3865/975/3900
f 4070/240/3897 2994/159/3759 3866/168/3773 4919/973/3898
f 2960/7/3598 4072/265/3891 4920/976/3902 3798/12/3604
f 3798/12/3604 4920/976/3902 3864/273/3903 2904/13/3605
f 4920/976/3902 4071/269/3899 2993/974/3901 3864/273/3903
f 4072/265/3891 3083/264/3893 4071/269/3899 4920/976/3902
f 2904/13/3605 3864/273/3903 4921/274/3904 3817/14/3602
f 3817/14/3602 4921/274/3904 4076/277/3905 2969/15/3603
f 4921/274/3904 4073/977/3906 3084/276/3907 4076/277/3905
f 3864/273/3903 2993/974/3901 4073/977/3906 4921/274/3904
f 2993/974/3901 3865/975/3900 4922/978/3908 4073/977/3906
f 4073/977/3906 4922/978/3908 4074/279/3909 3084/276/3907
f 4922/978/3908 3869/97/3687 2995/102/3689 4074/279/3909
f 3865/975/3900 2919/94/3684 3869/97/3687 4922/978/3908
f 3084/276/3907 4074/279/3909 4923/979/3910 4075/281/3911
f 4075/281/3911 4923/979/3910 3863/980/3912 2992/283/3913
f 4923/979/3910 3868/878/3706 2918/116/3708 3863/980/3912
f 4074/279/3909 2995/102/3689 3868/878/3706 4923/979/3910
f 2969/15/3603 4076/277/3905 4924/981/3914 3816/285/3915
f 3816/285/3915 4924/981/3914 3862/982/3916 2892/287/3917
f 4924/981/3914 4075/281/3911 2992/283/3913 3862/982/3916
f 4076/277/3905 3084/276/3907 4075/281/3911 4924/981/3914
f 3085/983/3918 4077/986/3919 4925/985/3920 4078/984/3921
f 4078/984/3921 4925/985/3920 3890/988/3922 3007/987/3923
f 4925/985/3920 3909/989/3924 2929/294/3925 3890/988/3922
f 4077/986/3919 3016/292/3926 3909/989/3924 4925/985/3920
f 3006/990/3927 4079/993/3928 4926/992/3929 3889/991/3930
f 3889/991/3930 4926/992/3929 3891/994/3931 2923/5/3932
f 4926/992/3929 4078/984/3921 3007/987/3923 3891/994/3931
f 4079/993/3928 3085/983/3918 4078/984/3921 4926/992/3929
f 3275/995/3933 4551/998/3934 4927/997/3935 4549/996/3936
f 4549/996/3936 4927/997/3935 3870/1000/3937 2996/999/3938
f 4927/997/3935 3884/1002/3939 2920/1001/3940 3870/1000/3937
f 4551/998/3934 3274/1003/3941 3884/1002/3939 4927/997/3935
f 3271/311/3015 4550/1005/3942 4928/1004/3943 3412/314/3016
f 3412/314/3016 4928/1004/3943 3871/1006/3944 2677/20/3020
f 4928/1004/3943 4549/996/3936 2996/999/3938 3871/1006/3944
f 4550/1005/3942 3275/995/3933 4549/996/3936 4928/1004/3943
f 2677/20/3020 3871/1006/3944 4929/1007/3945 3415/43/3021
f 3415/43/3021 4929/1007/3945 4086/1008/3946 2761/45/3026
f 4929/1007/3945 4083/1010/3947 3087/1009/3948 4086/1008/3946
f 3871/1006/3944 2996/999/3938 4083/1010/3947 4929/1007/3945
f 2996/999/3938 3870/1000/3937 4930/1011/3949 4083/1010/3947
f 4083/1010/3947 4930/1011/3949 4084/1012/3950 3087/1009/3948
f 4930/1011/3949 3886/1013/3951 3005/322/3952 4084/1012/3950
f 3870/1000/3937 2920/1001/3940 3886/1013/3951 4930/1011/3949
f 3087/1009/3948 4084/1012/3950 4931/324/3953 4085/1014/3954
f 4085/1014/3954 4931/324/3953 3876/1015/3955 2999/329/3956
f 4931/324/3953 3887/1016/3957 2925/327/3958 3876/1015/3955
f 4084/1012/3950 3005/322/3952 3887/1016/3957 4931/324/3953
f 2761/45/3026 4086/1008/3946 4932/1017/3959 3416/49/3037
f 3416/49/3037 4932/1017/3959 3877/331/3960 2683/332/3040
f 4932/1017/3959 4085/1014/3954 2999/329/3956 3877/331/3960
f 4086/1008/3946 3087/1009/3948 4085/1014/3954 4932/1017/3959
f 2920/1001/3940 3879/1019/3961 4933/1018/3962 3886/1013/3951
f 3886/1013/3951 4933/1018/3962 4090/1020/3963 3005/322/3952
f 4933/1018/3962 4087/1022/3964 3088/1021/3965 4090/1020/3963
f 3879/1019/3961 3000/1023/3966 4087/1022/3964 4933/1018/3962
f 3000/1023/3966 3878/1025/3967 4934/1024/3968 4087/1022/3964
f 4087/1022/3964 4934/1024/3968 4088/1026/3969 3088/1021/3965
f 4934/1024/3968 3888/1027/3970 3006/990/3927 4088/1026/3969
f 3878/1025/3967 2926/1028/3971 3888/1027/3970 4934/1024/3968
f 3088/1021/3965 4088/1026/3969 4935/1030/3972 4089/1029/3973
f 4089/1029/3973 4935/1030/3972 3882/1032/3974 3002/1031/3975
f 4935/1030/3972 3889/991/3930 2923/5/3932 3882/1032/3974
f 4088/1026/3969 3006/990/3927 3889/991/3930 4935/1030/3972
f 3005/322/3952 4090/1020/3963 4936/1033/3976 3887/1016/3957
f 3887/1016/3957 4936/1033/3976 3883/1034/3977 2925/327/3958
f 4936/1033/3976 4089/1029/3973 3002/1031/3975 3883/1034/3977
f 4090/1020/3963 3088/1021/3965 4089/1029/3973 4936/1033/3976
f 2944/76/3978 3951/79/3979 4937/350/3980 3918/77/3981
f 3918/77/3981 4937/350/3980 4094/1035/3982 3021/387/3983
f 4937/350/3980 4091/1037/3984 3089/1036/3985 4094/1035/3982
f 3951/79/3979 3037/352/3986 4091/1037/3984 4937/350/3980
f 3037/352/3986 3950/89/3987 4938/1038/3988 4091/1037/3984
f 4091/1037/3984 4938/1038/3988 4092/360/3989 3089/1036/3985
f 4938/1038/3988 3898/1040/3990 3011/1039/3991 4092/360/3989
f 3950/89/3987 2935/287/3992 3898/1040/3990 4938/1038/3988
f 3089/1036/3985 4092/360/3989 4939/1042/3993 4093/1041/3994
f 4093/1041/3994 4939/1042/3993 3910/1044/3995 3017/1043/3996
f 4939/1042/3993 3899/363/3997 2936/364/3998 3910/1044/3995
f 4092/360/3989 3011/1039/3991 3899/363/3997 4939/1042/3993
f 3021/387/3983 4094/1035/3982 4940/1046/3999 3919/1045/4000
f 3919/1045/4000 4940/1046/3999 3911/390/4001 2932/389/4002
f 4940/1046/3999 4093/1041/3994 3017/1043/3996 3911/390/4001
f 4094/1035/3982 3089/1036/3985 4093/1041/3994 4940/1046/3999
f 2943/94/4003 3961/1049/4004 4941/1048/4005 3916/1047/4006
f 3916/1047/4006 4941/1048/4005 4098/375/4007 3020/376/4008
f 4941/1048/4005 4095/251/4009 3090/250/4010 4098/375/4007
f 3961/1049/4004 3042/374/4011 4095/251/4009 4941/1048/4005
f 3042/374/4011 3960/377/4012 4942/1050/4013 4095/251/4009
f 4095/251/4009 4942/1050/4013 4096/255/4014 3090/250/4010
f 4942/1050/4013 3892/1052/4015 3008/1051/4016 4096/255/4014
f 3960/377/4012 2930/112/4017 3892/1052/4015 4942/1050/4013
f 3090/250/4010 4096/255/4014 4943/1053/4018 4097/383/4019
f 4097/383/4019 4943/1053/4018 3906/285/4020 3015/1054/4021
f 4943/1053/4018 3893/384/4022 2931/869/4023 3906/285/4020
f 4096/255/4014 3008/1051/4016 3893/384/4022 4943/1053/4018
f 3020/376/4008 4098/375/4007 4944/1055/4024 3917/387/4025
f 3917/387/4025 4944/1055/4024 3907/388/4026 2927/98/4027
f 4944/1055/4024 4097/383/4019 3015/1054/4021 3907/388/4026
f 4098/375/4007 3090/250/4010 4097/383/4019 4944/1055/4024
f 2942/389/4028 3941/390/4029 4945/1056/4030 3914/389/4031
f 3914/389/4031 4945/1056/4030 4102/390/4032 3019/83/4033
f 4945/1056/4030 4099/1057/4034 3091/1043/4035 4102/390/4032
f 3941/390/4029 3032/1043/4036 4099/1057/4034 4945/1056/4030
f 3032/1043/4036 3940/1059/4037 4946/1058/4038 4099/1057/4034
f 4099/1057/4034 4946/1058/4038 4100/1060/4039 3091/1043/4035
f 4946/1058/4038 3904/1061/4040 3014/112/4041 4100/1060/4039
f 3940/1059/4037 2940/112/4042 3904/1061/4040 4946/1058/4038
f 3091/1043/4035 4100/1060/4039 4947/1063/4043 4101/1062/4044
f 4101/1062/4044 4947/1063/4043 3912/1065/4045 3018/1064/4046
f 4947/1063/4043 3905/518/4047 2941/379/4048 3912/1065/4045
f 4100/1060/4039 3014/112/4041 3905/518/4047 4947/1063/4043
f 3019/83/4033 4102/390/4032 4948/1067/4049 3915/1066/4050
f 3915/1066/4050 4948/1067/4049 3913/1068/4051 2937/370/4052
f 4948/1067/4049 4101/1062/4044 3018/1064/4046 3913/1068/4051
f 4102/390/4032 3091/1043/4035 4101/1062/4044 4948/1067/4049
f 2939/408/4053 3939/409/4054 4949/1070/4055 3933/1069/4056
f 3933/1069/4056 4949/1070/4055 4106/1072/4057 3028/1071/4058
f 4949/1070/4055 4103/1073/4059 3092/414/4060 4106/1072/4057
f 3939/409/4054 3031/412/4061 4103/1073/4059 4949/1070/4055
f 3031/412/4061 3938/1074/4062 4950/418/4063 4103/1073/4059
f 4103/1073/4059 4950/418/4063 4104/419/4064 3092/414/4060
f 4950/418/4063 3914/389/4031 3019/83/4033 4104/419/4064
f 3938/1074/4062 2942/389/4028 3914/389/4031 4950/418/4063
f 3092/414/4060 4104/419/4064 4951/420/4065 4105/421/4066
f 4105/421/4066 4951/420/4065 3900/422/4067 3012/423/4068
f 4951/420/4065 3915/1066/4050 2937/370/4052 3900/422/4067
f 4104/419/4064 3019/83/4033 3915/1066/4050 4951/420/4065
f 3028/1071/4058 4106/1072/4057 4952/1076/4069 3932/1075/4070
f 3932/1075/4070 4952/1076/4069 3901/1078/4071 2938/1077/4072
f 4952/1076/4069 4105/421/4066 3012/423/4068 3901/1078/4071
f 4106/1072/4057 3092/414/4060 4105/421/4066 4952/1076/4069
f 2922/169/4073 3959/1080/4074 4953/1079/4075 3953/430/4076
f 3953/430/4076 4953/1079/4075 4110/238/4077 3038/433/4078
f 4953/1079/4075 4107/431/4079 3093/432/4080 4110/238/4077
f 3959/1080/4074 3041/175/4081 4107/431/4079 4953/1079/4075
f 3041/175/4081 3958/168/4082 4954/1081/4083 4107/431/4079
f 4107/431/4079 4954/1081/4083 4108/435/4084 3093/432/4080
f 4954/1081/4083 3916/1047/4006 3020/376/4008 4108/435/4084
f 3958/168/4082 2943/94/4003 3916/1047/4006 4954/1081/4083
f 3093/432/4080 4108/435/4084 4955/436/4085 4109/437/4086
f 4109/437/4086 4955/436/4085 3880/438/4087 3001/1082/4088
f 4955/436/4085 3917/387/4025 2927/98/4027 3880/438/4087
f 4108/435/4084 3020/376/4008 3917/387/4025 4955/436/4085
f 3038/433/4078 4110/238/4077 4956/961/4089 3952/430/4090
f 3952/430/4090 4956/961/4089 3881/1083/4091 2928/5/4092
f 4956/961/4089 4109/437/4086 3001/1082/4088 3881/1083/4091
f 4110/238/4077 3093/432/4080 4109/437/4086 4956/961/4089
f 2934/442/4093 3949/6/4094 4957/1085/4095 3943/1084/4096
f 3943/1084/4096 4957/1085/4095 4114/1086/4097 3033/448/4098
f 4957/1085/4095 4111/1087/4099 3094/446/4100 4114/1086/4097
f 3949/6/4094 3036/175/4101 4111/1087/4099 4957/1085/4095
f 3036/175/4101 3948/179/4102 4958/1088/4103 4111/1087/4099
f 4111/1087/4099 4958/1088/4103 4112/451/4104 3094/446/4100
f 4958/1088/4103 3918/77/3981 3021/387/3983 4112/451/4104
f 3948/179/4102 2944/76/3978 3918/77/3981 4958/1088/4103
f 3094/446/4100 4112/451/4104 4959/1089/4105 4113/453/4106
f 4113/453/4106 4959/1089/4105 3894/1090/4107 3009/455/4108
f 4959/1089/4105 3919/1045/4000 2932/389/4002 3894/1090/4107
f 4112/451/4104 3021/387/3983 3919/1045/4000 4959/1089/4105
f 3033/448/4098 4114/1086/4097 4960/1091/4109 3942/457/4110
f 3942/457/4110 4960/1091/4109 3895/1092/4111 2933/459/4112
f 4960/1091/4109 4113/453/4106 3009/455/4108 3895/1092/4111
f 4114/1086/4097 3094/446/4100 4113/453/4106 4960/1091/4109
f 2938/1077/4072 3901/1078/4071 4961/1094/4113 3923/1093/4114
f 3923/1093/4114 4961/1094/4113 4118/1096/4115 3023/1095/4116
f 4961/1094/4113 4115/1097/4117 3095/463/4118 4118/1096/4115
f 3901/1078/4071 3012/423/4068 4115/1097/4117 4961/1094/4113
f 3012/423/4068 3900/422/4067 4962/1098/4119 4115/1097/4117
f 4115/1097/4117 4962/1098/4119 4116/469/4120 3095/463/4118
f 4962/1098/4119 3924/1100/4121 3024/1099/4122 4116/469/4123
f 3900/422/4067 2937/370/4052 3924/1100/4121 4962/1098/4119
f 3095/463/4118 4116/469/4120 4963/1102/4124 4117/1101/4125
f 4117/1101/4125 4963/1102/4124 3920/1104/4126 3022/1103/4127
f 4963/1102/4124 3925/1105/4128 2945/473/4129 3920/1104/4126
f 4116/469/4123 3024/1099/4122 3925/1105/4128 4963/1102/4124
f 3023/1095/4116 4118/1096/4115 4964/1107/4130 3922/1106/4131
f 3922/1106/4131 4964/1107/4130 3921/478/4132 2946/479/4133
f 4964/1107/4130 4117/1101/4125 3022/1103/4127 3921/478/4132
f 4118/1096/4115 3095/463/4118 4117/1101/4125 4964/1107/4130
f 2937/370/4052 3913/1068/4051 4965/1109/4134 3929/1108/4135
f 3929/1108/4135 4965/1109/4134 4122/1111/4136 3026/1110/4137
f 4965/1109/4134 4119/1113/4138 3096/1112/4139 4122/1111/4136
f 3913/1068/4051 3018/1064/4046 4119/1113/4138 4965/1109/4134
f 3018/1064/4046 3912/1065/4045 4966/1114/4140 4119/1113/4138
f 4119/1113/4138 4966/1114/4140 4120/1115/4141 3096/1112/4139
f 4966/1114/4140 3930/1117/4142 3027/1116/4143 4120/1115/4141
f 3912/1065/4045 2941/379/4048 3930/1117/4142 4966/1114/4140
f 3096/1112/4139 4120/1115/4141 4967/1119/4144 4121/1118/4145
f 4121/1118/4145 4967/1119/4144 3926/212/4146 3025/1120/4147
f 4967/1119/4144 3931/1121/4148 2947/90/4149 3926/212/4146
f 4120/1115/4141 3027/1116/4143 3931/1121/4148 4967/1119/4144
f 3026/1110/4137 4122/1111/4136 4968/1123/4150 3928/1122/4151
f 3928/1122/4151 4968/1123/4150 3927/1124/4152 2948/388/4153
f 4968/1123/4150 4121/1118/4145 3025/1120/4147 3927/1124/4152
f 4122/1111/4136 3096/1112/4139 4121/1118/4145 4968/1123/4150
f 2933/459/4112 3895/1092/4111 4969/1126/4154 3903/1125/4155
f 3903/1125/4155 4969/1126/4154 4126/1127/4156 3013/408/4157
f 4969/1126/4154 4123/1128/4158 3097/503/4159 4126/1127/4156
f 3895/1092/4111 3009/455/4108 4123/1128/4158 4969/1126/4154
f 3009/455/4108 3894/1090/4107 4970/1129/4160 4123/1128/4158
f 4123/1128/4158 4970/1129/4160 4124/507/4161 3097/503/4159
f 4970/1129/4160 3936/510/4162 3030/13/4163 4124/507/4161
f 3894/1090/4107 2932/389/4002 3936/510/4162 4970/1129/4160
f 3097/503/4159 4124/507/4161 4971/508/4164 4125/509/4165
f 4125/509/4165 4971/508/4164 3938/1074/4062 3031/412/4061
f 4971/508/4164 3937/510/4166 2942/389/4028 3938/1074/4062
f 4124/507/4161 3030/13/4163 3937/510/4166 4971/508/4164
f 3013/408/4157 4126/1127/4156 4972/409/4167 3902/1130/4168
f 3902/1130/4168 4972/409/4167 3939/409/4054 2939/408/4053
f 4972/409/4167 4125/509/4165 3031/412/4061 3939/409/4054
f 4126/1127/4156 3097/503/4159 4125/509/4165 4972/409/4167
f 2932/389/4002 3911/390/4001 4973/521/4169 3936/510/4162
f 3936/510/4162 4973/521/4169 4130/1131/4170 3030/13/4163
f 4973/521/4169 4127/520/4171 3098/1132/4172 4130/1131/4170
f 3911/390/4001 3017/1043/3996 4127/520/4171 4973/521/4169
f 3017/1043/3996 3910/1044/3995 4974/1133/4173 4127/520/4171
f 4127/520/4171 4974/1133/4173 4128/519/4174 3098/1132/4172
f 4974/1133/4173 3934/518/4175 3029/379/4176 4128/519/4174
f 3910/1044/3995 2936/364/3998 3934/518/4175 4974/1133/4173
f 3098/1132/4172 4128/519/4174 4975/394/4177 4129/520/4178
f 4129/520/4178 4975/394/4177 3940/1059/4037 3032/1043/4036
f 4975/394/4177 3935/518/4179 2940/112/4042 3940/1059/4037
f 4128/519/4174 3029/379/4176 3935/518/4179 4975/394/4177
f 3030/13/4163 4130/1131/4170 4976/521/4180 3937/510/4166
f 3937/510/4166 4976/521/4180 3941/390/4029 2942/389/4028
f 4976/521/4180 4129/520/4178 3032/1043/4036 3941/390/4029
f 4130/1131/4170 3098/1132/4172 4129/520/4178 4976/521/4180
f 2928/5/4092 3881/1083/4091 4977/1134/4181 3897/134/4182
f 3897/134/4182 4977/1134/4181 4134/6/4183 3010/172/4184
f 4977/1134/4181 4131/1135/4185 3099/525/4186 4134/6/4183
f 3881/1083/4091 3001/1082/4088 4131/1135/4185 4977/1134/4181
f 3001/1082/4088 3880/438/4087 4978/1136/4187 4131/1135/4185
f 4131/1135/4185 4978/1136/4187 4132/12/4188 3099/525/4186
f 4978/1136/4187 3946/1137/4189 3035/83/4190 4132/12/4188
f 3880/438/4087 2927/98/4027 3946/1137/4189 4978/1136/4187
f 3099/525/4186 4132/12/4188 4979/177/4191 4133/176/4192
f 4133/176/4192 4979/177/4191 3948/179/4102 3036/175/4101
f 4979/177/4191 3947/77/4193 2944/76/3978 3948/179/4102
f 4132/12/4188 3035/83/4190 3947/77/4193 4979/177/4191
f 3010/172/4184 4134/6/4183 4980/6/4194 3896/526/4195
f 3896/526/4195 4980/6/4194 3949/6/4094 2934/442/4093
f 4980/6/4194 4133/176/4192 3036/175/4101 3949/6/4094
f 4134/6/4183 3099/525/4186 4133/176/4192 4980/6/4194
f 2927/98/4027 3907/388/4026 4981/84/4196 3946/1137/4189
f 3946/1137/4189 4981/84/4196 4138/80/4197 3035/83/4190
f 4981/84/4196 4135/82/4198 3100/936/4199 4138/80/4197
f 3907/388/4026 3015/1054/4021 4135/82/4198 4981/84/4196
f 3015/1054/4021 3906/285/4020 4982/1138/4200 4135/82/4198
f 4135/82/4198 4982/1138/4200 4136/1139/4201 3100/936/4199
f 4982/1138/4200 3944/1141/4202 3034/1140/4203 4136/1139/4201
f 3906/285/4020 2931/869/4023 3944/1141/4202 4982/1138/4200
f 3100/936/4199 4136/1139/4201 4983/1142/4204 4137/127/4205
f 4137/127/4205 4983/1142/4204 3950/89/3987 3037/352/3986
f 4983/1142/4204 3945/1143/4206 2935/287/3992 3950/89/3987
f 4136/1139/4201 3034/1140/4203 3945/1143/4206 4983/1142/4204
f 3035/83/4190 4138/80/4197 4984/84/4207 3947/77/4193
f 3947/77/4193 4984/84/4207 3951/79/3979 2944/76/3978
f 4984/84/4207 4137/127/4205 3037/352/3986 3951/79/3979
f 4138/80/4197 3100/936/4199 4137/127/4205 4984/84/4207
f 2923/5/3932 3891/994/3931 4985/1144/4208 3873/134/4209
f 3873/134/4209 4985/1144/4208 4142/156/4210 2997/162/4211
f 4985/1144/4208 4139/1145/4212 3101/175/4213 4142/156/4210
f 3891/994/3931 3007/987/3923 4139/1145/4212 4985/1144/4208
f 3007/987/3923 3890/988/3922 4986/538/4214 4139/1145/4212
f 4139/1145/4212 4986/538/4214 4140/12/4215 3101/175/4213
f 4986/538/4214 3956/1146/4216 3040/98/4217 4140/12/4215
f 3890/988/3922 2929/294/3925 3956/1146/4216 4986/538/4214
f 3101/175/4213 4140/12/4215 4987/1148/4218 4141/1147/4219
f 4141/1147/4219 4987/1148/4218 3958/168/4082 3041/175/4081
f 4987/1148/4218 3957/387/4220 2943/94/4003 3958/168/4082
f 4140/12/4215 3040/98/4217 3957/387/4220 4987/1148/4218
f 2997/162/4211 4142/156/4210 4988/542/4221 3872/1149/4222
f 3872/1149/4222 4988/542/4221 3959/1080/4074 2922/169/4073
f 4988/542/4221 4141/1147/4219 3041/175/4081 3959/1080/4074
f 4142/156/4210 3101/175/4213 4141/1147/4219 4988/542/4221
f 2929/294/3925 3909/989/3924 4989/1150/4223 3956/1146/4216
f 3956/1146/4216 4989/1150/4223 4146/1151/4224 3040/98/4217
f 4989/1150/4223 4143/1153/4225 3102/1152/4226 4146/1151/4224
f 3909/989/3924 3016/292/3926 4143/1153/4225 4989/1150/4223
f 3016/292/3926 3908/1155/4227 4990/1154/4228 4143/1153/4225
f 4143/1153/4225 4990/1154/4228 4144/1156/4229 3102/1152/4226
f 4990/1154/4228 3954/551/4230 3039/552/4231 4144/1156/4229
f 3908/1155/4227 2924/1157/4232 3954/551/4230 4990/1154/4228
f 3102/1152/4226 4144/1156/4229 4991/1159/4233 4145/1158/4234
f 4145/1158/4234 4991/1159/4233 3960/377/4012 3042/374/4011
f 4991/1159/4233 3955/1160/4235 2930/112/4017 3960/377/4012
f 4144/1156/4229 3039/552/4231 3955/1160/4235 4991/1159/4233
f 3040/98/4217 4146/1151/4224 4992/1161/4236 3957/387/4220
f 3957/387/4220 4992/1161/4236 3961/1049/4004 2943/94/4003
f 4992/1161/4236 4145/1158/4234 3042/374/4011 3961/1049/4004
f 4146/1151/4224 3102/1152/4226 4145/1158/4234 4992/1161/4236
f 2893/112/3704 3852/380/3888 4993/1163/4237 3965/1162/4238
f 3965/1162/4238 4993/1163/4237 4150/1164/4239 3044/563/4240
f 4993/1163/4237 4147/1165/4241 3103/561/4242 4150/1164/4239
f 3852/380/3888 2987/257/3886 4147/1165/4241 4993/1163/4237
f 2987/257/3886 3853/256/3885 4994/1166/4243 4147/1165/4241
f 4147/1165/4241 4994/1166/4243 4148/1167/4244 3103/561/4242
f 4994/1166/4243 3962/565/4245 3043/1168/4246 4148/1167/4244
f 3853/256/3885 2915/869/3683 3962/565/4245 4994/1166/4243
f 3103/561/4242 4148/1167/4244 4995/1170/4247 4149/1169/4248
f 4149/1169/4248 4995/1170/4247 3945/1143/4206 3034/1140/4203
f 4995/1170/4247 3963/565/4249 2935/287/3992 3945/1143/4206
f 4148/1167/4244 3043/1168/4246 3963/565/4249 4995/1170/4247
f 3044/563/4240 4150/1164/4239 4996/1172/4250 3964/1171/4251
f 3964/1171/4251 4996/1172/4250 3944/1141/4202 2931/869/4023
f 4996/1172/4250 4149/1169/4248 3034/1140/4203 3944/1141/4202
f 4150/1164/4239 3103/561/4242 4149/1169/4248 4996/1172/4250
f 2901/91/3729 3838/942/3834 4997/1174/4252 3969/1173/4253
f 3969/1173/4253 4997/1174/4252 4154/1176/4254 3046/1175/4255
f 4997/1174/4252 4151/1177/4256 3104/576/4257 4154/1176/4254
f 3838/942/3834 2980/214/3830 4151/1177/4256 4997/1174/4252
f 2980/214/3830 3839/213/3829 4998/1178/4258 4151/1177/4256
f 4151/1177/4256 4998/1178/4258 4152/582/4259 3104/576/4257
f 4998/1178/4258 3966/1179/4260 3045/581/4261 4152/582/4259
f 3839/213/3829 2909/89/3832 3966/1179/4260 4998/1178/4258
f 3104/576/4257 4152/582/4259 4999/1181/4262 4153/1180/4263
f 4153/1180/4263 4999/1181/4262 3931/1121/4148 3027/1116/4143
f 4999/1181/4262 3967/1182/4264 2947/90/4149 3931/1121/4148
f 4152/582/4259 3045/581/4261 3967/1182/4264 4999/1181/4262
f 3046/1175/4255 4154/1176/4254 5000/1184/4265 3968/1183/4266
f 3968/1183/4266 5000/1184/4265 3930/1117/4142 2941/379/4048
f 5000/1184/4265 4153/1180/4263 3027/1116/4143 3930/1117/4142
f 4154/1176/4254 3104/576/4257 4153/1180/4263 5000/1184/4265
f 2911/5/3734 3810/134/3841 5001/1186/4267 3973/1185/4268
f 3973/1185/4268 5001/1186/4267 4158/1188/4269 3048/1187/4270
f 5001/1186/4267 4155/590/4271 3105/1189/4272 4158/1188/4269
f 3810/134/3841 2966/172/3840 4155/590/4271 5001/1186/4267
f 2966/172/3840 3811/134/3835 5002/1190/4273 4155/590/4271
f 4155/590/4271 5002/1190/4273 4156/1191/4274 3105/1189/4272
f 5002/1190/4273 3970/595/4275 3047/596/4276 4156/1191/4274
f 3811/134/3835 2900/5/3788 3970/595/4275 5002/1190/4273
f 3105/1189/4272 4156/1191/4274 5003/1192/4277 4157/600/4278
f 4157/600/4278 5003/1192/4277 3903/1125/4155 3013/408/4157
f 5003/1192/4277 3971/600/4279 2933/459/4112 3903/1125/4155
f 4156/1191/4274 3047/596/4276 3971/600/4279 5003/1192/4277
f 3048/1187/4270 4158/1188/4269 5004/1194/4280 3972/1193/4281
f 3972/1193/4281 5004/1194/4280 3902/1130/4168 2939/408/4053
f 5004/1194/4280 4157/600/4278 3013/408/4157 3902/1130/4168
f 4158/1188/4269 3105/1189/4272 4157/600/4278 5004/1194/4280
f 2902/896/3748 3840/893/3743 5005/1196/4282 3975/1195/4283
f 3975/1195/4283 5005/1196/4282 4162/1198/4284 3049/1197/4285
f 5005/1196/4282 4159/1200/4286 3106/1199/4287 4162/1198/4284
f 3840/893/3743 2981/891/3742 4159/1200/4286 5005/1196/4282
f 2981/891/3742 3841/888/3735 5006/1201/4288 4159/1200/4286
f 4159/1200/4286 5006/1201/4288 4160/1202/4289 3106/1199/4287
f 5006/1201/4288 3973/1185/4268 3048/1187/4270 4160/1202/4289
f 3841/888/3735 2911/5/3734 3973/1185/4268 5006/1201/4288
f 3106/1199/4287 4160/1202/4289 5007/1204/4290 4161/1203/4291
f 4161/1203/4291 5007/1204/4290 3933/1069/4056 3028/1071/4058
f 5007/1204/4290 3972/1193/4281 2939/408/4053 3933/1069/4056
f 4160/1202/4289 3048/1187/4270 3972/1193/4281 5007/1204/4290
f 3049/1197/4285 4162/1198/4284 5008/1206/4292 3974/1205/4293
f 3974/1205/4293 5008/1206/4292 3932/1075/4070 2938/1077/4072
f 5008/1206/4292 4161/1203/4291 3028/1071/4058 3932/1075/4070
f 4162/1198/4284 3106/1199/4287 4161/1203/4291 5008/1206/4292
f 2912/133/3733 3812/132/3732 5009/1208/4294 3979/1207/4295
f 3979/1207/4295 5009/1208/4294 4170/1210/4296 3053/1209/4297
f 5009/1208/4294 4167/1212/4298 3109/1211/4299 4170/1210/4296
f 3812/132/3732 2967/129/3727 4167/1212/4298 5009/1208/4294
f 2967/129/3727 3813/92/3726 5010/1213/4300 4167/1212/4298
f 4167/1212/4298 5010/1213/4300 4168/1214/4301 3109/1211/4299
f 5010/1213/4300 3969/1173/4253 3046/1175/4255 4168/1214/4301
f 3813/92/3726 2901/91/3729 3969/1173/4253 5010/1213/4300
f 3109/1211/4299 4168/1214/4301 5011/1216/4302 4169/1215/4303
f 4169/1215/4303 5011/1216/4302 3905/518/4047 3014/112/4041
f 5011/1216/4302 3968/1183/4266 2941/379/4048 3905/518/4047
f 4168/1214/4301 3046/1175/4255 3968/1183/4266 5011/1216/4302
f 3053/1209/4297 4170/1210/4296 5012/1218/4304 3978/1217/4305
f 3978/1217/4305 5012/1218/4304 3904/1061/4040 2940/112/4042
f 5012/1218/4304 4169/1215/4303 3014/112/4041 3904/1061/4040
f 4170/1210/4296 3109/1211/4299 4169/1215/4303 5012/1218/4304
f 2899/91/3679 3842/958/3861 5013/1219/4306 3981/628/4307
f 3981/628/4307 5013/1219/4306 4174/631/4308 3054/632/4309
f 5013/1219/4306 4171/1220/4310 3110/630/4311 4174/631/4308
f 3842/958/3861 2982/232/3859 4171/1220/4310 5013/1219/4306
f 2982/232/3859 3843/231/3858 5014/1221/4312 4171/1220/4310
f 4171/1220/4310 5014/1221/4312 4172/1222/4313 3110/630/4311
f 5014/1221/4312 3979/1207/4295 3053/1209/4297 4172/1222/4313
f 3843/231/3858 2912/133/3733 3979/1207/4295 5014/1221/4312
f 3110/630/4311 4172/1222/4313 5015/1223/4314 4173/636/4315
f 4173/636/4315 5015/1223/4314 3935/518/4179 3029/379/4176
f 5015/1223/4314 3978/1217/4305 2940/112/4042 3935/518/4179
f 4172/1222/4313 3053/1209/4297 3978/1217/4305 5015/1223/4314
f 3054/632/4309 4174/631/4308 5016/637/4316 3980/638/4317
f 3980/638/4317 5016/637/4316 3934/518/4175 2936/364/3998
f 5016/637/4316 4173/636/4315 3029/379/4176 3934/518/4175
f 4174/631/4308 3110/630/4311 4173/636/4315 5016/637/4316
f 2917/160/3754 3780/972/3895 5017/1225/4318 3985/1224/4319
f 3985/1224/4319 5017/1225/4318 4178/1226/4320 3056/644/4321
f 5017/1225/4318 4175/641/4322 3111/642/4323 4178/1226/4320
f 3780/972/3895 2950/262/3894 4175/641/4322 5017/1225/4318
f 2950/262/3894 3781/970/3889 5018/1227/4324 4175/641/4322
f 4175/641/4322 5018/1227/4324 4176/648/4325 3111/642/4323
f 5018/1227/4324 3982/1228/4326 3055/647/4327 4176/648/4325
f 3781/970/3889 2896/5/3599 3982/1228/4326 5018/1227/4324
f 3111/642/4323 4176/648/4325 5019/1229/4328 4177/650/4329
f 4177/650/4329 5019/1229/4328 3873/134/4209 2997/162/4211
f 5019/1229/4328 3983/651/4330 2923/5/3932 3873/134/4209
f 4176/648/4325 3055/647/4327 3983/651/4330 5019/1229/4328
f 3056/644/4321 4178/1226/4320 5020/1230/4331 3984/640/4332
f 3984/640/4332 5020/1230/4331 3872/1149/4222 2922/169/4073
f 5020/1230/4331 4177/650/4329 2997/162/4211 3872/1149/4222
f 4178/1226/4320 3111/642/4323 4177/650/4329 5020/1230/4331
f 2908/195/3812 3828/194/3811 5021/1231/4333 3989/654/4334
f 3989/654/4334 5021/1231/4333 4182/657/4335 3058/658/4336
f 5021/1231/4333 4179/1232/4337 3112/158/4338 4182/657/4335
f 3828/194/3811 2975/925/3804 4179/1232/4337 5021/1231/4333
f 2975/925/3804 3829/926/3803 5022/1233/4339 4179/1232/4337
f 4179/1232/4337 5022/1233/4339 4180/1234/4340 3112/158/4338
f 5022/1233/4339 3986/1235/4341 3057/661/4342 4180/1234/4340
f 3829/926/3803 2907/927/3805 3986/1235/4341 5022/1233/4339
f 3112/158/4338 4180/1234/4340 5023/1237/4343 4181/1236/4344
f 4181/1236/4344 5023/1237/4343 3921/478/4132 3022/1103/4127
f 5023/1237/4343 3987/1238/4345 2946/479/4133 3921/478/4132
f 4180/1234/4340 3057/661/4342 3987/1238/4345 5023/1237/4343
f 3058/658/4336 4182/657/4335 5024/1240/4346 3988/1239/4347
f 3988/1239/4347 5024/1240/4346 3920/1104/4126 2945/473/4129
f 5024/1240/4346 4181/1236/4344 3022/1103/4127 3920/1104/4126
f 4182/657/4335 3112/158/4338 4181/1236/4344 5024/1240/4346
f 2891/668/4348 3782/669/4349 5025/1242/4350 3976/1241/4351
f 3976/1241/4351 5025/1242/4350 4188/1244/4352 3050/1243/4353
f 5025/1242/4350 4185/1246/4354 3114/1245/4355 4188/1244/4352
f 3782/669/4349 2951/672/4356 4185/1246/4354 5025/1242/4350
f 3285/1247/4357 3783/678/4358 5026/679/4359 4608/1248/4360
f 4608/1248/4360 5026/679/4359 4570/1249/4361 3292/684/4362
f 5026/679/4359 3990/1251/4363 3059/1250/4364 4570/1249/4361
f 3783/678/4358 2892/287/3917 3990/1251/4363 5026/679/4359
f 3292/684/4362 4570/1249/4361 5027/1252/4365 4607/686/4366
f 4607/686/4366 5027/1252/4365 3875/1254/4367 3288/1253/4368
f 5027/1252/4365 3991/1255/4369 2924/1157/4232 3875/1254/4367
f 4570/1249/4361 3059/1250/4364 3991/1255/4369 5027/1252/4365
f 3050/1243/4353 4188/1244/4352 5028/1257/4370 3977/1256/4371
f 3977/1256/4371 5028/1257/4370 3874/1258/4372 2921/695/4373
f 5028/1257/4370 4187/1260/4374 2998/1259/4375 3874/1258/4372
f 4188/1244/4352 3114/1245/4355 4187/1260/4374 5028/1257/4370
f 2918/116/3708 3800/879/3707 5029/1262/4376 3993/1261/4377
f 3993/1261/4377 5029/1262/4376 4192/1263/4378 3060/701/4379
f 5029/1262/4376 4189/698/4380 3115/1264/4381 4192/1263/4378
f 3800/879/3707 2961/112/3702 4189/698/4380 5029/1262/4376
f 2961/112/3702 3801/876/3701 5030/1265/4382 4189/698/4380
f 4189/698/4380 5030/1265/4382 4190/703/4383 3115/1264/4381
f 5030/1265/4382 3965/1162/4238 3044/563/4240 4190/703/4383
f 3801/876/3701 2893/112/3704 3965/1162/4238 5030/1265/4382
f 3115/1264/4381 4190/703/4383 5031/1267/4384 4191/1266/4385
f 4191/1266/4385 5031/1267/4384 3893/384/4022 3008/1051/4016
f 5031/1267/4384 3964/1171/4251 2931/869/4023 3893/384/4022
f 4190/703/4383 3044/563/4240 3964/1171/4251 5031/1267/4384
f 3060/701/4379 4192/1263/4378 5032/1269/4386 3992/1268/4387
f 3992/1268/4387 5032/1269/4386 3892/1052/4015 2930/112/4017
f 5032/1269/4386 4191/1266/4385 3008/1051/4016 3892/1052/4015
f 4192/1263/4378 3115/1264/4381 4191/1266/4385 5032/1269/4386
f 2907/927/3805 3830/924/3800 5033/1270/4388 3986/1235/4341
f 3986/1235/4341 5033/1270/4388 4196/711/4389 3057/661/4342
f 5033/1270/4388 4193/709/4390 3116/710/4391 4196/711/4389
f 3830/924/3800 2976/182/3799 4193/709/4390 5033/1270/4388
f 2976/182/3799 3831/921/3794 5034/1271/4392 4193/709/4390
f 4193/709/4390 5034/1271/4392 4194/1272/4393 3116/710/4391
f 5034/1271/4392 3975/1195/4283 3049/1197/4285 4194/1272/4393
f 3831/921/3794 2902/896/3748 3975/1195/4283 5034/1271/4392
f 3116/710/4391 4194/1272/4393 5035/1273/4394 4195/709/4395
f 4195/709/4395 5035/1273/4394 3923/1093/4114 3023/1095/4116
f 5035/1273/4394 3974/1205/4293 2938/1077/4072 3923/1093/4114
f 4194/1272/4393 3049/1197/4285 3974/1205/4293 5035/1273/4394
f 3057/661/4342 4196/711/4389 5036/1270/4396 3987/1238/4345
f 3987/1238/4345 5036/1270/4396 3922/1106/4131 2946/479/4133
f 5036/1270/4396 4195/709/4395 3023/1095/4116 3922/1106/4131
f 4196/711/4389 3116/710/4391 4195/709/4395 5036/1270/4396
f 2898/134/3768 3860/901/3763 5037/722/4397 3995/640/4398
f 3995/640/4398 5037/722/4397 4200/1274/4399 3061/644/4400
f 5037/722/4397 4197/1275/4401 3117/720/4402 4200/1274/4399
f 3860/901/3763 2991/162/3762 4197/1275/4401 5037/722/4397
f 2991/162/3762 3861/160/3755 5038/1276/4403 4197/1275/4401
f 4197/1275/4401 5038/1276/4403 4198/721/4404 3117/720/4402
f 5038/1276/4403 3985/1224/4319 3056/644/4321 4198/721/4404
f 3861/160/3755 2917/160/3754 3985/1224/4319 5038/1276/4403
f 3117/720/4402 4198/721/4404 5039/1277/4405 4199/725/4406
f 4199/725/4406 5039/1277/4405 3953/430/4076 3038/433/4078
f 5039/1277/4405 3984/640/4332 2922/169/4073 3953/430/4076
f 4198/721/4404 3056/644/4321 3984/640/4332 5039/1277/4405
f 3061/644/4400 4200/1274/4399 5040/1279/4407 3994/1278/4408
f 3994/1278/4408 5040/1279/4407 3952/430/4090 2928/5/4092
f 5040/1279/4407 4199/725/4406 3038/433/4078 3952/430/4090
f 4200/1274/4399 3117/720/4402 4199/725/4406 5040/1279/4407
f 2906/120/4409 3832/199/3814 5041/1280/4410 3997/118/4411
f 3997/118/4411 5041/1280/4410 4204/1281/4412 3062/120/4413
f 5041/1280/4410 4201/729/4414 3118/1282/4415 4204/1281/4412
f 3832/199/3814 2977/197/3810 4201/729/4414 5041/1280/4410
f 2977/197/3810 3833/929/3809 5042/1283/4416 4201/729/4414
f 4201/729/4414 5042/1283/4416 4202/1284/4417 3118/1282/4415
f 5042/1283/4416 3989/654/4334 3058/658/4336 4202/1284/4417
f 3833/929/3809 2908/195/3812 3989/654/4334 5042/1283/4416
f 3118/1282/4415 4202/1284/4417 5043/1286/4418 4203/1285/4419
f 4203/1285/4419 5043/1286/4418 3925/1105/4128 3024/1099/4122
f 5043/1286/4418 3988/1239/4347 2945/473/4129 3925/1105/4128
f 4202/1284/4417 3058/658/4336 3988/1239/4347 5043/1286/4418
f 3062/120/4413 4204/1281/4412 5044/1288/4420 3996/1287/4421
f 3996/1287/4421 5044/1288/4420 3924/1100/4121 2937/370/4422
f 5044/1288/4420 4203/1285/4419 3024/1099/4122 3924/1100/4121
f 4204/1281/4412 3118/1282/4415 4203/1285/4419 5044/1288/4420
f 2892/287/3917 3862/982/3916 5045/1289/4423 3990/1251/4363
f 3990/1251/4363 5045/1289/4423 4208/741/4424 3059/1250/4364
f 5045/1289/4423 4205/739/4425 3119/740/4426 4208/741/4424
f 3862/982/3916 2992/283/3913 4205/739/4425 5045/1289/4423
f 2992/283/3913 3863/980/3912 5046/1290/4427 4205/739/4425
f 4205/739/4425 5046/1290/4427 4206/743/4428 3119/740/4426
f 5046/1290/4427 3993/1261/4377 3060/701/4379 4206/743/4428
f 3863/980/3912 2918/116/3708 3993/1261/4377 5046/1290/4427
f 3119/740/4426 4206/743/4428 5047/1292/4429 4207/1291/4430
f 4207/1291/4430 5047/1292/4429 3955/1160/4235 3039/552/4231
f 5047/1292/4429 3992/1268/4387 2930/112/4017 3955/1160/4235
f 4206/743/4428 3060/701/4379 3992/1268/4387 5047/1292/4429
f 3059/1250/4364 4208/741/4424 5048/1293/4431 3991/1255/4369
f 3991/1255/4369 5048/1293/4431 3954/551/4230 2924/1157/4232
f 5048/1293/4431 4207/1291/4430 3039/552/4231 3954/551/4230
f 4208/741/4424 3119/740/4426 4207/1291/4430 5048/1293/4431
f 2896/5/3599 3790/73/3656 5049/747/4432 3982/1228/4326
f 3982/1228/4326 5049/747/4432 4212/750/4433 3055/647/4327
f 5049/747/4432 4209/1295/4434 3120/1294/4435 4212/750/4433
f 3790/73/3656 2955/69/3653 4209/1295/4434 5049/747/4432
f 2955/69/3653 3791/68/3652 5050/751/4436 4209/1295/4434
f 4209/1295/4434 5050/751/4436 4210/754/4437 3120/1294/4435
f 5050/751/4436 3998/1296/4438 3063/753/4439 4210/754/4437
f 3791/68/3652 2897/58/3643 3998/1296/4438 5050/751/4436
f 3120/1294/4435 4210/754/4437 5051/1298/4440 4211/1297/4441
f 4211/1297/4441 5051/1298/4440 3883/1034/3977 3002/1031/3975
f 5051/1298/4440 3999/1299/4442 2925/327/3958 3883/1034/3977
f 4210/754/4437 3063/753/4439 3999/1299/4442 5051/1298/4440
f 3055/647/4327 4212/750/4433 5052/1300/4443 3983/651/4330
f 3983/651/4330 5052/1300/4443 3882/1032/3974 2923/5/3932
f 5052/1300/4443 4211/1297/4441 3002/1031/3975 3882/1032/3974
f 4212/750/4433 3120/1294/4435 4211/1297/4441 5052/1300/4443
f 2897/58/3643 3784/57/3642 5053/1301/4444 3998/1296/4438
f 3998/1296/4438 5053/1301/4444 4216/1302/4445 3063/753/4439
f 5053/1301/4444 4213/1304/4446 3121/1303/4447 4216/1302/4445
f 3784/57/3642 2952/53/3637 4213/1304/4446 5053/1301/4444
f 2952/53/3637 3785/52/3636 5054/763/4448 4213/1304/4446
f 4213/1304/4446 5054/763/4448 4214/764/4449 3121/1303/4447
f 5054/763/4448 3539/51/3529 2827/51/3531 4214/764/4449
f 3785/52/3636 2649/51/2708 3539/51/3529 5054/763/4448
f 3121/1303/4447 4214/764/4449 5055/765/4450 4215/766/4451
f 4215/766/4451 5055/765/4450 3877/331/3960 2999/329/3956
f 5055/765/4450 3540/51/3534 2683/332/3040 3877/331/3960
f 4214/764/4449 2827/51/3531 3540/51/3534 5055/765/4450
f 3063/753/4439 4216/1302/4445 5056/1305/4452 3999/1299/4442
f 3999/1299/4442 5056/1305/4452 3876/1015/3955 2925/327/3958
f 5056/1305/4452 4215/766/4451 2999/329/3956 3876/1015/3955
f 4216/1302/4445 3121/1303/4447 4215/766/4451 5056/1305/4452
f 2914/169/3774 3804/241/3868 5057/1307/4453 4001/1306/4454
f 4001/1306/4454 5057/1307/4453 4220/1308/4455 3064/773/4456
f 5057/1307/4453 4217/1310/4457 3122/1309/4458 4220/1308/4455
f 3804/241/3868 2963/237/3867 4217/1310/4457 5057/1307/4453
f 2963/237/3867 3805/960/3862 5058/1311/4459 4217/1310/4457
f 4217/1310/4457 5058/1311/4459 4218/721/4460 3122/1309/4458
f 5058/1311/4459 3995/640/4398 3061/644/4400 4218/721/4460
f 3805/960/3862 2898/134/3768 3995/640/4398 5058/1311/4459
f 3122/1309/4458 4218/721/4460 5059/1313/4461 4219/1312/4462
f 4219/1312/4462 5059/1313/4461 3897/134/4182 3010/172/4184
f 5059/1313/4461 3994/1278/4408 2928/5/4092 3897/134/4182
f 4218/721/4460 3061/644/4400 3994/1278/4408 5059/1313/4461
f 3064/773/4456 4220/1308/4455 5060/1315/4463 4000/1314/4464
f 4000/1314/4464 5060/1315/4463 3896/526/4195 2934/442/4093
f 5060/1315/4463 4219/1312/4462 3010/172/4184 3896/526/4195
f 4220/1308/4455 3122/1309/4458 4219/1312/4462 5060/1315/4463
f 2909/89/3832 3834/212/3831 5061/780/4465 3966/1179/4260
f 3966/1179/4260 5061/780/4465 4224/782/4466 3045/581/4261
f 5061/780/4465 4221/1316/4467 3123/122/4468 4224/782/4466
f 3834/212/3831 2978/936/3825 4221/1316/4467 5061/780/4465
f 2978/936/3825 3835/937/3824 5062/1317/4469 4221/1316/4467
f 4221/1316/4467 5062/1317/4469 4222/1318/4470 3123/122/4468
f 5062/1317/4469 4002/1319/4471 3065/785/4472 4222/1318/4470
f 3835/937/3824 2910/938/3826 4002/1319/4471 5062/1317/4469
f 3123/122/4468 4222/1318/4470 5063/1321/4473 4223/1320/4474
f 4223/1320/4474 5063/1321/4473 3927/1124/4152 3025/1120/4147
f 5063/1321/4473 4003/1322/4475 2948/388/4153 3927/1124/4152
f 4222/1318/4470 3065/785/4472 4003/1322/4475 5063/1321/4473
f 3045/581/4261 4224/782/4466 5064/1323/4476 3967/1182/4264
f 3967/1182/4264 5064/1323/4476 3926/212/4146 2947/90/4149
f 5064/1323/4476 4223/1320/4474 3025/1120/4147 3926/212/4146
f 4224/782/4466 3123/122/4468 4223/1320/4474 5064/1323/4476
f 2900/5/3788 3850/913/3783 5065/1324/4477 3970/595/4275
f 3970/595/4275 5065/1324/4477 4228/1325/4478 3047/596/4276
f 5065/1324/4477 4225/792/4479 3124/793/4480 4228/1325/4478
f 3850/913/3783 2986/526/3782 4225/792/4479 5065/1324/4477
f 2986/526/3782 3851/134/3775 5066/1326/4481 4225/792/4479
f 4225/792/4479 5066/1326/4481 4226/1327/4482 3124/793/4480
f 5066/1326/4481 4001/1306/4454 3064/773/4456 4226/1327/4482
f 3851/134/3775 2914/169/3774 4001/1306/4454 5066/1326/4481
f 3124/793/4480 4226/1327/4482 5067/1328/4483 4227/798/4484
f 4227/798/4484 5067/1328/4483 3943/1084/4096 3033/448/4098
f 5067/1328/4483 4000/1314/4464 2934/442/4093 3943/1084/4096
f 4226/1327/4482 3064/773/4456 4000/1314/4464 5067/1328/4483
f 3047/596/4276 4228/1325/4478 5068/1329/4485 3971/600/4279
f 3971/600/4279 5068/1329/4485 3942/457/4110 2933/459/4112
f 5068/1329/4485 4227/798/4484 3033/448/4098 3942/457/4110
f 4228/1325/4478 3124/793/4480 4227/798/4484 5068/1329/4485
f 2915/869/3683 3806/870/3682 5069/1330/4486 3962/565/4245
f 3962/565/4245 5069/1330/4486 4232/803/4487 3043/1168/4246
f 5069/1330/4486 4229/801/4488 3125/802/4489 4232/803/4487
f 3806/870/3682 2964/129/3677 4229/801/4488 5069/1330/4486
f 2964/129/3677 3807/92/3676 5070/804/4490 4229/801/4488
f 4229/801/4488 5070/804/4490 4230/1331/4491 3125/802/4489
f 5070/804/4490 3981/628/4307 3054/632/4309 4230/1331/4491
f 3807/92/3676 2899/91/3679 3981/628/4307 5070/804/4490
f 3125/802/4489 4230/1331/4491 5071/806/4492 4231/1332/4493
f 4231/1332/4493 5071/806/4492 3899/363/3997 3011/1039/3991
f 5071/806/4492 3980/638/4317 2936/364/3998 3899/363/3997
f 4230/1331/4491 3054/632/4309 3980/638/4317 5071/806/4492
f 3043/1168/4246 4232/803/4487 5072/1333/4494 3963/565/4249
f 3963/565/4249 5072/1333/4494 3898/1040/3990 2935/287/3992
f 5072/1333/4494 4231/1332/4493 3011/1039/3991 3898/1040/3990
f 4232/803/4487 3125/802/4489 4231/1332/4493 5072/1333/4494
f 2910/938/3826 3836/935/3821 5073/1334/4495 4002/1319/4471
f 4002/1319/4471 5073/1334/4495 4236/1335/4496 3065/785/4472
f 5073/1334/4495 4233/810/4497 3126/1336/4498 4236/1335/4496
f 3836/935/3821 2979/202/3820 4233/810/4497 5073/1334/4495
f 2979/202/3820 3837/932/3815 5074/1337/4499 4233/810/4497
f 4233/810/4497 5074/1337/4499 4234/1338/4500 3126/1336/4498
f 5074/1337/4499 3997/118/4501 3062/120/4502 4234/1338/4500
f 3837/932/3815 2906/120/3723 3997/118/4501 5074/1337/4499
f 3126/1336/4498 4234/1338/4500 5075/1340/4503 4235/1339/4504
f 4235/1339/4504 5075/1340/4503 3929/1108/4135 3026/1110/4137
f 5075/1340/4503 3996/1287/4505 2937/370/4506 3929/1108/4135
f 4234/1338/4500 3062/120/4502 3996/1287/4505 5075/1340/4503
f 3065/785/4472 4236/1335/4496 5076/1341/4507 4003/1322/4475
f 4003/1322/4475 5076/1341/4507 3928/1122/4151 2948/388/4153
f 5076/1341/4507 4235/1339/4504 3026/1110/4137 3928/1122/4151
f 4236/1335/4496 3126/1336/4498 4235/1339/4504 5076/1341/4507
f 3128/1342/4508 4254/1345/4509 5077/1344/4510 4241/1343/4511
f 4241/1343/4511 5077/1344/4510 4632/1347/4512 3134/1346/4513
f 5077/1344/4510 4623/1349/4514 3281/1348/4515 4632/1347/4512
f 4254/1345/4509 3310/1350/4516 4623/1349/4514 5077/1344/4510
f 2765/1351/4517 4546/1354/4518 5078/1353/4519 4261/1352/4520
f 4261/1352/4520 5078/1353/4519 4243/1356/4521 3136/1355/4522
f 5078/1353/4519 4631/1358/4523 3133/1357/4524 4243/1356/4521
f 4546/1354/4518 3272/306/3011 4631/1358/4523 5078/1353/4519
f 3004/1359/4525 4567/1362/4526 5079/1361/4527 4257/1360/4528
f 4257/1360/4528 5079/1361/4527 4248/1364/4529 3144/1363/4530
f 5079/1361/4527 4625/1366/4531 3141/1365/4532 4248/1364/4529
f 4567/1362/4526 3289/1367/4533 4625/1366/4531 5079/1361/4527
f 3003/1351/4534 4260/1370/4535 5080/1369/4536 4548/1368/4537
f 4548/1368/4537 5080/1369/4536 4626/1371/4538 3274/1003/3941
f 5080/1369/4536 4245/1373/4539 3142/1372/4540 4626/1371/4538
f 4260/1370/4535 3139/1374/4541 4245/1373/4539 5080/1369/4536
f 3163/1375/4542 4263/1378/4543 5081/1377/4544 4264/1376/4545
f 3166/1379/4546 4264/1376/4545 5081/1377/4544 4268/1380/4547
f 3165/1381/4548 4268/1380/4547 5081/1377/4544 4263/1378/4543
f 3166/1379/4546 4268/1380/4547 5082/1383/4549 4265/1382/4550
f 3167/1384/4551 4265/1382/4550 5082/1383/4549 4269/1385/4552
f 3165/1381/4548 4269/1385/4552 5082/1383/4549 4268/1380/4547
f 3167/1384/4551 4269/1385/4552 5083/1387/4553 4266/1386/4554
f 3164/1388/4555 4266/1386/4554 5083/1387/4553 4267/1389/4556
f 3165/1381/4548 4267/1389/4556 5083/1387/4553 4269/1385/4552
f 3192/1390/4557 4270/1393/4558 5084/1392/4559 4271/1391/4560
f 3195/1394/4561 4271/1391/4560 5084/1392/4559 4275/1395/4562
f 3194/1396/4563 4275/1395/4562 5084/1392/4559 4270/1393/4558
f 3195/1394/4561 4275/1395/4562 5085/1398/4564 4272/1397/4565
f 3196/1399/4566 4272/1397/4565 5085/1398/4564 4276/1400/4567
f 3194/1396/4563 4276/1400/4567 5085/1398/4564 4275/1395/4562
f 3196/1399/4566 4276/1400/4567 5086/1402/4568 4273/1401/4569
f 3193/1403/4570 4273/1401/4569 5086/1402/4568 4274/1404/4571
f 3194/1396/4563 4274/1404/4571 5086/1402/4568 4276/1400/4567
f 3148/1405/4572 4277/1408/4573 5087/1407/4574 4278/1406/4575
f 4278/1406/4575 5087/1407/4574 4279/1410/4576 3159/1409/4577
f 5087/1407/4574 4280/1412/4578 3161/1411/4579 4279/1410/4576
f 4277/1408/4573 3150/1413/4580 4280/1412/4578 5087/1407/4574
f 3150/1413/4580 4281/1415/4581 5088/1414/4582 4280/1412/4578
f 4280/1412/4578 5088/1414/4582 4282/1416/4583 3161/1411/4579
f 5088/1414/4582 4283/1418/4584 3162/1417/4585 4282/1416/4583
f 4281/1415/4581 3149/1419/4586 4283/1418/4584 5088/1414/4582
f 3149/1419/4586 4284/1421/4587 5089/1420/4588 4283/1418/4584
f 4283/1418/4584 5089/1420/4588 4285/1422/4589 3162/1417/4585
f 5089/1420/4588 4286/1424/4590 3160/1423/4591 4285/1422/4589
f 4284/1421/4587 3147/1425/4592 4286/1424/4590 5089/1420/4588
f 3152/1426/4593 4287/1429/4594 5090/1428/4595 4288/1427/4596
f 4288/1427/4596 5090/1428/4595 4289/1431/4597 3168/1430/4598
f 5090/1428/4595 4290/1433/4599 3170/1432/4600 4289/1431/4597
f 4287/1429/4594 3154/1434/4601 4290/1433/4599 5090/1428/4595
f 3154/1434/4601 4291/1436/4602 5091/1435/4603 4290/1433/4599
f 4290/1433/4599 5091/1435/4603 4292/1437/4604 3170/1432/4600
f 5091/1435/4603 4293/1439/4605 3171/1438/4606 4292/1437/4604
f 4291/1436/4602 3153/1440/4607 4293/1439/4605 5091/1435/4603
f 3153/1440/4607 4294/1442/4608 5092/1441/4609 4293/1439/4605
f 4293/1439/4605 5092/1441/4609 4295/1443/4610 3171/1438/4606
f 5092/1441/4609 4296/1445/4611 3169/1444/4612 4295/1443/4610
f 4294/1442/4608 3151/1446/4613 4296/1445/4611 5092/1441/4609
f 3168/1430/4598 4289/1431/4597 5093/1448/4614 4297/1447/4615
f 4297/1447/4615 5093/1448/4614 4298/1450/4616 3155/1449/4617
f 5093/1448/4614 4299/1452/4618 3157/1451/4619 4298/1450/4616
f 4289/1431/4597 3170/1432/4600 4299/1452/4618 5093/1448/4614
f 3170/1432/4600 4292/1437/4604 5094/1453/4620 4299/1452/4618
f 4299/1452/4618 5094/1453/4620 4300/1454/4621 3157/1451/4619
f 5094/1453/4620 4301/1456/4622 3158/1455/4623 4300/1454/4621
f 4292/1437/4604 3171/1438/4606 4301/1456/4622 5094/1453/4620
f 3171/1438/4606 4295/1443/4610 5095/1457/4624 4301/1456/4622
f 4301/1456/4622 5095/1457/4624 4302/1458/4625 3158/1455/4623
f 5095/1457/4624 4303/1460/4626 3156/1459/4627 4302/1458/4625
f 4295/1443/4610 3169/1444/4612 4303/1460/4626 5095/1457/4624
f 3155/1449/4617 4298/1450/4616 5096/1462/4628 4304/1461/4629
f 4304/1461/4629 5096/1462/4628 4305/1464/4630 3172/1463/4631
f 5096/1462/4628 4306/1466/4632 3174/1465/4633 4305/1464/4630
f 4298/1450/4616 3157/1451/4619 4306/1466/4632 5096/1462/4628
f 3157/1451/4619 4300/1454/4621 5097/1467/4634 4306/1466/4632
f 4306/1466/4632 5097/1467/4634 4307/1468/4635 3174/1465/4633
f 5097/1467/4634 4308/1470/4636 3175/1469/4637 4307/1468/4635
f 4300/1454/4621 3158/1455/4623 4308/1470/4636 5097/1467/4634
f 3158/1455/4623 4302/1458/4625 5098/1471/4638 4308/1470/4636
f 4308/1470/4636 5098/1471/4638 4309/1472/4639 3175/1469/4637
f 5098/1471/4638 4310/1474/4640 3173/1473/4641 4309/1472/4639
f 4302/1458/4625 3156/1459/4627 4310/1474/4640 5098/1471/4638
f 3172/1463/4631 4305/1464/4630 5099/1476/4642 4311/1475/4643
f 4311/1475/4643 5099/1476/4642 4277/1408/4573 3148/1405/4572
f 5099/1476/4642 4312/1477/4644 3150/1413/4580 4277/1408/4573
f 4305/1464/4630 3174/1465/4633 4312/1477/4644 5099/1476/4642
f 3174/1465/4633 4307/1468/4635 5100/1478/4645 4312/1477/4644
f 4312/1477/4644 5100/1478/4645 4281/1415/4581 3150/1413/4580
f 5100/1478/4645 4313/1479/4646 3149/1419/4586 4281/1415/4581
f 4307/1468/4635 3175/1469/4637 4313/1479/4646 5100/1478/4645
f 3175/1469/4637 4309/1472/4639 5101/1480/4647 4313/1479/4646
f 4313/1479/4646 5101/1480/4647 4284/1421/4587 3149/1419/4586
f 5101/1480/4647 4314/1481/4648 3147/1425/4592 4284/1421/4587
f 4309/1472/4639 3173/1473/4641 4314/1481/4648 5101/1480/4647
f 3159/1409/4577 4279/1410/4576 5102/1483/4649 4315/1482/4650
f 4315/1482/4650 5102/1483/4649 4316/1485/4651 3176/1484/4652
f 5102/1483/4649 4317/1487/4653 3178/1486/4654 4316/1485/4651
f 4279/1410/4576 3161/1411/4579 4317/1487/4653 5102/1483/4649
f 3161/1411/4579 4282/1416/4583 5103/1488/4655 4317/1487/4653
f 4317/1487/4653 5103/1488/4655 4318/1489/4656 3178/1486/4654
f 5103/1488/4655 4319/1491/4657 3179/1490/4658 4318/1489/4656
f 4282/1416/4583 3162/1417/4585 4319/1491/4657 5103/1488/4655
f 3162/1417/4585 4285/1422/4589 5104/1492/4659 4319/1491/4657
f 4319/1491/4657 5104/1492/4659 4320/1493/4660 3179/1490/4658
f 5104/1492/4659 4321/1495/4661 3177/1494/4662 4320/1493/4660
f 4285/1422/4589 3160/1423/4591 4321/1495/4661 5104/1492/4659
f 3293/1496/4663 4606/1499/4664 5105/1498/4665 4322/1497/4666
f 4322/1497/4666 5105/1498/4665 4320/1493/4660 3177/1494/4662
f 5105/1498/4665 4572/1500/4667 3179/1490/4658 4320/1493/4660
f 4606/1499/4664 3294/1501/4668 4572/1500/4667 5105/1498/4665
f 3294/1501/4668 4605/1503/4669 5106/1502/4670 4572/1500/4667
f 4572/1500/4667 5106/1502/4670 4318/1489/4656 3179/1490/4658
f 5106/1502/4670 4573/1504/4671 3178/1486/4654 4318/1489/4656
f 4605/1503/4669 3295/1505/4672 4573/1504/4671 5106/1502/4670
f 3295/1505/4672 4604/1507/4673 5107/1506/4674 4573/1504/4671
f 4573/1504/4671 5107/1506/4674 4316/1485/4651 3178/1486/4654
f 5107/1506/4674 4574/1508/4675 3176/1484/4652 4316/1485/4651
f 4604/1507/4673 3296/1509/4676 4574/1508/4675 5107/1506/4674
f 3181/1510/4677 4326/1513/4678 5108/1512/4679 4327/1511/4680
f 4327/1511/4680 5108/1512/4679 4328/1515/4681 3188/1514/4682
f 5108/1512/4679 4329/1517/4683 3190/1516/4684 4328/1515/4681
f 4326/1513/4678 3183/1518/4685 4329/1517/4683 5108/1512/4679
f 3183/1518/4685 4330/1520/4686 5109/1519/4687 4329/1517/4683
f 4329/1517/4683 5109/1519/4687 4331/1521/4688 3190/1516/4684
f 5109/1519/4687 4332/1523/4689 3191/1522/4690 4331/1521/4688
f 4330/1520/4686 3182/1524/4691 4332/1523/4689 5109/1519/4687
f 3182/1524/4691 4333/1526/4692 5110/1525/4693 4332/1523/4689
f 4332/1523/4689 5110/1525/4693 4334/1527/4694 3191/1522/4690
f 5110/1525/4693 4335/1529/4695 3189/1528/4696 4334/1527/4694
f 4333/1526/4692 3180/1530/4697 4335/1529/4695 5110/1525/4693
f 3151/1446/4613 4294/1442/4608 5111/1532/4698 4336/1531/4699
f 4336/1531/4699 5111/1532/4698 4337/1534/4700 3197/1533/4701
f 5111/1532/4698 4338/1536/4702 3199/1535/4703 4337/1534/4700
f 4294/1442/4608 3153/1440/4607 4338/1536/4702 5111/1532/4698
f 3153/1440/4607 4291/1436/4602 5112/1537/4704 4338/1536/4702
f 4338/1536/4702 5112/1537/4704 4339/1538/4705 3199/1535/4703
f 5112/1537/4704 4340/1540/4706 3200/1539/4707 4339/1538/4705
f 4291/1436/4602 3154/1434/4601 4340/1540/4706 5112/1537/4704
f 3154/1434/4601 4287/1429/4594 5113/1541/4708 4340/1540/4706
f 4340/1540/4706 5113/1541/4708 4341/1542/4709 3200/1539/4707
f 5113/1541/4708 4342/1427/4710 3198/1543/4711 4341/1542/4709
f 4287/1429/4594 3152/1426/4593 4342/1427/4710 5113/1541/4708
f 3197/1533/4701 4337/1534/4700 5114/1545/4712 4343/1544/4713
f 4343/1544/4713 5114/1545/4712 4344/1547/4714 3184/1546/4715
f 5114/1545/4712 4345/1549/4716 3186/1548/4717 4344/1547/4714
f 4337/1534/4700 3199/1535/4703 4345/1549/4716 5114/1545/4712
f 3199/1535/4703 4339/1538/4705 5115/1550/4718 4345/1549/4716
f 4345/1549/4716 5115/1550/4718 4346/1551/4719 3186/1548/4717
f 5115/1550/4718 4347/1553/4720 3187/1552/4721 4346/1551/4719
f 4339/1538/4705 3200/1539/4707 4347/1553/4720 5115/1550/4718
f 3200/1539/4707 4341/1542/4709 5116/1554/4722 4347/1553/4720
f 4347/1553/4720 5116/1554/4722 4348/1555/4723 3187/1552/4721
f 5116/1554/4722 4349/1557/4724 3185/1556/4725 4348/1555/4723
f 4341/1542/4709 3198/1543/4711 4349/1557/4724 5116/1554/4722
f 3184/1546/4715 4344/1547/4714 5117/1559/4726 4350/1558/4727
f 4350/1558/4727 5117/1559/4726 4351/1561/4728 3201/1560/4729
f 5117/1559/4726 4352/1563/4730 3203/1562/4731 4351/1561/4728
f 4344/1547/4714 3186/1548/4717 4352/1563/4730 5117/1559/4726
f 3186/1548/4717 4346/1551/4719 5118/1564/4732 4352/1563/4730
f 4352/1563/4730 5118/1564/4732 4353/1565/4733 3203/1562/4731
f 5118/1564/4732 4354/1567/4734 3204/1566/4735 4353/1565/4733
f 4346/1551/4719 3187/1552/4721 4354/1567/4734 5118/1564/4732
f 3187/1552/4721 4348/1555/4723 5119/1462/4736 4354/1567/4734
f 4354/1567/4734 5119/1462/4736 4355/1568/4737 3204/1566/4735
f 5119/1462/4736 4356/1569/4738 3202/1463/4739 4355/1568/4737
f 4348/1555/4723 3185/1556/4725 4356/1569/4738 5119/1462/4736
f 3201/1560/4729 4351/1561/4728 5120/1571/4740 4357/1570/4741
f 4357/1570/4741 5120/1571/4740 4326/1513/4678 3181/1510/4677
f 5120/1571/4740 4358/1572/4742 3183/1518/4685 4326/1513/4678
f 4351/1561/4728 3203/1562/4731 4358/1572/4742 5120/1571/4740
f 3203/1562/4731 4353/1565/4733 5121/1573/4743 4358/1572/4742
f 4358/1572/4742 5121/1573/4743 4330/1520/4686 3183/1518/4685
f 5121/1573/4743 4359/1574/4744 3182/1524/4691 4330/1520/4686
f 4353/1565/4733 3204/1566/4735 4359/1574/4744 5121/1573/4743
f 3204/1566/4735 4355/1568/4737 5122/1575/4745 4359/1574/4744
f 4359/1574/4744 5122/1575/4745 4333/1526/4692 3182/1524/4691
f 5122/1575/4745 4360/1576/4746 3180/1530/4697 4333/1526/4692
f 4355/1568/4737 3202/1463/4739 4360/1576/4746 5122/1575/4745
f 3188/1514/4682 4328/1515/4681 5123/1578/4747 4361/1577/4748
f 4361/1577/4748 5123/1578/4747 4362/1580/4749 3205/1579/4750
f 5123/1578/4747 4363/1582/4751 3207/1581/4752 4362/1580/4749
f 4328/1515/4681 3190/1516/4684 4363/1582/4751 5123/1578/4747
f 3190/1516/4684 4331/1521/4688 5124/1583/4753 4363/1582/4751
f 4363/1582/4751 5124/1583/4753 4364/1584/4754 3207/1581/4752
f 5124/1583/4753 4365/1586/4755 3208/1585/4756 4364/1584/4754
f 4331/1521/4688 3191/1522/4690 4365/1586/4755 5124/1583/4753
f 3191/1522/4690 4334/1527/4694 5125/1587/4757 4365/1586/4755
f 4365/1586/4755 5125/1587/4757 4366/1588/4758 3208/1585/4756
f 5125/1587/4757 4367/1482/4759 3206/1589/4760 4366/1588/4758
f 4334/1527/4694 3189/1528/4696 4367/1482/4759 5125/1587/4757
f 3297/1590/4761 4603/1592/4762 5126/1591/4763 4368/1508/4764
f 4368/1508/4764 5126/1591/4763 4366/1588/4758 3206/1589/4760
f 5126/1591/4763 4576/1593/4765 3208/1585/4756 4366/1588/4758
f 4603/1592/4762 3298/1594/4766 4576/1593/4765 5126/1591/4763
f 3298/1594/4766 4602/1596/4767 5127/1595/4768 4576/1593/4765
f 4576/1593/4765 5127/1595/4768 4364/1584/4754 3208/1585/4756
f 5127/1595/4768 4577/1597/4769 3207/1581/4752 4364/1584/4754
f 4602/1596/4767 3299/1598/4770 4577/1597/4769 5127/1595/4768
f 3299/1598/4770 4601/1600/4771 5128/1599/4772 4577/1597/4769
f 4577/1597/4769 5128/1599/4772 4362/1580/4749 3207/1581/4752
f 5128/1599/4772 4578/1601/4773 3205/1579/4750 4362/1580/4749
f 4601/1600/4771 3300/1602/4774 4578/1601/4773 5128/1599/4772
f 2813/1603/4775 4372/1606/4776 5129/1605/4777 3705/1604/4778
f 3705/1604/4778 5129/1605/4777 4373/1608/4779 2871/1607/4780
f 5129/1605/4777 4278/1406/4575 3159/1409/4577 4373/1608/4779
f 4372/1606/4776 3148/1405/4572 4278/1406/4575 5129/1605/4777
f 3147/1425/4592 4374/1610/4781 5130/1609/4782 4286/1424/4590
f 4286/1424/4590 5130/1609/4782 4321/1495/4661 3160/1423/4591
f 5130/1609/4782 4375/1611/4783 3177/1494/4662 4321/1495/4661
f 4374/1610/4781 2766/1359/4784 4375/1611/4783 5130/1609/4782
f 2877/1612/4785 4376/1615/4786 5131/1614/4787 3724/1613/4788
f 3724/1613/4788 5131/1614/4787 4372/1606/4776 2813/1603/4775
f 5131/1614/4787 4311/1475/4643 3148/1405/4572 4372/1606/4776
f 4376/1615/4786 3172/1463/4631 4311/1475/4643 5131/1614/4787
f 3173/1473/4641 4377/1617/4789 5132/1616/4790 4314/1481/4648
f 4314/1481/4648 5132/1616/4790 4629/1618/4791 3147/1425/4592
f 5132/1616/4790 4238/1620/4792 3129/1619/4793 4629/1618/4791
f 4377/1617/4789 3127/1621/4794 4238/1620/4792 5132/1616/4790
f 3151/1446/4613 4336/1531/4699 5133/1623/4795 4378/1622/4796
f 4378/1622/4796 5133/1623/4795 4082/1625/4797 2759/1624/4798
f 5133/1623/4795 4379/1627/4799 3086/1626/4800 4082/1625/4797
f 4336/1531/4699 3197/1533/4701 4379/1627/4799 5133/1623/4795
f 3151/1446/4613 4378/1622/4796 5134/1628/4801 4296/1445/4611
f 4296/1445/4611 5134/1628/4801 4380/1629/4802 3169/1444/4612
f 5134/1628/4801 3623/1625/4803 2850/1630/4804 4380/1629/4802
f 4378/1622/4796 2759/1624/4798 3623/1625/4803 5134/1628/4801
f 2815/1631/4805 4381/1631/4806 5135/1633/4807 3707/1632/4808
f 3707/1632/4808 5135/1633/4807 4382/1635/4809 2872/1634/4810
f 5135/1633/4807 4288/1427/4596 3168/1430/4598 4382/1635/4809
f 4381/1631/4806 3152/1426/4593 4288/1427/4596 5135/1633/4807
f 2815/1631/4805 4166/1636/4811 5136/1633/4812 4381/1631/4806
f 4381/1631/4806 5136/1633/4812 4342/1427/4710 3152/1426/4593
f 5136/1633/4812 4383/1637/4813 3198/1543/4711 4342/1427/4710
f 4166/1636/4811 3108/1638/4814 4383/1637/4813 5136/1633/4812
f 2872/1634/4810 4382/1635/4809 5137/1640/4815 3706/1639/4816
f 3706/1639/4816 5137/1640/4815 4384/1642/4817 2814/1641/4818
f 5137/1640/4815 4297/1447/4615 3155/1449/4617 4384/1642/4817
f 4382/1635/4809 3168/1430/4598 4297/1447/4615 5137/1640/4815
f 3156/1459/4627 4385/1645/4819 5138/1644/4820 4630/1643/4821
f 4630/1643/4821 5138/1644/4820 4244/1647/4822 3130/1646/4823
f 5138/1644/4820 4262/1649/4824 3135/1648/4825 4244/1647/4822
f 4385/1645/4819 2765/1351/4517 4262/1649/4824 5138/1644/4820
f 3169/1444/4612 4380/1629/4802 5139/1650/4826 4303/1460/4626
f 4303/1460/4626 5139/1650/4826 4385/1645/4819 3156/1459/4627
f 5139/1650/4826 3621/1651/4827 2765/1351/4517 4385/1645/4819
f 4380/1629/4802 2850/1630/4804 3621/1651/4827 5139/1650/4826
f 2814/1641/4818 4384/1642/4817 5140/1653/4828 3725/1652/4829
f 3725/1652/4829 5140/1653/4828 4376/1615/4786 2877/1612/4785
f 5140/1653/4828 4304/1461/4629 3172/1463/4631 4376/1615/4786
f 4384/1642/4817 3155/1449/4617 4304/1461/4629 5140/1653/4828
f 3159/1409/4577 4315/1482/4650 5141/1655/4830 4386/1654/4831
f 4386/1654/4831 5141/1655/4830 3410/694/3453 2678/695/3455
f 5141/1655/4830 4387/1656/4832 2758/693/3454 3410/694/3453
f 4315/1482/4650 3176/1484/4652 4387/1656/4832 5141/1655/4830
f 2871/1607/4780 4373/1608/4779 5142/1658/4833 3704/1657/4834
f 3704/1657/4834 5142/1658/4833 3516/691/3450 2812/676/3436
f 5142/1658/4833 4386/1654/4831 2678/695/3455 3516/691/3450
f 4373/1608/4779 3159/1409/4577 4386/1654/4831 5142/1658/4833
f 3296/1509/4676 4325/1661/4835 5143/1660/4836 4600/1659/4837
f 4600/1659/4837 5143/1660/4836 3411/688/3448 3280/689/3449
f 5143/1660/4836 4388/1662/4838 2681/550/3310 3411/688/3448
f 4325/1661/4835 3164/1663/4555 4388/1662/4838 5143/1660/4836
f 3165/1381/4548 4389/1666/4839 5144/1665/4840 4267/1664/4556
f 3164/1663/4555 4267/1664/4556 5144/1665/4840 4388/1662/4838
f 2681/550/3310 4388/1662/4838 5144/1665/4840 3447/548/3308
f 2778/292/2996 3447/548/3308 5144/1665/4840 3618/289/2994
f 2849/288/2991 3618/289/2994 5144/1665/4840 4389/1666/4839
f 3281/1348/4515 3424/1669/4841 5145/1668/4842 4599/1667/4843
f 4599/1667/4843 5145/1668/4842 4571/1670/4844 3293/1496/4663
f 5145/1668/4842 4390/1671/4845 3163/1375/4542 4571/1670/4844
f 3424/1669/4841 2684/341/3050 4390/1671/4845 5145/1668/4842
f 2684/341/3050 3427/342/3049 5146/1672/4846 4390/1671/4845
f 3163/1375/4542 4390/1671/4845 5146/1672/4846 4263/1378/4543
f 3165/1381/4548 4263/1378/4543 5146/1672/4846 4389/1666/4839
f 2849/288/2991 4389/1666/4839 5146/1672/4846 3620/298/3003
f 2768/297/3000 3620/298/3003 5146/1672/4846 3427/342/3049
f 3051/1603/4847 4164/1604/4848 5147/1674/4849 4391/1673/4850
f 4391/1673/4850 5147/1674/4849 4335/1529/4695 3180/1530/4697
f 5147/1674/4849 4392/1675/4851 3189/1528/4696 4335/1529/4695
f 4164/1604/4848 3107/1676/4852 4392/1675/4851 5147/1674/4849
f 3201/1560/4729 4357/1570/4741 5148/1678/4853 4393/1677/4854
f 4393/1677/4854 5148/1678/4853 4251/1679/4855 3138/1621/4856
f 5148/1678/4853 4628/1681/4857 3146/1680/4858 4251/1679/4855
f 4357/1570/4741 3181/1510/4677 4628/1681/4857 5148/1678/4853
f 3181/1510/4677 4327/1511/4680 5149/1683/4859 4394/1682/4860
f 4394/1682/4860 5149/1683/4859 4395/1684/4861 3004/1359/4525
f 5149/1683/4859 4361/1577/4748 3205/1579/4750 4395/1684/4861
f 4327/1511/4680 3188/1514/4682 4361/1577/4748 5149/1683/4859
f 3113/1685/4862 4183/1688/4863 5150/1687/4864 4396/1686/4865
f 4396/1686/4865 5150/1687/4864 4360/1576/4746 3202/1463/4739
f 5150/1687/4864 4391/1673/4850 3180/1530/4697 4360/1576/4746
f 4183/1688/4863 3051/1603/4847 4391/1673/4850 5150/1687/4864
f 3108/1638/4814 4165/1690/4866 5151/1689/4867 4383/1637/4813
f 4383/1637/4813 5151/1689/4867 4349/1557/4724 3198/1543/4711
f 5151/1689/4867 4397/1691/4868 3185/1556/4725 4349/1557/4724
f 4165/1690/4866 3052/1692/4869 4397/1691/4868 5151/1689/4867
f 3197/1533/4701 4343/1544/4713 5152/1693/4870 4379/1627/4799
f 4379/1627/4799 5152/1693/4870 4080/1694/4871 3086/1626/4800
f 5152/1693/4870 4398/1695/4872 3003/1351/4534 4080/1694/4871
f 4343/1544/4713 3184/1546/4715 4398/1695/4872 5152/1693/4870
f 3052/1692/4869 4184/1696/4873 5153/1653/4874 4397/1691/4868
f 4397/1691/4868 5153/1653/4874 4356/1569/4738 3185/1556/4725
f 5153/1653/4874 4396/1686/4865 3202/1463/4739 4356/1569/4738
f 4184/1696/4873 3113/1685/4862 4396/1686/4865 5153/1653/4874
f 3184/1546/4715 4627/1698/4875 5154/1697/4876 4398/1695/4872
f 4398/1695/4872 5154/1697/4876 4259/1649/4877 3003/1351/4534
f 5154/1697/4876 4253/1647/4878 3140/1648/4879 4259/1649/4877
f 4627/1698/4875 3145/1699/4880 4253/1647/4878 5154/1697/4876
f 3107/1676/4852 4163/1657/4881 5155/1700/4882 4392/1675/4851
f 4392/1675/4851 5155/1700/4882 4399/1701/4883 3189/1528/4696
f 5155/1700/4882 3977/1256/4371 2921/695/4373 4399/1701/4883
f 4163/1657/4881 3050/1243/4353 3977/1256/4371 5155/1700/4882
f 3189/1528/4696 4399/1701/4883 5156/1702/4884 4367/1482/4759
f 4367/1482/4759 5156/1702/4884 4400/1656/4885 3206/1589/4760
f 5156/1702/4884 3874/1258/4372 2998/1259/4375 4400/1656/4885
f 4399/1701/4883 2921/695/4373 3874/1258/4372 5156/1702/4884
f 3297/1590/4761 4598/1705/4886 5157/1704/4887 4575/1703/4888
f 4575/1703/4888 5157/1704/4887 4401/1706/4889 3192/1390/4557
f 5157/1704/4887 3875/1254/4367 2924/1157/4232 4401/1706/4889
f 4598/1705/4886 3288/1253/4368 3875/1254/4367 5157/1704/4887
f 2926/1028/3971 4402/1708/4890 5158/1707/4891 3888/1027/3970
f 3006/990/3927 3888/1027/3970 5158/1707/4891 4079/993/3928
f 3085/983/3918 4079/993/3928 5158/1707/4891 4403/1709/4892
f 3194/1396/4563 4403/1709/4892 5158/1707/4891 4274/1710/4571
f 3193/1711/4570 4274/1710/4571 5158/1707/4891 4402/1708/4890
f 3192/1390/4557 4401/1706/4889 5159/1712/4893 4270/1393/4558
f 3194/1396/4563 4270/1393/4558 5159/1712/4893 4403/1709/4892
f 3085/983/3918 4403/1709/4892 5159/1712/4893 4077/986/3919
f 3016/292/3926 4077/986/3919 5159/1712/4893 3908/1155/4227
f 2924/1157/4232 3908/1155/4227 5159/1712/4893 4401/1706/4889
f 3289/1367/4533 4597/1715/4894 5160/1714/4895 3885/1713/4896
f 3885/1713/4896 5160/1714/4895 4402/1708/4890 2926/1028/3971
f 5160/1714/4895 4371/1716/4897 3193/1711/4570 4402/1708/4890
f 4597/1715/4894 3300/1602/4774 4371/1716/4897 5160/1714/4895
f 3225/1717/4898 4404/1720/4899 5161/1719/4900 4405/1718/4901
f 3228/1721/4902 4405/1718/4901 5161/1719/4900 4409/1722/4903
f 3227/1723/4904 4409/1722/4903 5161/1719/4900 4404/1720/4899
f 3228/1721/4902 4409/1722/4903 5162/1725/4905 4406/1724/4906
f 3229/1726/4907 4406/1724/4906 5162/1725/4905 4410/1727/4908
f 3227/1723/4904 4410/1727/4908 5162/1725/4905 4409/1722/4903
f 3229/1726/4907 4410/1727/4908 5163/1729/4909 4407/1728/4910
f 3226/1730/4911 4407/1728/4910 5163/1729/4909 4408/1731/4912
f 3227/1723/4904 4408/1731/4912 5163/1729/4909 4410/1727/4908
f 3254/1732/4913 4411/1735/4914 5164/1734/4915 4412/1733/4916
f 3257/1736/4917 4412/1733/4916 5164/1734/4915 4416/1737/4918
f 3256/1738/4919 4416/1737/4918 5164/1734/4915 4411/1735/4914
f 3257/1736/4917 4416/1737/4918 5165/1740/4920 4413/1739/4921
f 3258/1741/4922 4413/1739/4921 5165/1740/4920 4417/1742/4923
f 3256/1738/4919 4417/1742/4923 5165/1740/4920 4416/1737/4918
f 3258/1741/4922 4417/1742/4923 5166/1744/4924 4414/1743/4925
f 3255/1745/4926 4414/1743/4925 5166/1744/4924 4415/1746/4927
f 3256/1738/4919 4415/1746/4927 5166/1744/4924 4417/1742/4923
f 3218/1747/4928 4418/1750/4929 5167/1749/4930 4419/1748/4931
f 4419/1748/4931 5167/1749/4930 4420/1752/4932 3221/1751/4933
f 5167/1749/4930 4421/1754/4934 3223/1753/4935 4420/1752/4932
f 4418/1750/4929 3220/1755/4936 4421/1754/4934 5167/1749/4930
f 3220/1755/4936 4422/1757/4937 5168/1756/4938 4421/1754/4934
f 4421/1754/4934 5168/1756/4938 4423/1758/4939 3223/1753/4935
f 5168/1756/4938 4424/1760/4940 3224/1759/4941 4423/1758/4939
f 4422/1757/4937 3219/1761/4942 4424/1760/4940 5168/1756/4938
f 3219/1761/4942 4425/1763/4943 5169/1762/4944 4424/1760/4940
f 4424/1760/4940 5169/1762/4944 4426/1764/4945 3224/1759/4941
f 5169/1762/4944 4427/1766/4946 3222/1765/4947 4426/1764/4945
f 4425/1763/4943 3217/1767/4948 4427/1766/4946 5169/1762/4944
f 3210/1768/4949 4428/1771/4950 5170/1770/4951 4429/1769/4952
f 4429/1769/4952 5170/1770/4951 4430/1773/4953 3230/1772/4954
f 5170/1770/4951 4431/1775/4955 3232/1774/4956 4430/1773/4953
f 4428/1771/4950 3212/1776/4957 4431/1775/4955 5170/1770/4951
f 3212/1776/4957 4432/1778/4958 5171/1777/4959 4431/1775/4955
f 4431/1775/4955 5171/1777/4959 4433/1779/4960 3232/1774/4956
f 5171/1777/4959 4434/1781/4961 3233/1780/4962 4433/1779/4960
f 4432/1778/4958 3211/1782/4963 4434/1781/4961 5171/1777/4959
f 3211/1782/4963 4435/1784/4964 5172/1783/4965 4434/1781/4961
f 4434/1781/4961 5172/1783/4965 4436/1785/4966 3233/1780/4962
f 5172/1783/4965 4437/1787/4967 3231/1786/4968 4436/1785/4966
f 4435/1784/4964 3209/1426/4969 4437/1787/4967 5172/1783/4965
f 3230/1772/4954 4430/1773/4953 5173/1789/4970 4438/1788/4971
f 4438/1788/4971 5173/1789/4970 4439/1791/4972 3213/1790/4973
f 5173/1789/4970 4440/1793/4974 3215/1792/4975 4439/1791/4972
f 4430/1773/4953 3232/1774/4956 4440/1793/4974 5173/1789/4970
f 3232/1774/4956 4433/1779/4960 5174/1794/4976 4440/1793/4974
f 4440/1793/4974 5174/1794/4976 4441/1795/4977 3215/1792/4975
f 5174/1794/4976 4442/1797/4978 3216/1796/4979 4441/1795/4977
f 4433/1779/4960 3233/1780/4962 4442/1797/4978 5174/1794/4976
f 3233/1780/4962 4436/1785/4966 5175/1798/4980 4442/1797/4978
f 4442/1797/4978 5175/1798/4980 4443/1799/4981 3216/1796/4979
f 5175/1798/4980 4444/1801/4982 3214/1800/4983 4443/1799/4981
f 4436/1785/4966 3231/1786/4968 4444/1801/4982 5175/1798/4980
f 3213/1790/4973 4439/1791/4972 5176/1803/4984 4445/1802/4985
f 4445/1802/4985 5176/1803/4984 4446/1805/4986 3234/1804/4987
f 5176/1803/4984 4447/1807/4988 3236/1806/4989 4446/1805/4986
f 4439/1791/4972 3215/1792/4975 4447/1807/4988 5176/1803/4984
f 3215/1792/4975 4441/1795/4977 5177/1808/4990 4447/1807/4988
f 4447/1807/4988 5177/1808/4990 4448/1809/4991 3236/1806/4989
f 5177/1808/4990 4449/1811/4992 3237/1810/4993 4448/1809/4991
f 4441/1795/4977 3216/1796/4979 4449/1811/4992 5177/1808/4990
f 3216/1796/4979 4443/1799/4981 5178/1812/4994 4449/1811/4992
f 4449/1811/4992 5178/1812/4994 4450/1813/4995 3237/1810/4993
f 5178/1812/4994 4451/1815/4996 3235/1814/4997 4450/1813/4995
f 4443/1799/4981 3214/1800/4983 4451/1815/4996 5178/1812/4994
f 3234/1804/4987 4446/1805/4986 5179/1817/4998 4452/1816/4999
f 4452/1816/4999 5179/1817/4998 4418/1750/4929 3218/1747/4928
f 5179/1817/4998 4453/1818/5000 3220/1755/4936 4418/1750/4929
f 4446/1805/4986 3236/1806/4989 4453/1818/5000 5179/1817/4998
f 3236/1806/4989 4448/1809/4991 5180/1819/5001 4453/1818/5000
f 4453/1818/5000 5180/1819/5001 4422/1757/4937 3220/1755/4936
f 5180/1819/5001 4454/1820/5002 3219/1761/4942 4422/1757/4937
f 4448/1809/4991 3237/1810/4993 4454/1820/5002 5180/1819/5001
f 3237/1810/4993 4450/1813/4995 5181/1821/5003 4454/1820/5002
f 4454/1820/5002 5181/1821/5003 4425/1763/4943 3219/1761/4942
f 5181/1821/5003 4455/1822/5004 3217/1767/4948 4425/1763/4943
f 4450/1813/4995 3235/1814/4997 4455/1822/5004 5181/1821/5003
f 3301/1823/5005 4596/1826/5006 5182/1825/5007 4456/1824/5008
f 4456/1824/5008 5182/1825/5007 4457/1828/5009 3238/1827/5010
f 5182/1825/5007 4580/1830/5011 3240/1829/5012 4457/1828/5009
f 4596/1826/5006 3302/1831/5013 4580/1830/5011 5182/1825/5007
f 3302/1831/5013 4595/1833/5014 5183/1832/5015 4580/1830/5011
f 4580/1830/5011 5183/1832/5015 4459/1834/5016 3240/1829/5012
f 5183/1832/5015 4581/1836/5017 3241/1835/5018 4459/1834/5016
f 4595/1833/5014 3303/1837/5019 4581/1836/5017 5183/1832/5015
f 3303/1837/5019 4594/1839/5020 5184/1838/5021 4581/1836/5017
f 4581/1836/5017 5184/1838/5021 4461/1840/5022 3241/1835/5018
f 5184/1838/5021 4582/1842/5023 3239/1841/5024 4461/1840/5022
f 4594/1839/5020 3304/1843/5025 4582/1842/5023 5184/1838/5021
f 3221/1751/4933 4420/1752/4932 5185/1845/5026 4463/1844/5027
f 4463/1844/5027 5185/1845/5026 4461/1840/5022 3239/1841/5024
f 5185/1845/5026 4464/1846/5028 3241/1835/5018 4461/1840/5022
f 4420/1752/4932 3223/1753/4935 4464/1846/5028 5185/1845/5026
f 3223/1753/4935 4423/1758/4939 5186/1847/5029 4464/1846/5028
f 4464/1846/5028 5186/1847/5029 4459/1834/5016 3241/1835/5018
f 5186/1847/5029 4465/1848/5030 3240/1829/5012 4459/1834/5016
f 4423/1758/4939 3224/1759/4941 4465/1848/5030 5186/1847/5029
f 3224/1759/4941 4426/1764/4945 5187/1849/5031 4465/1848/5030
f 4465/1848/5030 5187/1849/5031 4457/1828/5009 3240/1829/5012
f 5187/1849/5031 4466/1850/5032 3238/1827/5010 4457/1828/5009
f 4426/1764/4945 3222/1765/4947 4466/1850/5032 5187/1849/5031
f 3247/1851/5033 4467/1854/5034 5188/1853/5035 4468/1852/5036
f 4468/1852/5036 5188/1853/5035 4469/1856/5037 3250/1855/5038
f 5188/1853/5035 4470/1858/5039 3252/1857/5040 4469/1856/5037
f 4467/1854/5034 3249/1859/5041 4470/1858/5039 5188/1853/5035
f 3249/1859/5041 4471/1861/5042 5189/1860/5043 4470/1858/5039
f 4470/1858/5039 5189/1860/5043 4472/1862/5044 3252/1857/5040
f 5189/1860/5043 4473/1864/5045 3253/1863/5046 4472/1862/5044
f 4471/1861/5042 3248/1865/5047 4473/1864/5045 5189/1860/5043
f 3248/1865/5047 4474/1867/5048 5190/1866/5049 4473/1864/5045
f 4473/1864/5045 5190/1866/5049 4475/1868/5050 3253/1863/5046
f 5190/1866/5049 4476/1870/5051 3251/1869/5052 4475/1868/5050
f 4474/1867/5048 3246/1871/5053 4476/1870/5051 5190/1866/5049
f 3209/1426/4969 4435/1784/4964 5191/1873/5054 4477/1872/5055
f 4477/1872/5055 5191/1873/5054 4478/1875/5056 3259/1874/5057
f 5191/1873/5054 4479/1877/5058 3261/1876/5059 4478/1875/5056
f 4435/1784/4964 3211/1782/4963 4479/1877/5058 5191/1873/5054
f 3211/1782/4963 4432/1778/4958 5192/1878/5060 4479/1877/5058
f 4479/1877/5058 5192/1878/5060 4480/1879/5061 3261/1876/5059
f 5192/1878/5060 4481/1881/5062 3262/1880/5063 4480/1879/5061
f 4432/1778/4958 3212/1776/4957 4481/1881/5062 5192/1878/5060
f 3212/1776/4957 4428/1771/4950 5193/1882/5064 4481/1881/5062
f 4481/1881/5062 5193/1882/5064 4482/1883/5065 3262/1880/5063
f 5193/1882/5064 4483/1885/5066 3260/1884/5067 4482/1883/5065
f 4428/1771/4950 3210/1768/4949 4483/1885/5066 5193/1882/5064
f 3259/1874/5057 4478/1875/5056 5194/1887/5068 4484/1886/5069
f 4484/1886/5069 5194/1887/5068 4485/1889/5070 3242/1888/5071
f 5194/1887/5068 4486/1891/5072 3244/1890/5073 4485/1889/5070
f 4478/1875/5056 3261/1876/5059 4486/1891/5072 5194/1887/5068
f 3261/1876/5059 4480/1879/5061 5195/1892/5074 4486/1891/5072
f 4486/1891/5072 5195/1892/5074 4487/1893/5075 3244/1890/5073
f 5195/1892/5074 4488/1895/5076 3245/1894/5077 4487/1893/5075
f 4480/1879/5061 3262/1880/5063 4488/1895/5076 5195/1892/5074
f 3262/1880/5063 4482/1883/5065 5196/1896/5078 4488/1895/5076
f 4488/1895/5076 5196/1896/5078 4489/1897/5079 3245/1894/5077
f 5196/1896/5078 4490/1899/5080 3243/1898/5081 4489/1897/5079
f 4482/1883/5065 3260/1884/5067 4490/1899/5080 5196/1896/5078
f 3242/1888/5071 4485/1889/5070 5197/1900/5082 4491/1815/5083
f 4491/1815/5083 5197/1900/5082 4492/1902/5084 3263/1901/5085
f 5197/1900/5082 4493/1904/5086 3265/1903/5087 4492/1902/5084
f 4485/1889/5070 3244/1890/5073 4493/1904/5086 5197/1900/5082
f 3244/1890/5073 4487/1893/5075 5198/1905/5088 4493/1904/5086
f 4493/1904/5086 5198/1905/5088 4494/1906/5089 3265/1903/5087
f 5198/1905/5088 4495/1908/5090 3266/1907/5091 4494/1906/5089
f 4487/1893/5075 3245/1894/5077 4495/1908/5090 5198/1905/5088
f 3245/1894/5077 4489/1897/5079 5199/1909/5092 4495/1908/5090
f 4495/1908/5090 5199/1909/5092 4496/1910/5093 3266/1907/5091
f 5199/1909/5092 4497/1912/5094 3264/1911/5095 4496/1910/5093
f 4489/1897/5079 3243/1898/5081 4497/1912/5094 5199/1909/5092
f 3263/1901/5085 4492/1902/5084 5200/1914/5096 4498/1913/5097
f 4498/1913/5097 5200/1914/5096 4467/1854/5034 3247/1851/5033
f 5200/1914/5096 4499/1915/5098 3249/1859/5041 4467/1854/5034
f 4492/1902/5084 3265/1903/5087 4499/1915/5098 5200/1914/5096
f 3265/1903/5087 4494/1906/5089 5201/1916/5099 4499/1915/5098
f 4499/1915/5098 5201/1916/5099 4471/1861/5042 3249/1859/5041
f 5201/1916/5099 4500/1917/5100 3248/1865/5047 4471/1861/5042
f 4494/1906/5089 3266/1907/5091 4500/1917/5100 5201/1916/5099
f 3266/1907/5091 4496/1910/5093 5202/1918/5101 4500/1917/5100
f 4500/1917/5100 5202/1918/5101 4474/1867/5048 3248/1865/5047
f 5202/1918/5101 4501/1816/5102 3246/1871/5053 4474/1867/5048
f 4496/1910/5093 3264/1911/5095 4501/1816/5102 5202/1918/5101
f 3305/1919/5103 4593/1922/5104 5203/1921/5105 4502/1920/5106
f 4502/1920/5106 5203/1921/5105 4503/1924/5107 3267/1923/5108
f 5203/1921/5105 4584/1926/5109 3269/1925/5110 4503/1924/5107
f 4593/1922/5104 3306/1927/5111 4584/1926/5109 5203/1921/5105
f 3306/1927/5111 4592/1929/5112 5204/1928/5113 4584/1926/5109
f 4584/1926/5109 5204/1928/5113 4505/1930/5114 3269/1925/5110
f 5204/1928/5113 4585/1932/5115 3270/1931/5116 4505/1930/5114
f 4592/1929/5112 3307/1933/5117 4585/1932/5115 5204/1928/5113
f 3307/1933/5117 4591/1935/5118 5205/1934/5119 4585/1932/5115
f 4585/1932/5115 5205/1934/5119 4507/1828/5120 3270/1931/5116
f 5205/1934/5119 4586/1937/5121 3268/1936/5122 4507/1828/5120
f 4591/1935/5118 3308/1938/5123 4586/1937/5121 5205/1934/5119
f 3250/1855/5038 4469/1856/5037 5206/1940/5124 4509/1939/5125
f 4509/1939/5125 5206/1940/5124 4507/1828/5120 3268/1936/5122
f 5206/1940/5124 4510/1941/5126 3270/1931/5116 4507/1828/5120
f 4469/1856/5037 3252/1857/5040 4510/1941/5126 5206/1940/5124
f 3252/1857/5040 4472/1862/5044 5207/1942/5127 4510/1941/5126
f 4510/1941/5126 5207/1942/5127 4505/1930/5114 3270/1931/5116
f 5207/1942/5127 4511/1943/5128 3269/1925/5110 4505/1930/5114
f 4472/1862/5044 3253/1863/5046 4511/1943/5128 5207/1942/5127
f 3253/1863/5046 4475/1868/5050 5208/1944/5129 4511/1943/5128
f 4511/1943/5128 5208/1944/5129 4503/1924/5107 3269/1925/5110
f 5208/1944/5129 4512/1945/5130 3267/1923/5108 4503/1924/5107
f 4475/1868/5050 3251/1869/5052 4512/1945/5130 5208/1944/5129
f 3210/1768/4949 4513/1947/5131 5209/1946/5132 4483/1885/5066
f 4483/1885/5066 5209/1946/5132 4514/1948/5133 3260/1884/5067
f 5209/1946/5132 4007/1950/5134 3067/1949/5135 4514/1948/5133
f 4513/1947/5131 2710/1624/5136 4007/1950/5134 5209/1946/5132
f 3210/1768/4949 4429/1769/4952 5210/1951/5137 4513/1947/5131
f 4513/1947/5131 5210/1951/5137 3548/1950/5138 2710/1624/5136
f 5210/1951/5137 4515/1953/5139 2831/1952/5140 3548/1950/5138
f 4429/1769/4952 3230/1772/4954 4515/1953/5139 5210/1951/5137
f 3209/1426/4969 4516/1631/5141 5211/1954/5142 4437/1787/4967
f 4437/1787/4967 5211/1954/5142 4517/1955/5143 3231/1786/4968
f 5211/1954/5142 3707/1632/4808 2872/1634/4810 4517/1955/5143
f 4516/1631/5141 2815/1631/4805 3707/1632/4808 5211/1954/5142
f 3209/1426/4969 4477/1872/5055 5212/1954/5144 4516/1631/5141
f 4516/1631/5141 5212/1954/5144 4166/1636/4811 2815/1631/4805
f 5212/1954/5144 4518/1956/5145 3108/1638/4814 4166/1636/4811
f 4477/1872/5055 3259/1874/5057 4518/1956/5145 5212/1954/5144
f 3231/1786/4968 4517/1955/5143 5213/1957/5146 4444/1801/4982
f 4444/1801/4982 5213/1957/5146 4519/1958/5147 3214/1800/4983
f 5213/1957/5146 3706/1639/4816 2814/1641/4818 4519/1958/5147
f 4517/1955/5143 2872/1634/4810 3706/1639/4816 5213/1957/5146
f 3230/1772/4954 4438/1788/4971 5214/1959/5148 4515/1953/5139
f 4515/1953/5139 5214/1959/5148 3550/1960/5149 2831/1952/5140
f 5214/1959/5148 4520/1962/5150 2716/1961/5151 3550/1960/5149
f 4438/1788/4971 3213/1790/4973 4520/1962/5150 5214/1959/5148
f 3214/1800/4983 4519/1958/5147 5215/1963/5152 4451/1815/4996
f 4451/1815/4996 5215/1963/5152 4521/1964/5153 3235/1814/4997
f 5215/1963/5152 3725/1652/4829 2877/1612/4785 4521/1964/5153
f 4519/1958/5147 2814/1641/4818 3725/1652/4829 5215/1963/5152
f 3213/1790/4973 4445/1802/4985 5216/1965/5154 4520/1962/5150
f 4520/1962/5150 5216/1965/5154 3551/1966/5155 2716/1961/5151
f 5216/1965/5154 4522/1968/5156 2832/1967/5157 3551/1966/5155
f 4445/1802/4985 3234/1804/4987 4522/1968/5156 5216/1965/5154
f 3217/1767/4948 4523/1970/5158 5217/1969/5159 4427/1766/4946
f 4427/1766/4946 5217/1969/5159 4524/1971/5160 3222/1765/4947
f 5217/1969/5159 3705/1604/4778 2871/1607/4780 4524/1971/5160
f 4523/1970/5158 2813/1603/4775 3705/1604/4778 5217/1969/5159
f 3234/1804/4987 4452/1816/4999 5218/1972/5161 4522/1968/5156
f 4522/1968/5156 5218/1972/5161 3553/1973/5162 2832/1967/5157
f 5218/1972/5161 4525/1975/5163 2717/1974/5164 3553/1973/5162
f 4452/1816/4999 3218/1747/4928 4525/1975/5163 5218/1972/5161
f 3218/1747/4928 4419/1748/4931 5219/1976/5165 4525/1975/5163
f 4525/1975/5163 5219/1976/5165 4526/1977/5166 2717/1974/5164
f 5219/1976/5165 4463/1844/5027 3239/1841/5024 4526/1977/5166
f 4419/1748/4931 3221/1751/4933 4463/1844/5027 5219/1976/5165
f 3235/1814/4997 4521/1964/5153 5220/1978/5167 4455/1822/5004
f 4455/1822/5004 5220/1978/5167 4523/1970/5158 3217/1767/4948
f 5220/1978/5167 3724/1613/4788 2813/1603/4775 4523/1970/5158
f 4521/1964/5153 2877/1612/4785 3724/1613/4788 5220/1978/5167
f 3222/1765/4947 4524/1971/5160 5221/1980/5168 4527/1979/5169
f 4527/1979/5169 5221/1980/5168 3515/671/3429 2646/668/3428
f 5221/1980/5168 3704/1657/4834 2812/676/3436 3515/671/3429
f 4524/1971/5160 2871/1607/4780 3704/1657/4834 5221/1980/5168
f 3222/1765/4947 4527/1979/5169 5222/1981/5170 4466/1850/5032
f 4466/1850/5032 5222/1981/5170 4528/1982/5171 3238/1827/5010
f 5222/1981/5170 3315/669/3431 2709/672/3433 4528/1982/5171
f 4527/1979/5169 2646/668/3428 3315/669/3431 5222/1981/5170
f 3301/1823/5005 4590/1985/5172 5223/1984/5173 4579/1983/5174
f 4579/1983/5174 5223/1984/5173 4529/1986/5175 3225/1717/4898
f 5223/1984/5173 3316/678/3440 2647/287/2990 4529/1986/5175
f 4590/1985/5172 3276/677/3437 3316/678/3440 5223/1984/5173
f 2650/40/2697 4530/1988/5176 5224/1987/5177 3332/75/2731
f 2719/1/2657 3332/75/2731 5224/1987/5177 3545/4/2658
f 2830/9/2665 3545/4/2658 5224/1987/5177 4531/1989/5178
f 3227/1723/4904 4531/1989/5178 5224/1987/5177 4408/1990/4912
f 3226/1991/4911 4408/1990/4912 5224/1987/5177 4530/1988/5176
f 3225/1717/4898 4529/1986/5175 5225/1992/5179 4404/1720/4899
f 3227/1723/4904 4404/1720/4899 5225/1992/5179 4531/1989/5178
f 2830/9/2665 4531/1989/5178 5225/1992/5179 3547/11/2666
f 2729/15/2671 3547/11/2666 5225/1992/5179 3352/285/2987
f 2647/287/2990 3352/285/2987 5225/1992/5179 4529/1986/5175
f 3279/42/2698 4589/1994/5180 5226/1993/5181 3329/41/2696
f 3329/41/2696 5226/1993/5181 4530/1988/5176 2650/40/2697
f 5226/1993/5181 4462/1995/5182 3226/1991/4911 4530/1988/5176
f 4589/1994/5180 3304/1843/5025 4462/1995/5182 5226/1993/5181
f 3259/1874/5057 4484/1886/5069 5227/1996/5183 4518/1956/5145
f 4518/1956/5145 5227/1996/5183 4165/1690/4866 3108/1638/4814
f 5227/1996/5183 4532/1997/5184 3052/1692/4869 4165/1690/4866
f 4484/1886/5069 3242/1888/5071 4532/1997/5184 5227/1996/5183
f 3243/1898/5081 4533/1998/5185 5228/1965/5186 4497/1912/5094
f 4497/1912/5094 5228/1965/5186 4534/1999/5187 3264/1911/5095
f 5228/1965/5186 4010/1966/5188 3068/2000/5189 4534/1999/5187
f 4533/1998/5185 2956/2001/5190 4010/1966/5188 5228/1965/5186
f 3260/1884/5067 4514/1948/5133 5229/2002/5191 4490/1899/5080
f 4490/1899/5080 5229/2002/5191 4533/1998/5185 3243/1898/5081
f 5229/2002/5191 4009/1960/5192 2956/2001/5190 4533/1998/5185
f 4514/1948/5133 3067/1949/5135 4009/1960/5192 5229/2002/5191
f 3242/1888/5071 4491/1815/5083 5230/2003/5193 4532/1997/5184
f 4532/1997/5184 5230/2003/5193 4184/1696/4873 3052/1692/4869
f 5230/2003/5193 4535/2004/5194 3113/1685/4862 4184/1696/4873
f 4491/1815/5083 3263/1901/5085 4535/2004/5194 5230/2003/5193
f 3247/1851/5033 4468/1852/5036 5231/2005/5195 4536/1970/5196
f 4536/1970/5196 5231/2005/5195 4164/1604/4848 3051/1603/4847
f 5231/2005/5195 4537/2006/5197 3107/1676/4852 4164/1604/4848
f 4468/1852/5036 3250/1855/5038 4537/2006/5197 5231/2005/5195
f 3246/1871/5053 4538/2008/5198 5232/2007/5199 4476/1870/5051
f 4476/1870/5051 5232/2007/5199 4512/1945/5130 3251/1869/5052
f 5232/2007/5199 4539/2009/5200 3267/1923/5108 4512/1945/5130
f 4538/2008/5198 2957/2010/5201 4539/2009/5200 5232/2007/5199
f 3263/1901/5085 4498/1913/5097 5233/2011/5202 4535/2004/5194
f 4535/2004/5194 5233/2011/5202 4183/1688/4863 3113/1685/4862
f 5233/2011/5202 4536/1970/5196 3051/1603/4847 4183/1688/4863
f 4498/1913/5097 3247/1851/5033 4536/1970/5196 5233/2011/5202
f 3264/1911/5095 4534/1999/5187 5234/1972/5203 4501/1816/5102
f 4501/1816/5102 5234/1972/5203 4538/2008/5198 3246/1871/5053
f 5234/1972/5203 4012/1973/5204 2957/2010/5201 4538/2008/5198
f 4534/1999/5187 3068/2000/5189 4012/1973/5204 5234/1972/5203
f 3250/1855/5038 4509/1939/5125 5235/1981/5205 4540/2012/5206
f 4540/2012/5206 5235/1981/5205 3782/669/4349 2891/668/4348
f 5235/1981/5205 4541/2013/5207 2951/672/4356 3782/669/4349
f 4509/1939/5125 3268/1936/5122 4541/2013/5207 5235/1981/5205
f 3250/1855/5038 4540/2012/5206 5236/1980/5208 4537/2006/5197
f 4537/2006/5197 5236/1980/5208 4163/1657/4881 3107/1676/4852
f 5236/1980/5208 3976/1241/4351 3050/1243/4353 4163/1657/4881
f 4540/2012/5206 2891/668/4348 3976/1241/4351 5236/1980/5208
f 3308/1938/5123 4508/2015/5209 5237/2014/5210 4588/1985/5211
f 4588/1985/5211 5237/2014/5210 3783/678/4358 3285/1247/4357
f 5237/2014/5210 4542/2016/5212 2892/287/3917 3783/678/4358
f 4508/2015/5209 3255/2017/4926 4542/2016/5212 5237/2014/5210
f 3256/1738/4919 4543/2020/5213 5238/2019/5214 4415/2018/4927
f 3255/2017/4926 4415/2018/4927 5238/2019/5214 4542/2016/5212
f 2892/287/3917 4542/2016/5212 5238/2019/5214 3816/285/3915
f 2969/15/3603 3816/285/3915 5238/2019/5214 4006/824/3601
f 3066/822/3596 4006/824/3601 5238/2019/5214 4543/2020/5213
f 3287/838/3627 3793/839/3626 5239/2022/5215 4587/2021/5216
f 4587/2021/5216 5239/2022/5215 4583/2023/5217 3305/1919/5103
f 5239/2022/5215 4544/2024/5218 3254/1732/4913 4583/2023/5217
f 3793/839/3626 2894/840/3629 4544/2024/5218 5239/2022/5215
f 2894/840/3629 3796/858/3658 5240/2025/5219 4544/2024/5218
f 3254/1732/4913 4544/2024/5218 5240/2025/5219 4411/1735/4914
f 3256/1738/4919 4411/1735/4914 5240/2025/5219 4543/2020/5213
f 3066/822/3596 4543/2020/5213 5240/2025/5219 4004/819/3594
f 2959/818/3591 4004/819/3594 5240/2025/5219 3796/858/3658
f 2759/1624/4798 4082/1625/4797 5241/2027/5220 4545/2026/5221
f 4545/2026/5221 5241/2027/5220 4550/1005/3942 3271/311/3015
f 5241/2027/5220 4081/2028/5222 3275/995/3933 4550/1005/3942
f 4082/1625/4797 3086/1626/4800 4081/2028/5222 5241/2027/5220
f 3086/1626/4800 4080/1694/4871 5242/2029/5223 4081/2028/5222
f 4081/2028/5222 5242/2029/5223 4551/998/3934 3275/995/3933
f 5242/2029/5223 4548/1368/4537 3274/1003/3941 4551/998/3934
f 4080/1694/4871 3003/1351/4534 4548/1368/4537 5242/2029/5223
f 2759/1624/4798 4545/2026/5221 5243/2030/5224 3623/1625/4803
f 3623/1625/4803 5243/2030/5224 3622/2031/5225 2850/1630/4804
f 5243/2030/5224 4552/312/3018 3273/302/3006 3622/2031/5225
f 4545/2026/5221 3271/311/3015 4552/312/3018 5243/2030/5224
f 2850/1630/4804 3622/2031/5225 5244/2032/5226 3621/1651/4827
f 3621/1651/4827 5244/2032/5226 4546/1354/4518 2765/1351/4517
f 5244/2032/5226 4553/303/3009 3272/306/3011 4546/1354/4518
f 3622/2031/5225 3273/302/3006 4553/303/3009 5244/2032/5226
f 2957/2010/5201 4565/2034/5227 5245/2033/5228 4539/2009/5200
f 4539/2009/5200 5245/2033/5228 4502/1920/5106 3267/1923/5108
f 5245/2033/5228 4587/2021/5216 3305/1919/5103 4502/1920/5106
f 4565/2034/5227 3287/838/3627 4587/2021/5216 5245/2033/5228
f 3268/1936/5122 4586/1937/5121 5246/2035/5229 4541/2013/5207
f 4541/2013/5207 5246/2035/5229 4563/2036/5230 2951/672/4356
f 5246/2035/5229 4588/1985/5211 3285/1247/4357 4563/2036/5230
f 4586/1937/5121 3308/1938/5123 4588/1985/5211 5246/2035/5229
f 2717/1974/5164 4526/1977/5166 5247/2038/5231 4557/2037/5232
f 4557/2037/5232 5247/2038/5231 4589/1994/5180 3279/42/2698
f 5247/2038/5231 4582/1842/5023 3304/1843/5025 4589/1994/5180
f 4526/1977/5166 3239/1841/5024 4582/1842/5023 5247/2038/5231
f 3238/1827/5010 4528/1982/5171 5248/2039/5233 4456/1824/5008
f 4456/1824/5008 5248/2039/5233 4590/1985/5172 3301/1823/5005
f 5248/2039/5233 4554/2040/5234 3276/677/3437 4590/1985/5172
f 4528/1982/5171 2709/672/3433 4554/2040/5234 5248/2039/5233
f 3258/2041/4922 4414/2044/4925 5249/2043/5235 4506/2042/5236
f 4506/2042/5236 5249/2043/5235 4591/1935/5118 3307/1933/5117
f 5249/2043/5235 4508/2015/5209 3308/1938/5123 4591/1935/5118
f 4414/2044/4925 3255/2017/4926 4508/2015/5209 5249/2043/5235
f 3257/1736/4917 4413/2047/4921 5250/2046/5237 4504/2045/5238
f 4504/2045/5238 5250/2046/5237 4592/1929/5112 3306/1927/5111
f 5250/2046/5237 4506/2042/5236 3307/1933/5117 4592/1929/5112
f 4413/2047/4921 3258/2041/4922 4506/2042/5236 5250/2046/5237
f 3254/1732/4913 4412/1733/4916 5251/2048/5239 4583/2023/5217
f 4583/2023/5217 5251/2048/5239 4593/1922/5104 3305/1919/5103
f 5251/2048/5239 4504/2045/5238 3306/1927/5111 4593/1922/5104
f 4412/1733/4916 3257/1736/4917 4504/2045/5238 5251/2048/5239
f 3229/2049/4907 4407/2052/4910 5252/2051/5240 4460/2050/5241
f 4460/2050/5241 5252/2051/5240 4594/1839/5020 3303/1837/5019
f 5252/2051/5240 4462/1995/5182 3304/1843/5025 4594/1839/5020
f 4407/2052/4910 3226/1991/4911 4462/1995/5182 5252/2051/5240
f 3228/1721/4902 4406/2055/4906 5253/2054/5242 4458/2053/5243
f 4458/2053/5243 5253/2054/5242 4595/1833/5014 3302/1831/5013
f 5253/2054/5242 4460/2050/5241 3303/1837/5019 4595/1833/5014
f 4406/2055/4906 3229/2049/4907 4460/2050/5241 5253/2054/5242
f 3225/1717/4898 4405/1718/4901 5254/2056/5244 4579/1983/5174
f 4579/1983/5174 5254/2056/5244 4596/1826/5006 3301/1823/5005
f 5254/2056/5244 4458/2053/5243 3302/1831/5013 4596/1826/5006
f 4405/1718/4901 3228/1721/4902 4458/2053/5243 5254/2056/5244
f 3004/1359/4525 4395/1684/4861 5255/2057/5245 4567/1362/4526
f 4567/1362/4526 5255/2057/5245 4597/1715/4894 3289/1367/4533
f 5255/2057/5245 4578/1601/4773 3300/1602/4774 4597/1715/4894
f 4395/1684/4861 3205/1579/4750 4578/1601/4773 5255/2057/5245
f 3206/1589/4760 4400/1656/4885 5256/2058/5246 4368/1508/4764
f 4368/1508/4764 5256/2058/5246 4598/1705/4886 3297/1590/4761
f 5256/2058/5246 4566/2059/5247 3288/1253/4368 4598/1705/4886
f 4400/1656/4885 2998/1259/4375 4566/2059/5247 5256/2058/5246
f 2766/1359/4784 4559/2061/5248 5257/2060/5249 4375/1611/4783
f 4375/1611/4783 5257/2060/5249 4322/1497/4666 3177/1494/4662
f 5257/2060/5249 4599/1667/4843 3293/1496/4663 4322/1497/4666
f 4559/2061/5248 3281/1348/4515 4599/1667/4843 5257/2060/5249
f 3176/1484/4652 4574/1508/4675 5258/2062/5250 4387/1656/4832
f 4387/1656/4832 5258/2062/5250 4558/2063/5251 2758/693/3454
f 5258/2062/5250 4600/1659/4837 3280/689/3449 4558/2063/5251
f 4574/1508/4675 3296/1509/4676 4600/1659/4837 5258/2062/5250
f 3196/2064/4566 4273/2067/4569 5259/2066/5252 4370/2065/5253
f 4370/2065/5253 5259/2066/5252 4601/1600/4771 3299/1598/4770
f 5259/2066/5252 4371/1716/4897 3300/1602/4774 4601/1600/4771
f 4273/2067/4569 3193/1711/4570 4371/1716/4897 5259/2066/5252
f 3195/1394/4561 4272/2070/4565 5260/2069/5254 4369/2068/5255
f 4369/2068/5255 5260/2069/5254 4602/1596/4767 3298/1594/4766
f 5260/2069/5254 4370/2065/5253 3299/1598/4770 4602/1596/4767
f 4272/2070/4565 3196/2064/4566 4370/2065/5253 5260/2069/5254
f 3192/1390/4557 4271/1391/4560 5261/2071/5256 4575/1703/4888
f 4575/1703/4888 5261/2071/5256 4603/1592/4762 3297/1590/4761
f 5261/2071/5256 4369/2068/5255 3298/1594/4766 4603/1592/4762
f 4271/1391/4560 3195/1394/4561 4369/2068/5255 5261/2071/5256
f 3167/2072/4551 4266/2075/4554 5262/2074/5257 4324/2073/5258
f 4324/2073/5258 5262/2074/5257 4604/1507/4673 3295/1505/4672
f 5262/2074/5257 4325/1661/4835 3296/1509/4676 4604/1507/4673
f 4266/2075/4554 3164/1663/4555 4325/1661/4835 5262/2074/5257
f 3166/1379/4546 4265/2078/4550 5263/2077/5259 4323/2076/5260
f 4323/2076/5260 5263/2077/5259 4605/1503/4669 3294/1501/4668
f 5263/2077/5259 4324/2073/5258 3295/1505/4672 4605/1503/4669
f 4265/2078/4550 3167/2072/4551 4324/2073/5258 5263/2077/5259
f 3163/1375/4542 4264/1376/4545 5264/2079/5261 4571/1670/4844
f 4571/1670/4844 5264/2079/5261 4606/1499/4664 3293/1496/4663
f 5264/2079/5261 4323/2076/5260 3294/1501/4668 4606/1499/4664
f 4264/1376/4545 3166/1379/4546 4323/2076/5260 5264/2079/5261
f 3114/1245/4355 4186/2081/5262 5265/2080/5263 4187/1260/4374
f 4187/1260/4374 5265/2080/5263 4566/2059/5247 2998/1259/4375
f 5265/2080/5263 4607/686/4366 3288/1253/4368 4566/2059/5247
f 4186/2081/5262 3292/684/4362 4607/686/4366 5265/2080/5263
f 2951/672/4356 4563/2036/5230 5266/2082/5264 4185/1246/4354
f 4185/1246/4354 5266/2082/5264 4186/2081/5262 3114/1245/4355
f 5266/2082/5264 4608/1248/4360 3292/684/4362 4186/2081/5262
f 4563/2036/5230 3285/1247/4357 4608/1248/4360 5266/2082/5264
f 3068/2000/5189 4011/2084/5265 5267/2083/5266 4012/1973/5204
f 4012/1973/5204 5267/2083/5266 4565/2034/5227 2957/2010/5201
f 5267/2083/5266 4609/836/3625 3287/838/3627 4565/2034/5227
f 4011/2084/5265 3291/36/3621 4609/836/3625 5267/2083/5266
f 2956/2001/5190 4564/2086/5267 5268/2085/5268 4010/1966/5188
f 4010/1966/5188 5268/2085/5268 4011/2084/5265 3068/2000/5189
f 5268/2085/5268 4610/832/3619 3291/36/3621 4011/2084/5265
f 4564/2086/5267 3286/831/3615 4610/832/3619 5268/2085/5268
f 3067/1949/5135 4008/2088/5269 5269/2087/5270 4009/1960/5192
f 4009/1960/5192 5269/2087/5270 4564/2086/5267 2956/2001/5190
f 5269/2087/5270 4611/829/3613 3286/831/3615 4564/2086/5267
f 4008/2088/5269 3290/826/3609 4611/829/3613 5269/2087/5270
f 2710/1624/5136 4555/2090/5271 5270/2089/5272 4007/1950/5134
f 4007/1950/5134 5270/2089/5272 4008/2088/5269 3067/1949/5135
f 5270/2089/5272 4612/19/3607 3290/826/3609 4008/2088/5269
f 4555/2090/5271 3277/16/2672 4612/19/3607 5270/2089/5272
f 2878/674/3435 3728/692/3452 5271/2092/5273 3727/2091/5274
f 3727/2091/5274 5271/2092/5273 4613/686/3445 3284/684/3444
f 5271/2092/5273 4558/2063/5251 3280/689/3449 4613/686/3445
f 3728/692/3452 2758/693/3454 4558/2063/5251 5271/2092/5273
f 2709/672/3433 3726/673/3432 5272/2082/5275 4554/2040/5234
f 4554/2040/5234 5272/2082/5275 4614/680/3438 3276/677/3437
f 5272/2082/5275 3727/2091/5274 3284/684/3444 4614/680/3438
f 3726/673/3432 2878/674/3435 3727/2091/5274 5272/2082/5275
f 2832/1967/5157 3553/1973/5162 5273/2094/5276 3552/2093/5277
f 3552/2093/5277 5273/2094/5276 4615/38/2693 3283/36/2692
f 5273/2094/5276 4557/2037/5232 3279/42/2698 4615/38/2693
f 3553/1973/5162 2717/1974/5164 4557/2037/5232 5273/2094/5276
f 2716/1961/5151 3551/1966/5155 5274/2096/5278 4556/2095/5279
f 4556/2095/5279 5274/2096/5278 4616/32/2687 3278/30/2686
f 5274/2096/5278 3552/2093/5277 3283/36/2692 4616/32/2687
f 3551/1966/5155 2832/1967/5157 3552/2093/5277 5274/2096/5278
f 2831/1952/5140 3550/1960/5149 5275/2087/5280 3549/2097/5281
f 3549/2097/5281 5275/2087/5280 4617/26/2681 3282/24/2680
f 5275/2087/5280 4556/2095/5279 3278/30/2686 4617/26/2681
f 3550/1960/5149 2716/1961/5151 4556/2095/5279 5275/2087/5280
f 2710/1624/5136 3548/1950/5138 5276/2098/5282 4555/2090/5271
f 4555/2090/5271 5276/2098/5282 4618/19/2673 3277/16/2672
f 5276/2098/5282 3549/2097/5281 3282/24/2680 4618/19/2673
f 3548/1950/5138 2831/1952/5140 3549/2097/5281 5276/2098/5282
f 3289/1367/4533 3885/1713/4896 5277/2100/5283 4620/2099/5284
f 4620/2099/5284 5277/2100/5283 4256/2102/5285 3309/2101/5286
f 5277/2100/5283 3878/1025/3967 3000/1023/3966 4256/2102/5285
f 3885/1713/4896 2926/1028/3971 3878/1025/3967 5277/2100/5283
f 3309/2101/5286 4256/2102/5285 5278/2104/5287 4621/2103/5288
f 4621/2103/5288 5278/2104/5287 3884/1002/3939 3274/1003/3941
f 5278/2104/5287 3879/1019/3961 2920/1001/3940 3884/1002/3939
f 4256/2102/5285 3000/1023/3966 3879/1019/3961 5278/2104/5287
f 3310/1350/4516 4622/2106/5289 5279/2105/5290 4623/1349/4514
f 4623/1349/4514 5279/2105/5290 3424/1669/4841 3281/1348/4515
f 5279/2105/5290 3417/339/3048 2684/341/3050 3424/1669/4841
f 4622/2106/5289 2762/335/3044 3417/339/3048 5279/2105/5290
f 3272/306/3011 3423/307/3010 5280/2108/5291 4624/2107/5292
f 4624/2107/5292 5280/2108/5291 4622/2106/5289 3310/1350/4516
f 5280/2108/5291 3418/333/3042 2762/335/3044 4622/2106/5289
f 3423/307/3010 2676/308/3013 3418/333/3042 5280/2108/5291
f 3289/1367/4533 4620/2099/5284 5281/2109/5293 4625/1366/4531
f 4625/1366/4531 5281/2109/5293 4247/2110/5294 3141/1365/4532
f 5281/2109/5293 4619/2112/5295 3137/2111/5296 4247/2110/5294
f 4620/2099/5284 3309/2101/5286 4619/2112/5295 5281/2109/5293
f 3142/1372/4540 4246/2114/5297 5282/2113/5298 4626/1371/4538
f 4626/1371/4538 5282/2113/5298 4621/2103/5288 3274/1003/3941
f 5282/2113/5298 4619/2112/5295 3309/2101/5286 4621/2103/5288
f 4246/2114/5297 3137/2111/5296 4619/2112/5295 5282/2113/5298
f 3145/1699/4880 4627/1698/4875 5283/2116/5299 4252/2115/5300
f 4252/2115/5300 5283/2116/5299 4393/1677/4854 3138/1621/4856
f 5283/2116/5299 4350/1558/4727 3201/1560/4729 4393/1677/4854
f 4627/1698/4875 3184/1546/4715 4350/1558/4727 5283/2116/5299
f 3181/1510/4677 4394/1682/4860 5284/2117/5301 4628/1681/4857
f 4628/1681/4857 5284/2117/5301 4250/2118/5302 3146/1680/4858
f 5284/2117/5301 4258/2120/5303 3143/2119/5304 4250/2118/5302
f 4394/1682/4860 3004/1359/4525 4258/2120/5303 5284/2117/5301
f 3129/1619/4793 4239/2122/5305 5285/2121/5306 4629/1618/4791
f 4629/1618/4791 5285/2121/5306 4374/1610/4781 3147/1425/4592
f 5285/2121/5306 4255/2120/5307 2766/1359/4784 4374/1610/4781
f 4239/2122/5305 3132/2119/5308 4255/2120/5307 5285/2121/5306
f 3130/1646/4823 4237/2124/5309 5286/2123/5310 4630/1643/4821
f 4630/1643/4821 5286/2123/5310 4310/1474/4640 3156/1459/4627
f 5286/2123/5310 4377/1617/4789 3173/1473/4641 4310/1474/4640
f 4237/2124/5309 3127/1621/4794 4377/1617/4789 5286/2123/5310
f 3272/306/3011 4624/2107/5292 5287/2125/5311 4631/1358/4523
f 4631/1358/4523 5287/2125/5311 4242/2126/5312 3133/1357/4524
f 5287/2125/5311 4254/1345/4509 3128/1342/4508 4242/2126/5312
f 4624/2107/5292 3310/1350/4516 4254/1345/4509 5287/2125/5311
f 3281/1348/4515 4559/2061/5248 5288/2127/5313 4632/1347/4512
f 4632/1347/4512 5288/2127/5313 4240/2128/5314 3134/1346/4513
f 5288/2127/5313 4249/2130/5315 3131/2129/5316 4240/2128/5314
f 4559/2061/5248 2766/1359/4784 4249/2130/5315 5288/2127/5313
f 486/1646/5317 1593/2124/5318 4237/2124/5319 3130/1646/5320
f 1593/2124/5318 483/1621/5321 3127/1621/5322 4237/2124/5319
f 483/1621/5321 1594/1620/5323 4238/1620/5324 3127/1621/5322
f 1594/1620/5323 485/1619/5325 3129/1619/5326 4238/1620/5324
f 485/1619/5325 1595/2122/5327 4239/2122/5328 3129/1619/5326
f 1595/2122/5327 488/2119/5329 3132/2119/5330 4239/2122/5328
f 487/2129/5331 1596/2128/5332 4240/2128/5333 3131/2129/5334
f 1596/2128/5332 490/1346/5335 3134/1346/5336 4240/2128/5333
f 490/1346/5335 1597/1343/5337 4241/1343/5338 3134/1346/5336
f 1597/1343/5337 484/1342/5339 3128/1342/5340 4241/1343/5338
f 484/1342/5339 1598/2126/5341 4242/2126/5342 3128/1342/5340
f 1598/2126/5341 489/1357/5343 3133/1357/5344 4242/2126/5342
f 489/1357/5343 1599/1356/5345 4243/1356/5346 3133/1357/5344
f 1599/1356/5345 492/1355/5347 3136/1355/5348 4243/1356/5346
f 491/1648/5349 1600/1647/5350 4244/1647/5351 3135/1648/5352
f 1600/1647/5350 486/1646/5317 3130/1646/5320 4244/1647/5351
f 495/1374/5353 1601/1373/5354 4245/1373/5355 3139/1374/5356
f 1601/1373/5354 498/1372/5357 3142/1372/5358 4245/1373/5355
f 498/1372/5357 1602/2114/5359 4246/2114/5360 3142/1372/5358
f 1602/2114/5359 493/2111/5361 3137/2111/5362 4246/2114/5360
f 493/2111/5361 1603/2110/5363 4247/2110/5364 3137/2111/5362
f 1603/2110/5363 497/1365/5365 3141/1365/5366 4247/2110/5364
f 497/1365/5365 1604/1364/5367 4248/1364/5368 3141/1365/5366
f 1604/1364/5367 500/1363/5369 3144/1363/5370 4248/1364/5368
f 122/1359/5371 1605/2130/5372 4249/2130/5373 2766/1359/5374
f 1605/2130/5372 487/2129/5331 3131/2129/5334 4249/2130/5373
f 499/2119/5375 1606/2118/5376 4250/2118/5377 3143/2119/5378
f 1606/2118/5376 502/1680/5379 3146/1680/5380 4250/2118/5377
f 502/1680/5379 1607/1679/5381 4251/1679/5382 3146/1680/5380
f 1607/1679/5381 494/1621/5383 3138/1621/5384 4251/1679/5382
f 494/1621/5383 1608/2115/5385 4252/2115/5386 3138/1621/5384
f 1608/2115/5385 501/1699/5387 3145/1699/5388 4252/2115/5386
f 501/1699/5387 1609/1647/5389 4253/1647/5390 3145/1699/5388
f 1609/1647/5389 496/1648/5391 3140/1648/5392 4253/1647/5390
f 488/2119/5329 1611/2120/5393 4255/2120/5394 3132/2119/5330
f 1611/2120/5393 122/1359/5371 2766/1359/5374 4255/2120/5394
f 500/1363/5369 1613/1360/5395 4257/1360/5396 3144/1363/5370
f 1613/1360/5395 360/1359/5397 3004/1359/5398 4257/1360/5396
f 360/1359/5397 1614/2120/5399 4258/2120/5400 3004/1359/5398
f 1614/2120/5399 499/2119/5375 3143/2119/5378 4258/2120/5400
f 496/1648/5391 1615/1649/5401 4259/1649/5402 3140/1648/5392
f 1615/1649/5401 359/1351/5403 3003/1351/5404 4259/1649/5402
f 359/1351/5403 1616/1370/5405 4260/1370/5406 3003/1351/5404
f 1616/1370/5405 495/1374/5353 3139/1374/5356 4260/1370/5406
f 492/1355/5347 1617/1352/5407 4261/1352/5408 3136/1355/5348
f 1617/1352/5407 121/1351/5409 2765/1351/5410 4261/1352/5408
f 121/1351/5409 1618/1649/5411 4262/1649/5412 2765/1351/5410
f 1618/1649/5411 491/1648/5349 3135/1648/5352 4262/1649/5412
