# Blender 5.2.2 LTS
# www.blender.org
mtllib hornet_mask.mtl
o MASK
v 0.257363 0.874096 0.459377
v 0.950456 2.037089 -0.138267
v 0.828129 1.675955 -0.017815
v 0.676314 1.347059 0.124539
v 0.487220 1.069666 0.299684
v 1.059320 2.478041 -0.260581
v 0.380558 2.504021 -0.278661
v 1.029061 3.559993 -0.578311
v 0.618192 3.562816 -0.603204
v 1.132910 3.011919 -0.383503
v 0.568794 3.009559 -0.404876
v 0.820749 4.148362 -0.791264
v 0.530781 4.203078 -0.839397
v 0.600593 4.517756 -0.922510
v 0.452138 4.581441 -0.961784
v 0.510081 1.167219 0.659548
v 0.264557 0.926069 0.660421
v 0.953710 2.196010 0.454760
v 0.847902 1.834585 0.554460
v 0.721138 1.504960 0.610444
v 0.380461 2.656159 0.292681
v 1.055716 2.631971 0.294561
v 0.626924 3.656441 -0.223760
v 1.041618 3.645023 -0.229924
v 1.096061 3.134973 0.053533
v 0.556483 3.139182 0.069182
v 0.555464 4.240769 -0.573465
v 0.842171 4.187893 -0.552963
v 0.474374 4.579080 -0.799708
v 0.617794 4.520836 -0.772352
v -0.257363 0.874096 0.459377
v -0.950456 2.037089 -0.138268
v -0.828127 1.675954 -0.017820
v -0.676314 1.347059 0.124538
v -0.487220 1.069666 0.299684
v -1.059319 2.478041 -0.260581
v -0.380558 2.504021 -0.278661
v -1.029060 3.559993 -0.578310
v -0.618191 3.562816 -0.603204
v -1.132909 3.011919 -0.383503
v -0.568794 3.009559 -0.404876
v -0.820749 4.148362 -0.791264
v -0.530781 4.203078 -0.839397
v -0.600594 4.517756 -0.922510
v -0.452139 4.581440 -0.961784
v -0.510081 1.167219 0.659548
v -0.264557 0.926069 0.660421
v -0.953710 2.196009 0.454760
v -0.847902 1.834584 0.554459
v -0.721138 1.504960 0.610444
v -0.380461 2.656159 0.292681
v -1.055716 2.631971 0.294561
v -0.626924 3.656441 -0.223760
v -1.041618 3.645023 -0.229924
v -1.096061 3.134973 0.053534
v -0.556483 3.139182 0.069182
v -0.555464 4.240768 -0.573464
v -0.842171 4.187893 -0.552963
v -0.474374 4.579079 -0.799708
v -0.617794 4.520836 -0.772351
v 0.423595 1.004759 0.343417
v 0.358309 0.946437 0.386175
v 0.299051 0.900827 0.427343
v 0.305976 2.065708 -0.238937
v 0.560211 2.045044 -0.258358
v 0.780512 2.032772 -0.224423
v 0.210943 0.853853 0.453597
v 0.145864 0.832504 0.452718
v 0.074280 0.815252 0.458288
v 0.922305 1.941806 -0.108713
v 0.892693 1.850684 -0.079064
v 0.861397 1.762472 -0.048907
v 0.792683 1.590306 0.014632
v 0.755274 1.506245 0.048888
v 0.716312 1.424828 0.085397
v 0.635392 1.273564 0.166400
v 0.591740 1.203580 0.210221
v 0.543092 1.135988 0.254997
v 0.143373 1.036827 0.239898
v 0.278051 1.042681 0.238098
v 0.395470 1.052884 0.254893
v 0.198984 1.311445 0.015174
v 0.385920 1.316238 0.024467
v 0.548864 1.327074 0.057021
v 0.244494 1.662506 -0.166647
v 0.474045 1.657039 -0.146780
v 0.673530 1.660051 -0.101555
v 0.532429 2.477710 -0.350413
v 0.716879 2.463984 -0.368822
v 0.903458 2.463483 -0.338685
v 1.031286 2.357503 -0.229652
v 1.004153 2.244278 -0.198614
v 0.977442 2.137699 -0.168100
v 0.179726 2.199520 -0.180908
v 0.267049 2.299615 -0.215672
v 0.328605 2.398672 -0.248063
v 0.709395 3.549365 -0.648571
v 0.821177 3.544647 -0.657936
v 0.934401 3.548272 -0.634205
v 1.128024 2.875911 -0.348885
v 1.111459 2.739750 -0.318440
v 1.087421 2.606106 -0.290127
v 0.596379 3.141867 -0.445588
v 0.613410 3.275842 -0.492495
v 0.620583 3.414971 -0.545404
v 1.067420 3.417782 -0.521152
v 1.099281 3.280831 -0.468297
v 1.122429 3.146354 -0.422759
v 0.432665 2.620333 -0.308240
v 0.483837 2.745739 -0.338041
v 0.530384 2.876688 -0.369623
v 0.699320 2.992099 -0.465586
v 0.855839 2.986986 -0.480358
v 1.009802 2.993763 -0.451900
v 0.592844 4.185404 -0.864086
v 0.671022 4.168606 -0.861425
v 0.751615 4.155351 -0.835847
v 0.880860 4.007874 -0.741593
v 0.935583 3.859593 -0.688821
v 0.984688 3.708805 -0.633740
v 0.606601 3.721212 -0.664177
v 0.586920 3.885213 -0.725265
v 0.560901 4.048168 -0.783804
v 0.473373 4.584943 -0.972608
v 0.512275 4.574121 -0.970062
v 0.560611 4.546801 -0.948914
v 0.638618 4.466693 -0.909102
v 0.694029 4.382994 -0.880176
v 0.756792 4.275183 -0.838878
v 0.499312 4.342427 -0.890916
v 0.472553 4.456933 -0.931948
v 0.456419 4.538243 -0.955609
v 0.439488 1.090257 0.669710
v 0.370292 1.020353 0.674226
v 0.308288 0.963083 0.670038
v 0.308731 2.248906 0.566248
v 0.564467 2.249735 0.577939
v 0.784858 2.230348 0.541202
v 0.218042 0.911504 0.677996
v 0.151671 0.893317 0.691492
v 0.077516 0.875011 0.696101
v 0.927319 2.101064 0.484230
v 0.901531 2.010177 0.510657
v 0.875499 1.921724 0.534050
v 0.817526 1.748756 0.571964
v 0.785073 1.666054 0.586655
v 0.753055 1.586031 0.598998
v 0.682969 1.419463 0.622606
v 0.634759 1.331603 0.635133
v 0.576501 1.247255 0.647532
v 0.196240 1.145077 0.767211
v 0.279217 1.127707 0.748641
v 0.389140 1.173747 0.727959
v 0.311327 1.511427 0.773375
v 0.473718 1.575350 0.737122
v 0.590642 1.562943 0.700977
v 0.251950 1.901217 0.730918
v 0.487876 1.890583 0.700631
v 0.690385 1.869873 0.645536
v 0.533399 2.672170 0.373046
v 0.718146 2.672652 0.398928
v 0.902818 2.658857 0.372210
v 1.033396 2.514659 0.342970
v 1.007980 2.402810 0.385154
v 0.980944 2.296542 0.422058
v 0.181529 2.335402 0.434845
v 0.269391 2.443207 0.386716
v 0.330500 2.548180 0.340340
v 0.722429 3.666657 -0.173315
v 0.836756 3.667344 -0.159775
v 0.949798 3.659736 -0.179659
v 1.093799 3.007870 0.117581
v 1.086338 2.880317 0.180060
v 1.073589 2.754365 0.239642
v 0.586866 3.263225 0.004641
v 0.609187 3.388816 -0.064885
v 0.622825 3.518892 -0.140747
v 1.067145 3.512935 -0.151291
v 1.083737 3.385523 -0.078851
v 1.092989 3.260324 -0.011325
v 0.428745 2.770825 0.241841
v 0.475553 2.891087 0.187590
v 0.518804 3.014646 0.130045
v 0.676204 3.156233 0.130950
v 0.821808 3.160753 0.146570
v 0.969632 3.153438 0.119602
v 0.623612 4.234195 -0.531956
v 0.702910 4.221620 -0.515392
v 0.780172 4.205401 -0.522749
v 0.903951 4.059396 -0.478641
v 0.958981 3.922795 -0.397667
v 1.005383 3.783002 -0.313475
v 0.620778 3.802903 -0.313112
v 0.605456 3.953410 -0.404195
v 0.582870 4.101558 -0.492111
v 0.497891 4.581694 -0.791348
v 0.536792 4.571542 -0.782072
v 0.581888 4.547056 -0.775356
v 0.657218 4.475013 -0.734253
v 0.713559 4.400021 -0.680851
v 0.777004 4.302947 -0.620088
v 0.526287 4.364320 -0.646400
v 0.500244 4.465663 -0.710328
v 0.482099 4.538984 -0.763696
v 0.495934 4.219174 -0.785663
v 0.489347 4.231917 -0.713802
v 0.509631 4.239669 -0.638180
v 0.566970 3.636508 -0.310528
v 0.545631 3.610893 -0.416498
v 0.562696 3.584660 -0.520787
v 0.265626 0.907853 0.621969
v 0.264395 0.888535 0.564064
v 0.261290 0.876893 0.503341
v 1.154840 2.508897 -0.134880
v 1.184346 2.550376 0.018716
v 1.150996 2.593912 0.170475
v 1.180948 3.106776 -0.045985
v 1.217632 3.073343 -0.163787
v 1.202747 3.039962 -0.282198
v 0.604614 4.528811 -0.897335
v 0.609739 4.534740 -0.855933
v 0.614748 4.530402 -0.808840
v 0.453957 4.599654 -0.843235
v 0.439429 4.610877 -0.896654
v 0.440581 4.601568 -0.939424
v 0.482544 3.110133 -0.037483
v 0.459199 3.074474 -0.168657
v 0.487553 3.038777 -0.299350
v 0.866572 4.149611 -0.732211
v 0.885911 4.157951 -0.666567
v 0.877981 4.171388 -0.603605
v 0.926491 1.706772 0.110803
v 0.966454 1.746796 0.265323
v 0.942675 1.790780 0.421246
v 1.056156 2.151298 0.320364
v 1.089637 2.104018 0.158853
v 1.054487 2.062919 -0.003179
v 1.096171 3.624665 -0.306741
v 1.111637 3.601497 -0.399725
v 1.089169 3.578783 -0.495417
v 0.759526 1.377576 0.232407
v 0.796322 1.414520 0.363456
v 0.783183 1.455839 0.496704
v 0.285881 2.624825 0.161171
v 0.254605 2.584148 0.002729
v 0.286262 2.541476 -0.153455
v 0.546378 1.094048 0.377261
v 0.570960 1.122128 0.474541
v 0.559846 1.148626 0.574246
v -0.423595 1.004759 0.343417
v -0.358309 0.946437 0.386175
v -0.299051 0.900827 0.427343
v -0.305975 2.065708 -0.238938
v -0.560210 2.045044 -0.258359
v -0.780511 2.032771 -0.224424
v -0.210943 0.853853 0.453597
v -0.145864 0.832504 0.452718
v -0.074280 0.815252 0.458288
v -0.922304 1.941805 -0.108715
v -0.892692 1.850683 -0.079067
v -0.861396 1.762471 -0.048911
v -0.792682 1.590305 0.014628
v -0.755273 1.506244 0.048885
v -0.716311 1.424827 0.085395
v -0.635392 1.273564 0.166399
v -0.591740 1.203580 0.210221
v -0.543092 1.135988 0.254997
v -0.143373 1.036827 0.239898
v -0.278051 1.042681 0.238098
v -0.395470 1.052884 0.254893
v -0.198983 1.311445 0.015173
v -0.385919 1.316237 0.024466
v -0.548863 1.327074 0.057020
v -0.244488 1.662506 -0.166649
v -0.474041 1.657038 -0.146783
v -0.673527 1.660050 -0.101559
v -0.532429 2.477710 -0.350413
v -0.716879 2.463984 -0.368822
v -0.903458 2.463483 -0.338685
v -1.031286 2.357503 -0.229652
v -1.004153 2.244278 -0.198614
v -0.977442 2.137698 -0.168100
v -0.179725 2.199520 -0.180908
v -0.267048 2.299615 -0.215671
v -0.328605 2.398672 -0.248063
v -0.709395 3.549365 -0.648571
v -0.821177 3.544647 -0.657936
v -0.934401 3.548272 -0.634205
v -1.128023 2.875911 -0.348885
v -1.111459 2.739750 -0.318440
v -1.087420 2.606106 -0.290127
v -0.596379 3.141867 -0.445587
v -0.613409 3.275842 -0.492495
v -0.620582 3.414971 -0.545404
v -1.067419 3.417782 -0.521151
v -1.099280 3.280831 -0.468297
v -1.122428 3.146354 -0.422759
v -0.432664 2.620333 -0.308239
v -0.483836 2.745739 -0.338041
v -0.530384 2.876688 -0.369623
v -0.699320 2.992099 -0.465586
v -0.855838 2.986986 -0.480358
v -1.009801 2.993763 -0.451900
v -0.592844 4.185404 -0.864086
v -0.671023 4.168606 -0.861425
v -0.751616 4.155351 -0.835847
v -0.880860 4.007874 -0.741593
v -0.935583 3.859592 -0.688821
v -0.984687 3.708805 -0.633740
v -0.606601 3.721211 -0.664176
v -0.586920 3.885213 -0.725265
v -0.560901 4.048167 -0.783804
v -0.473373 4.584943 -0.972608
v -0.512275 4.574121 -0.970062
v -0.560612 4.546801 -0.948913
v -0.638618 4.466692 -0.909102
v -0.694030 4.382993 -0.880176
v -0.756792 4.275183 -0.838878
v -0.499313 4.342427 -0.890915
v -0.472553 4.456933 -0.931948
v -0.456419 4.538242 -0.955608
v -0.439488 1.090257 0.669710
v -0.370292 1.020353 0.674226
v -0.308288 0.963083 0.670038
v -0.308731 2.248906 0.566248
v -0.564467 2.249734 0.577939
v -0.784858 2.230348 0.541202
v -0.218042 0.911504 0.677996
v -0.151671 0.893317 0.691492
v -0.077516 0.875011 0.696101
v -0.927319 2.101063 0.484229
v -0.901531 2.010176 0.510656
v -0.875499 1.921723 0.534049
v -0.817526 1.748755 0.571963
v -0.785073 1.666054 0.586654
v -0.753054 1.586031 0.598997
v -0.682969 1.419463 0.622606
v -0.634759 1.331603 0.635133
v -0.576501 1.247255 0.647532
v -0.196240 1.145077 0.767211
v -0.279217 1.127707 0.748641
v -0.389140 1.173747 0.727959
v -0.311327 1.511427 0.773376
v -0.473717 1.575350 0.737122
v -0.590642 1.562943 0.700977
v -0.251950 1.901217 0.730918
v -0.487875 1.890583 0.700631
v -0.690385 1.869873 0.645535
v -0.533398 2.672170 0.373046
v -0.718146 2.672652 0.398928
v -0.902818 2.658857 0.372210
v -1.033396 2.514658 0.342970
v -1.007980 2.402810 0.385154
v -0.980944 2.296541 0.422058
v -0.181528 2.335402 0.434845
v -0.269391 2.443207 0.386717
v -0.330500 2.548180 0.340340
v -0.722429 3.666657 -0.173315
v -0.836756 3.667344 -0.159775
v -0.949798 3.659736 -0.179659
v -1.093799 3.007870 0.117581
v -1.086338 2.880317 0.180061
v -1.073589 2.754365 0.239642
v -0.586866 3.263225 0.004641
v -0.609187 3.388816 -0.064885
v -0.622825 3.518892 -0.140746
v -1.067145 3.512935 -0.151291
v -1.083737 3.385523 -0.078851
v -1.092989 3.260324 -0.011325
v -0.428744 2.770825 0.241841
v -0.475553 2.891087 0.187590
v -0.518804 3.014647 0.130045
v -0.676204 3.156233 0.130950
v -0.821808 3.160753 0.146570
v -0.969632 3.153438 0.119603
v -0.623612 4.234195 -0.531956
v -0.702910 4.221620 -0.515392
v -0.780172 4.205401 -0.522749
v -0.903951 4.059396 -0.478641
v -0.958981 3.922795 -0.397667
v -1.005383 3.783002 -0.313474
v -0.620778 3.802902 -0.313112
v -0.605456 3.953410 -0.404195
v -0.582870 4.101558 -0.492111
v -0.497891 4.581694 -0.791348
v -0.536792 4.571541 -0.782072
v -0.581888 4.547056 -0.775356
v -0.657218 4.475013 -0.734253
v -0.713560 4.400021 -0.680851
v -0.777005 4.302946 -0.620088
v -0.526287 4.364320 -0.646400
v -0.500244 4.465663 -0.710327
v -0.482099 4.538983 -0.763696
v -0.495934 4.219173 -0.785663
v -0.489347 4.231917 -0.713802
v -0.509631 4.239669 -0.638179
v -0.566970 3.636508 -0.310528
v -0.545631 3.610893 -0.416498
v -0.562696 3.584660 -0.520787
v -0.265626 0.907853 0.621969
v -0.264395 0.888535 0.564064
v -0.261290 0.876893 0.503341
v -1.154840 2.508897 -0.134880
v -1.184346 2.550376 0.018716
v -1.150995 2.593912 0.170475
v -1.180948 3.106776 -0.045985
v -1.217631 3.073344 -0.163786
v -1.202746 3.039962 -0.282198
v -0.604614 4.528811 -0.897334
v -0.609739 4.534740 -0.855933
v -0.614749 4.530402 -0.808840
v -0.453957 4.599653 -0.843234
v -0.439429 4.610876 -0.896653
v -0.440581 4.601567 -0.939424
v -0.482544 3.110133 -0.037483
v -0.459199 3.074474 -0.168657
v -0.487553 3.038777 -0.299350
v -0.866573 4.149612 -0.732211
v -0.885912 4.157951 -0.666567
v -0.877981 4.171388 -0.603605
v -0.926490 1.706771 0.110800
v -0.966453 1.746795 0.265320
v -0.942675 1.790779 0.421244
v -1.056156 2.151298 0.320364
v -1.089637 2.104017 0.158852
v -1.054487 2.062918 -0.003180
v -1.096171 3.624665 -0.306741
v -1.111637 3.601497 -0.399725
v -1.089169 3.578783 -0.495416
v -0.759526 1.377576 0.232406
v -0.796322 1.414520 0.363455
v -0.783183 1.455838 0.496703
v -0.285881 2.624825 0.161171
v -0.254605 2.584148 0.002729
v -0.286261 2.541476 -0.153454
v -0.546378 1.094048 0.377261
v -0.570960 1.122128 0.474541
v -0.559846 1.148626 0.574246
v 0.701230 1.750090 -0.134906
v 0.727760 1.842064 -0.166228
v 0.753830 1.936171 -0.195760
v 0.493763 1.752182 -0.181704
v 0.513068 1.849211 -0.211620
v 0.533592 1.946869 -0.235572
v 0.254711 1.763694 -0.202514
v 0.264870 1.866235 -0.227144
v 0.277284 1.966782 -0.235314
v 0.244327 0.882720 0.401174
v 0.291224 0.929086 0.351994
v 0.343846 0.987920 0.303705
v 0.171002 0.865467 0.394596
v 0.204489 0.915364 0.341258
v 0.241691 0.976531 0.289869
v 0.087784 0.851604 0.399771
v 0.105306 0.904952 0.345605
v 0.124594 0.968871 0.293162
v 0.440807 1.118663 0.204716
v 0.480240 1.185331 0.154115
v 0.515627 1.254325 0.104444
v 0.309942 1.108742 0.184418
v 0.337662 1.175141 0.129842
v 0.362536 1.243697 0.075992
v 0.159823 1.103702 0.184040
v 0.174113 1.170255 0.126730
v 0.186931 1.238746 0.069827
v 0.581472 1.404626 0.012873
v 0.613388 1.486534 -0.028036
v 0.644195 1.571962 -0.066049
v 0.408901 1.394184 -0.023461
v 0.431444 1.477359 -0.067769
v 0.453250 1.565176 -0.108766
v 0.210839 1.390202 -0.035741
v 0.222477 1.475158 -0.082833
v 0.233744 1.566024 -0.126375
v 0.808726 2.132451 -0.253086
v 0.838558 2.236429 -0.281879
v 0.869906 2.346219 -0.310492
v 0.596479 2.144132 -0.284742
v 0.637248 2.245502 -0.313316
v 0.676862 2.351108 -0.341467
v 0.369339 2.166752 -0.261910
v 0.433498 2.267131 -0.292519
v 0.485729 2.369103 -0.322235
v 1.007293 3.128910 -0.488547
v 0.991781 3.264499 -0.531777
v 0.966785 3.403277 -0.581461
v 0.863701 3.121907 -0.516392
v 0.858925 3.257758 -0.558690
v 0.844145 3.397603 -0.606678
v 0.717856 3.126031 -0.502877
v 0.724706 3.261326 -0.546274
v 0.721510 3.401303 -0.595362
v 0.938918 2.589191 -0.366107
v 0.971576 2.721471 -0.392684
v 0.996711 2.857335 -0.420449
v 0.759152 2.586402 -0.395554
v 0.799646 2.716488 -0.422004
v 0.833388 2.851111 -0.449535
v 0.580305 2.596802 -0.377669
v 0.626976 2.724516 -0.404912
v 0.668022 2.857453 -0.433558
v 0.896132 3.700804 -0.686305
v 0.853105 3.856303 -0.738520
v 0.804699 4.009772 -0.788302
v 0.791741 3.700342 -0.710480
v 0.756604 3.860127 -0.763118
v 0.715974 4.018327 -0.813283
v 0.689469 3.707197 -0.704239
v 0.662575 3.870064 -0.759937
v 0.629794 4.031707 -0.813165
v 0.695136 4.286953 -0.881798
v 0.640216 4.399051 -0.920832
v 0.592963 4.486738 -0.945469
v 0.623244 4.304558 -0.907637
v 0.577518 4.420195 -0.946048
v 0.539235 4.510554 -0.968935
v 0.553851 4.324125 -0.912117
v 0.518314 4.439988 -0.950770
v 0.491468 4.526606 -0.972352
v 0.713138 1.956746 0.625113
v 0.502549 1.980514 0.678691
v 0.259310 1.995530 0.706393
v 0.735604 2.045361 0.600879
v 0.518774 2.069640 0.650951
v 0.267845 2.084261 0.671813
v 0.758957 2.136061 0.572788
v 0.537738 2.158095 0.616454
v 0.279610 2.165782 0.622910
v 0.254144 0.958588 0.705030
v 0.178907 0.945650 0.723348
v 0.092115 0.930504 0.729366
v 0.303631 1.017887 0.718171
v 0.214200 1.006363 0.741376
v 0.110523 0.994914 0.749889
v 0.359728 1.089487 0.721202
v 0.253599 1.073210 0.750139
v 0.130857 1.062630 0.762246
v 0.478984 1.251736 0.712387
v 0.165531 1.219604 0.777791
v 0.552334 1.350475 0.699924
v 0.172590 1.322836 0.783644
v 0.599363 1.463699 0.693406
v 0.213479 1.424618 0.784620
v 0.638403 1.638820 0.680583
v 0.481749 1.631844 0.737490
v 0.245293 1.607173 0.776485
v 0.647528 1.709662 0.673780
v 0.473622 1.714735 0.730558
v 0.243837 1.706064 0.765860
v 0.667256 1.786315 0.662025
v 0.476337 1.801193 0.718108
v 0.246191 1.804282 0.750537
v 0.814303 2.329761 0.506309
v 0.602409 2.348212 0.538120
v 0.373510 2.349060 0.516372
v 0.845336 2.434365 0.467219
v 0.644633 2.452295 0.496075
v 0.438716 2.455048 0.470254
v 0.875411 2.543996 0.422843
v 0.683397 2.560191 0.450114
v 0.490333 2.561947 0.423252
v 0.975097 3.277224 0.051065
v 0.836513 3.283796 0.076981
v 0.699620 3.279359 0.062768
v 0.974774 3.401206 -0.020353
v 0.844975 3.407496 0.003930
v 0.715895 3.403630 -0.009631
v 0.967010 3.527860 -0.096802
v 0.845663 3.534460 -0.074548
v 0.723943 3.531795 -0.087945
v 0.926242 2.778899 0.314931
v 0.749783 2.790539 0.341784
v 0.573981 2.788218 0.318157
v 0.945205 2.902639 0.252613
v 0.777957 2.912493 0.279792
v 0.612184 2.908958 0.259011
v 0.959628 3.028152 0.187028
v 0.802108 3.036566 0.214340
v 0.646673 3.032328 0.196402
v 0.921252 3.798079 -0.268086
v 0.816643 3.807431 -0.251090
v 0.710213 3.809555 -0.265089
v 0.882141 3.938686 -0.357572
v 0.786231 3.950311 -0.343840
v 0.688290 3.955845 -0.358574
v 0.834321 4.076238 -0.443635
v 0.747473 4.090302 -0.433145
v 0.658590 4.099461 -0.448738
v 0.723095 4.320714 -0.594055
v 0.655758 4.338589 -0.589422
v 0.586446 4.353854 -0.606650
v 0.667755 4.418005 -0.659086
v 0.610129 4.437248 -0.657042
v 0.551458 4.453240 -0.673669
v 0.618886 4.493989 -0.718902
v 0.569745 4.514884 -0.720177
v 0.522248 4.528654 -0.734047
v 0.556886 3.741678 -0.589033
v 0.542365 3.904368 -0.657685
v 0.521206 4.065904 -0.723605
v 0.542720 3.765030 -0.492856
v 0.530885 3.924499 -0.570086
v 0.512234 4.082481 -0.644392
v 0.563979 3.786911 -0.394394
v 0.552005 3.942051 -0.479646
v 0.533054 4.095261 -0.561839
v 0.197246 0.845557 0.512766
v 0.132530 0.820598 0.517017
v 0.066588 0.800837 0.522362
v 0.195533 0.854377 0.575274
v 0.129690 0.828421 0.582608
v 0.064712 0.807538 0.587398
v 0.201047 0.876977 0.633125
v 0.135628 0.853373 0.642982
v 0.068329 0.833050 0.647337
v 1.203390 2.905508 -0.241246
v 1.193593 2.770500 -0.204076
v 1.176682 2.637325 -0.169633
v 1.220637 2.941229 -0.114541
v 1.214855 2.808500 -0.067934
v 1.202235 2.677402 -0.023790
v 1.183037 2.977275 0.011581
v 1.178252 2.847216 0.067381
v 1.167289 2.718733 0.120684
v 0.461971 4.619493 -0.949425
v 0.499402 4.610591 -0.945964
v 0.548888 4.578586 -0.926213
v 0.461846 4.630346 -0.906489
v 0.500110 4.621165 -0.901675
v 0.550644 4.587729 -0.884097
v 0.475650 4.616380 -0.850607
v 0.513063 4.607494 -0.844510
v 0.560911 4.577265 -0.831359
v 0.520904 3.168976 -0.345460
v 0.544531 3.301013 -0.397808
v 0.558541 3.438386 -0.456486
v 0.494820 3.202368 -0.221222
v 0.521269 3.332148 -0.279845
v 0.538367 3.467180 -0.345006
v 0.517114 3.235862 -0.096526
v 0.542989 3.363384 -0.161197
v 0.559813 3.495862 -0.232419
v 0.663865 4.462865 -0.866660
v 0.728412 4.377648 -0.829497
v 0.797402 4.272280 -0.783569
v 0.674181 4.465878 -0.819162
v 0.742823 4.380407 -0.774561
v 0.814560 4.277180 -0.723074
v 0.673617 4.468167 -0.771164
v 0.738493 4.387650 -0.721983
v 0.807958 4.287899 -0.665629
v 1.025769 1.968184 0.026009
v 0.994935 1.878466 0.054505
v 0.961930 1.791914 0.082649
v 1.061551 2.009185 0.187508
v 1.031794 1.919395 0.214677
v 1.000319 1.832541 0.240534
v 1.029071 2.056256 0.349033
v 1.001469 1.965768 0.375355
v 0.973077 1.877798 0.399379
v 1.129213 3.439655 -0.433024
v 1.162971 3.305129 -0.376294
v 1.188573 3.172652 -0.326637
v 1.149629 3.465360 -0.332061
v 1.180681 3.333536 -0.270556
v 1.203942 3.203607 -0.215185
v 1.129011 3.491031 -0.233511
v 1.153862 3.361752 -0.166462
v 1.171213 3.234425 -0.104705
v 0.469559 4.356743 -0.842480
v 0.447900 4.470216 -0.889144
v 0.436906 4.552357 -0.920808
v 0.465264 4.365683 -0.776781
v 0.445284 4.476856 -0.830341
v 0.435036 4.559458 -0.870962
v 0.484775 4.368322 -0.706904
v 0.463593 4.474513 -0.766314
v 0.451518 4.552453 -0.813592
v 0.888284 1.621849 0.139361
v 0.847381 1.537935 0.168804
v 0.804245 1.456169 0.199668
v 0.929000 1.661158 0.289413
v 0.887587 1.576620 0.313334
v 0.843049 1.494151 0.337795
v 0.908250 1.704185 0.441267
v 0.869336 1.619231 0.459947
v 0.827345 1.536479 0.478116
v 0.340925 2.656031 -0.187331
v 0.394802 2.779391 -0.221929
v 0.444703 2.908132 -0.258709
v 0.309750 2.697939 -0.036730
v 0.364131 2.819659 -0.077687
v 0.414877 2.946212 -0.121242
v 0.339027 2.738697 0.115749
v 0.391216 2.859326 0.067886
v 0.439887 2.984039 0.017037
v 0.713450 1.302810 0.267137
v 0.664157 1.231246 0.303335
v 0.609267 1.161954 0.340282
v 0.747713 1.338185 0.390439
v 0.695497 1.264490 0.418288
v 0.637382 1.192669 0.446451
v 0.736468 1.376990 0.515964
v 0.685124 1.299392 0.535515
v 0.626890 1.223210 0.554965
v 1.131059 2.387196 -0.099603
v 1.106507 2.272350 -0.065530
v 1.081162 2.164249 -0.033456
v 1.163425 2.429158 0.058662
v 1.140495 2.314183 0.095238
v 1.115903 2.205684 0.128406
v 1.130767 2.474320 0.215042
v 1.107662 2.360481 0.254366
v 1.082544 2.252690 0.289140
v 0.474706 1.027683 0.413547
v 0.399857 0.967035 0.448328
v 0.328032 0.916559 0.480088
v 0.495421 1.053086 0.501967
v 0.415977 0.988932 0.526969
v 0.338181 0.933492 0.547903
v 0.484530 1.075984 0.592610
v 0.407189 1.008883 0.606950
v 0.333574 0.951851 0.615294
v 0.093500 2.245282 -0.046643
v 0.170548 2.340649 -0.083610
v 0.231936 2.437662 -0.119095
v 0.073343 2.288389 0.120619
v 0.141137 2.382812 0.080796
v 0.200042 2.480132 0.041654
v 0.094020 2.317733 0.292519
v 0.171243 2.418267 0.248113
v 0.232392 2.519156 0.204820
v 0.931481 4.013779 -0.677665
v 0.990146 3.870259 -0.618750
v 1.042561 3.723813 -0.557495
v 0.952854 4.025899 -0.605385
v 1.012986 3.886136 -0.538737
v 1.065993 3.743173 -0.469504
v 0.943983 4.041880 -0.535454
v 1.003041 3.904500 -0.461121
v 1.054086 3.763850 -0.383880
v -0.701228 1.750089 -0.134910
v -0.493760 1.752181 -0.181707
v -0.254705 1.763693 -0.202515
v -0.727758 1.842063 -0.166231
v -0.513065 1.849210 -0.211623
v -0.264866 1.866235 -0.227146
v -0.753829 1.936170 -0.195762
v -0.533590 1.946868 -0.235573
v -0.277281 1.966782 -0.235315
v -0.244327 0.882720 0.401174
v -0.171002 0.865467 0.394596
v -0.087784 0.851604 0.399771
v -0.291224 0.929086 0.351994
v -0.204489 0.915364 0.341258
v -0.105306 0.904952 0.345605
v -0.343846 0.987920 0.303705
v -0.241691 0.976531 0.289869
v -0.124594 0.968871 0.293162
v -0.440807 1.118663 0.204716
v -0.309942 1.108743 0.184418
v -0.159823 1.103702 0.184040
v -0.480240 1.185331 0.154115
v -0.337662 1.175141 0.129842
v -0.174112 1.170255 0.126730
v -0.515627 1.254325 0.104444
v -0.362535 1.243697 0.075992
v -0.186930 1.238745 0.069826
v -0.581470 1.404625 0.012871
v -0.408899 1.394184 -0.023462
v -0.210836 1.390202 -0.035742
v -0.613387 1.486533 -0.028039
v -0.431441 1.477359 -0.067771
v -0.222473 1.475158 -0.082834
v -0.644193 1.571961 -0.066053
v -0.453246 1.565176 -0.108768
v -0.233739 1.566024 -0.126376
v -0.808726 2.132451 -0.253086
v -0.596479 2.144131 -0.284742
v -0.369338 2.166752 -0.261910
v -0.838558 2.236428 -0.281879
v -0.637247 2.245502 -0.313316
v -0.433497 2.267131 -0.292519
v -0.869905 2.346218 -0.310492
v -0.676862 2.351107 -0.341467
v -0.485729 2.369103 -0.322235
v -1.007293 3.128910 -0.488547
v -0.863701 3.121907 -0.516391
v -0.717856 3.126031 -0.502877
v -0.991781 3.264499 -0.531777
v -0.858925 3.257758 -0.558690
v -0.724706 3.261327 -0.546274
v -0.966784 3.403277 -0.581461
v -0.844145 3.397603 -0.606678
v -0.721510 3.401302 -0.595362
v -0.938918 2.589191 -0.366107
v -0.759151 2.586402 -0.395554
v -0.580305 2.596802 -0.377669
v -0.971576 2.721471 -0.392684
v -0.799646 2.716488 -0.422004
v -0.626976 2.724515 -0.404912
v -0.996710 2.857335 -0.420449
v -0.833388 2.851111 -0.449534
v -0.668021 2.857453 -0.433557
v -0.896133 3.700804 -0.686305
v -0.791741 3.700342 -0.710480
v -0.689468 3.707197 -0.704239
v -0.853105 3.856303 -0.738520
v -0.756604 3.860126 -0.763118
v -0.662575 3.870064 -0.759937
v -0.804699 4.009771 -0.788302
v -0.715974 4.018326 -0.813283
v -0.629794 4.031707 -0.813164
v -0.695137 4.286953 -0.881798
v -0.623244 4.304557 -0.907636
v -0.553851 4.324124 -0.912117
v -0.640216 4.399051 -0.920832
v -0.577518 4.420195 -0.946048
v -0.518314 4.439987 -0.950770
v -0.592963 4.486738 -0.945469
v -0.539235 4.510553 -0.968935
v -0.491468 4.526605 -0.972352
v -0.713138 1.956745 0.625113
v -0.735603 2.045361 0.600879
v -0.758957 2.136061 0.572788
v -0.502549 1.980514 0.678691
v -0.518774 2.069640 0.650951
v -0.537738 2.158095 0.616453
v -0.259310 1.995530 0.706393
v -0.267845 2.084260 0.671813
v -0.279610 2.165782 0.622910
v -0.254144 0.958588 0.705030
v -0.303631 1.017886 0.718171
v -0.359728 1.089487 0.721202
v -0.178907 0.945650 0.723348
v -0.214200 1.006363 0.741376
v -0.253599 1.073210 0.750139
v -0.092115 0.930504 0.729366
v -0.110523 0.994914 0.749889
v -0.130857 1.062630 0.762246
v -0.478984 1.251736 0.712387
v -0.552334 1.350475 0.699925
v -0.599363 1.463699 0.693406
v -0.165531 1.219604 0.777791
v -0.172590 1.322836 0.783644
v -0.213479 1.424618 0.784620
v -0.638402 1.638820 0.680582
v -0.647527 1.709662 0.673780
v -0.667256 1.786315 0.662025
v -0.481749 1.631844 0.737490
v -0.473622 1.714735 0.730558
v -0.476337 1.801193 0.718108
v -0.245292 1.607173 0.776485
v -0.243837 1.706064 0.765860
v -0.246191 1.804282 0.750537
v -0.814303 2.329760 0.506309
v -0.845336 2.434365 0.467219
v -0.875411 2.543996 0.422843
v -0.602409 2.348211 0.538120
v -0.644633 2.452295 0.496075
v -0.683397 2.560190 0.450115
v -0.373509 2.349060 0.516372
v -0.438716 2.455048 0.470254
v -0.490332 2.561947 0.423252
v -0.975097 3.277224 0.051065
v -0.974774 3.401206 -0.020353
v -0.967010 3.527860 -0.096802
v -0.836513 3.283796 0.076981
v -0.844975 3.407497 0.003930
v -0.845663 3.534460 -0.074548
v -0.699620 3.279360 0.062768
v -0.715895 3.403629 -0.009631
v -0.723943 3.531795 -0.087945
v -0.926241 2.778899 0.314931
v -0.945204 2.902639 0.252613
v -0.959628 3.028152 0.187028
v -0.749782 2.790539 0.341784
v -0.777957 2.912494 0.279793
v -0.802108 3.036566 0.214340
v -0.573980 2.788218 0.318158
v -0.612183 2.908958 0.259012
v -0.646673 3.032328 0.196402
v -0.921252 3.798079 -0.268086
v -0.882141 3.938686 -0.357572
v -0.834321 4.076239 -0.443635
v -0.816643 3.807430 -0.251090
v -0.786231 3.950311 -0.343840
v -0.747473 4.090302 -0.433145
v -0.710213 3.809555 -0.265089
v -0.688290 3.955845 -0.358574
v -0.658590 4.099460 -0.448738
v -0.723095 4.320714 -0.594055
v -0.667755 4.418005 -0.659086
v -0.618886 4.493989 -0.718902
v -0.655758 4.338589 -0.589422
v -0.610129 4.437248 -0.657042
v -0.569745 4.514884 -0.720177
v -0.586446 4.353854 -0.606650
v -0.551458 4.453240 -0.673668
v -0.522248 4.528653 -0.734047
v -0.556886 3.741678 -0.589033
v -0.542720 3.765030 -0.492856
v -0.563979 3.786911 -0.394394
v -0.542365 3.904368 -0.657685
v -0.530884 3.924499 -0.570086
v -0.552005 3.942051 -0.479646
v -0.521206 4.065903 -0.723605
v -0.512234 4.082480 -0.644392
v -0.533054 4.095261 -0.561839
v -0.197246 0.845557 0.512766
v -0.195533 0.854377 0.575274
v -0.201047 0.876977 0.633125
v -0.132530 0.820599 0.517017
v -0.129690 0.828421 0.582608
v -0.135627 0.853373 0.642983
v -0.066588 0.800837 0.522362
v -0.064712 0.807538 0.587398
v -0.068329 0.833050 0.647338
v -1.203389 2.905508 -0.241246
v -1.220636 2.941229 -0.114541
v -1.183036 2.977275 0.011581
v -1.193592 2.770500 -0.204076
v -1.214854 2.808500 -0.067934
v -1.178252 2.847217 0.067381
v -1.176682 2.637325 -0.169633
v -1.202235 2.677402 -0.023790
v -1.167289 2.718733 0.120684
v -0.461971 4.619492 -0.949425
v -0.461846 4.630345 -0.906489
v -0.475650 4.616379 -0.850607
v -0.499402 4.610590 -0.945964
v -0.500110 4.621164 -0.901674
v -0.513063 4.607494 -0.844510
v -0.548889 4.578585 -0.926213
v -0.550644 4.587728 -0.884097
v -0.560911 4.577265 -0.831359
v -0.520904 3.168976 -0.345460
v -0.494820 3.202368 -0.221222
v -0.517114 3.235862 -0.096526
v -0.544530 3.301013 -0.397808
v -0.521269 3.332148 -0.279845
v -0.542989 3.363384 -0.161197
v -0.558541 3.438386 -0.456486
v -0.538367 3.467179 -0.345006
v -0.559813 3.495862 -0.232419
v -0.663865 4.462865 -0.866660
v -0.674181 4.465878 -0.819162
v -0.673617 4.468166 -0.771164
v -0.728412 4.377648 -0.829497
v -0.742823 4.380407 -0.774561
v -0.738493 4.387650 -0.721984
v -0.797402 4.272280 -0.783569
v -0.814560 4.277180 -0.723074
v -0.807958 4.287898 -0.665629
v -1.025769 1.968183 0.026007
v -1.061551 2.009184 0.187507
v -1.029071 2.056255 0.349031
v -0.994934 1.878465 0.054502
v -1.031793 1.919394 0.214674
v -1.001469 1.965768 0.375354
v -0.961929 1.791913 0.082646
v -1.000318 1.832540 0.240531
v -0.973077 1.877797 0.399377
v -1.129213 3.439655 -0.433024
v -1.149629 3.465360 -0.332061
v -1.129011 3.491031 -0.233511
v -1.162971 3.305128 -0.376293
v -1.180681 3.333536 -0.270556
v -1.153862 3.361752 -0.166461
v -1.188572 3.172651 -0.326637
v -1.203942 3.203607 -0.215185
v -1.171213 3.234425 -0.104705
v -0.469560 4.356743 -0.842480
v -0.465264 4.365681 -0.776781
v -0.484775 4.368322 -0.706904
v -0.447901 4.470216 -0.889144
v -0.445284 4.476855 -0.830341
v -0.463593 4.474513 -0.766314
v -0.436906 4.552356 -0.920808
v -0.435037 4.559458 -0.870962
v -0.451518 4.552453 -0.813591
v -0.888283 1.621848 0.139358
v -0.928999 1.661157 0.289410
v -0.908249 1.704184 0.441266
v -0.847381 1.537935 0.168801
v -0.887587 1.576620 0.313332
v -0.869335 1.619231 0.459946
v -0.804244 1.456169 0.199666
v -0.843049 1.494151 0.337794
v -0.827345 1.536479 0.478115
v -0.340925 2.656030 -0.187331
v -0.309750 2.697938 -0.036730
v -0.339027 2.738697 0.115749
v -0.394802 2.779391 -0.221929
v -0.364131 2.819658 -0.077687
v -0.391216 2.859326 0.067887
v -0.444703 2.908132 -0.258709
v -0.414877 2.946213 -0.121241
v -0.439886 2.984039 0.017037
v -0.713450 1.302810 0.267137
v -0.747713 1.338185 0.390439
v -0.736468 1.376990 0.515964
v -0.664157 1.231246 0.303335
v -0.695497 1.264490 0.418288
v -0.685124 1.299392 0.535515
v -0.609267 1.161954 0.340282
v -0.637381 1.192669 0.446451
v -0.626890 1.223210 0.554966
v -1.131059 2.387195 -0.099603
v -1.163425 2.429158 0.058662
v -1.130767 2.474320 0.215042
v -1.106507 2.272349 -0.065530
v -1.140495 2.314182 0.095238
v -1.107662 2.360480 0.254365
v -1.081162 2.164248 -0.033456
v -1.115903 2.205683 0.128406
v -1.082544 2.252689 0.289140
v -0.474706 1.027683 0.413547
v -0.495421 1.053086 0.501968
v -0.484530 1.075984 0.592610
v -0.399857 0.967035 0.448328
v -0.415977 0.988932 0.526970
v -0.407189 1.008883 0.606950
v -0.328032 0.916559 0.480088
v -0.338181 0.933492 0.547903
v -0.333574 0.951851 0.615295
v -0.093499 2.245282 -0.046643
v -0.073343 2.288389 0.120619
v -0.094019 2.317733 0.292519
v -0.170548 2.340649 -0.083609
v -0.141137 2.382812 0.080796
v -0.171243 2.418267 0.248113
v -0.231936 2.437662 -0.119095
v -0.200042 2.480132 0.041654
v -0.232392 2.519156 0.204820
v -0.931482 4.013779 -0.677665
v -0.952854 4.025899 -0.605385
v -0.943983 4.041880 -0.535453
v -0.990147 3.870259 -0.618750
v -1.012986 3.886136 -0.538737
v -1.003041 3.904500 -0.461121
v -1.042561 3.723813 -0.557495
v -1.065993 3.743173 -0.469504
v -1.054086 3.763850 -0.383880
v 0.075877 2.129729 -0.156788
v -0.075875 2.129729 -0.156788
v -0.086834 2.075088 -0.167396
v 0.086836 2.075088 -0.167395
v 0.039464 2.119099 -0.153118
v 0.000001 2.116155 -0.152095
v -0.039462 2.119099 -0.153118
v -0.072019 2.256534 0.470965
v 0.072019 2.256534 0.470965
v 0.088298 2.217431 0.515151
v -0.088297 2.217431 0.515151
v -0.037465 2.245746 0.475904
v 0.000000 2.242759 0.477276
v 0.037465 2.245746 0.475904
v 0.062135 2.212803 -0.033818
v -0.062134 2.212803 -0.033818
v 0.032319 2.199400 -0.028514
v 0.000000 2.195688 -0.027040
v -0.032318 2.199400 -0.028514
v 0.054668 2.264622 0.130871
v -0.054668 2.264622 0.130871
v 0.028437 2.250135 0.137129
v 0.000000 2.246123 0.138865
v -0.028437 2.250135 0.137129
v 0.060080 2.280642 0.309174
v -0.060080 2.280642 0.309174
v 0.031254 2.266977 0.315316
v 0.000000 2.263192 0.317021
v -0.031254 2.266977 0.315316
v -0.023571 0.805223 0.464535
v 0.023571 0.805223 0.464535
v 0.023805 1.033730 0.249022
v -0.023805 1.033730 0.249022
v 0.023838 1.309756 0.016925
v -0.023836 1.309756 0.016925
v -0.023736 1.671031 -0.173662
v 0.023744 1.671031 -0.173662
v 0.023554 0.862236 0.695722
v -0.023554 0.862236 0.695722
v 0.024206 1.909281 0.745165
v -0.024206 1.909281 0.745165
v -0.024293 1.137795 0.775435
v 0.024293 1.137795 0.775435
v -0.026279 1.507327 0.798753
v 0.026279 1.507327 0.798753
v 0.023718 1.778123 -0.210184
v -0.023710 1.778123 -0.210185
v 0.023702 1.885858 -0.228053
v -0.023696 1.885858 -0.228053
v 0.023628 1.987776 -0.211886
v -0.023624 1.987776 -0.211886
v 0.023694 0.843028 0.407737
v -0.023694 0.843028 0.407737
v 0.023729 0.898281 0.354704
v -0.023729 0.898281 0.354704
v 0.023765 0.964185 0.302668
v -0.023765 0.964185 0.302668
v 0.023835 1.101438 0.192008
v -0.023835 1.101438 0.192008
v 0.023849 1.168251 0.132945
v -0.023849 1.168251 0.132945
v 0.023849 1.236798 0.073900
v -0.023848 1.236798 0.073900
v 0.023821 1.389379 -0.036310
v -0.023817 1.389379 -0.036310
v 0.023798 1.476125 -0.085660
v -0.023793 1.476125 -0.085660
v 0.023772 1.570006 -0.131364
v -0.023765 1.570006 -0.131364
v -0.023991 2.006214 0.718429
v 0.023991 2.006214 0.718429
v -0.023902 2.093140 0.676216
v 0.023902 2.093140 0.676216
v -0.023814 2.162729 0.607084
v 0.023814 2.162729 0.607084
v -0.023714 0.918171 0.729093
v 0.023714 0.918171 0.729093
v -0.023853 0.984699 0.750772
v 0.023853 0.984699 0.750772
v -0.024037 1.058183 0.764935
v 0.024037 1.058183 0.764935
v -0.024644 1.224808 0.785028
v 0.024644 1.224808 0.785028
v -0.025159 1.317199 0.793085
v 0.025159 1.317199 0.793085
v -0.025826 1.411404 0.798208
v 0.025826 1.411404 0.798208
v -0.026002 1.606197 0.793351
v 0.026002 1.606197 0.793351
v -0.025247 1.707212 0.782222
v 0.025248 1.707212 0.782222
v -0.024601 1.808767 0.765960
v 0.024601 1.808767 0.765960
v -0.023273 0.789793 0.526587
v 0.023273 0.789793 0.526587
v -0.023116 0.795698 0.589658
v 0.023116 0.795698 0.589658
v -0.023293 0.820593 0.647948
v 0.023293 0.820593 0.647948
v -0.023038 2.025698 -0.187955
v 0.023041 2.025698 -0.187955
v 0.023258 2.184316 0.562332
v -0.023258 2.184316 0.562332
v 0.268061 0.852997 0.457156
v 0.965093 2.028048 -0.154655
v 0.842831 1.664695 -0.032702
v 0.690329 1.332721 0.111790
v 0.499723 1.051849 0.290156
v 1.074505 2.470556 -0.277251
v 0.366044 2.505711 -0.297396
v 1.045185 3.557814 -0.595625
v 0.602410 3.555812 -0.619527
v 1.149276 3.007663 -0.400194
v 0.553849 3.008036 -0.423284
v 0.836802 4.149543 -0.808742
v 0.515078 4.194162 -0.854839
v 0.617747 4.528545 -0.934914
v 0.435528 4.582728 -0.978725
v 0.524209 1.156878 0.675610
v 0.275743 0.908525 0.671894
v 0.969146 2.197552 0.472757
v 0.863590 1.833323 0.572260
v 0.737451 1.500433 0.627115
v 0.366041 2.668763 0.306742
v 1.071294 2.636728 0.311858
v 0.611475 3.665755 -0.208295
v 1.056837 3.656859 -0.216038
v 1.111091 3.143351 0.069917
v 0.541369 3.150585 0.083538
v 0.539998 4.247288 -0.556647
v 0.857020 4.202353 -0.541345
v 0.461439 4.592827 -0.785278
v 0.632079 4.538855 -0.766368
v -0.268061 0.852997 0.457156
v -0.965092 2.028047 -0.154656
v -0.842829 1.664694 -0.032706
v -0.690329 1.332721 0.111789
v -0.499723 1.051849 0.290156
v -1.074505 2.470556 -0.277251
v -0.366044 2.505712 -0.297396
v -1.045185 3.557814 -0.595625
v -0.602410 3.555813 -0.619527
v -1.149275 3.007663 -0.400194
v -0.553848 3.008036 -0.423284
v -0.836802 4.149542 -0.808742
v -0.515078 4.194162 -0.854839
v -0.617747 4.528545 -0.934914
v -0.435528 4.582728 -0.978725
v -0.524209 1.156878 0.675611
v -0.275742 0.908525 0.671895
v -0.969147 2.197551 0.472757
v -0.863590 1.833322 0.572258
v -0.737451 1.500433 0.627115
v -0.366040 2.668763 0.306743
v -1.071294 2.636728 0.311859
v -0.611475 3.665755 -0.208295
v -1.056837 3.656858 -0.216038
v -1.111091 3.143351 0.069917
v -0.541369 3.150585 0.083538
v -0.539998 4.247288 -0.556647
v -0.857020 4.202353 -0.541345
v -0.461439 4.592826 -0.785277
v -0.632079 4.538854 -0.766367
v 0.435843 0.986180 0.335090
v 0.370258 0.926992 0.379571
v 0.310494 0.880472 0.422954
v 0.301605 2.066388 -0.262282
v 0.560825 2.039635 -0.281486
v 0.787298 2.024784 -0.245746
v 0.219300 0.832043 0.449237
v 0.151668 0.810446 0.446062
v 0.078139 0.793358 0.449903
v 0.936928 1.932259 -0.124824
v 0.907349 1.840581 -0.094801
v 0.876090 1.751793 -0.064223
v 0.807333 1.578415 0.000193
v 0.769795 1.493622 0.034947
v 0.730622 1.411383 0.072018
v 0.649043 1.258295 0.154356
v 0.604976 1.187397 0.198931
v 0.555923 1.118951 0.244526
v 0.143116 1.021896 0.221418
v 0.280281 1.027168 0.220241
v 0.402388 1.036036 0.239635
v 0.199601 1.297795 -0.004264
v 0.388909 1.302589 0.005249
v 0.556561 1.312998 0.039495
v 0.245494 1.653855 -0.188754
v 0.477348 1.647847 -0.168440
v 0.681537 1.649790 -0.121433
v 0.525887 2.474908 -0.373083
v 0.717372 2.458519 -0.391940
v 0.910708 2.456509 -0.360211
v 1.046261 2.349557 -0.246300
v 1.018981 2.235988 -0.215225
v 0.992153 2.129071 -0.184643
v 0.167115 2.205807 -0.200039
v 0.253142 2.303025 -0.234632
v 0.314236 2.400715 -0.266875
v 0.702832 3.541146 -0.669876
v 0.822628 3.537181 -0.680446
v 0.943174 3.542771 -0.655590
v 1.144202 2.870657 -0.365475
v 1.127343 2.733723 -0.335051
v 1.102939 2.599314 -0.306788
v 0.581167 3.138552 -0.463536
v 0.597946 3.270916 -0.509849
v 0.604919 3.408809 -0.562174
v 1.083771 3.415138 -0.538186
v 1.115721 3.277972 -0.485211
v 1.138860 3.143032 -0.439598
v 0.418144 2.621920 -0.326979
v 0.469263 2.746814 -0.356776
v 0.515667 2.876724 -0.388276
v 0.692975 2.987512 -0.488019
v 0.857005 2.981207 -0.503375
v 1.018203 2.988061 -0.473381
v 0.587095 4.176718 -0.885441
v 0.673773 4.162082 -0.884106
v 0.761347 4.152061 -0.857271
v 0.896649 4.007882 -0.759349
v 0.951367 3.858653 -0.706557
v 1.000600 3.707232 -0.651315
v 0.590805 3.713644 -0.680231
v 0.571191 3.877229 -0.741183
v 0.545239 4.039765 -0.799572
v 0.469157 4.591351 -0.995096
v 0.520473 4.582692 -0.990651
v 0.575195 4.556748 -0.964817
v 0.656047 4.474529 -0.923221
v 0.711128 4.387859 -0.895940
v 0.773339 4.277852 -0.855718
v 0.483340 4.333300 -0.905953
v 0.456100 4.448601 -0.946929
v 0.439590 4.532730 -0.971450
v 0.453355 1.079086 0.685441
v 0.383588 1.006791 0.688502
v 0.320603 0.947341 0.682887
v 0.305365 2.263205 0.584922
v 0.566210 2.258786 0.599838
v 0.792801 2.235754 0.562933
v 0.226878 0.894350 0.691859
v 0.157869 0.876951 0.707563
v 0.081754 0.859395 0.713499
v 0.942834 2.102182 0.502191
v 0.917146 2.010714 0.528557
v 0.891181 1.921468 0.551898
v 0.833193 1.746410 0.589673
v 0.800857 1.662909 0.604133
v 0.769031 1.582107 0.616141
v 0.699461 1.413774 0.638736
v 0.650730 1.323932 0.650964
v 0.591516 1.237931 0.663412
v 0.198478 1.142304 0.790702
v 0.284398 1.124561 0.771615
v 0.399386 1.167542 0.748478
v 0.314432 1.512310 0.796915
v 0.479391 1.576034 0.760185
v 0.601425 1.561860 0.722122
v 0.254327 1.906354 0.753994
v 0.492705 1.894831 0.723504
v 0.699743 1.872098 0.667262
v 0.526647 2.683798 0.392635
v 0.718639 2.682651 0.420476
v 0.910504 2.666810 0.393239
v 1.048967 2.518334 0.360536
v 1.023480 2.405547 0.402952
v 0.996378 2.298565 0.440010
v 0.170129 2.352050 0.447391
v 0.256388 2.457807 0.400218
v 0.316608 2.561485 0.354286
v 0.715813 3.678703 -0.153933
v 0.837761 3.680308 -0.139889
v 0.957690 3.672673 -0.161359
v 1.108944 3.015464 0.134239
v 1.101661 2.887072 0.196916
v 1.089080 2.760183 0.256693
v 0.571646 3.274262 0.019170
v 0.593865 3.399392 -0.050123
v 0.607421 3.528898 -0.125675
v 1.082305 3.523949 -0.136683
v 1.098809 3.395625 -0.063510
v 1.108002 3.269523 0.004629
v 0.414056 2.783104 0.255912
v 0.460685 2.903091 0.201710
v 0.503800 3.026359 0.144265
v 0.669478 3.168187 0.150351
v 0.822706 3.172189 0.167378
v 0.977481 3.163788 0.139497
v 0.616934 4.244857 -0.511800
v 0.704158 4.234645 -0.495560
v 0.788394 4.219723 -0.505667
v 0.918904 4.073164 -0.466337
v 0.974057 3.935954 -0.384859
v 1.020570 3.795537 -0.300180
v 0.605336 3.811464 -0.297213
v 0.590058 3.961230 -0.387877
v 0.567486 4.108666 -0.475457
v 0.494810 4.600151 -0.776706
v 0.542292 4.591256 -0.770003
v 0.592979 4.566196 -0.766683
v 0.671806 4.492219 -0.726792
v 0.728298 4.416263 -0.671713
v 0.791792 4.318243 -0.609509
v 0.510689 4.370706 -0.629653
v 0.484751 4.472966 -0.693860
v 0.467552 4.548899 -0.747739
v 0.473853 4.212771 -0.791661
v 0.465881 4.229145 -0.711320
v 0.488142 4.241142 -0.628152
v 0.545194 3.641390 -0.302371
v 0.521879 3.611412 -0.416188
v 0.540583 3.581094 -0.528712
v 0.277373 0.888795 0.629929
v 0.276271 0.868526 0.568873
v 0.272825 0.856181 0.504915
v 1.176339 2.502745 -0.142912
v 1.207849 2.547125 0.019983
v 1.172555 2.594490 0.180445
v 1.201875 3.112183 -0.036116
v 1.241264 3.075374 -0.162388
v 1.225029 3.038572 -0.290329
v 0.622291 4.543097 -0.904262
v 0.626841 4.551075 -0.858217
v 0.630624 4.547977 -0.806939
v 0.437300 4.613098 -0.832922
v 0.419121 4.622979 -0.894278
v 0.420020 4.609494 -0.948310
v 0.461573 3.119390 -0.031233
v 0.436387 3.080781 -0.170750
v 0.466437 3.041454 -0.309908
v 0.886777 4.155597 -0.743187
v 0.907190 4.167889 -0.670175
v 0.897543 4.184246 -0.599538
v 0.946445 1.695977 0.103744
v 0.988511 1.738058 0.266608
v 0.963484 1.785399 0.431373
v 1.077335 2.148722 0.330821
v 1.112601 2.098100 0.160322
v 1.075338 2.054680 -0.011048
v 1.117123 3.633908 -0.300408
v 1.134576 3.607301 -0.401886
v 1.110496 3.580725 -0.505710
v 0.778209 1.364034 0.226743
v 0.816854 1.402677 0.365115
v 0.803153 1.447007 0.506072
v 0.266125 2.636734 0.166862
v 0.233149 2.593993 0.000038
v 0.266247 2.547998 -0.164473
v 0.562428 1.076724 0.374656
v 0.588204 1.106112 0.477814
v 0.576808 1.134692 0.583340
v -0.435843 0.986180 0.335090
v -0.370258 0.926992 0.379571
v -0.310494 0.880472 0.422954
v -0.301603 2.066388 -0.262282
v -0.560824 2.039634 -0.281487
v -0.787297 2.024783 -0.245747
v -0.219300 0.832043 0.449237
v -0.151668 0.810446 0.446062
v -0.078139 0.793358 0.449903
v -0.936927 1.932258 -0.124826
v -0.907348 1.840580 -0.094804
v -0.876089 1.751791 -0.064227
v -0.807332 1.578413 0.000189
v -0.769793 1.493621 0.034944
v -0.730621 1.411382 0.072017
v -0.649043 1.258294 0.154356
v -0.604976 1.187397 0.198931
v -0.555923 1.118951 0.244526
v -0.143115 1.021896 0.221418
v -0.280281 1.027168 0.220241
v -0.402388 1.036036 0.239635
v -0.199599 1.297794 -0.004265
v -0.388908 1.302589 0.005249
v -0.556560 1.312997 0.039494
v -0.245488 1.653854 -0.188755
v -0.477344 1.647846 -0.168443
v -0.681534 1.649789 -0.121437
v -0.525887 2.474909 -0.373083
v -0.717372 2.458519 -0.391940
v -0.910708 2.456508 -0.360210
v -1.046261 2.349556 -0.246300
v -1.018981 2.235988 -0.215225
v -0.992153 2.129070 -0.184644
v -0.167115 2.205807 -0.200039
v -0.253141 2.303025 -0.234632
v -0.314235 2.400715 -0.266875
v -0.702832 3.541146 -0.669875
v -0.822628 3.537181 -0.680446
v -0.943174 3.542771 -0.655590
v -1.144201 2.870657 -0.365475
v -1.127343 2.733724 -0.335051
v -1.102939 2.599314 -0.306788
v -0.581167 3.138552 -0.463536
v -0.597946 3.270916 -0.509849
v -0.604919 3.408809 -0.562174
v -1.083770 3.415138 -0.538186
v -1.115720 3.277972 -0.485211
v -1.138860 3.143032 -0.439597
v -0.418144 2.621921 -0.326979
v -0.469262 2.746814 -0.356776
v -0.515667 2.876724 -0.388276
v -0.692975 2.987512 -0.488019
v -0.857004 2.981207 -0.503375
v -1.018202 2.988061 -0.473381
v -0.587095 4.176717 -0.885441
v -0.673773 4.162082 -0.884106
v -0.761348 4.152061 -0.857271
v -0.896649 4.007882 -0.759349
v -0.951367 3.858653 -0.706557
v -1.000600 3.707232 -0.651315
v -0.590805 3.713644 -0.680231
v -0.571191 3.877229 -0.741183
v -0.545239 4.039764 -0.799572
v -0.469157 4.591350 -0.995096
v -0.520473 4.582690 -0.990651
v -0.575195 4.556748 -0.964816
v -0.656047 4.474528 -0.923221
v -0.711128 4.387859 -0.895940
v -0.773339 4.277852 -0.855718
v -0.483341 4.333300 -0.905953
v -0.456100 4.448600 -0.946928
v -0.439590 4.532729 -0.971449
v -0.453354 1.079086 0.685441
v -0.383588 1.006791 0.688502
v -0.320603 0.947341 0.682887
v -0.305365 2.263205 0.584922
v -0.566210 2.258785 0.599838
v -0.792800 2.235753 0.562933
v -0.226878 0.894350 0.691859
v -0.157868 0.876951 0.707563
v -0.081753 0.859395 0.713499
v -0.942834 2.102181 0.502190
v -0.917146 2.010713 0.528556
v -0.891181 1.921467 0.551897
v -0.833193 1.746410 0.589672
v -0.800857 1.662908 0.604132
v -0.769031 1.582107 0.616140
v -0.699460 1.413774 0.638736
v -0.650730 1.323932 0.650964
v -0.591515 1.237931 0.663412
v -0.198478 1.142304 0.790702
v -0.284398 1.124561 0.771615
v -0.399385 1.167542 0.748479
v -0.314432 1.512310 0.796915
v -0.479390 1.576034 0.760185
v -0.601424 1.561860 0.722122
v -0.254327 1.906353 0.753994
v -0.492705 1.894831 0.723503
v -0.699743 1.872098 0.667261
v -0.526647 2.683798 0.392635
v -0.718639 2.682651 0.420476
v -0.910503 2.666810 0.393240
v -1.048966 2.518333 0.360537
v -1.023480 2.405547 0.402952
v -0.996378 2.298564 0.440010
v -0.170128 2.352050 0.447392
v -0.256388 2.457807 0.400218
v -0.316607 2.561485 0.354287
v -0.715813 3.678703 -0.153933
v -0.837761 3.680308 -0.139889
v -0.957690 3.672673 -0.161359
v -1.108944 3.015465 0.134239
v -1.101661 2.887072 0.196916
v -1.089080 2.760183 0.256694
v -0.571646 3.274262 0.019170
v -0.593865 3.399393 -0.050123
v -0.607421 3.528897 -0.125675
v -1.082305 3.523948 -0.136683
v -1.098809 3.395624 -0.063510
v -1.108002 3.269523 0.004629
v -0.414055 2.783104 0.255912
v -0.460685 2.903091 0.201710
v -0.503800 3.026360 0.144265
v -0.669478 3.168187 0.150351
v -0.822706 3.172189 0.167378
v -0.977481 3.163788 0.139498
v -0.616934 4.244857 -0.511800
v -0.704158 4.234645 -0.495560
v -0.788394 4.219723 -0.505667
v -0.918904 4.073164 -0.466337
v -0.974057 3.935954 -0.384859
v -1.020570 3.795538 -0.300180
v -0.605336 3.811464 -0.297213
v -0.590058 3.961230 -0.387876
v -0.567486 4.108666 -0.475457
v -0.494810 4.600150 -0.776706
v -0.542292 4.591255 -0.770003
v -0.592979 4.566195 -0.766683
v -0.671806 4.492219 -0.726792
v -0.728298 4.416263 -0.671713
v -0.791792 4.318242 -0.609509
v -0.510689 4.370706 -0.629653
v -0.484751 4.472966 -0.693859
v -0.467552 4.548899 -0.747739
v -0.473853 4.212770 -0.791661
v -0.465881 4.229144 -0.711320
v -0.488141 4.241142 -0.628152
v -0.545194 3.641390 -0.302371
v -0.521879 3.611412 -0.416188
v -0.540582 3.581094 -0.528712
v -0.277373 0.888795 0.629929
v -0.276271 0.868526 0.568874
v -0.272825 0.856181 0.504915
v -1.176339 2.502744 -0.142912
v -1.207848 2.547125 0.019983
v -1.172555 2.594490 0.180445
v -1.201874 3.112183 -0.036116
v -1.241263 3.075374 -0.162388
v -1.225028 3.038572 -0.290329
v -0.622291 4.543097 -0.904262
v -0.626841 4.551075 -0.858217
v -0.630624 4.547977 -0.806939
v -0.437300 4.613097 -0.832922
v -0.419121 4.622978 -0.894277
v -0.420020 4.609493 -0.948310
v -0.461573 3.119390 -0.031233
v -0.436387 3.080781 -0.170750
v -0.466436 3.041454 -0.309908
v -0.886777 4.155598 -0.743187
v -0.907190 4.167889 -0.670175
v -0.897543 4.184246 -0.599538
v -0.946444 1.695975 0.103740
v -0.988511 1.738057 0.266605
v -0.963484 1.785398 0.431371
v -1.077335 2.148721 0.330821
v -1.112601 2.098099 0.160322
v -1.075337 2.054679 -0.011049
v -1.117123 3.633908 -0.300407
v -1.134576 3.607301 -0.401886
v -1.110496 3.580725 -0.505709
v -0.778209 1.364034 0.226742
v -0.816853 1.402677 0.365114
v -0.803152 1.447007 0.506071
v -0.266125 2.636734 0.166862
v -0.233149 2.593993 0.000038
v -0.266246 2.547998 -0.164473
v -0.562428 1.076723 0.374656
v -0.588204 1.106112 0.477814
v -0.576807 1.134692 0.583340
v 0.709055 1.740596 -0.155233
v 0.735279 1.833348 -0.187014
v 0.760945 1.928015 -0.216912
v 0.496872 1.744169 -0.203855
v 0.515666 1.842789 -0.234348
v 0.535235 1.941685 -0.258701
v 0.255555 1.756880 -0.225260
v 0.265074 1.862732 -0.250644
v 0.275739 1.967469 -0.259014
v 0.251973 0.862360 0.391607
v 0.298577 0.910408 0.339282
v 0.350923 0.970473 0.289212
v 0.175022 0.845747 0.381967
v 0.207379 0.898178 0.325109
v 0.244065 0.960757 0.272259
v 0.089354 0.832730 0.385424
v 0.105537 0.888836 0.328148
v 0.124354 0.954006 0.274628
v 0.447736 1.102198 0.189049
v 0.487361 1.169414 0.137976
v 0.523034 1.239213 0.087672
v 0.312236 1.093124 0.166661
v 0.340150 1.159737 0.111924
v 0.365276 1.228964 0.057554
v 0.159737 1.088338 0.165915
v 0.174260 1.154899 0.108600
v 0.187324 1.223979 0.051216
v 0.589399 1.391651 -0.005385
v 0.621444 1.474579 -0.046924
v 0.652276 1.560909 -0.085468
v 0.412088 1.381790 -0.043480
v 0.434750 1.466144 -0.088453
v 0.456597 1.555012 -0.129979
v 0.211635 1.377909 -0.056058
v 0.223401 1.464166 -0.103877
v 0.234740 1.556207 -0.147989
v 0.815436 2.124493 -0.274444
v 0.845405 2.228663 -0.303265
v 0.876946 2.338807 -0.331940
v 0.596620 2.137996 -0.307696
v 0.637419 2.239249 -0.336238
v 0.677196 2.345178 -0.364473
v 0.363410 2.164786 -0.284835
v 0.427076 2.264163 -0.315201
v 0.479174 2.366003 -0.344861
v 1.015904 3.123209 -0.509945
v 1.000559 3.258626 -0.553061
v 0.975595 3.397375 -0.602723
v 0.864987 3.115351 -0.539193
v 0.860279 3.250500 -0.581274
v 0.845516 3.390014 -0.629152
v 0.711458 3.120063 -0.524967
v 0.718219 3.254174 -0.567983
v 0.714940 3.393397 -0.616783
v 0.946451 2.582723 -0.387693
v 0.979435 2.715432 -0.414279
v 1.004863 2.851510 -0.441993
v 0.759811 2.581330 -0.418757
v 0.800477 2.711554 -0.445231
v 0.834393 2.845932 -0.472702
v 0.573850 2.594244 -0.400392
v 0.620589 2.721789 -0.427634
v 0.661673 2.854045 -0.456199
v 0.904973 3.695817 -0.707787
v 0.862106 3.851838 -0.760051
v 0.813960 4.005929 -0.809842
v 0.793430 3.693164 -0.733067
v 0.758616 3.853290 -0.785784
v 0.718345 4.011777 -0.835999
v 0.683057 3.698899 -0.725560
v 0.656414 3.861784 -0.781338
v 0.623898 4.023355 -0.834613
v 0.705582 4.284485 -0.902996
v 0.651714 4.398510 -0.941617
v 0.605759 4.489914 -0.965236
v 0.626398 4.298222 -0.930318
v 0.581424 4.415244 -0.968955
v 0.544881 4.509938 -0.992006
v 0.548045 4.315265 -0.933385
v 0.512476 4.432042 -0.972388
v 0.486345 4.522389 -0.995167
v 0.722258 1.960024 0.646807
v 0.507075 1.986112 0.701335
v 0.261409 2.002676 0.728955
v 0.744395 2.049688 0.622525
v 0.522691 2.077094 0.673169
v 0.269122 2.094857 0.693041
v 0.767308 2.141148 0.594443
v 0.540604 2.167016 0.638288
v 0.278960 2.179966 0.641961
v 0.262920 0.945273 0.722643
v 0.183976 0.934125 0.743498
v 0.094721 0.920164 0.750599
v 0.312866 1.007892 0.737648
v 0.218876 0.998972 0.763467
v 0.112342 0.988705 0.772751
v 0.369188 1.082563 0.741868
v 0.258504 1.068685 0.772943
v 0.132623 1.058925 0.785649
v 0.490802 1.244238 0.731588
v 0.166798 1.217320 0.801407
v 0.565482 1.344667 0.718844
v 0.174144 1.321469 0.807314
v 0.613087 1.460725 0.712573
v 0.215341 1.424515 0.808307
v 0.649149 1.638397 0.701769
v 0.487654 1.633241 0.760463
v 0.247967 1.608901 0.800030
v 0.657502 1.710411 0.695332
v 0.478986 1.717309 0.753561
v 0.246444 1.709090 0.789282
v 0.676856 1.787626 0.683720
v 0.481396 1.804526 0.741083
v 0.248691 1.808312 0.773819
v 0.822029 2.335431 0.528050
v 0.603464 2.356986 0.560175
v 0.368493 2.361637 0.535896
v 0.853008 2.440610 0.488822
v 0.645371 2.461272 0.518062
v 0.432809 2.466942 0.489956
v 0.883083 2.551057 0.444193
v 0.683960 2.569653 0.471901
v 0.483878 2.573592 0.442931
v 0.982980 3.288125 0.070650
v 0.837483 3.295603 0.097577
v 0.692939 3.291425 0.082115
v 0.982665 3.412790 -0.001167
v 0.845963 3.419739 0.024269
v 0.709232 3.415785 0.009667
v 0.974899 3.540169 -0.078073
v 0.846653 3.547125 -0.054470
v 0.717297 3.543965 -0.068651
v 0.933953 2.787649 0.335632
v 0.750312 2.801003 0.363109
v 0.567134 2.799932 0.337662
v 0.952957 2.912007 0.273026
v 0.778596 2.923313 0.300936
v 0.605342 2.920745 0.278474
v 0.967430 3.038028 0.207181
v 0.802886 3.047689 0.235321
v 0.639884 3.044187 0.215840
v 0.929147 3.811462 -0.250111
v 0.817679 3.820510 -0.231281
v 0.703634 3.821326 -0.245526
v 0.890066 3.952372 -0.339840
v 0.787319 3.963362 -0.324015
v 0.681742 3.967236 -0.338778
v 0.842346 4.090177 -0.426147
v 0.748627 4.103270 -0.413270
v 0.652016 4.110428 -0.428712
v 0.731656 4.335757 -0.577778
v 0.657238 4.352133 -0.569957
v 0.579703 4.364698 -0.586614
v 0.676824 4.434193 -0.644246
v 0.612207 4.452088 -0.638603
v 0.545036 4.465265 -0.654208
v 0.628560 4.511636 -0.706272
v 0.573094 4.531940 -0.703977
v 0.517083 4.543278 -0.716048
v 0.534753 3.737140 -0.596387
v 0.520252 3.899085 -0.664588
v 0.499119 4.060012 -0.730085
v 0.518988 3.764390 -0.491903
v 0.507224 3.922956 -0.568552
v 0.488669 4.080236 -0.642341
v 0.542213 3.790694 -0.385649
v 0.530326 3.944909 -0.470351
v 0.511487 4.097345 -0.552089
v 0.206605 0.823743 0.513817
v 0.139942 0.798024 0.516986
v 0.072584 0.777869 0.521356
v 0.205341 0.833372 0.580478
v 0.137673 0.806724 0.588090
v 0.071468 0.785461 0.593013
v 0.210532 0.857238 0.642342
v 0.143080 0.833497 0.653658
v 0.074308 0.813257 0.659043
v 1.225612 2.902509 -0.249102
v 1.215612 2.766243 -0.211922
v 1.198435 2.632013 -0.177579
v 1.244334 2.941614 -0.112864
v 1.238537 2.807449 -0.066328
v 1.225844 2.675127 -0.022372
v 1.204135 2.981418 0.021693
v 1.199566 2.850112 0.077474
v 1.188777 2.720427 0.130680
v 0.456224 4.638349 -0.962690
v 0.508878 4.629003 -0.957615
v 0.564227 4.594695 -0.934567
v 0.456124 4.653405 -0.906750
v 0.509307 4.643051 -0.902661
v 0.565343 4.606324 -0.885741
v 0.472145 4.638143 -0.841739
v 0.520797 4.629039 -0.838142
v 0.574027 4.596733 -0.827681
v 0.499390 3.169892 -0.355502
v 0.522707 3.300214 -0.407168
v 0.536521 3.436071 -0.465104
v 0.471626 3.207258 -0.222842
v 0.497774 3.335536 -0.280873
v 0.514686 3.469082 -0.345374
v 0.495860 3.244175 -0.089917
v 0.521488 3.370625 -0.154140
v 0.538130 3.501941 -0.224840
v 0.682836 4.474813 -0.874526
v 0.748054 4.387342 -0.838701
v 0.817391 4.279989 -0.793842
v 0.692782 4.480389 -0.821988
v 0.762513 4.393314 -0.777759
v 0.835106 4.288601 -0.726536
v 0.691027 4.484230 -0.769320
v 0.756731 4.402647 -0.719343
v 0.826885 4.301847 -0.662206
v 1.046410 1.959238 0.018364
v 1.015360 1.868862 0.047080
v 0.982129 1.781708 0.075413
v 1.084316 2.002558 0.189057
v 1.054354 1.912097 0.216198
v 1.022658 1.824572 0.241939
v 1.050173 2.053120 0.359493
v 1.022516 1.962041 0.385732
v 0.994049 1.873356 0.409625
v 1.150845 3.441173 -0.442736
v 1.184862 3.306214 -0.385467
v 1.210710 3.172801 -0.335267
v 1.172758 3.470655 -0.333306
v 1.203980 3.338191 -0.270796
v 1.227421 3.207183 -0.214475
v 1.149952 3.499544 -0.226195
v 1.174742 3.369411 -0.158100
v 1.192067 3.241039 -0.095437
v 0.447390 4.350209 -0.847989
v 0.425435 4.464500 -0.894356
v 0.413912 4.549676 -0.926160
v 0.441849 4.362770 -0.773989
v 0.421808 4.474752 -0.827348
v 0.411518 4.560713 -0.867827
v 0.463305 4.369593 -0.696805
v 0.442174 4.476568 -0.756237
v 0.430534 4.557293 -0.803552
v 0.907959 1.610417 0.132526
v 0.866749 1.525813 0.162286
v 0.823286 1.443345 0.193544
v 0.950688 1.651536 0.290670
v 0.908872 1.566146 0.314678
v 0.863956 1.482960 0.339280
v 0.928785 1.697703 0.451309
v 0.889592 1.611782 0.469883
v 0.847445 1.528332 0.487821
v 0.320757 2.662064 -0.198348
v 0.374414 2.784697 -0.232917
v 0.423992 2.912324 -0.269571
v 0.288009 2.707141 -0.039402
v 0.342084 2.828124 -0.080287
v 0.392466 2.953724 -0.123661
v 0.318935 2.750011 0.121480
v 0.370830 2.870058 0.073698
v 0.419207 2.994093 0.023019
v 0.731690 1.288463 0.262037
v 0.681802 1.215956 0.298930
v 0.626164 1.145636 0.336711
v 0.767760 1.325576 0.392351
v 0.714835 1.250875 0.420568
v 0.655759 1.177862 0.449205
v 0.756106 1.367179 0.525055
v 0.704102 1.288279 0.544509
v 0.644913 1.210646 0.564014
v 1.152373 2.380492 -0.107685
v 1.127679 2.265215 -0.073616
v 1.102191 2.156636 -0.041480
v 1.186817 2.425170 0.059863
v 1.163769 2.309569 0.096478
v 1.139040 2.200451 0.129753
v 1.152293 2.473903 0.225091
v 1.129082 2.359218 0.264570
v 1.103833 2.250718 0.299504
v 0.489910 1.009490 0.411991
v 0.414194 0.948093 0.447906
v 0.341297 0.896863 0.480877
v 0.511539 1.036029 0.505687
v 0.430987 0.970968 0.531036
v 0.351854 0.914567 0.552310
v 0.500508 1.060827 0.601528
v 0.422138 0.992472 0.615420
v 0.347225 0.934094 0.623222
v 0.076104 2.258164 -0.056441
v 0.151634 2.350236 -0.094327
v 0.212253 2.445154 -0.130094
v 0.054487 2.302524 0.117594
v 0.121162 2.395349 0.077906
v 0.179103 2.491019 0.038899
v 0.077208 2.334239 0.295597
v 0.153045 2.432811 0.252786
v 0.213221 2.532089 0.210276
v 0.951920 4.018247 -0.688928
v 1.010861 3.873568 -0.629907
v 1.063568 3.726364 -0.568299
v 0.974749 4.034402 -0.608969
v 1.035340 3.893467 -0.542069
v 1.088678 3.749632 -0.472368
v 0.964103 4.053665 -0.530891
v 1.023585 3.915328 -0.456096
v 1.074912 3.773837 -0.378306
v -0.709053 1.740595 -0.155236
v -0.496868 1.744168 -0.203858
v -0.255549 1.756880 -0.225261
v -0.735277 1.833347 -0.187016
v -0.515663 1.842788 -0.234350
v -0.265070 1.862732 -0.250645
v -0.760944 1.928015 -0.216913
v -0.535233 1.941685 -0.258703
v -0.275736 1.967469 -0.259015
v -0.251973 0.862360 0.391607
v -0.175022 0.845747 0.381968
v -0.089354 0.832730 0.385424
v -0.298577 0.910408 0.339282
v -0.207379 0.898178 0.325109
v -0.105537 0.888836 0.328148
v -0.350923 0.970473 0.289212
v -0.244065 0.960757 0.272259
v -0.124354 0.954006 0.274628
v -0.447736 1.102198 0.189050
v -0.312236 1.093124 0.166661
v -0.159737 1.088338 0.165915
v -0.487361 1.169414 0.137976
v -0.340150 1.159736 0.111924
v -0.174260 1.154899 0.108600
v -0.523034 1.239213 0.087672
v -0.365276 1.228964 0.057554
v -0.187323 1.223979 0.051216
v -0.589398 1.391651 -0.005387
v -0.412086 1.381789 -0.043481
v -0.211633 1.377909 -0.056059
v -0.621442 1.474578 -0.046926
v -0.434747 1.466143 -0.088455
v -0.223396 1.464166 -0.103878
v -0.652274 1.560908 -0.085471
v -0.456593 1.555011 -0.129982
v -0.234734 1.556207 -0.147990
v -0.815436 2.124492 -0.274444
v -0.596620 2.137996 -0.307696
v -0.363410 2.164786 -0.284835
v -0.845405 2.228663 -0.303265
v -0.637419 2.239249 -0.336238
v -0.427076 2.264163 -0.315201
v -0.876946 2.338807 -0.331940
v -0.677195 2.345178 -0.364473
v -0.479174 2.366002 -0.344861
v -1.015904 3.123209 -0.509945
v -0.864986 3.115351 -0.539193
v -0.711458 3.120064 -0.524967
v -1.000559 3.258626 -0.553061
v -0.860279 3.250500 -0.581274
v -0.718218 3.254174 -0.567983
v -0.975594 3.397374 -0.602723
v -0.845516 3.390014 -0.629152
v -0.714940 3.393396 -0.616783
v -0.946451 2.582723 -0.387693
v -0.759811 2.581330 -0.418757
v -0.573850 2.594244 -0.400391
v -0.979434 2.715432 -0.414279
v -0.800477 2.711554 -0.445231
v -0.620588 2.721789 -0.427634
v -1.004862 2.851510 -0.441993
v -0.834392 2.845932 -0.472701
v -0.661672 2.854045 -0.456198
v -0.904973 3.695817 -0.707787
v -0.793430 3.693164 -0.733067
v -0.683057 3.698899 -0.725560
v -0.862106 3.851838 -0.760051
v -0.758616 3.853290 -0.785784
v -0.656414 3.861784 -0.781338
v -0.813960 4.005929 -0.809842
v -0.718346 4.011776 -0.835999
v -0.623898 4.023355 -0.834613
v -0.705582 4.284485 -0.902996
v -0.626398 4.298222 -0.930318
v -0.548045 4.315264 -0.933385
v -0.651714 4.398510 -0.941617
v -0.581424 4.415244 -0.968955
v -0.512476 4.432042 -0.972387
v -0.605759 4.489914 -0.965236
v -0.544881 4.509937 -0.992006
v -0.486345 4.522388 -0.995167
v -0.722258 1.960023 0.646807
v -0.744394 2.049687 0.622524
v -0.767308 2.141148 0.594442
v -0.507075 1.986111 0.701335
v -0.522691 2.077094 0.673169
v -0.540604 2.167016 0.638288
v -0.261409 2.002676 0.728955
v -0.269122 2.094857 0.693041
v -0.278960 2.179966 0.641960
v -0.262920 0.945273 0.722643
v -0.312866 1.007892 0.737649
v -0.369188 1.082563 0.741868
v -0.183976 0.934125 0.743498
v -0.218875 0.998972 0.763467
v -0.258503 1.068685 0.772943
v -0.094721 0.920164 0.750599
v -0.112342 0.988705 0.772751
v -0.132623 1.058925 0.785649
v -0.490802 1.244238 0.731588
v -0.565482 1.344667 0.718844
v -0.613086 1.460725 0.712573
v -0.166798 1.217320 0.801407
v -0.174144 1.321469 0.807314
v -0.215341 1.424515 0.808307
v -0.649149 1.638397 0.701769
v -0.657502 1.710410 0.695331
v -0.676856 1.787625 0.683719
v -0.487653 1.633241 0.760463
v -0.478986 1.717309 0.753561
v -0.481396 1.804526 0.741083
v -0.247967 1.608901 0.800030
v -0.246444 1.709090 0.789282
v -0.248691 1.808312 0.773819
v -0.822029 2.335431 0.528050
v -0.853008 2.440610 0.488822
v -0.883083 2.551057 0.444193
v -0.603464 2.356986 0.560175
v -0.645370 2.461272 0.518062
v -0.683960 2.569653 0.471902
v -0.368493 2.361637 0.535896
v -0.432809 2.466942 0.489956
v -0.483878 2.573592 0.442932
v -0.982980 3.288125 0.070650
v -0.982665 3.412790 -0.001167
v -0.974899 3.540169 -0.078073
v -0.837482 3.295602 0.097577
v -0.845963 3.419740 0.024269
v -0.846653 3.547125 -0.054470
v -0.692939 3.291425 0.082115
v -0.709233 3.415785 0.009667
v -0.717297 3.543965 -0.068651
v -0.933953 2.787649 0.335632
v -0.952957 2.912007 0.273026
v -0.967430 3.038028 0.207181
v -0.750311 2.801003 0.363109
v -0.778596 2.923313 0.300937
v -0.802886 3.047689 0.235321
v -0.567134 2.799932 0.337663
v -0.605342 2.920746 0.278474
v -0.639884 3.044187 0.215840
v -0.929147 3.811462 -0.250111
v -0.890066 3.952372 -0.339840
v -0.842347 4.090178 -0.426147
v -0.817679 3.820509 -0.231281
v -0.787319 3.963362 -0.324015
v -0.748627 4.103270 -0.413269
v -0.703634 3.821326 -0.245526
v -0.681742 3.967236 -0.338778
v -0.652016 4.110428 -0.428712
v -0.731656 4.335757 -0.577777
v -0.676824 4.434194 -0.644246
v -0.628560 4.511636 -0.706272
v -0.657238 4.352133 -0.569957
v -0.612207 4.452088 -0.638603
v -0.573094 4.531940 -0.703977
v -0.579703 4.364698 -0.586613
v -0.545036 4.465265 -0.654208
v -0.517083 4.543277 -0.716047
v -0.534753 3.737140 -0.596387
v -0.518988 3.764390 -0.491903
v -0.542213 3.790694 -0.385649
v -0.520252 3.899084 -0.664588
v -0.507224 3.922956 -0.568552
v -0.530326 3.944909 -0.470351
v -0.499119 4.060011 -0.730085
v -0.488669 4.080235 -0.642341
v -0.511487 4.097345 -0.552089
v -0.206605 0.823743 0.513817
v -0.205341 0.833372 0.580478
v -0.210532 0.857238 0.642343
v -0.139942 0.798024 0.516986
v -0.137673 0.806724 0.588090
v -0.143080 0.833497 0.653658
v -0.072584 0.777869 0.521356
v -0.071468 0.785461 0.593013
v -0.074308 0.813257 0.659043
v -1.225611 2.902510 -0.249101
v -1.244334 2.941614 -0.112864
v -1.204134 2.981418 0.021693
v -1.215612 2.766243 -0.211922
v -1.238537 2.807449 -0.066328
v -1.199566 2.850112 0.077475
v -1.198435 2.632013 -0.177579
v -1.225843 2.675127 -0.022372
v -1.188777 2.720427 0.130681
v -0.456224 4.638348 -0.962690
v -0.456125 4.653405 -0.906750
v -0.472145 4.638142 -0.841739
v -0.508878 4.629003 -0.957614
v -0.509308 4.643049 -0.902661
v -0.520797 4.629039 -0.838142
v -0.564227 4.594694 -0.934567
v -0.565343 4.606323 -0.885741
v -0.574027 4.596733 -0.827681
v -0.499390 3.169892 -0.355501
v -0.471625 3.207258 -0.222842
v -0.495859 3.244175 -0.089917
v -0.522706 3.300214 -0.407168
v -0.497774 3.335536 -0.280873
v -0.521487 3.370625 -0.154140
v -0.536520 3.436071 -0.465104
v -0.514686 3.469081 -0.345374
v -0.538130 3.501940 -0.224840
v -0.682836 4.474813 -0.874526
v -0.692782 4.480389 -0.821988
v -0.691027 4.484230 -0.769320
v -0.748055 4.387342 -0.838701
v -0.762514 4.393314 -0.777759
v -0.756732 4.402648 -0.719343
v -0.817391 4.279989 -0.793842
v -0.835106 4.288601 -0.726536
v -0.826886 4.301847 -0.662206
v -1.046410 1.959237 0.018362
v -1.084315 2.002557 0.189055
v -1.050173 2.053119 0.359492
v -1.015359 1.868861 0.047077
v -1.054353 1.912096 0.216196
v -1.022516 1.962040 0.385730
v -0.982128 1.781706 0.075410
v -1.022658 1.824571 0.241936
v -0.994049 1.873355 0.409623
v -1.150844 3.441173 -0.442736
v -1.172758 3.470655 -0.333306
v -1.149952 3.499544 -0.226195
v -1.184861 3.306214 -0.385467
v -1.203979 3.338191 -0.270796
v -1.174742 3.369411 -0.158100
v -1.210709 3.172801 -0.335266
v -1.227420 3.207183 -0.214475
v -1.192067 3.241039 -0.095436
v -0.447390 4.350209 -0.847989
v -0.441849 4.362769 -0.773989
v -0.463305 4.369593 -0.696805
v -0.425435 4.464500 -0.894356
v -0.421808 4.474751 -0.827348
v -0.442174 4.476568 -0.756237
v -0.413912 4.549675 -0.926160
v -0.411518 4.560713 -0.867826
v -0.430534 4.557293 -0.803552
v -0.907958 1.610416 0.132522
v -0.950687 1.651536 0.290667
v -0.928784 1.697702 0.451307
v -0.866748 1.525813 0.162283
v -0.908871 1.566145 0.314675
v -0.889592 1.611781 0.469881
v -0.823286 1.443344 0.193542
v -0.863956 1.482960 0.339278
v -0.847444 1.528332 0.487820
v -0.320757 2.662064 -0.198348
v -0.288008 2.707141 -0.039402
v -0.318935 2.750011 0.121480
v -0.374414 2.784697 -0.232917
v -0.342083 2.828124 -0.080286
v -0.370830 2.870058 0.073698
v -0.423991 2.912324 -0.269571
v -0.392466 2.953724 -0.123661
v -0.419207 2.994093 0.023019
v -0.731690 1.288463 0.262037
v -0.767760 1.325576 0.392351
v -0.756106 1.367179 0.525055
v -0.681802 1.215956 0.298930
v -0.714835 1.250875 0.420568
v -0.704102 1.288279 0.544509
v -0.626164 1.145636 0.336711
v -0.655759 1.177862 0.449206
v -0.644912 1.210646 0.564014
v -1.152373 2.380491 -0.107685
v -1.186817 2.425169 0.059863
v -1.152293 2.473903 0.225091
v -1.127679 2.265215 -0.073616
v -1.163769 2.309569 0.096478
v -1.129082 2.359217 0.264570
v -1.102191 2.156635 -0.041480
v -1.139040 2.200450 0.129753
v -1.103833 2.250718 0.299504
v -0.489910 1.009490 0.411991
v -0.511538 1.036029 0.505687
v -0.500508 1.060828 0.601528
v -0.414194 0.948093 0.447906
v -0.430987 0.970968 0.531036
v -0.422138 0.992472 0.615420
v -0.341297 0.896863 0.480877
v -0.351854 0.914567 0.552310
v -0.347225 0.934094 0.623222
v -0.076104 2.258164 -0.056441
v -0.054486 2.302524 0.117594
v -0.077208 2.334239 0.295597
v -0.151633 2.350236 -0.094326
v -0.121162 2.395350 0.077906
v -0.153044 2.432811 0.252787
v -0.212252 2.445154 -0.130093
v -0.179103 2.491019 0.038899
v -0.213221 2.532089 0.210276
v -0.951920 4.018247 -0.688928
v -0.974749 4.034402 -0.608968
v -0.964104 4.053665 -0.530891
v -1.010862 3.873568 -0.629907
v -1.035340 3.893466 -0.542069
v -1.023585 3.915328 -0.456095
v -1.063568 3.726364 -0.568299
v -1.088678 3.749632 -0.472368
v -1.074912 3.773837 -0.378306
v 0.067549 2.140710 -0.176142
v -0.067547 2.140710 -0.176142
v -0.082907 2.081027 -0.190064
v 0.082909 2.081027 -0.190064
v 0.036548 2.133536 -0.171761
v 0.000001 2.130924 -0.170708
v -0.036546 2.133536 -0.171761
v -0.064755 2.276359 0.481862
v 0.064755 2.276359 0.481862
v 0.084872 2.235325 0.530402
v -0.084872 2.235325 0.530403
v -0.034864 2.267601 0.484854
v 0.000000 2.264822 0.486093
v 0.034864 2.267601 0.484854
v 0.048603 2.229770 -0.043490
v -0.048602 2.229770 -0.043490
v 0.025841 2.219961 -0.038505
v 0.000000 2.217228 -0.037067
v -0.025841 2.219960 -0.038505
v 0.039511 2.282556 0.127239
v -0.039511 2.282556 0.127239
v 0.021059 2.272295 0.132763
v 0.000000 2.269439 0.134292
v -0.021058 2.272295 0.132763
v 0.047166 2.300513 0.310881
v -0.047166 2.300513 0.310881
v 0.025090 2.289908 0.316143
v 0.000000 2.286946 0.317562
v -0.025089 2.289908 0.316143
v -0.025230 0.783342 0.455426
v 0.025230 0.783342 0.455426
v 0.023308 1.018860 0.230497
v -0.023308 1.018860 0.230497
v 0.023802 1.295912 -0.002384
v -0.023800 1.295912 -0.002384
v -0.023905 1.662577 -0.195867
v 0.023913 1.662577 -0.195866
v 0.025388 0.846756 0.713653
v -0.025388 0.846756 0.713653
v 0.025009 1.914773 0.768268
v -0.025009 1.914773 0.768268
v -0.024847 1.135019 0.799026
v 0.024847 1.135019 0.799026
v -0.027259 1.507940 0.822485
v 0.027259 1.507940 0.822485
v 0.023819 1.772119 -0.233173
v -0.023812 1.772119 -0.233173
v 0.023457 1.884951 -0.251794
v -0.023451 1.884951 -0.251795
v 0.022283 1.994158 -0.234733
v -0.022280 1.994158 -0.234733
v 0.024110 0.824574 0.392777
v -0.024110 0.824574 0.392777
v 0.023441 0.882557 0.336893
v -0.023441 0.882557 0.336893
v 0.023253 0.949549 0.283958
v -0.023253 0.949549 0.283958
v 0.023443 1.085986 0.173963
v -0.023443 1.085986 0.173963
v 0.023583 1.152712 0.114973
v -0.023582 1.152712 0.114973
v 0.023705 1.221815 0.055460
v -0.023704 1.221815 0.055460
v 0.023872 1.376956 -0.056564
v -0.023868 1.376956 -0.056564
v 0.023914 1.465086 -0.106700
v -0.023908 1.465086 -0.106700
v 0.023929 1.560231 -0.153019
v -0.023922 1.560231 -0.153019
v -0.024660 2.014321 0.740753
v 0.024660 2.014321 0.740753
v -0.024119 2.106116 0.696118
v 0.024119 2.106116 0.696118
v -0.022853 2.180851 0.622420
v 0.022853 2.180851 0.622420
v -0.024652 0.908136 0.750609
v 0.024652 0.908136 0.750609
v -0.024346 0.978689 0.773754
v 0.024346 0.978689 0.773754
v -0.024487 1.054478 0.788400
v 0.024487 1.054478 0.788400
v -0.025284 1.222532 0.808670
v 0.025284 1.222532 0.808670
v -0.025922 1.315649 0.816782
v 0.025922 1.315649 0.816782
v -0.026731 1.410844 0.821944
v 0.026732 1.410844 0.821944
v -0.026944 1.608055 0.817019
v 0.026944 1.608055 0.817019
v -0.026129 1.710371 0.805754
v 0.026129 1.710371 0.805754
v -0.025451 1.813014 0.789322
v 0.025452 1.813014 0.789322
v -0.026039 0.766240 0.525118
v 0.026039 0.766241 0.525118
v -0.026267 0.772868 0.595436
v 0.026267 0.772868 0.595436
v -0.026049 0.800452 0.660247
v 0.026049 0.800452 0.660247
v -0.021590 2.034572 -0.209948
v 0.021593 2.034572 -0.209948
v 0.022015 2.203902 0.575725
v -0.022015 2.203902 0.575725
vn -0.3293 0.3996 0.8555
vn -0.3165 0.3669 0.8748
vn -0.1093 0.2703 0.9566
vn -0.1308 0.3373 0.9323
vn -0.2995 0.3432 0.8902
vn -0.0692 0.2182 0.9735
vn -0.0086 0.1474 0.9890
vn -0.0355 0.2868 0.9573
vn 0.0650 -0.0289 0.9975
vn -0.6188 0.4739 0.6265
vn -0.6184 0.4495 0.6446
vn -0.3370 0.4319 0.8366
vn -0.6168 0.4252 0.6623
vn -0.6154 0.4018 0.6781
vn -0.6160 0.3806 0.6897
vn -0.2856 0.3362 0.8974
vn -0.0259 0.2277 0.9734
vn 0.1840 -0.0286 0.9825
vn -0.1390 0.3869 0.9116
vn -0.0421 0.3641 0.9304
vn -0.3218 0.8569 0.4027
vn -0.3095 0.7861 0.5350
vn -0.1216 0.7234 0.6797
vn -0.1692 0.8300 0.5315
vn -0.2978 0.7343 0.6100
vn -0.0999 0.6639 0.7412
vn -0.0097 0.6783 0.7347
vn -0.0661 0.7944 0.6039
vn 0.0101 0.6256 0.7801
vn -0.4503 0.8880 0.0935
vn -0.4816 0.8567 0.1847
vn -0.3517 0.9179 0.1835
vn -0.5029 0.8184 0.2779
vn -0.5155 0.7820 0.3505
vn -0.5262 0.7499 0.4010
vn -0.2912 0.7091 0.6422
vn -0.0938 0.6529 0.7516
vn 0.0109 0.6284 0.7778
vn -0.2443 0.9284 0.2801
vn -0.1624 0.9215 0.3529
vn -0.2916 0.6930 0.6594
vn -0.2997 0.6699 0.6792
vn -0.1047 0.6483 0.7541
vn -0.0966 0.6573 0.7474
vn -0.3118 0.6360 0.7059
vn -0.1154 0.6201 0.7760
vn -0.0062 0.6463 0.7630
vn 0.0036 0.6466 0.7628
vn -0.0165 0.6215 0.7833
vn -0.5400 0.7171 0.4407
vn -0.5571 0.6811 0.4751
vn -0.5745 0.6426 0.5069
vn -0.5899 0.6034 0.5366
vn -0.3240 0.5924 0.7376
vn -0.1258 0.5744 0.8088
vn -0.0259 0.5745 0.8181
vn -0.3337 0.5461 0.7684
vn -0.3390 0.5031 0.7949
vn -0.1391 0.4720 0.8705
vn -0.1341 0.5216 0.8426
vn -0.3401 0.4652 0.8173
vn -0.1409 0.4278 0.8928
vn -0.0389 0.4626 0.8857
vn -0.0335 0.5174 0.8551
vn -0.0419 0.4132 0.9097
vn -0.6023 0.5659 0.5631
vn -0.6112 0.5313 0.5867
vn -0.6166 0.5005 0.6077
vn -0.2824 0.3349 0.8989
vn -0.2881 0.3268 0.9001
vn -0.0072 0.2632 0.9647
vn -0.0059 0.2582 0.9661
vn -0.2963 0.3119 0.9027
vn -0.0140 0.2496 0.9683
vn 0.2703 0.1249 0.9547
vn 0.2495 0.0828 0.9648
vn 0.2759 0.1305 0.9523
vn -0.6191 0.3631 0.6963
vn -0.6241 0.3489 0.6991
vn -0.6302 0.3344 0.7007
vn -0.6391 0.3150 0.7016
vn -0.3051 0.2935 0.9059
vn -0.0207 0.2300 0.9730
vn 0.2753 0.1179 0.9541
vn 0.6109 -0.0711 0.7885
vn 0.6048 -0.0860 0.7917
vn 0.5853 -0.1435 0.7980
vn 0.3565 -0.0653 0.9320
vn -0.3624 0.2399 0.9006
vn -0.3694 0.2472 0.8958
vn -0.0570 0.3055 0.9505
vn -0.0541 0.2759 0.9597
vn -0.3708 0.2484 0.8949
vn -0.0577 0.3194 0.9459
vn 0.2730 0.3010 0.9137
vn 0.2693 0.2512 0.9297
vn 0.2765 0.3327 0.9016
vn -0.6888 0.1791 0.7025
vn -0.6915 0.1398 0.7087
vn -0.3536 0.2400 0.9041
vn -0.6919 0.1203 0.7119
vn -0.6882 0.1113 0.7170
vn -0.6786 0.0917 0.7287
vn -0.3692 0.2315 0.9000
vn -0.0611 0.3142 0.9474
vn 0.2762 0.3459 0.8967
vn 0.6642 0.2948 0.6870
vn 0.6592 0.2593 0.7058
vn 0.6508 0.2073 0.7304
vn 0.6402 0.1395 0.7554
vn 0.2671 0.1930 0.9441
vn 0.6290 0.0641 0.7747
vn -0.0491 0.2432 0.9687
vn -0.3171 0.2722 0.9085
vn -0.3307 0.2541 0.9089
vn -0.0350 0.2076 0.9776
vn -0.0278 0.2135 0.9766
vn -0.3431 0.2451 0.9067
vn -0.0423 0.2180 0.9750
vn 0.2688 0.1148 0.9563
vn 0.2717 0.1076 0.9563
vn 0.2672 0.1434 0.9529
vn -0.6531 0.2859 0.7012
vn -0.6685 0.2536 0.6991
vn -0.6809 0.2211 0.6982
vn 0.6194 -0.0015 0.7851
vn 0.6134 -0.0453 0.7885
vn 0.6111 -0.0668 0.7887
vn -0.3721 0.2099 0.9041
vn -0.3788 0.1879 0.9062
vn -0.0847 0.2877 0.9540
vn -0.0711 0.3021 0.9506
vn -0.3898 0.1617 0.9066
vn -0.0998 0.2757 0.9561
vn 0.2593 0.3485 0.9007
vn 0.2698 0.3492 0.8973
vn 0.2481 0.3515 0.9027
vn -0.6697 0.0662 0.7397
vn -0.6643 0.0395 0.7464
vn -0.6645 -0.0004 0.7473
vn -0.6756 -0.0497 0.7356
vn -0.4096 0.1385 0.9017
vn -0.1158 0.2746 0.9546
vn 0.2419 0.3656 0.8988
vn 0.4381 0.3903 0.8098
vn 0.4386 0.3707 0.8186
vn 0.4465 0.3599 0.8192
vn 0.6648 0.3185 0.6757
vn -0.4396 0.1039 0.8922
vn -0.4839 0.0228 0.8748
vn -0.1644 0.2084 0.9641
vn -0.1328 0.2667 0.9546
vn -0.5385 -0.1337 0.8319
vn -0.2376 0.0259 0.9710
vn 0.2457 0.3344 0.9098
vn 0.2444 0.3729 0.8951
vn 0.2156 0.1775 0.9602
vn -0.6964 -0.1123 0.7088
vn -0.7196 -0.2048 0.6635
vn -0.7336 -0.3298 0.5942
vn -0.7220 -0.4541 0.5221
vn -0.6138 -0.4187 0.6693
vn -0.3450 -0.3607 0.8665
vn -0.0735 -0.0159 0.9972
vn 0.4525 0.1553 0.8781
vn 0.4645 0.2301 0.8552
vn 0.4698 0.3627 0.8049
vn 0.4505 0.3990 0.7986
vn -0.3838 -0.1380 -0.9131
vn -0.1905 -0.2356 -0.9530
vn -0.1648 -0.3137 -0.9351
vn -0.3700 -0.1821 -0.9110
vn -0.0883 -0.3008 -0.9496
vn -0.0537 -0.4460 -0.8934
vn -0.1206 -0.3755 -0.9190
vn -0.3515 -0.2141 -0.9114
vn 0.0274 -0.5970 -0.8018
vn -0.6603 0.0531 -0.7491
vn -0.3938 -0.0936 -0.9144
vn -0.6600 0.0108 -0.7512
vn -0.2032 -0.1788 -0.9627
vn -0.1000 -0.2162 -0.9712
vn 0.1417 -0.6018 -0.7860
vn -0.0734 -0.3809 -0.9217
vn -0.3343 -0.2275 -0.9146
vn -0.6530 -0.0471 -0.7559
vn -0.6497 -0.0649 -0.7574
vn -0.6572 -0.0226 -0.7534
vn -0.3694 0.5604 -0.7413
vn -0.2133 0.4850 -0.8481
vn -0.1968 0.3111 -0.9298
vn -0.3887 0.4206 -0.8198
vn -0.1097 0.4352 -0.8936
vn -0.0765 0.2613 -0.9622
vn -0.2064 0.1905 -0.9597
vn -0.3982 0.2914 -0.8698
vn -0.0743 0.1559 -0.9850
vn -0.4708 0.7384 -0.4829
vn -0.3719 0.7220 -0.5835
vn -0.5183 0.6625 -0.5408
vn -0.2609 0.6888 -0.6764
vn -0.1783 0.6572 -0.7323
vn -0.0942 0.1167 -0.9887
vn -0.2181 0.1324 -0.9669
vn -0.4312 0.2612 -0.8636
vn -0.5836 0.4702 -0.6621
vn -0.5946 0.4352 -0.6760
vn -0.5596 0.5708 -0.6009
vn -0.4974 0.3155 -0.8081
vn -0.6319 0.3924 -0.6684
vn -0.6941 0.2394 -0.6789
vn -0.5776 0.1252 -0.8067
vn -0.4538 0.0456 -0.8899
vn -0.6866 0.1905 -0.7017
vn -0.6722 0.3228 -0.6663
vn -0.5534 0.2444 -0.7963
vn -0.4523 0.0178 -0.8917
vn -0.2485 -0.0588 -0.9668
vn -0.2258 -0.1083 -0.9681
vn -0.4198 -0.0315 -0.9071
vn -0.1126 -0.0727 -0.9910
vn -0.1097 -0.1274 -0.9858
vn -0.2129 -0.1403 -0.9670
vn -0.4041 -0.0552 -0.9131
vn -0.1052 -0.1696 -0.9799
vn -0.6724 0.1652 -0.7215
vn -0.2388 -0.0288 -0.9707
vn -0.1307 -0.0372 -0.9907
vn -0.6594 0.0987 -0.7453
vn -0.6643 0.1324 -0.7356
vn -0.3252 -0.2387 -0.9150
vn -0.0444 -0.3693 -0.9282
vn -0.0310 -0.3778 -0.9254
vn -0.3229 -0.2628 -0.9092
vn 0.2111 -0.5294 -0.8217
vn 0.2486 -0.5006 -0.8292
vn -0.0237 -0.3983 -0.9170
vn -0.3229 -0.2972 -0.8986
vn 0.2716 -0.4901 -0.8283
vn -0.6496 -0.0851 -0.7555
vn 0.4798 -0.7007 -0.5280
vn 0.5473 -0.6145 -0.5683
vn 0.5847 -0.5600 -0.5870
vn 0.6069 -0.5305 -0.5918
vn 0.2842 -0.4894 -0.8245
vn -0.0207 -0.4208 -0.9069
vn -0.3235 -0.3347 -0.8851
vn -0.6553 -0.1547 -0.7393
vn -0.6557 -0.2002 -0.7280
vn -0.6524 -0.1152 -0.7491
vn -0.3317 -0.4588 -0.8243
vn -0.0408 -0.4969 -0.8668
vn -0.0416 -0.5153 -0.8560
vn -0.3321 -0.4875 -0.8075
vn 0.2812 -0.5078 -0.8143
vn 0.2804 -0.5116 -0.8122
vn -0.0417 -0.5331 -0.8450
vn -0.3320 -0.5181 -0.7883
vn 0.2797 -0.5122 -0.8120
vn -0.6326 -0.3526 -0.6896
vn -0.3303 -0.4356 -0.8373
vn -0.6319 -0.3872 -0.6715
vn -0.0378 -0.4813 -0.8758
vn 0.2831 -0.5031 -0.8165
vn 0.6361 -0.4799 -0.6042
vn 0.6405 -0.4645 -0.6115
vn 0.6449 -0.4451 -0.6213
vn 0.6483 -0.4211 -0.6343
vn 0.6502 -0.3920 -0.6509
vn 0.2784 -0.5070 -0.8157
vn -0.0423 -0.5456 -0.8370
vn -0.3321 -0.5445 -0.7702
vn -0.6381 -0.4635 -0.6148
vn -0.6405 -0.4981 -0.5844
vn -0.6343 -0.4252 -0.6456
vn -0.3245 -0.3682 -0.8712
vn -0.0223 -0.4404 -0.8975
vn -0.0269 -0.4554 -0.8899
vn -0.3263 -0.3943 -0.8591
vn 0.2882 -0.4930 -0.8209
vn 0.2879 -0.4961 -0.8191
vn -0.0328 -0.4681 -0.8831
vn -0.3284 -0.4156 -0.8482
vn 0.2857 -0.4991 -0.8181
vn -0.6520 -0.2449 -0.7176
vn 0.6182 -0.5168 -0.5922
vn 0.6257 -0.5052 -0.5943
vn 0.6315 -0.4930 -0.5985
vn -0.6374 -0.3196 -0.7011
vn -0.6449 -0.2843 -0.7094
vn -0.3322 -0.5633 -0.7565
vn -0.0436 -0.5505 -0.8337
vn -0.0458 -0.5493 -0.8344
vn -0.3336 -0.5760 -0.7463
vn 0.2769 -0.4954 -0.8234
vn 0.2756 -0.4794 -0.8332
vn -0.0485 -0.5458 -0.8365
vn -0.3378 -0.5867 -0.7360
vn 0.2767 -0.4616 -0.8428
vn -0.6392 -0.5276 -0.5595
vn 0.6499 -0.3603 -0.6692
vn 0.6481 -0.3291 -0.6868
vn 0.6475 -0.2992 -0.7009
vn 0.6509 -0.2744 -0.7078
vn 0.2811 -0.4487 -0.8483
vn -0.0525 -0.5482 -0.8347
vn -0.3461 -0.6028 -0.7190
vn -0.6293 -0.5795 -0.5178
vn -0.6249 -0.6086 -0.4890
vn -0.6346 -0.5539 -0.5391
vn -0.3603 -0.6331 -0.6851
vn -0.0623 -0.5701 -0.8192
vn -0.0874 -0.6246 -0.7760
vn -0.3817 -0.6813 -0.6246
vn 0.2838 -0.4564 -0.8433
vn 0.2703 -0.5061 -0.8190
vn -0.1409 -0.7178 -0.6818
vn -0.4072 -0.7427 -0.5316
vn 0.2174 -0.6155 -0.7576
vn -0.6224 -0.6438 -0.4452
vn 0.6565 -0.2687 -0.7048
vn 0.6520 -0.3073 -0.6931
vn 0.6122 -0.4173 -0.6716
vn 0.5444 -0.5786 -0.6073
vn 0.1296 -0.7768 -0.6163
vn -0.2315 -0.8297 -0.5079
vn -0.4668 -0.8055 -0.3650
vn -0.6140 -0.7242 -0.3140
vn -0.6012 -0.7584 -0.2519
vn -0.6203 -0.6836 -0.3846
vn 0.9315 0.1910 0.3095
vn 0.9307 0.2224 0.2905
vn 0.9958 0.0650 -0.0646
vn 0.9988 0.0269 -0.0401
vn 0.9296 0.2480 0.2727
vn 0.9918 0.0945 -0.0863
vn 0.9124 -0.1203 -0.3912
vn 0.9161 -0.1592 -0.3681
vn 0.9077 -0.0877 -0.4104
vn 0.9307 0.1501 0.3336
vn 0.8348 0.2876 0.4694
vn 0.8338 0.3100 0.4569
vn 0.8351 0.3314 0.4390
vn 0.9293 0.2695 0.2524
vn 0.9877 0.1167 -0.1045
vn 0.9045 -0.0620 -0.4220
vn 0.9165 -0.2055 -0.3433
vn 0.9997 -0.0219 -0.0130
vn -0.3939 0.9181 -0.0442
vn -0.3119 0.9501 0.0013
vn -0.3360 0.9132 -0.2307
vn -0.4128 0.8841 -0.2190
vn -0.2524 0.9667 0.0423
vn -0.2843 0.9291 -0.2363
vn -0.3137 0.8365 -0.4493
vn -0.3992 0.8307 -0.3879
vn -0.2516 0.8330 -0.4927
vn -0.4855 0.8717 -0.0663
vn -0.4944 0.8021 -0.3350
vn -0.4998 0.8421 -0.2024
vn -0.9353 0.1262 0.3306
vn -0.9267 0.1792 0.3302
vn -0.9967 0.0442 -0.0676
vn -0.9974 -0.0162 -0.0706
vn -0.9155 0.2236 0.3344
vn -0.9936 0.0957 -0.0597
vn -0.8970 -0.1219 -0.4248
vn -0.8880 -0.1744 -0.4256
vn -0.9044 -0.0713 -0.4207
vn -0.9378 0.0585 0.3422
vn -0.9048 0.2589 0.3380
vn -0.9892 0.1368 -0.0533
vn -0.9074 -0.0243 -0.4196
vn -0.8807 -0.2276 -0.4153
vn -0.9946 -0.0855 -0.0589
vn -0.2500 -0.9399 0.2326
vn -0.3988 -0.7749 0.4904
vn -0.3871 -0.9211 0.0415
vn -0.2353 -0.9701 0.0588
vn -0.6456 -0.6780 0.3516
vn -0.6187 -0.7826 0.0692
vn -0.3255 -0.9067 -0.2680
vn 0.1475 -0.9159 -0.3732
vn -0.5520 -0.8193 -0.1548
vn 0.5538 -0.3832 0.7392
vn -0.2139 -0.5910 0.7778
vn -0.7440 -0.6012 0.2916
vn -0.7198 -0.6875 0.0961
vn -0.6682 -0.7397 -0.0800
vn 0.4266 -0.7839 -0.4511
vn 0.5242 -0.7900 -0.3179
vn 0.6841 -0.7077 0.1767
vn 0.9055 -0.0386 0.4226
vn 0.9185 0.0337 0.3939
vn 0.9888 -0.1426 0.0433
vn 0.9762 -0.2058 0.0682
vn 0.9268 0.0974 0.3627
vn 0.9967 -0.0800 0.0155
vn 0.9049 -0.3047 -0.2970
vn 0.8945 -0.3499 -0.2782
vn 0.9126 -0.2558 -0.3190
vn 0.8887 -0.1127 0.4444
vn 0.8826 -0.3896 -0.2630
vn 0.9601 -0.2655 0.0881
vn -0.7985 -0.5029 0.3311
vn -0.8267 -0.4080 0.3874
vn -0.8287 -0.5432 0.1346
vn -0.7829 -0.6107 0.1189
vn -0.8413 -0.3245 0.4323
vn -0.8647 -0.4807 0.1457
vn -0.7676 -0.6312 -0.1111
vn -0.7328 -0.6761 -0.0776
vn -0.7966 -0.5871 -0.1441
vn -0.8504 -0.2519 0.4620
vn -0.8956 -0.4182 0.1518
vn -0.8233 -0.5412 -0.1712
vn -0.8687 0.3765 0.3218
vn -0.8596 0.4042 0.3125
vn -0.9495 0.3072 -0.0640
vn -0.9581 0.2789 -0.0652
vn -0.8501 0.4296 0.3045
vn -0.9402 0.3354 -0.0591
vn -0.8858 0.1569 -0.4367
vn -0.8881 0.1320 -0.4403
vn -0.8827 0.1869 -0.4313
vn -0.8775 0.3468 0.3312
vn -0.8398 0.4543 0.2971
vn -0.9283 0.3678 -0.0541
vn -0.8758 0.2265 -0.4262
vn -0.8914 0.1084 -0.4401
vn -0.9665 0.2491 -0.0619
vn -0.9104 -0.0639 0.4087
vn -0.9213 -0.0457 0.3861
vn -0.9806 -0.1959 0.0101
vn -0.9734 -0.2229 0.0524
vn -0.9317 -0.0063 0.3632
vn -0.9882 -0.1505 -0.0299
vn -0.8788 -0.3224 -0.3519
vn -0.8814 -0.3583 -0.3079
vn -0.8777 -0.2784 -0.3901
vn -0.8976 -0.0817 0.4332
vn -0.8818 -0.3890 -0.2665
vn -0.9654 -0.2442 0.0909
vn 0.9331 0.2750 0.2319
vn 0.9455 0.2406 0.2194
vn 0.9881 0.0886 -0.1260
vn 0.9855 0.1226 -0.1175
vn 0.9677 0.1128 0.2253
vn 0.9898 -0.0528 -0.1320
vn 0.9015 -0.0865 -0.4241
vn 0.9036 -0.0535 -0.4250
vn 0.8832 -0.2037 -0.4226
vn 0.8433 0.3393 0.4167
vn 0.8616 0.3098 0.4021
vn 0.8880 0.2113 0.4084
vn 0.9004 0.1182 0.4186
vn 0.9743 0.0235 0.2242
vn 0.9898 -0.1214 -0.0750
vn 0.8947 -0.2651 -0.3595
vn -0.8281 0.4811 0.2877
vn -0.8151 0.5102 0.2743
vn -0.8958 0.4408 -0.0565
vn -0.9128 0.4050 -0.0529
vn -0.8014 0.5398 0.2577
vn -0.8799 0.4710 -0.0625
vn -0.8525 0.3135 -0.4182
vn -0.8643 0.2728 -0.4226
vn -0.8459 0.3429 -0.4085
vn -0.7863 0.5699 0.2384
vn -0.8641 0.4984 -0.0698
vn -0.8405 0.3717 -0.3943
vn 0.8488 -0.2539 0.4637
vn 0.8581 -0.2233 0.4625
vn 0.9279 -0.3563 0.1094
vn 0.9151 -0.3873 0.1125
vn 0.8717 -0.1764 0.4572
vn 0.9432 -0.3161 0.1018
vn 0.8580 -0.4517 -0.2446
vn 0.8456 -0.4762 -0.2412
vn 0.8704 -0.4232 -0.2518
vn 0.8424 -0.2745 0.4637
vn 0.8315 -0.5012 -0.2395
vn 0.9030 -0.4144 0.1133
vn -0.7677 0.6038 0.2147
vn -0.7426 0.6435 0.1854
vn -0.8139 0.5730 -0.0960
vn -0.8437 0.5307 -0.0804
vn -0.7112 0.6868 0.1503
vn -0.7735 0.6232 -0.1159
vn -0.7987 0.4677 -0.3785
vn -0.8265 0.4129 -0.3826
vn -0.7585 0.5288 -0.3808
vn -0.6755 0.7292 0.1096
vn -0.7257 0.6740 -0.1377
vn -0.7139 0.5864 -0.3827
vn -0.8970 0.2821 0.3401
vn -0.8911 0.3003 0.3404
vn -0.9796 0.1942 -0.0522
vn -0.9845 0.1679 -0.0506
vn -0.8850 0.3204 0.3377
vn -0.9738 0.2203 -0.0567
vn -0.9015 0.0531 -0.4295
vn -0.9060 0.0176 -0.4229
vn -0.8960 0.0830 -0.4362
vn -0.6399 0.7657 0.0655
vn -0.6034 0.7972 0.0178
vn -0.6317 0.7560 -0.1712
vn -0.6783 0.7179 -0.1565
vn -0.5583 0.8290 -0.0332
vn -0.5755 0.7965 -0.1855
vn -0.6292 0.6907 -0.3565
vn -0.6725 0.6379 -0.3754
vn -0.5745 0.7474 -0.3336
vn 0.7321 -0.5422 0.4124
vn 0.7961 -0.4035 0.4511
vn 0.8407 -0.5276 0.1217
vn 0.7936 -0.5949 0.1273
vn 0.8284 -0.3153 0.4629
vn 0.8813 -0.4582 0.1160
vn 0.7659 -0.6121 -0.1967
vn 0.7076 -0.6947 -0.1295
vn 0.8069 -0.5443 -0.2296
vn 0.6707 -0.4593 0.5824
vn -0.8602 -0.1880 0.4740
vn -0.8718 -0.1393 0.4696
vn -0.9408 -0.3085 0.1402
vn -0.9215 -0.3579 0.1508
vn -0.8841 -0.1074 0.4547
vn -0.9548 -0.2718 0.1205
vn -0.8646 -0.4557 -0.2115
vn -0.8468 -0.4960 -0.1920
vn -0.8765 -0.4203 -0.2346
vn 0.3293 0.3996 0.8555
vn 0.1308 0.3372 0.9323
vn 0.1093 0.2703 0.9566
vn 0.3165 0.3668 0.8748
vn 0.0355 0.2868 0.9573
vn 0.0086 0.1474 0.9890
vn 0.0692 0.2182 0.9735
vn 0.2995 0.3432 0.8902
vn -0.0650 -0.0289 0.9975
vn 0.6188 0.4739 0.6265
vn 0.3370 0.4319 0.8366
vn 0.6184 0.4495 0.6446
vn 0.1390 0.3869 0.9116
vn 0.0421 0.3641 0.9304
vn -0.1840 -0.0286 0.9825
vn 0.0259 0.2277 0.9734
vn 0.2856 0.3362 0.8974
vn 0.6154 0.4018 0.6781
vn 0.6160 0.3805 0.6897
vn 0.6168 0.4252 0.6624
vn 0.3218 0.8569 0.4027
vn 0.1692 0.8300 0.5315
vn 0.1216 0.7234 0.6797
vn 0.3095 0.7861 0.5350
vn 0.0661 0.7944 0.6039
vn 0.0097 0.6783 0.7347
vn 0.0999 0.6639 0.7412
vn 0.2978 0.7343 0.6100
vn -0.0101 0.6256 0.7801
vn 0.4503 0.8880 0.0935
vn 0.3517 0.9179 0.1835
vn 0.4816 0.8567 0.1847
vn 0.2443 0.9284 0.2801
vn 0.1624 0.9215 0.3529
vn -0.0109 0.6284 0.7778
vn 0.0938 0.6529 0.7516
vn 0.2912 0.7091 0.6422
vn 0.5155 0.7820 0.3505
vn 0.5262 0.7499 0.4010
vn 0.5029 0.8184 0.2779
vn 0.2916 0.6930 0.6594
vn 0.0966 0.6573 0.7474
vn 0.1047 0.6483 0.7541
vn 0.2997 0.6699 0.6792
vn -0.0036 0.6466 0.7628
vn 0.0062 0.6463 0.7630
vn 0.1154 0.6201 0.7760
vn 0.3118 0.6360 0.7059
vn 0.0165 0.6215 0.7833
vn 0.5400 0.7171 0.4407
vn 0.0259 0.5745 0.8181
vn 0.1258 0.5744 0.8088
vn 0.3239 0.5924 0.7376
vn 0.5745 0.6426 0.5069
vn 0.5899 0.6035 0.5366
vn 0.5571 0.6811 0.4751
vn 0.3336 0.5461 0.7684
vn 0.1341 0.5216 0.8426
vn 0.1391 0.4720 0.8705
vn 0.3390 0.5031 0.7949
vn 0.0335 0.5174 0.8551
vn 0.0389 0.4626 0.8857
vn 0.1409 0.4278 0.8928
vn 0.3401 0.4652 0.8173
vn 0.0419 0.4132 0.9097
vn 0.6023 0.5659 0.5631
vn 0.6166 0.5005 0.6077
vn 0.6111 0.5313 0.5867
vn 0.2824 0.3349 0.8989
vn 0.0059 0.2582 0.9661
vn 0.0072 0.2632 0.9647
vn 0.2881 0.3268 0.9001
vn -0.2495 0.0828 0.9648
vn -0.2703 0.1249 0.9547
vn 0.0140 0.2496 0.9683
vn 0.2963 0.3119 0.9027
vn -0.2759 0.1305 0.9523
vn 0.6191 0.3631 0.6963
vn -0.3565 -0.0653 0.9320
vn -0.5853 -0.1435 0.7980
vn -0.6048 -0.0860 0.7917
vn -0.6109 -0.0711 0.7885
vn -0.2753 0.1179 0.9541
vn 0.0207 0.2300 0.9730
vn 0.3051 0.2935 0.9059
vn 0.6302 0.3344 0.7007
vn 0.6391 0.3150 0.7016
vn 0.6241 0.3489 0.6991
vn 0.3624 0.2399 0.9006
vn 0.0541 0.2759 0.9597
vn 0.0570 0.3055 0.9505
vn 0.3694 0.2472 0.8958
vn -0.2693 0.2512 0.9297
vn -0.2730 0.3010 0.9137
vn 0.0577 0.3194 0.9459
vn 0.3708 0.2484 0.8949
vn -0.2765 0.3327 0.9016
vn 0.6888 0.1791 0.7025
vn 0.3536 0.2400 0.9041
vn 0.6915 0.1398 0.7087
vn 0.0491 0.2432 0.9687
vn -0.2671 0.1930 0.9441
vn -0.6290 0.0641 0.7747
vn -0.6402 0.1395 0.7554
vn -0.6508 0.2073 0.7304
vn -0.6592 0.2593 0.7058
vn -0.6642 0.2948 0.6870
vn -0.2762 0.3459 0.8967
vn 0.0611 0.3142 0.9474
vn 0.3692 0.2315 0.9000
vn 0.6882 0.1113 0.7170
vn 0.6786 0.0917 0.7287
vn 0.6919 0.1203 0.7119
vn 0.3171 0.2722 0.9085
vn 0.0278 0.2135 0.9766
vn 0.0350 0.2076 0.9776
vn 0.3307 0.2541 0.9089
vn -0.2717 0.1076 0.9563
vn -0.2688 0.1148 0.9563
vn 0.0423 0.2180 0.9750
vn 0.3431 0.2451 0.9067
vn -0.2672 0.1434 0.9529
vn 0.6531 0.2859 0.7012
vn -0.6111 -0.0668 0.7887
vn -0.6134 -0.0453 0.7885
vn -0.6194 -0.0015 0.7851
vn 0.6809 0.2211 0.6982
vn 0.6685 0.2536 0.6991
vn 0.3721 0.2099 0.9041
vn 0.0711 0.3021 0.9506
vn 0.0847 0.2877 0.9540
vn 0.3788 0.1879 0.9062
vn -0.2698 0.3492 0.8973
vn -0.2593 0.3485 0.9007
vn 0.0998 0.2757 0.9561
vn 0.3898 0.1617 0.9066
vn -0.2481 0.3515 0.9027
vn 0.6697 0.0662 0.7397
vn -0.6648 0.3185 0.6757
vn -0.4465 0.3599 0.8192
vn -0.4386 0.3707 0.8186
vn -0.4381 0.3903 0.8098
vn -0.2419 0.3656 0.8988
vn 0.1158 0.2746 0.9546
vn 0.4096 0.1385 0.9017
vn 0.6645 -0.0004 0.7473
vn 0.6756 -0.0497 0.7356
vn 0.6643 0.0395 0.7464
vn 0.4396 0.1039 0.8922
vn 0.1328 0.2667 0.9546
vn 0.1644 0.2084 0.9641
vn 0.4839 0.0228 0.8748
vn -0.2444 0.3729 0.8951
vn -0.2457 0.3344 0.9098
vn 0.2376 0.0259 0.9710
vn 0.5385 -0.1337 0.8319
vn -0.2156 0.1775 0.9602
vn 0.6964 -0.1123 0.7088
vn -0.4505 0.3990 0.7986
vn -0.4698 0.3627 0.8048
vn -0.4645 0.2301 0.8552
vn -0.4525 0.1553 0.8781
vn 0.0735 -0.0159 0.9972
vn 0.3450 -0.3607 0.8665
vn 0.6138 -0.4187 0.6693
vn 0.7336 -0.3298 0.5942
vn 0.7220 -0.4541 0.5221
vn 0.7196 -0.2048 0.6635
vn 0.3838 -0.1380 -0.9131
vn 0.3700 -0.1821 -0.9110
vn 0.1648 -0.3137 -0.9351
vn 0.1905 -0.2356 -0.9530
vn 0.3515 -0.2141 -0.9114
vn 0.1206 -0.3755 -0.9190
vn 0.0538 -0.4460 -0.8934
vn 0.0883 -0.3008 -0.9496
vn -0.0274 -0.5970 -0.8018
vn 0.6603 0.0531 -0.7491
vn 0.6600 0.0108 -0.7512
vn 0.3938 -0.0936 -0.9144
vn 0.6572 -0.0226 -0.7534
vn 0.6530 -0.0471 -0.7559
vn 0.6497 -0.0649 -0.7574
vn 0.3343 -0.2275 -0.9146
vn 0.0734 -0.3809 -0.9217
vn -0.1417 -0.6018 -0.7860
vn 0.2032 -0.1788 -0.9627
vn 0.1000 -0.2162 -0.9712
vn 0.3694 0.5604 -0.7413
vn 0.3887 0.4206 -0.8198
vn 0.1968 0.3111 -0.9298
vn 0.2133 0.4850 -0.8481
vn 0.3982 0.2914 -0.8698
vn 0.2064 0.1905 -0.9597
vn 0.0765 0.2613 -0.9622
vn 0.1097 0.4352 -0.8936
vn 0.0743 0.1559 -0.9850
vn 0.4708 0.7384 -0.4829
vn 0.5183 0.6625 -0.5408
vn 0.3719 0.7220 -0.5835
vn 0.5596 0.5708 -0.6009
vn 0.5836 0.4702 -0.6621
vn 0.5946 0.4352 -0.6760
vn 0.4312 0.2612 -0.8636
vn 0.2181 0.1324 -0.9669
vn 0.0942 0.1167 -0.9887
vn 0.2609 0.6888 -0.6764
vn 0.1783 0.6572 -0.7323
vn 0.6319 0.3924 -0.6684
vn 0.4974 0.3155 -0.8081
vn 0.6722 0.3228 -0.6663
vn 0.5534 0.2444 -0.7963
vn 0.6941 0.2394 -0.6789
vn 0.5776 0.1252 -0.8067
vn 0.6866 0.1905 -0.7017
vn 0.4538 0.0456 -0.8899
vn 0.4523 0.0178 -0.8917
vn 0.4198 -0.0315 -0.9071
vn 0.2258 -0.1083 -0.9681
vn 0.2485 -0.0588 -0.9668
vn 0.4041 -0.0552 -0.9131
vn 0.2129 -0.1403 -0.9670
vn 0.1097 -0.1274 -0.9858
vn 0.1126 -0.0727 -0.9910
vn 0.1052 -0.1696 -0.9799
vn 0.6724 0.1652 -0.7215
vn 0.6643 0.1324 -0.7356
vn 0.6594 0.0987 -0.7453
vn 0.2388 -0.0288 -0.9707
vn 0.1307 -0.0372 -0.9907
vn 0.3252 -0.2387 -0.9150
vn 0.3229 -0.2628 -0.9092
vn 0.0310 -0.3778 -0.9254
vn 0.0444 -0.3693 -0.9282
vn 0.3229 -0.2972 -0.8986
vn 0.0237 -0.3983 -0.9170
vn -0.2486 -0.5006 -0.8292
vn -0.2111 -0.5294 -0.8217
vn -0.2716 -0.4901 -0.8283
vn 0.6496 -0.0851 -0.7555
vn 0.6524 -0.1152 -0.7491
vn 0.6553 -0.1547 -0.7393
vn 0.6557 -0.2002 -0.7280
vn 0.3235 -0.3347 -0.8851
vn 0.0207 -0.4208 -0.9069
vn -0.2842 -0.4894 -0.8245
vn -0.6069 -0.5305 -0.5918
vn -0.5847 -0.5600 -0.5870
vn -0.5473 -0.6145 -0.5683
vn -0.4798 -0.7007 -0.5280
vn 0.3317 -0.4588 -0.8243
vn 0.3321 -0.4875 -0.8075
vn 0.0416 -0.5153 -0.8560
vn 0.0408 -0.4969 -0.8668
vn 0.3320 -0.5181 -0.7883
vn 0.0417 -0.5331 -0.8450
vn -0.2804 -0.5116 -0.8122
vn -0.2812 -0.5078 -0.8143
vn -0.2797 -0.5122 -0.8120
vn 0.6326 -0.3526 -0.6896
vn 0.6319 -0.3872 -0.6715
vn 0.3303 -0.4356 -0.8373
vn 0.6343 -0.4252 -0.6456
vn 0.6381 -0.4635 -0.6148
vn 0.6405 -0.4981 -0.5844
vn 0.3321 -0.5445 -0.7702
vn 0.0423 -0.5456 -0.8370
vn -0.2784 -0.5070 -0.8157
vn -0.6502 -0.3920 -0.6509
vn -0.6483 -0.4211 -0.6343
vn -0.6449 -0.4451 -0.6213
vn -0.6405 -0.4645 -0.6115
vn -0.2831 -0.5031 -0.8165
vn -0.6361 -0.4799 -0.6042
vn 0.0378 -0.4813 -0.8758
vn 0.3245 -0.3682 -0.8712
vn 0.3263 -0.3943 -0.8591
vn 0.0269 -0.4554 -0.8899
vn 0.0223 -0.4404 -0.8975
vn 0.3284 -0.4156 -0.8482
vn 0.0328 -0.4681 -0.8830
vn -0.2879 -0.4961 -0.8191
vn -0.2882 -0.4930 -0.8209
vn -0.2857 -0.4991 -0.8181
vn 0.6520 -0.2448 -0.7176
vn 0.6449 -0.2843 -0.7094
vn 0.6374 -0.3196 -0.7011
vn -0.6315 -0.4930 -0.5985
vn -0.6257 -0.5052 -0.5943
vn -0.6182 -0.5168 -0.5922
vn 0.3322 -0.5633 -0.7565
vn 0.3336 -0.5760 -0.7463
vn 0.0458 -0.5493 -0.8344
vn 0.0436 -0.5505 -0.8337
vn 0.3378 -0.5867 -0.7360
vn 0.0485 -0.5458 -0.8365
vn -0.2756 -0.4794 -0.8332
vn -0.2769 -0.4954 -0.8234
vn -0.2767 -0.4616 -0.8428
vn 0.6392 -0.5276 -0.5595
vn 0.6346 -0.5539 -0.5391
vn 0.6293 -0.5795 -0.5178
vn 0.6249 -0.6086 -0.4890
vn 0.3461 -0.6028 -0.7190
vn 0.0525 -0.5482 -0.8347
vn -0.2811 -0.4487 -0.8483
vn -0.6509 -0.2744 -0.7078
vn -0.6475 -0.2992 -0.7009
vn -0.6481 -0.3291 -0.6868
vn -0.6499 -0.3603 -0.6692
vn 0.3603 -0.6331 -0.6851
vn 0.3817 -0.6813 -0.6246
vn 0.0874 -0.6246 -0.7760
vn 0.0623 -0.5701 -0.8192
vn 0.4072 -0.7427 -0.5316
vn 0.1409 -0.7178 -0.6818
vn -0.2703 -0.5061 -0.8190
vn -0.2838 -0.4564 -0.8433
vn -0.2174 -0.6155 -0.7576
vn 0.6224 -0.6438 -0.4452
vn 0.6203 -0.6836 -0.3846
vn 0.6140 -0.7242 -0.3140
vn 0.6012 -0.7584 -0.2519
vn 0.4668 -0.8055 -0.3650
vn 0.2315 -0.8297 -0.5079
vn -0.1296 -0.7768 -0.6162
vn -0.5444 -0.5786 -0.6073
vn -0.6122 -0.4173 -0.6716
vn -0.6520 -0.3073 -0.6931
vn -0.6565 -0.2687 -0.7048
vn -0.9315 0.1910 0.3095
vn -0.9988 0.0269 -0.0401
vn -0.9958 0.0650 -0.0646
vn -0.9307 0.2224 0.2905
vn -0.9161 -0.1592 -0.3681
vn -0.9124 -0.1203 -0.3912
vn -0.9918 0.0945 -0.0863
vn -0.9296 0.2480 0.2727
vn -0.9077 -0.0877 -0.4104
vn -0.9307 0.1501 0.3336
vn -0.9997 -0.0219 -0.0130
vn -0.9165 -0.2055 -0.3433
vn -0.9045 -0.0620 -0.4220
vn -0.9877 0.1167 -0.1045
vn -0.9293 0.2695 0.2524
vn -0.8338 0.3100 0.4569
vn -0.8351 0.3314 0.4390
vn -0.8348 0.2876 0.4694
vn 0.3939 0.9181 -0.0442
vn 0.4128 0.8841 -0.2190
vn 0.3360 0.9132 -0.2307
vn 0.3119 0.9501 0.0013
vn 0.3992 0.8307 -0.3879
vn 0.3137 0.8365 -0.4493
vn 0.2843 0.9291 -0.2363
vn 0.2524 0.9667 0.0423
vn 0.2516 0.8330 -0.4927
vn 0.4855 0.8717 -0.0663
vn 0.4998 0.8421 -0.2024
vn 0.4944 0.8021 -0.3350
vn 0.9353 0.1262 0.3306
vn 0.9974 -0.0162 -0.0706
vn 0.9967 0.0442 -0.0676
vn 0.9267 0.1792 0.3302
vn 0.8880 -0.1744 -0.4256
vn 0.8970 -0.1219 -0.4248
vn 0.9936 0.0957 -0.0597
vn 0.9155 0.2235 0.3344
vn 0.9044 -0.0713 -0.4207
vn 0.9378 0.0585 0.3422
vn 0.9946 -0.0855 -0.0589
vn 0.8807 -0.2276 -0.4153
vn 0.9074 -0.0243 -0.4196
vn 0.9892 0.1368 -0.0533
vn 0.9048 0.2589 0.3380
vn 0.2500 -0.9399 0.2326
vn 0.2353 -0.9701 0.0588
vn 0.3871 -0.9211 0.0415
vn 0.3988 -0.7749 0.4903
vn -0.1475 -0.9159 -0.3732
vn 0.3255 -0.9068 -0.2680
vn 0.6187 -0.7826 0.0692
vn 0.6456 -0.6780 0.3516
vn 0.5520 -0.8193 -0.1548
vn -0.5538 -0.3832 0.7392
vn -0.6841 -0.7077 0.1767
vn -0.5242 -0.7900 -0.3179
vn -0.4266 -0.7839 -0.4511
vn 0.6682 -0.7397 -0.0800
vn 0.7198 -0.6875 0.0961
vn 0.7440 -0.6012 0.2916
vn 0.2139 -0.5910 0.7778
vn -0.9055 -0.0386 0.4226
vn -0.9762 -0.2058 0.0682
vn -0.9888 -0.1426 0.0433
vn -0.9185 0.0337 0.3939
vn -0.8945 -0.3499 -0.2782
vn -0.9049 -0.3047 -0.2970
vn -0.9967 -0.0800 0.0155
vn -0.9268 0.0974 0.3627
vn -0.9126 -0.2558 -0.3190
vn -0.8887 -0.1127 0.4444
vn -0.9601 -0.2655 0.0881
vn -0.8826 -0.3896 -0.2630
vn 0.7985 -0.5029 0.3311
vn 0.7829 -0.6107 0.1189
vn 0.8287 -0.5432 0.1346
vn 0.8267 -0.4080 0.3874
vn 0.7328 -0.6761 -0.0776
vn 0.7676 -0.6312 -0.1111
vn 0.8647 -0.4807 0.1457
vn 0.8413 -0.3245 0.4323
vn 0.7966 -0.5871 -0.1441
vn 0.8233 -0.5412 -0.1712
vn 0.8956 -0.4182 0.1518
vn 0.8504 -0.2519 0.4620
vn 0.8687 0.3765 0.3218
vn 0.9581 0.2789 -0.0652
vn 0.9495 0.3072 -0.0640
vn 0.8596 0.4042 0.3125
vn 0.8881 0.1320 -0.4403
vn 0.8858 0.1569 -0.4367
vn 0.9402 0.3354 -0.0591
vn 0.8501 0.4296 0.3045
vn 0.8827 0.1869 -0.4313
vn 0.8775 0.3468 0.3312
vn 0.9665 0.2491 -0.0619
vn 0.8914 0.1084 -0.4401
vn 0.8758 0.2265 -0.4262
vn 0.9283 0.3678 -0.0541
vn 0.8398 0.4543 0.2971
vn 0.9104 -0.0639 0.4087
vn 0.9734 -0.2229 0.0524
vn 0.9806 -0.1959 0.0101
vn 0.9213 -0.0457 0.3861
vn 0.8814 -0.3583 -0.3079
vn 0.8788 -0.3224 -0.3519
vn 0.9882 -0.1505 -0.0299
vn 0.9317 -0.0063 0.3632
vn 0.8777 -0.2784 -0.3901
vn 0.8976 -0.0817 0.4332
vn 0.9654 -0.2442 0.0909
vn 0.8818 -0.3890 -0.2665
vn -0.9331 0.2750 0.2319
vn -0.9855 0.1226 -0.1175
vn -0.9881 0.0886 -0.1260
vn -0.9455 0.2406 0.2194
vn -0.9036 -0.0535 -0.4250
vn -0.9015 -0.0865 -0.4241
vn -0.9898 -0.0528 -0.1320
vn -0.9677 0.1128 0.2253
vn -0.8832 -0.2037 -0.4226
vn -0.8433 0.3393 0.4167
vn -0.8947 -0.2651 -0.3595
vn -0.9898 -0.1214 -0.0750
vn -0.9743 0.0235 0.2242
vn -0.8880 0.2113 0.4084
vn -0.9004 0.1182 0.4186
vn -0.8616 0.3098 0.4021
vn 0.8281 0.4811 0.2877
vn 0.9128 0.4050 -0.0529
vn 0.8958 0.4408 -0.0565
vn 0.8151 0.5102 0.2743
vn 0.8643 0.2728 -0.4226
vn 0.8525 0.3135 -0.4182
vn 0.8799 0.4710 -0.0625
vn 0.8014 0.5398 0.2577
vn 0.8459 0.3429 -0.4085
vn 0.8405 0.3717 -0.3943
vn 0.8641 0.4984 -0.0698
vn 0.7863 0.5699 0.2384
vn -0.8488 -0.2539 0.4637
vn -0.9151 -0.3873 0.1125
vn -0.9279 -0.3563 0.1094
vn -0.8581 -0.2233 0.4625
vn -0.8456 -0.4762 -0.2412
vn -0.8580 -0.4517 -0.2446
vn -0.9432 -0.3161 0.1018
vn -0.8717 -0.1764 0.4572
vn -0.8704 -0.4232 -0.2518
vn -0.8424 -0.2745 0.4637
vn -0.9030 -0.4144 0.1133
vn -0.8315 -0.5012 -0.2395
vn 0.7677 0.6038 0.2147
vn 0.8437 0.5307 -0.0805
vn 0.8139 0.5730 -0.0960
vn 0.7426 0.6435 0.1854
vn 0.8265 0.4129 -0.3826
vn 0.7987 0.4677 -0.3785
vn 0.7735 0.6232 -0.1159
vn 0.7112 0.6868 0.1503
vn 0.7585 0.5288 -0.3808
vn 0.7139 0.5864 -0.3827
vn 0.7257 0.6740 -0.1377
vn 0.6755 0.7292 0.1096
vn 0.8970 0.2821 0.3401
vn 0.9845 0.1679 -0.0506
vn 0.9796 0.1942 -0.0522
vn 0.8911 0.3003 0.3404
vn 0.9060 0.0176 -0.4229
vn 0.9015 0.0531 -0.4295
vn 0.9738 0.2203 -0.0567
vn 0.8850 0.3204 0.3377
vn 0.8960 0.0830 -0.4362
vn 0.6399 0.7657 0.0655
vn 0.6783 0.7179 -0.1565
vn 0.6317 0.7560 -0.1712
vn 0.6034 0.7972 0.0178
vn 0.6725 0.6379 -0.3754
vn 0.6292 0.6907 -0.3565
vn 0.5755 0.7965 -0.1855
vn 0.5583 0.8290 -0.0332
vn 0.5745 0.7474 -0.3336
vn -0.7321 -0.5422 0.4124
vn -0.7936 -0.5949 0.1273
vn -0.8407 -0.5276 0.1217
vn -0.7961 -0.4035 0.4511
vn -0.7076 -0.6947 -0.1295
vn -0.7659 -0.6121 -0.1967
vn -0.8813 -0.4582 0.1160
vn -0.8284 -0.3153 0.4629
vn -0.8069 -0.5443 -0.2296
vn -0.6707 -0.4593 0.5824
vn 0.8602 -0.1880 0.4740
vn 0.9215 -0.3579 0.1508
vn 0.9408 -0.3085 0.1402
vn 0.8718 -0.1393 0.4696
vn 0.8468 -0.4960 -0.1920
vn 0.8646 -0.4557 -0.2115
vn 0.9548 -0.2718 0.1205
vn 0.8841 -0.1074 0.4547
vn 0.8765 -0.4203 -0.2346
vn 0.4776 -0.6927 0.5404
vn 0.5695 -0.7141 0.4071
vn 0.2726 -0.8654 0.4205
vn 0.2260 -0.8093 0.5421
vn -0.0000 -0.9066 0.4220
vn -0.0000 -0.8409 0.5411
vn -0.2726 -0.8654 0.4205
vn -0.2260 -0.8093 0.5421
vn -0.5695 -0.7141 0.4071
vn -0.4776 -0.6927 0.5404
vn 0.6379 -0.7548 0.1529
vn 0.3105 -0.9326 0.1838
vn -0.0000 -0.9813 0.1925
vn -0.3105 -0.9326 0.1838
vn -0.6379 -0.7548 0.1529
vn 0.5435 -0.8363 -0.0719
vn 0.2595 -0.9651 -0.0348
vn -0.0000 -0.9997 -0.0228
vn -0.2595 -0.9651 -0.0348
vn -0.5435 -0.8363 -0.0719
vn 0.4397 -0.8811 -0.1745
vn 0.1095 -0.9199 -0.3767
vn -0.0000 -0.9286 -0.3711
vn -0.1095 -0.9199 -0.3767
vn -0.4397 -0.8811 -0.1745
vn 0.1923 -0.1968 0.9614
vn 0.1653 -0.2500 0.9541
vn -0.1653 -0.2500 0.9541
vn -0.1923 -0.1968 0.9614
vn 0.1442 -0.7531 -0.6419
vn 0.1653 -0.7265 -0.6670
vn -0.1653 -0.7265 -0.6670
vn -0.1442 -0.7531 -0.6419
vn -0.0071 0.3558 0.9345
vn -0.0043 0.2527 0.9675
vn 0.0043 0.2527 0.9675
vn 0.0071 0.3558 0.9345
vn 0.0103 0.0382 0.9992
vn -0.0103 0.0382 0.9992
vn 0.0566 -0.2686 0.9616
vn -0.0566 -0.2686 0.9616
vn -0.0698 0.9209 0.3834
vn -0.0175 0.7767 0.6297
vn 0.0175 0.7767 0.6297
vn 0.0698 0.9209 0.3834
vn 0.0121 0.6618 0.7496
vn -0.0121 0.6618 0.7496
vn 0.0215 0.6160 0.7875
vn -0.0215 0.6160 0.7875
vn 0.0209 0.6258 0.7797
vn -0.0209 0.6258 0.7797
vn 0.0165 0.6504 0.7595
vn -0.0165 0.6504 0.7595
vn 0.0112 0.6540 0.7564
vn -0.0112 0.6540 0.7564
vn 0.0061 0.6306 0.7761
vn -0.0061 0.6306 0.7761
vn 0.0015 0.5827 0.8127
vn -0.0015 0.5827 0.8127
vn -0.0021 0.5228 0.8524
vn 0.0021 0.5228 0.8524
vn -0.0049 0.4646 0.8855
vn 0.0049 0.4646 0.8855
vn -0.0066 0.4114 0.9114
vn 0.0066 0.4114 0.9114
vn 0.0338 -0.2311 -0.9723
vn 0.0282 -0.3412 -0.9396
vn -0.0282 -0.3412 -0.9396
vn -0.0338 -0.2311 -0.9723
vn 0.0091 -0.5461 -0.8376
vn -0.0091 -0.5461 -0.8376
vn -0.0404 -0.7627 -0.6455
vn 0.0404 -0.7627 -0.6455
vn 0.0772 0.6515 -0.7547
vn 0.0395 0.4224 -0.9056
vn -0.0395 0.4224 -0.9056
vn -0.0772 0.6515 -0.7547
vn 0.0207 0.2529 -0.9673
vn -0.0207 0.2529 -0.9673
vn 0.0189 0.1559 -0.9876
vn -0.0189 0.1559 -0.9876
vn 0.0233 0.1168 -0.9929
vn -0.0233 0.1168 -0.9929
vn 0.0269 0.0958 -0.9950
vn -0.0269 0.0958 -0.9950
vn 0.0321 0.0653 -0.9974
vn -0.0321 0.0653 -0.9974
vn 0.0381 0.0236 -0.9990
vn -0.0381 0.0236 -0.9990
vn 0.0413 -0.0258 -0.9988
vn -0.0413 -0.0258 -0.9988
vn 0.0397 -0.0782 -0.9961
vn -0.0397 -0.0782 -0.9961
vn 0.0371 -0.1330 -0.9904
vn -0.0371 -0.1330 -0.9904
vn 0.0358 -0.1787 -0.9832
vn -0.0358 -0.1787 -0.9832
vn 0.1164 0.9913 0.0618
vn -0.1164 0.9913 0.0618
vn 0.1326 0.9609 -0.2432
vn -0.1326 0.9609 -0.2432
vn 0.1160 0.8477 -0.5176
vn -0.1160 0.8477 -0.5176
vn -0.0610 -0.3735 0.9256
vn 0.0610 -0.3735 0.9256
vn -0.0523 -0.8243 -0.5637
vn 0.0523 -0.8243 -0.5637
vn -0.0533 0.0961 -0.9939
vn 0.0533 0.0961 -0.9939
vn 0.0784 0.0043 -0.9969
vn -0.0784 0.0043 -0.9969
vn -0.0654 0.0575 -0.9962
vn 0.0654 0.0575 -0.9962
vn -0.0000 -0.3243 0.9459
vn 0.3304 -0.3997 -0.8550
vn 0.1313 -0.3372 -0.9322
vn 0.1097 -0.2700 -0.9566
vn 0.3176 -0.3669 -0.8744
vn 0.0695 -0.2176 -0.9736
vn 0.3005 -0.3432 -0.8899
vn 0.0355 -0.2864 -0.9574
vn 0.0084 -0.1473 -0.9890
vn -0.0636 0.0269 -0.9976
vn 0.6191 -0.4737 -0.6263
vn 0.3381 -0.4321 -0.8361
vn 0.6189 -0.4493 -0.6443
vn 0.6173 -0.4250 -0.6620
vn 0.6159 -0.4016 -0.6777
vn 0.2866 -0.3363 -0.8971
vn 0.6165 -0.3805 -0.6893
vn 0.0256 -0.2273 -0.9735
vn -0.1845 0.0321 -0.9823
vn 0.1395 -0.3870 -0.9115
vn 0.0422 -0.3641 -0.9304
vn 0.3220 -0.8568 -0.4028
vn 0.1699 -0.8305 -0.5305
vn 0.1229 -0.7242 -0.6785
vn 0.3104 -0.7862 -0.5343
vn 0.1013 -0.6647 -0.7402
vn 0.2991 -0.7347 -0.6089
vn 0.0672 -0.7957 -0.6019
vn 0.0107 -0.6795 -0.7336
vn -0.0095 -0.6261 -0.7797
vn 0.4496 -0.8881 -0.0951
vn 0.3510 -0.9179 -0.1850
vn 0.4811 -0.8566 -0.1866
vn 0.5027 -0.8182 -0.2789
vn 0.5155 -0.7818 -0.3508
vn 0.2926 -0.7095 -0.6410
vn 0.5264 -0.7497 -0.4010
vn 0.0950 -0.6535 -0.7509
vn -0.0105 -0.6285 -0.7777
vn 0.2440 -0.9284 -0.2802
vn 0.1623 -0.9219 -0.3518
vn 0.2930 -0.6933 -0.6584
vn 0.0975 -0.6576 -0.7470
vn 0.1055 -0.6485 -0.7539
vn 0.3010 -0.6702 -0.6785
vn 0.1160 -0.6202 -0.7758
vn 0.3129 -0.6362 -0.7052
vn -0.0034 -0.6466 -0.7628
vn 0.0064 -0.6463 -0.7631
vn 0.0167 -0.6214 -0.7833
vn 0.5402 -0.7170 -0.4405
vn 0.5573 -0.6811 -0.4749
vn 0.5747 -0.6426 -0.5067
vn 0.3250 -0.5926 -0.7370
vn 0.5900 -0.6034 -0.5364
vn 0.1264 -0.5745 -0.8087
vn 0.0261 -0.5745 -0.8181
vn 0.3347 -0.5463 -0.7679
vn 0.1347 -0.5218 -0.8424
vn 0.1397 -0.4722 -0.8703
vn 0.3401 -0.5033 -0.7944
vn 0.1414 -0.4280 -0.8927
vn 0.3411 -0.4654 -0.8167
vn 0.0337 -0.5174 -0.8551
vn 0.0390 -0.4627 -0.8857
vn 0.0420 -0.4132 -0.9097
vn 0.6025 -0.5658 -0.5629
vn 0.6114 -0.5312 -0.5865
vn 0.6169 -0.5004 -0.6075
vn 0.2834 -0.3351 -0.8986
vn 0.0056 -0.2583 -0.9661
vn 0.0071 -0.2631 -0.9648
vn 0.2891 -0.3270 -0.8997
vn 0.0139 -0.2494 -0.9683
vn 0.2973 -0.3121 -0.9023
vn -0.2511 -0.0816 -0.9645
vn -0.2714 -0.1244 -0.9544
vn -0.2770 -0.1300 -0.9521
vn 0.6196 -0.3631 -0.6958
vn 0.6246 -0.3489 -0.6987
vn 0.6308 -0.3344 -0.7002
vn 0.3062 -0.2936 -0.9056
vn 0.6397 -0.3150 -0.7011
vn 0.0206 -0.2299 -0.9730
vn -0.2764 -0.1174 -0.9538
vn -0.6049 0.0857 -0.7917
vn -0.6110 0.0711 -0.7884
vn -0.5855 0.1427 -0.7980
vn -0.3595 0.0682 -0.9306
vn 0.3638 -0.2397 -0.9001
vn 0.0542 -0.2758 -0.9597
vn 0.0570 -0.3054 -0.9505
vn 0.3707 -0.2469 -0.8954
vn 0.0576 -0.3194 -0.9459
vn 0.3719 -0.2481 -0.8945
vn -0.2706 -0.2508 -0.9294
vn -0.2745 -0.3008 -0.9133
vn -0.2781 -0.3326 -0.9011
vn 0.6898 -0.1790 -0.7016
vn 0.3551 -0.2399 -0.9035
vn 0.6924 -0.1397 -0.7078
vn 0.6926 -0.1202 -0.7112
vn 0.6887 -0.1112 -0.7165
vn 0.3703 -0.2313 -0.8997
vn 0.6790 -0.0916 -0.7284
vn 0.0608 -0.3142 -0.9474
vn -0.2780 -0.3458 -0.8962
vn -0.6594 -0.2593 -0.7056
vn -0.6643 -0.2947 -0.6869
vn -0.6511 -0.2072 -0.7302
vn -0.6406 -0.1394 -0.7552
vn -0.2682 -0.1927 -0.9439
vn -0.6293 -0.0639 -0.7745
vn 0.0492 -0.2432 -0.9687
vn 0.3182 -0.2723 -0.9081
vn 0.0277 -0.2134 -0.9766
vn 0.0350 -0.2076 -0.9776
vn 0.3320 -0.2542 -0.9084
vn 0.0423 -0.2179 -0.9751
vn 0.3445 -0.2451 -0.9062
vn -0.2728 -0.1071 -0.9561
vn -0.2699 -0.1143 -0.9561
vn -0.2683 -0.1430 -0.9527
vn 0.6538 -0.2858 -0.7006
vn 0.6693 -0.2536 -0.6984
vn 0.6818 -0.2210 -0.6974
vn -0.6197 0.0016 -0.7849
vn -0.6136 0.0454 -0.7883
vn -0.6113 0.0669 -0.7886
vn 0.3731 -0.2096 -0.9038
vn 0.0707 -0.3022 -0.9506
vn 0.0840 -0.2879 -0.9540
vn 0.3799 -0.1875 -0.9058
vn 0.0990 -0.2758 -0.9561
vn 0.3910 -0.1612 -0.9062
vn -0.2719 -0.3492 -0.8967
vn -0.2618 -0.3486 -0.9000
vn -0.2512 -0.3518 -0.9017
vn 0.6702 -0.0660 -0.7392
vn 0.6650 -0.0392 -0.7458
vn 0.6653 0.0008 -0.7466
vn 0.4111 -0.1375 -0.9012
vn 0.6763 0.0500 -0.7349
vn 0.1150 -0.2746 -0.9547
vn -0.2454 -0.3659 -0.8977
vn -0.4425 -0.3704 -0.8167
vn -0.4423 -0.3899 -0.8077
vn -0.6621 -0.3359 -0.6699
vn -0.6648 -0.3184 -0.6757
vn 0.4414 -0.1025 -0.8915
vn 0.1326 -0.2661 -0.9548
vn 0.1644 -0.2069 -0.9645
vn 0.4848 -0.0219 -0.8743
vn 0.2338 -0.0214 -0.9720
vn 0.5360 0.1327 -0.8337
vn -0.2475 -0.3728 -0.8943
vn -0.2472 -0.3326 -0.9101
vn -0.2165 -0.1686 -0.9616
vn 0.6968 0.1123 -0.7084
vn 0.7193 0.2037 -0.6641
vn 0.7322 0.3266 -0.5977
vn 0.6073 0.4180 -0.6756
vn 0.7199 0.4503 -0.5283
vn 0.3295 0.3701 -0.8686
vn 0.0752 0.0321 -0.9967
vn -0.4606 -0.2223 -0.8593
vn -0.4446 -0.1331 -0.8858
vn -0.4696 -0.3616 -0.8055
vn -0.4538 -0.3986 -0.7970
vn 0.3848 0.1377 0.9127
vn 0.3710 0.1820 0.9107
vn 0.1651 0.3141 0.9349
vn 0.1908 0.2357 0.9529
vn 0.0537 0.4458 0.8935
vn 0.0883 0.3012 0.9495
vn 0.3524 0.2140 0.9111
vn 0.1209 0.3760 0.9187
vn -0.0261 0.5956 0.8029
vn 0.6609 -0.0534 0.7486
vn 0.6606 -0.0110 0.7507
vn 0.3948 0.0932 0.9140
vn 0.2037 0.1786 0.9626
vn 0.1001 0.2163 0.9712
vn 0.0732 0.3814 0.9215
vn -0.1419 0.6037 0.7845
vn 0.3351 0.2274 0.9144
vn 0.6534 0.0470 0.7556
vn 0.6501 0.0648 0.7571
vn 0.6577 0.0224 0.7530
vn 0.3695 -0.5600 0.7416
vn 0.3892 -0.4210 0.8193
vn 0.1979 -0.3124 0.9291
vn 0.2141 -0.4859 0.8474
vn 0.0774 -0.2629 0.9617
vn 0.1105 -0.4371 0.8926
vn 0.3998 -0.2920 0.8689
vn 0.2078 -0.1917 0.9592
vn 0.0748 -0.1566 0.9848
vn 0.4702 -0.7375 0.4847
vn 0.5178 -0.6614 0.5426
vn 0.3714 -0.7211 0.5849
vn 0.2609 -0.6887 0.6765
vn 0.1781 -0.6579 0.7317
vn 0.2209 -0.1339 0.9661
vn 0.0945 -0.1172 0.9886
vn 0.4333 -0.2633 0.8619
vn 0.5840 -0.4702 0.6617
vn 0.5952 -0.4353 0.6755
vn 0.5593 -0.5700 0.6019
vn 0.6325 -0.3932 0.6674
vn 0.4999 -0.3183 0.8055
vn 0.6949 -0.2397 0.6779
vn 0.6873 -0.1905 0.7010
vn 0.4547 -0.0465 0.8894
vn 0.5799 -0.1253 0.8050
vn 0.6729 -0.3235 0.6652
vn 0.5558 -0.2461 0.7940
vn 0.4537 -0.0189 0.8910
vn 0.4205 0.0311 0.9068
vn 0.2262 0.1079 0.9681
vn 0.2493 0.0585 0.9667
vn 0.1099 0.1272 0.9858
vn 0.1126 0.0727 0.9910
vn 0.4049 0.0547 0.9127
vn 0.2133 0.1400 0.9669
vn 0.1053 0.1696 0.9799
vn 0.6729 -0.1655 0.7210
vn 0.2394 0.0286 0.9705
vn 0.1307 0.0374 0.9907
vn 0.6600 -0.0990 0.7447
vn 0.6650 -0.1325 0.7350
vn 0.3260 0.2384 0.9148
vn 0.3238 0.2626 0.9090
vn 0.0311 0.3779 0.9253
vn 0.0443 0.3694 0.9282
vn -0.2493 0.5009 0.8289
vn -0.2120 0.5300 0.8211
vn 0.3238 0.2969 0.8983
vn 0.0237 0.3983 0.9169
vn -0.2723 0.4903 0.8279
vn 0.6499 0.0850 0.7552
vn -0.5473 0.6141 0.5686
vn -0.4795 0.7004 0.5287
vn -0.5848 0.5598 0.5871
vn -0.2849 0.4896 0.8241
vn -0.6070 0.5304 0.5917
vn 0.0207 0.4209 0.9069
vn 0.3244 0.3344 0.8849
vn 0.6557 0.1544 0.7390
vn 0.6561 0.1999 0.7277
vn 0.6528 0.1150 0.7488
vn 0.3325 0.4587 0.8240
vn 0.3330 0.4875 0.8071
vn 0.0413 0.5153 0.8560
vn 0.0405 0.4970 0.8668
vn -0.2817 0.5115 0.8118
vn -0.2824 0.5078 0.8139
vn 0.3331 0.5180 0.7878
vn 0.0414 0.5331 0.8450
vn -0.2811 0.5120 0.8117
vn 0.6332 0.3524 0.6891
vn 0.6325 0.3870 0.6710
vn 0.3310 0.4354 0.8371
vn 0.0375 0.4813 0.8757
vn -0.2841 0.5032 0.8161
vn -0.6406 0.4645 0.6115
vn -0.6361 0.4799 0.6042
vn -0.6449 0.4451 0.6213
vn -0.6484 0.4210 0.6343
vn -0.2800 0.5067 0.8154
vn -0.6503 0.3918 0.6508
vn 0.0421 0.5456 0.8370
vn 0.3334 0.5445 0.7697
vn 0.6388 0.4635 0.6141
vn 0.6413 0.4980 0.5837
vn 0.6350 0.4251 0.6450
vn 0.3254 0.3679 0.8711
vn 0.3271 0.3939 0.8590
vn 0.0268 0.4554 0.8899
vn 0.0222 0.4404 0.8975
vn -0.2888 0.4963 0.8187
vn -0.2890 0.4932 0.8205
vn 0.3291 0.4154 0.8480
vn 0.0325 0.4682 0.8830
vn -0.2867 0.4992 0.8177
vn 0.6524 0.2444 0.7174
vn -0.6183 0.5168 0.5921
vn -0.6258 0.5052 0.5942
vn -0.6315 0.4930 0.5985
vn 0.6380 0.3193 0.7008
vn 0.6454 0.2839 0.7091
vn 0.3337 0.5633 0.7559
vn 0.3351 0.5760 0.7456
vn 0.0455 0.5493 0.8344
vn 0.0433 0.5505 0.8337
vn -0.2776 0.4788 0.8329
vn -0.2787 0.4949 0.8230
vn 0.3393 0.5868 0.7352
vn 0.0482 0.5458 0.8365
vn -0.2787 0.4609 0.8425
vn 0.6400 0.5274 0.5587
vn -0.6501 0.3601 0.6691
vn -0.6483 0.3288 0.6867
vn -0.6476 0.2989 0.7009
vn -0.2830 0.4481 0.8480
vn -0.6508 0.2743 0.7080
vn 0.0523 0.5483 0.8347
vn 0.3475 0.6029 0.7182
vn 0.6303 0.5792 0.5169
vn 0.6256 0.6084 0.4883
vn 0.6355 0.5536 0.5382
vn 0.3612 0.6333 0.6845
vn 0.3817 0.6813 0.6246
vn 0.0866 0.6246 0.7761
vn 0.0621 0.5702 0.8191
vn -0.2713 0.5061 0.8187
vn -0.2853 0.4560 0.8430
vn 0.4060 0.7426 0.5327
vn 0.1388 0.7179 0.6822
vn -0.2184 0.6155 0.7573
vn 0.6226 0.6437 0.4451
vn -0.6556 0.2693 0.7055
vn -0.6501 0.3088 0.6943
vn -0.6116 0.4183 0.6716
vn -0.1392 0.7775 0.6133
vn -0.5428 0.5798 0.6076
vn 0.2258 0.8309 0.5086
vn 0.4635 0.8062 0.3677
vn 0.6128 0.7244 0.3157
vn 0.5995 0.7590 0.2539
vn 0.6198 0.6837 0.3853
vn -0.9307 -0.1917 -0.3115
vn -0.9988 -0.0270 0.0399
vn -0.9958 -0.0650 0.0643
vn -0.9298 -0.2231 -0.2928
vn -0.9918 -0.0946 0.0859
vn -0.9286 -0.2488 -0.2754
vn -0.9154 0.1600 0.3694
vn -0.9117 0.1211 0.3926
vn -0.9070 0.0886 0.4118
vn -0.9300 -0.1508 -0.3352
vn -0.8318 -0.3108 -0.4599
vn -0.9282 -0.2705 -0.2554
vn -0.8329 -0.3324 -0.4424
vn -0.9877 -0.1170 0.1041
vn -0.9036 0.0630 0.4237
vn -0.9159 0.2061 0.3445
vn -0.9997 0.0218 0.0129
vn 0.3930 -0.9185 0.0430
vn 0.4123 -0.8843 0.2191
vn 0.3352 -0.9135 0.2307
vn 0.3110 -0.9504 -0.0025
vn 0.2811 -0.9301 0.2364
vn 0.2500 -0.9673 -0.0428
vn 0.3985 -0.8305 0.3892
vn 0.3130 -0.8362 0.4503
vn 0.2496 -0.8333 0.4932
vn 0.4851 -0.8721 0.0647
vn 0.4942 -0.8015 0.3366
vn 0.4996 -0.8423 0.2025
vn 0.9352 -0.1263 -0.3309
vn 0.9974 0.0161 0.0701
vn 0.9968 -0.0443 0.0673
vn 0.9266 -0.1792 -0.3306
vn 0.9936 -0.0958 0.0595
vn 0.9153 -0.2236 -0.3349
vn 0.8880 0.1743 0.4255
vn 0.8970 0.1218 0.4249
vn 0.9043 0.0713 0.4210
vn 0.9377 -0.0587 -0.3424
vn 0.9046 -0.2590 -0.3385
vn 0.9892 -0.1368 0.0532
vn 0.9072 0.0244 0.4200
vn 0.8809 0.2275 0.4151
vn 0.9947 0.0852 0.0583
vn 0.1980 0.9479 -0.2494
vn 0.1908 0.9796 -0.0634
vn 0.3635 0.9302 -0.0517
vn 0.3746 0.7815 -0.4989
vn 0.6147 0.7855 -0.0718
vn 0.6403 0.6778 -0.3615
vn -0.1616 0.9148 0.3702
vn 0.3123 0.9118 0.2667
vn 0.5483 0.8215 0.1565
vn -0.5434 0.4129 -0.7309
vn 0.1750 0.5958 -0.7839
vn 0.7431 0.5990 -0.2982
vn 0.7194 0.6878 -0.0968
vn 0.6673 0.7403 0.0819
vn -0.4446 0.7861 0.4294
vn -0.6081 0.7904 0.0737
vn -0.6197 0.7842 0.0306
vn -0.6594 0.7262 -0.1945
vn -0.9051 0.0381 -0.4236
vn -0.9762 0.2057 -0.0683
vn -0.9888 0.1425 -0.0434
vn -0.9180 -0.0343 -0.3950
vn -0.9967 0.0799 -0.0156
vn -0.9262 -0.0981 -0.3640
vn -0.8941 0.3503 0.2792
vn -0.9044 0.3052 0.2981
vn -0.9120 0.2564 0.3201
vn -0.8883 0.1123 -0.4452
vn -0.8822 0.3899 0.2640
vn -0.9601 0.2654 -0.0882
vn 0.7985 0.5008 -0.3342
vn 0.7832 0.6102 -0.1196
vn 0.8290 0.5426 -0.1352
vn 0.8266 0.4064 -0.3894
vn 0.8649 0.4803 -0.1459
vn 0.8412 0.3235 -0.4333
vn 0.7323 0.6763 0.0795
vn 0.7672 0.6314 0.1125
vn 0.7963 0.5872 0.1450
vn 0.8504 0.2515 -0.4622
vn 0.8956 0.4181 -0.1518
vn 0.8231 0.5413 0.1717
vn 0.8687 -0.3764 -0.3222
vn 0.9581 -0.2788 0.0651
vn 0.9496 -0.3070 0.0641
vn 0.8596 -0.4040 -0.3129
vn 0.9403 -0.3352 0.0594
vn 0.8501 -0.4293 -0.3050
vn 0.8880 -0.1318 0.4405
vn 0.8857 -0.1567 0.4370
vn 0.8825 -0.1868 0.4316
vn 0.8774 -0.3467 -0.3316
vn 0.8398 -0.4541 -0.2975
vn 0.9284 -0.3675 0.0544
vn 0.8757 -0.2263 0.4265
vn 0.8913 -0.1083 0.4404
vn 0.9665 -0.2490 0.0618
vn 0.9103 0.0635 -0.4090
vn 0.9735 0.2228 -0.0522
vn 0.9806 0.1958 -0.0102
vn 0.9213 0.0453 -0.3862
vn 0.9882 0.1503 0.0294
vn 0.9316 0.0060 -0.3633
vn 0.8812 0.3585 0.3081
vn 0.8788 0.3224 0.3518
vn 0.8778 0.2783 0.3898
vn 0.8974 0.0814 -0.4335
vn 0.8816 0.3893 0.2669
vn 0.9654 0.2444 -0.0906
vn -0.9318 -0.2763 -0.2354
vn -0.9855 -0.1228 0.1172
vn -0.9882 -0.0879 0.1258
vn -0.9442 -0.2413 -0.2241
vn -0.9895 0.0658 0.1284
vn -0.9675 -0.1007 -0.2321
vn -0.9024 0.0550 0.4274
vn -0.8997 0.0893 0.4273
vn -0.8818 0.2101 0.4223
vn -0.8407 -0.3405 -0.4211
vn -0.8582 -0.3102 -0.4089
vn -0.8853 -0.2010 -0.4192
vn -0.9727 0.0035 -0.2322
vn -0.8970 -0.0988 -0.4309
vn -0.9839 0.1568 0.0859
vn -0.8809 0.2903 0.3739
vn 0.8280 -0.4810 -0.2881
vn 0.9129 -0.4047 0.0533
vn 0.8959 -0.4405 0.0569
vn 0.8150 -0.5101 -0.2748
vn 0.8801 -0.4707 0.0628
vn 0.8013 -0.5397 -0.2582
vn 0.8642 -0.2725 0.4229
vn 0.8526 -0.3131 0.4184
vn 0.8460 -0.3424 0.4087
vn 0.7862 -0.5700 -0.2389
vn 0.8643 -0.4981 0.0700
vn 0.8406 -0.3712 0.3946
vn -0.8485 0.2535 -0.4646
vn -0.9151 0.3873 -0.1126
vn -0.9279 0.3563 -0.1095
vn -0.8577 0.2229 -0.4633
vn -0.9432 0.3161 -0.1019
vn -0.8713 0.1761 -0.4580
vn -0.8453 0.4763 0.2419
vn -0.8577 0.4519 0.2454
vn -0.8700 0.4234 0.2526
vn -0.8420 0.2739 -0.4647
vn -0.8313 0.5013 0.2402
vn -0.9031 0.4143 -0.1135
vn 0.7674 -0.6039 -0.2152
vn 0.8439 -0.5304 0.0805
vn 0.8140 -0.5729 0.0960
vn 0.7424 -0.6436 -0.1860
vn 0.7736 -0.6230 0.1159
vn 0.7109 -0.6869 -0.1511
vn 0.8266 -0.4124 0.3831
vn 0.7986 -0.4673 0.3792
vn 0.7583 -0.5284 0.3818
vn 0.6753 -0.7292 -0.1107
vn 0.7259 -0.6739 0.1377
vn 0.7136 -0.5859 0.3841
vn 0.8969 -0.2822 -0.3406
vn 0.9845 -0.1679 0.0505
vn 0.9796 -0.1942 0.0521
vn 0.8909 -0.3004 -0.3408
vn 0.9738 -0.2203 0.0566
vn 0.8849 -0.3205 -0.3381
vn 0.9058 -0.0174 0.4233
vn 0.9013 -0.0530 0.4299
vn 0.8959 -0.0828 0.4365
vn 0.6397 -0.7657 -0.0669
vn 0.6786 -0.7177 0.1565
vn 0.6320 -0.7558 0.1711
vn 0.6033 -0.7973 -0.0194
vn 0.5756 -0.7964 0.1855
vn 0.5582 -0.8291 0.0316
vn 0.6724 -0.6369 0.3771
vn 0.6293 -0.6896 0.3584
vn 0.5746 -0.7466 0.3353
vn -0.7329 0.5375 -0.4171
vn -0.7983 0.5887 -0.1273
vn -0.8405 0.5279 -0.1219
vn -0.7956 0.4020 -0.4531
vn -0.8812 0.4581 -0.1162
vn -0.8281 0.3144 -0.4642
vn -0.7099 0.6916 0.1329
vn -0.7655 0.6122 0.1982
vn -0.8066 0.5443 0.2305
vn -0.6684 0.4569 -0.5869
vn 0.8602 0.1879 -0.4740
vn 0.9215 0.3580 -0.1505
vn 0.9408 0.3088 -0.1398
vn 0.8718 0.1392 -0.4696
vn 0.9548 0.2721 -0.1201
vn 0.8841 0.1072 -0.4549
vn 0.8466 0.4961 0.1924
vn 0.8644 0.4559 0.2120
vn 0.8763 0.4206 0.2351
vn -0.3304 -0.3997 -0.8550
vn -0.3176 -0.3669 -0.8744
vn -0.1097 -0.2699 -0.9566
vn -0.1313 -0.3372 -0.9322
vn -0.0084 -0.1473 -0.9891
vn -0.0354 -0.2864 -0.9574
vn -0.3005 -0.3432 -0.8899
vn -0.0695 -0.2176 -0.9736
vn 0.0636 0.0269 -0.9976
vn -0.6191 -0.4737 -0.6263
vn -0.6189 -0.4493 -0.6443
vn -0.3380 -0.4321 -0.8361
vn -0.1395 -0.3870 -0.9115
vn -0.0422 -0.3641 -0.9304
vn -0.0256 -0.2273 -0.9735
vn 0.1845 0.0321 -0.9823
vn -0.2866 -0.3363 -0.8971
vn -0.6159 -0.4016 -0.6777
vn -0.6165 -0.3805 -0.6893
vn -0.6173 -0.4250 -0.6620
vn -0.3220 -0.8568 -0.4028
vn -0.3104 -0.7862 -0.5343
vn -0.1229 -0.7242 -0.6785
vn -0.1699 -0.8305 -0.5305
vn -0.0107 -0.6795 -0.7336
vn -0.0672 -0.7957 -0.6019
vn -0.2991 -0.7347 -0.6089
vn -0.1013 -0.6647 -0.7402
vn 0.0095 -0.6261 -0.7797
vn -0.4496 -0.8881 -0.0951
vn -0.4811 -0.8566 -0.1866
vn -0.3510 -0.9179 -0.1850
vn -0.2440 -0.9284 -0.2802
vn -0.1623 -0.9219 -0.3518
vn -0.0950 -0.6535 -0.7509
vn 0.0105 -0.6285 -0.7777
vn -0.2926 -0.7095 -0.6410
vn -0.5155 -0.7818 -0.3508
vn -0.5264 -0.7497 -0.4010
vn -0.5027 -0.8182 -0.2789
vn -0.2930 -0.6933 -0.6584
vn -0.3010 -0.6702 -0.6785
vn -0.1055 -0.6485 -0.7539
vn -0.0975 -0.6576 -0.7470
vn -0.0064 -0.6463 -0.7631
vn 0.0034 -0.6466 -0.7628
vn -0.3129 -0.6362 -0.7052
vn -0.1160 -0.6202 -0.7758
vn -0.0167 -0.6214 -0.7833
vn -0.5402 -0.7170 -0.4405
vn -0.1264 -0.5745 -0.8086
vn -0.0261 -0.5745 -0.8181
vn -0.3250 -0.5926 -0.7370
vn -0.5747 -0.6426 -0.5067
vn -0.5900 -0.6034 -0.5364
vn -0.5573 -0.6811 -0.4749
vn -0.3347 -0.5463 -0.7678
vn -0.3401 -0.5033 -0.7944
vn -0.1397 -0.4722 -0.8703
vn -0.1347 -0.5218 -0.8424
vn -0.0390 -0.4627 -0.8857
vn -0.0337 -0.5174 -0.8551
vn -0.3411 -0.4654 -0.8167
vn -0.1414 -0.4280 -0.8927
vn -0.0420 -0.4132 -0.9097
vn -0.6025 -0.5658 -0.5629
vn -0.6169 -0.5004 -0.6075
vn -0.6114 -0.5312 -0.5865
vn -0.2834 -0.3351 -0.8986
vn -0.2891 -0.3270 -0.8997
vn -0.0071 -0.2631 -0.9648
vn -0.0056 -0.2583 -0.9661
vn 0.2714 -0.1244 -0.9544
vn 0.2511 -0.0816 -0.9645
vn -0.2973 -0.3121 -0.9023
vn -0.0139 -0.2494 -0.9683
vn 0.2770 -0.1300 -0.9521
vn -0.6196 -0.3631 -0.6958
vn 0.5855 0.1427 -0.7980
vn 0.3595 0.0682 -0.9306
vn 0.6049 0.0857 -0.7917
vn 0.2764 -0.1174 -0.9538
vn 0.6110 0.0711 -0.7884
vn -0.0206 -0.2299 -0.9730
vn -0.3062 -0.2936 -0.9056
vn -0.6308 -0.3344 -0.7002
vn -0.6397 -0.3150 -0.7011
vn -0.6246 -0.3489 -0.6987
vn -0.3638 -0.2397 -0.9001
vn -0.3707 -0.2469 -0.8954
vn -0.0570 -0.3054 -0.9505
vn -0.0542 -0.2758 -0.9597
vn 0.2745 -0.3008 -0.9133
vn 0.2706 -0.2508 -0.9294
vn -0.3719 -0.2481 -0.8945
vn -0.0576 -0.3194 -0.9459
vn 0.2781 -0.3326 -0.9011
vn -0.6898 -0.1790 -0.7016
vn -0.6924 -0.1397 -0.7078
vn -0.3551 -0.2399 -0.9035
vn -0.0492 -0.2432 -0.9687
vn 0.2682 -0.1927 -0.9439
vn 0.6406 -0.1394 -0.7552
vn 0.6293 -0.0639 -0.7745
vn 0.6511 -0.2072 -0.7302
vn 0.6594 -0.2593 -0.7056
vn 0.2780 -0.3458 -0.8962
vn 0.6643 -0.2947 -0.6869
vn -0.0608 -0.3142 -0.9474
vn -0.3703 -0.2313 -0.8997
vn -0.6887 -0.1112 -0.7165
vn -0.6790 -0.0916 -0.7284
vn -0.6926 -0.1202 -0.7112
vn -0.3182 -0.2723 -0.9081
vn -0.3320 -0.2542 -0.9084
vn -0.0350 -0.2076 -0.9776
vn -0.0277 -0.2134 -0.9766
vn 0.2699 -0.1143 -0.9561
vn 0.2728 -0.1071 -0.9561
vn -0.3445 -0.2451 -0.9062
vn -0.0423 -0.2179 -0.9751
vn 0.2683 -0.1430 -0.9527
vn -0.6538 -0.2858 -0.7006
vn 0.6113 0.0669 -0.7886
vn 0.6136 0.0454 -0.7883
vn 0.6197 0.0016 -0.7849
vn -0.6818 -0.2210 -0.6974
vn -0.6693 -0.2535 -0.6984
vn -0.3731 -0.2096 -0.9038
vn -0.3799 -0.1875 -0.9058
vn -0.0840 -0.2879 -0.9540
vn -0.0707 -0.3022 -0.9506
vn 0.2618 -0.3486 -0.9000
vn 0.2719 -0.3492 -0.8967
vn -0.3910 -0.1612 -0.9062
vn -0.0990 -0.2758 -0.9561
vn 0.2512 -0.3518 -0.9017
vn -0.6702 -0.0660 -0.7392
vn 0.6648 -0.3184 -0.6757
vn 0.6621 -0.3359 -0.6699
vn 0.4425 -0.3704 -0.8167
vn 0.2454 -0.3659 -0.8977
vn 0.4423 -0.3899 -0.8077
vn -0.1150 -0.2746 -0.9547
vn -0.4111 -0.1375 -0.9012
vn -0.6653 0.0008 -0.7466
vn -0.6763 0.0500 -0.7349
vn -0.6650 -0.0392 -0.7458
vn -0.4414 -0.1025 -0.8915
vn -0.4848 -0.0219 -0.8743
vn -0.1644 -0.2069 -0.9645
vn -0.1326 -0.2661 -0.9548
vn 0.2472 -0.3326 -0.9101
vn 0.2475 -0.3728 -0.8943
vn -0.5360 0.1327 -0.8337
vn -0.2338 -0.0214 -0.9720
vn 0.2165 -0.1686 -0.9616
vn -0.6968 0.1123 -0.7084
vn 0.4538 -0.3986 -0.7970
vn 0.4696 -0.3616 -0.8055
vn 0.4606 -0.2223 -0.8593
vn 0.4446 -0.1331 -0.8858
vn -0.3295 0.3701 -0.8686
vn -0.0752 0.0321 -0.9967
vn -0.6073 0.4180 -0.6756
vn -0.7322 0.3266 -0.5977
vn -0.7199 0.4503 -0.5283
vn -0.7193 0.2037 -0.6641
vn -0.3848 0.1377 0.9127
vn -0.1908 0.2357 0.9529
vn -0.1652 0.3141 0.9349
vn -0.3710 0.1820 0.9107
vn -0.1209 0.3760 0.9187
vn -0.3524 0.2140 0.9111
vn -0.0883 0.3012 0.9495
vn -0.0537 0.4458 0.8935
vn 0.0261 0.5956 0.8029
vn -0.6609 -0.0534 0.7486
vn -0.3948 0.0932 0.9140
vn -0.6606 -0.0110 0.7507
vn -0.6577 0.0224 0.7530
vn -0.6534 0.0470 0.7556
vn -0.3351 0.2274 0.9144
vn -0.6501 0.0648 0.7571
vn -0.0732 0.3814 0.9215
vn 0.1419 0.6037 0.7845
vn -0.2037 0.1786 0.9626
vn -0.1001 0.2163 0.9712
vn -0.3695 -0.5600 0.7416
vn -0.2141 -0.4859 0.8474
vn -0.1979 -0.3124 0.9291
vn -0.3892 -0.4210 0.8193
vn -0.2078 -0.1917 0.9592
vn -0.3998 -0.2920 0.8689
vn -0.1105 -0.4371 0.8926
vn -0.0774 -0.2629 0.9617
vn -0.0748 -0.1566 0.9848
vn -0.4702 -0.7375 0.4847
vn -0.3714 -0.7211 0.5849
vn -0.5178 -0.6614 0.5426
vn -0.5593 -0.5700 0.6019
vn -0.5840 -0.4702 0.6617
vn -0.4333 -0.2633 0.8619
vn -0.5952 -0.4353 0.6755
vn -0.2209 -0.1339 0.9661
vn -0.0945 -0.1172 0.9886
vn -0.2609 -0.6887 0.6765
vn -0.1781 -0.6579 0.7317
vn -0.4999 -0.3183 0.8055
vn -0.6325 -0.3932 0.6674
vn -0.5558 -0.2461 0.7940
vn -0.6729 -0.3235 0.6652
vn -0.5799 -0.1253 0.8050
vn -0.6949 -0.2397 0.6779
vn -0.4547 -0.0465 0.8894
vn -0.6873 -0.1905 0.7010
vn -0.4537 -0.0189 0.8910
vn -0.2493 0.0585 0.9667
vn -0.2262 0.1079 0.9681
vn -0.4205 0.0311 0.9068
vn -0.2133 0.1400 0.9669
vn -0.4049 0.0547 0.9127
vn -0.1126 0.0727 0.9910
vn -0.1099 0.1272 0.9858
vn -0.1053 0.1696 0.9799
vn -0.6729 -0.1655 0.7210
vn -0.6650 -0.1325 0.7350
vn -0.6600 -0.0990 0.7447
vn -0.2394 0.0286 0.9705
vn -0.1307 0.0374 0.9907
vn -0.3260 0.2384 0.9148
vn -0.0443 0.3694 0.9282
vn -0.0311 0.3779 0.9253
vn -0.3238 0.2626 0.9090
vn -0.0237 0.3983 0.9169
vn -0.3238 0.2969 0.8983
vn 0.2120 0.5300 0.8211
vn 0.2493 0.5009 0.8289
vn 0.2723 0.4903 0.8279
vn -0.6499 0.0850 0.7552
vn -0.6528 0.1150 0.7488
vn -0.6557 0.1544 0.7390
vn -0.3244 0.3344 0.8849
vn -0.6561 0.1999 0.7277
vn -0.0207 0.4209 0.9069
vn 0.2849 0.4896 0.8241
vn 0.5848 0.5598 0.5871
vn 0.6070 0.5304 0.5917
vn 0.5473 0.6141 0.5686
vn 0.4795 0.7004 0.5287
vn -0.3325 0.4587 0.8240
vn -0.0405 0.4970 0.8668
vn -0.0413 0.5153 0.8560
vn -0.3330 0.4875 0.8071
vn -0.0414 0.5331 0.8450
vn -0.3331 0.5180 0.7878
vn 0.2824 0.5078 0.8139
vn 0.2817 0.5115 0.8118
vn 0.2811 0.5120 0.8117
vn -0.6332 0.3524 0.6891
vn -0.3310 0.4354 0.8371
vn -0.6325 0.3870 0.6710
vn -0.6350 0.4251 0.6450
vn -0.6388 0.4635 0.6141
vn -0.3334 0.5445 0.7697
vn -0.6413 0.4980 0.5837
vn -0.0421 0.5456 0.8370
vn 0.2800 0.5067 0.8154
vn 0.6484 0.4210 0.6343
vn 0.6503 0.3918 0.6508
vn 0.6449 0.4451 0.6213
vn 0.6406 0.4645 0.6115
vn 0.2841 0.5032 0.8161
vn 0.6361 0.4799 0.6042
vn -0.0375 0.4813 0.8757
vn -0.3254 0.3679 0.8711
vn -0.0222 0.4404 0.8975
vn -0.0268 0.4554 0.8899
vn -0.3271 0.3939 0.8590
vn -0.0325 0.4682 0.8830
vn -0.3291 0.4154 0.8480
vn 0.2890 0.4932 0.8205
vn 0.2888 0.4963 0.8187
vn 0.2867 0.4992 0.8177
vn -0.6524 0.2444 0.7174
vn -0.6454 0.2839 0.7091
vn -0.6380 0.3193 0.7008
vn 0.6315 0.4930 0.5984
vn 0.6258 0.5052 0.5942
vn 0.6183 0.5168 0.5921
vn -0.3337 0.5633 0.7559
vn -0.0433 0.5505 0.8337
vn -0.0455 0.5493 0.8344
vn -0.3351 0.5760 0.7456
vn -0.0482 0.5458 0.8365
vn -0.3393 0.5868 0.7352
vn 0.2787 0.4949 0.8230
vn 0.2776 0.4788 0.8329
vn 0.2787 0.4609 0.8425
vn -0.6400 0.5274 0.5587
vn -0.6355 0.5536 0.5382
vn -0.6303 0.5792 0.5169
vn -0.3475 0.6029 0.7181
vn -0.6256 0.6084 0.4883
vn -0.0523 0.5483 0.8347
vn 0.2830 0.4481 0.8480
vn 0.6476 0.2989 0.7009
vn 0.6508 0.2743 0.7080
vn 0.6483 0.3288 0.6867
vn 0.6501 0.3601 0.6691
vn -0.3612 0.6333 0.6845
vn -0.0621 0.5702 0.8191
vn -0.0866 0.6246 0.7761
vn -0.3817 0.6813 0.6246
vn -0.1388 0.7179 0.6822
vn -0.4060 0.7426 0.5327
vn 0.2853 0.4560 0.8430
vn 0.2713 0.5061 0.8187
vn 0.2184 0.6155 0.7572
vn -0.6226 0.6437 0.4451
vn -0.6198 0.6837 0.3853
vn -0.6128 0.7244 0.3157
vn -0.4635 0.8062 0.3677
vn -0.5995 0.7590 0.2539
vn -0.2258 0.8309 0.5086
vn 0.1392 0.7775 0.6133
vn 0.6116 0.4183 0.6716
vn 0.5428 0.5798 0.6076
vn 0.6501 0.3088 0.6943
vn 0.6556 0.2693 0.7055
vn 0.9307 -0.1917 -0.3115
vn 0.9298 -0.2231 -0.2928
vn 0.9958 -0.0650 0.0643
vn 0.9988 -0.0270 0.0399
vn 0.9117 0.1211 0.3926
vn 0.9154 0.1600 0.3694
vn 0.9286 -0.2488 -0.2754
vn 0.9918 -0.0946 0.0859
vn 0.9070 0.0886 0.4118
vn 0.9300 -0.1508 -0.3352
vn 0.9997 0.0218 0.0129
vn 0.9159 0.2061 0.3445
vn 0.9036 0.0630 0.4237
vn 0.9877 -0.1170 0.1041
vn 0.9282 -0.2705 -0.2554
vn 0.8318 -0.3108 -0.4599
vn 0.8329 -0.3324 -0.4424
vn -0.3930 -0.9185 0.0430
vn -0.3110 -0.9504 -0.0025
vn -0.3352 -0.9135 0.2307
vn -0.4123 -0.8843 0.2191
vn -0.3130 -0.8362 0.4503
vn -0.3985 -0.8305 0.3892
vn -0.2500 -0.9673 -0.0428
vn -0.2811 -0.9301 0.2364
vn -0.2496 -0.8333 0.4932
vn -0.4851 -0.8721 0.0647
vn -0.4996 -0.8423 0.2025
vn -0.4942 -0.8015 0.3366
vn -0.9352 -0.1263 -0.3309
vn -0.9266 -0.1792 -0.3306
vn -0.9968 -0.0443 0.0673
vn -0.9974 0.0161 0.0701
vn -0.8970 0.1218 0.4249
vn -0.8880 0.1743 0.4255
vn -0.9153 -0.2236 -0.3349
vn -0.9936 -0.0958 0.0595
vn -0.9043 0.0713 0.4210
vn -0.9377 -0.0587 -0.3424
vn -0.9947 0.0852 0.0583
vn -0.8809 0.2275 0.4151
vn -0.9072 0.0244 0.4200
vn -0.9892 -0.1368 0.0532
vn -0.9046 -0.2590 -0.3385
vn -0.1980 0.9479 -0.2494
vn -0.3746 0.7815 -0.4989
vn -0.3635 0.9302 -0.0517
vn -0.1909 0.9796 -0.0634
vn -0.3123 0.9118 0.2667
vn 0.1616 0.9148 0.3701
vn -0.6403 0.6778 -0.3615
vn -0.6147 0.7855 -0.0718
vn -0.5483 0.8215 0.1565
vn 0.5434 0.4129 -0.7309
vn 0.6594 0.7262 -0.1945
vn 0.6197 0.7842 0.0306
vn 0.6081 0.7904 0.0736
vn 0.4446 0.7861 0.4294
vn -0.6673 0.7403 0.0819
vn -0.7194 0.6878 -0.0968
vn -0.7431 0.5990 -0.2982
vn -0.1750 0.5958 -0.7839
vn 0.9051 0.0381 -0.4236
vn 0.9180 -0.0343 -0.3950
vn 0.9888 0.1425 -0.0434
vn 0.9762 0.2057 -0.0683
vn 0.9044 0.3052 0.2981
vn 0.8941 0.3503 0.2792
vn 0.9262 -0.0981 -0.3640
vn 0.9967 0.0799 -0.0156
vn 0.9120 0.2564 0.3201
vn 0.8883 0.1123 -0.4452
vn 0.9601 0.2654 -0.0882
vn 0.8822 0.3899 0.2640
vn -0.7985 0.5008 -0.3342
vn -0.8266 0.4064 -0.3894
vn -0.8290 0.5426 -0.1352
vn -0.7832 0.6102 -0.1196
vn -0.7672 0.6314 0.1125
vn -0.7323 0.6763 0.0795
vn -0.8412 0.3235 -0.4333
vn -0.8649 0.4803 -0.1459
vn -0.7963 0.5872 0.1450
vn -0.8231 0.5413 0.1717
vn -0.8956 0.4181 -0.1518
vn -0.8504 0.2515 -0.4622
vn -0.8687 -0.3764 -0.3222
vn -0.8596 -0.4040 -0.3129
vn -0.9496 -0.3070 0.0641
vn -0.9581 -0.2788 0.0651
vn -0.8857 -0.1567 0.4370
vn -0.8880 -0.1318 0.4405
vn -0.8501 -0.4293 -0.3050
vn -0.9403 -0.3352 0.0594
vn -0.8825 -0.1868 0.4316
vn -0.8774 -0.3467 -0.3316
vn -0.9665 -0.2490 0.0618
vn -0.8913 -0.1083 0.4404
vn -0.8757 -0.2263 0.4265
vn -0.9284 -0.3675 0.0544
vn -0.8398 -0.4541 -0.2975
vn -0.9103 0.0635 -0.4090
vn -0.9213 0.0453 -0.3862
vn -0.9806 0.1958 -0.0103
vn -0.9735 0.2228 -0.0522
vn -0.8788 0.3224 0.3518
vn -0.8812 0.3585 0.3081
vn -0.9316 0.0060 -0.3633
vn -0.9882 0.1503 0.0294
vn -0.8778 0.2783 0.3898
vn -0.8974 0.0814 -0.4335
vn -0.9654 0.2444 -0.0906
vn -0.8816 0.3893 0.2669
vn 0.9318 -0.2763 -0.2355
vn 0.9442 -0.2413 -0.2241
vn 0.9882 -0.0879 0.1258
vn 0.9855 -0.1228 0.1172
vn 0.8997 0.0893 0.4273
vn 0.9024 0.0550 0.4274
vn 0.9675 -0.1007 -0.2321
vn 0.9895 0.0658 0.1284
vn 0.8818 0.2101 0.4223
vn 0.8407 -0.3405 -0.4211
vn 0.8809 0.2903 0.3739
vn 0.9839 0.1568 0.0859
vn 0.9727 0.0035 -0.2322
vn 0.8853 -0.2010 -0.4192
vn 0.8970 -0.0988 -0.4310
vn 0.8582 -0.3102 -0.4089
vn -0.8280 -0.4810 -0.2881
vn -0.8150 -0.5101 -0.2748
vn -0.8959 -0.4405 0.0569
vn -0.9129 -0.4047 0.0533
vn -0.8526 -0.3131 0.4184
vn -0.8642 -0.2725 0.4229
vn -0.8013 -0.5397 -0.2582
vn -0.8801 -0.4707 0.0628
vn -0.8460 -0.3424 0.4087
vn -0.8406 -0.3712 0.3946
vn -0.8643 -0.4981 0.0700
vn -0.7862 -0.5700 -0.2389
vn 0.8485 0.2535 -0.4646
vn 0.8577 0.2229 -0.4633
vn 0.9279 0.3563 -0.1095
vn 0.9151 0.3873 -0.1126
vn 0.8577 0.4519 0.2454
vn 0.8453 0.4763 0.2419
vn 0.8713 0.1761 -0.4580
vn 0.9432 0.3161 -0.1019
vn 0.8700 0.4234 0.2526
vn 0.8420 0.2739 -0.4647
vn 0.9031 0.4143 -0.1135
vn 0.8313 0.5013 0.2402
vn -0.7674 -0.6039 -0.2152
vn -0.7424 -0.6436 -0.1860
vn -0.8140 -0.5729 0.0960
vn -0.8439 -0.5304 0.0805
vn -0.7987 -0.4673 0.3792
vn -0.8266 -0.4124 0.3831
vn -0.7109 -0.6869 -0.1511
vn -0.7736 -0.6230 0.1159
vn -0.7583 -0.5284 0.3818
vn -0.7136 -0.5859 0.3841
vn -0.7259 -0.6739 0.1377
vn -0.6753 -0.7292 -0.1107
vn -0.8969 -0.2822 -0.3406
vn -0.8909 -0.3004 -0.3408
vn -0.9796 -0.1942 0.0521
vn -0.9845 -0.1679 0.0505
vn -0.9013 -0.0530 0.4299
vn -0.9058 -0.0174 0.4233
vn -0.8849 -0.3205 -0.3381
vn -0.9738 -0.2203 0.0566
vn -0.8959 -0.0828 0.4365
vn -0.6397 -0.7657 -0.0669
vn -0.6033 -0.7973 -0.0194
vn -0.6320 -0.7558 0.1711
vn -0.6786 -0.7177 0.1565
vn -0.6293 -0.6896 0.3584
vn -0.6724 -0.6369 0.3771
vn -0.5582 -0.8291 0.0316
vn -0.5756 -0.7964 0.1855
vn -0.5746 -0.7466 0.3353
vn 0.7329 0.5375 -0.4171
vn 0.7956 0.4020 -0.4531
vn 0.8405 0.5279 -0.1219
vn 0.7983 0.5887 -0.1273
vn 0.7655 0.6122 0.1982
vn 0.7099 0.6916 0.1329
vn 0.8281 0.3144 -0.4642
vn 0.8812 0.4581 -0.1162
vn 0.8066 0.5443 0.2305
vn 0.6684 0.4569 -0.5869
vn -0.8602 0.1879 -0.4740
vn -0.8718 0.1392 -0.4696
vn -0.9408 0.3088 -0.1398
vn -0.9215 0.3580 -0.1505
vn -0.8644 0.4559 0.2120
vn -0.8466 0.4961 0.1924
vn -0.8841 0.1072 -0.4549
vn -0.9548 0.2721 -0.1201
vn -0.8763 0.4206 0.2351
vn -0.4745 0.6878 -0.5494
vn -0.2214 0.8064 -0.5484
vn -0.2686 0.8653 -0.4232
vn -0.5699 0.7108 -0.4123
vn -0.0000 0.8378 -0.5460
vn -0.0000 0.9058 -0.4237
vn 0.2214 0.8064 -0.5484
vn 0.2686 0.8653 -0.4232
vn 0.4745 0.6878 -0.5494
vn 0.5699 0.7108 -0.4123
vn -0.3103 0.9329 -0.1828
vn -0.6448 0.7491 -0.1519
vn -0.0000 0.9814 -0.1919
vn 0.3103 0.9329 -0.1828
vn 0.6448 0.7491 -0.1519
vn -0.2554 0.9661 0.0373
vn -0.5446 0.8353 0.0755
vn -0.0000 0.9997 0.0242
vn 0.2554 0.9661 0.0373
vn 0.5446 0.8353 0.0755
vn -0.1079 0.9211 0.3742
vn -0.4374 0.8809 0.1808
vn -0.0000 0.9296 0.3685
vn 0.1079 0.9211 0.3742
vn 0.4374 0.8809 0.1808
vn -0.1685 0.2520 -0.9529
vn -0.1840 0.2130 -0.9596
vn 0.1840 0.2130 -0.9596
vn 0.1685 0.2520 -0.9529
vn -0.1607 0.7332 0.6607
vn -0.1459 0.7533 0.6413
vn 0.1459 0.7533 0.6413
vn 0.1607 0.7332 0.6607
vn 0.0071 -0.3556 -0.9346
vn -0.0071 -0.3556 -0.9346
vn -0.0042 -0.2520 -0.9677
vn 0.0042 -0.2520 -0.9677
vn 0.0107 -0.0380 -0.9992
vn -0.0107 -0.0380 -0.9992
vn 0.0559 0.2653 -0.9625
vn -0.0559 0.2653 -0.9625
vn 0.0688 -0.9217 -0.3817
vn -0.0688 -0.9217 -0.3817
vn -0.0179 -0.7786 -0.6273
vn 0.0179 -0.7786 -0.6273
vn 0.0117 -0.6628 -0.7487
vn -0.0117 -0.6628 -0.7487
vn 0.0214 -0.6162 -0.7873
vn -0.0214 -0.6162 -0.7873
vn 0.0209 -0.6259 -0.7797
vn -0.0209 -0.6259 -0.7797
vn 0.0165 -0.6504 -0.7594
vn -0.0165 -0.6504 -0.7594
vn 0.0112 -0.6539 -0.7565
vn -0.0112 -0.6539 -0.7565
vn 0.0060 -0.6305 -0.7762
vn -0.0060 -0.6305 -0.7762
vn 0.0015 -0.5826 -0.8127
vn -0.0015 -0.5826 -0.8127
vn -0.0022 -0.5228 -0.8524
vn 0.0022 -0.5228 -0.8524
vn -0.0049 -0.4646 -0.8855
vn 0.0049 -0.4646 -0.8855
vn -0.0066 -0.4114 -0.9114
vn 0.0066 -0.4114 -0.9114
vn -0.0337 0.2314 0.9723
vn 0.0337 0.2314 0.9723
vn 0.0280 0.3418 0.9393
vn -0.0280 0.3418 0.9393
vn 0.0088 0.5458 0.8379
vn -0.0088 0.5458 0.8379
vn -0.0401 0.7606 0.6480
vn 0.0401 0.7606 0.6480
vn -0.0764 -0.6528 0.7537
vn 0.0764 -0.6528 0.7537
vn 0.0397 -0.4247 0.9045
vn -0.0397 -0.4247 0.9045
vn 0.0210 -0.2542 0.9669
vn -0.0210 -0.2542 0.9669
vn 0.0190 -0.1563 0.9875
vn -0.0190 -0.1563 0.9875
vn 0.0233 -0.1169 0.9929
vn -0.0233 -0.1169 0.9929
vn 0.0269 -0.0958 0.9950
vn -0.0269 -0.0958 0.9950
vn 0.0321 -0.0652 0.9974
vn -0.0321 -0.0652 0.9974
vn 0.0381 -0.0235 0.9990
vn -0.0381 -0.0235 0.9990
vn 0.0413 0.0259 0.9988
vn -0.0413 0.0259 0.9988
vn 0.0396 0.0782 0.9962
vn -0.0396 0.0782 0.9962
vn 0.0371 0.1329 0.9904
vn -0.0371 0.1329 0.9904
vn 0.0358 0.1787 0.9833
vn -0.0358 0.1787 0.9833
vn 0.1143 -0.9915 -0.0619
vn -0.1143 -0.9915 -0.0619
vn 0.1303 -0.9612 0.2430
vn -0.1303 -0.9612 0.2430
vn 0.1141 -0.8480 0.5176
vn -0.1141 -0.8480 0.5176
vn 0.0592 0.3748 -0.9252
vn -0.0592 0.3748 -0.9252
vn -0.0508 0.8243 0.5638
vn 0.0508 0.8243 0.5638
vn 0.0533 -0.0962 0.9939
vn -0.0533 -0.0962 0.9939
vn -0.0783 -0.0042 0.9969
vn 0.0783 -0.0042 0.9969
vn 0.0654 -0.0575 0.9962
vn -0.0653 -0.0575 0.9962
vn -0.0000 0.3381 -0.9411
vn 0.2216 0.9711 0.0883
vn -0.4007 0.8195 0.4097
vn -0.2997 0.9053 0.3009
vn -0.4129 0.8067 0.4228
vn 0.5140 -0.8565 -0.0469
vn 0.1286 -0.9917 -0.0032
vn 0.1334 -0.9911 -0.0039
vn 0.5172 -0.8546 -0.0471
vn -0.1016 -0.9944 0.0289
vn -0.2216 0.9711 0.0883
vn 0.2997 0.9053 0.3009
vn 0.4007 0.8195 0.4097
vn 0.4129 0.8067 0.4228
vn -0.1286 -0.9917 -0.0032
vn -0.5140 -0.8565 -0.0469
vn -0.5172 -0.8546 -0.0471
vn -0.1334 -0.9911 -0.0039
vn 0.1016 -0.9944 0.0289
vn -0.6768 0.4352 0.5938
vn -0.5592 0.6162 0.5547
vn -0.5601 0.6149 0.5552
vn -0.6767 0.4354 0.5938
vn 0.9852 0.1647 -0.0470
vn 0.9725 -0.2214 -0.0723
vn 0.9729 -0.2198 -0.0722
vn 0.9849 0.1669 -0.0468
vn -0.8181 0.1021 0.5660
vn -0.8160 0.1100 0.5675
vn 0.8147 -0.5758 -0.0695
vn 0.8143 -0.5763 -0.0695
vn 0.9212 0.3882 -0.0269
vn -0.8530 -0.1300 0.5055
vn 0.5592 0.6162 0.5547
vn 0.6768 0.4352 0.5938
vn 0.6767 0.4354 0.5938
vn 0.5601 0.6149 0.5552
vn 0.8181 0.1021 0.5660
vn 0.8160 0.1100 0.5675
vn -0.9725 -0.2214 -0.0723
vn -0.9852 0.1647 -0.0470
vn -0.9849 0.1669 -0.0468
vn -0.9729 -0.2198 -0.0722
vn -0.8147 -0.5758 -0.0695
vn -0.8143 -0.5763 -0.0695
vn 0.8530 -0.1300 0.5055
vn -0.9212 0.3882 -0.0269
vt 0.125000 0.812500
vt 0.125000 0.875000
vt 0.250000 0.875000
vt 0.250000 0.812500
vt 0.125000 0.937500
vt 0.250000 0.937500
vt 0.375000 0.875000
vt 0.375000 0.812500
vt 0.375000 0.937500
vt 0.000000 0.750000
vt 0.000000 0.812500
vt 0.125000 0.750000
vt 0.000000 0.875000
vt 0.000000 0.937500
vt 0.000000 1.000000
vt 0.125000 1.000000
vt 0.250000 1.000000
vt 0.375000 1.000000
vt 0.250000 0.750000
vt 0.375000 0.750000
vt 0.125000 0.062500
vt 0.125000 0.125000
vt 0.250000 0.125000
vt 0.250000 0.062500
vt 0.125000 0.187500
vt 0.250000 0.187500
vt 0.375000 0.125000
vt 0.375000 0.062500
vt 0.375000 0.187500
vt 0.000000 0.000000
vt 0.000000 0.062500
vt 0.125000 0.000000
vt 0.000000 0.125000
vt 0.000000 0.187500
vt 0.000000 0.250000
vt 0.125000 0.250000
vt 0.250000 0.250000
vt 0.375000 0.250000
vt 0.250000 0.000000
vt 0.375000 0.000000
vt 0.125000 0.312500
vt 0.125000 0.375000
vt 0.250000 0.375000
vt 0.250000 0.312500
vt 0.125000 0.437500
vt 0.250000 0.437500
vt 0.375000 0.375000
vt 0.375000 0.312500
vt 0.375000 0.437500
vt 0.000000 0.312500
vt 0.000000 0.375000
vt 0.000000 0.437500
vt 0.000000 0.500000
vt 0.125000 0.500000
vt 0.250000 0.500000
vt 0.375000 0.500000
vt 0.125000 0.562500
vt 0.125000 0.625000
vt 0.250000 0.625000
vt 0.250000 0.562500
vt 0.125000 0.687500
vt 0.250000 0.687500
vt 0.375000 0.625000
vt 0.375000 0.562500
vt 0.375000 0.687500
vt 0.000000 0.562500
vt 0.000000 0.625000
vt 0.000000 0.687500
vt 0.143066 0.999770
vt 0.154080 0.999892
vt 0.250000 1.000000
vt 0.250000 1.000000
vt 0.158257 0.999987
vt 0.345920 1.000000
vt 0.356934 1.000000
vt 0.341743 1.000000
vt 0.058268 0.997396
vt 0.076389 0.999132
vt 0.082465 0.999892
vt 0.083333 1.000000
vt 0.158854 1.000000
vt 0.341146 1.000000
vt 0.416667 1.000000
vt 0.417535 1.000000
vt 0.423611 1.000000
vt 0.441840 1.000000
vt 0.158854 1.000000
vt 0.250000 1.000000
vt 0.158854 1.000000
vt 0.341146 1.000000
vt 0.083333 1.000000
vt 0.083333 1.000000
vt 0.341146 1.000000
vt 0.416667 1.000000
vt 0.159345 1.000000
vt 0.162785 1.000000
vt 0.170469 1.000000
vt 0.337215 1.000000
vt 0.340655 1.000000
vt 0.329531 1.000000
vt 0.084226 1.000000
vt 0.090471 1.000000
vt 0.105875 1.000000
vt 0.125000 1.000000
vt 0.175838 1.000000
vt 0.250000 1.000000
vt 0.324162 1.000000
vt 0.394125 1.000000
vt 0.409529 1.000000
vt 0.415774 1.000000
vt 0.160156 0.811863
vt 0.260417 0.811958
vt 0.260417 0.870660
vt 0.160156 0.869900
vt 0.376302 0.812188
vt 0.376302 0.872504
vt 0.260200 0.922418
vt 0.160129 0.920234
vt 0.375841 0.928155
vt 0.083333 0.750000
vt 0.160156 0.750000
vt 0.083333 0.811849
vt 0.260417 0.750000
vt 0.376302 0.750000
vt 0.371094 0.970866
vt 0.258681 0.961806
vt 0.159939 0.958767
vt 0.083333 0.919922
vt 0.083333 0.958333
vt 0.083333 0.869792
vt 0.172257 0.085816
vt 0.264299 0.079632
vt 0.261767 0.130015
vt 0.164255 0.132041
vt 0.376787 0.072101
vt 0.376471 0.127580
vt 0.260585 0.188127
vt 0.160669 0.188380
vt 0.376323 0.187823
vt 0.125000 0.062500
vt 0.177815 0.052503
vt 0.105875 0.088907
vt 0.265818 0.041763
vt 0.376977 0.029526
vt 0.376302 0.250000
vt 0.260417 0.250000
vt 0.160156 0.250000
vt 0.084226 0.188489
vt 0.083333 0.250000
vt 0.090471 0.132909
vt 0.160156 0.312500
vt 0.083333 0.312500
vt 0.083333 0.437500
vt 0.160156 0.437500
vt 0.160156 0.500000
vt 0.083333 0.500000
vt 0.083333 0.375000
vt 0.160156 0.375000
vt 0.160156 0.562500
vt 0.260417 0.562500
vt 0.260417 0.625000
vt 0.160156 0.625000
vt 0.376302 0.562500
vt 0.376302 0.625000
vt 0.260417 0.687500
vt 0.160156 0.687500
vt 0.376302 0.687500
vt 0.083333 0.562500
vt 0.260417 0.500000
vt 0.376302 0.500000
vt 0.083333 0.687500
vt 0.083333 0.625000
vt 0.159505 0.982734
vt 0.255208 0.984918
vt 0.251736 0.995660
vt 0.159071 0.994900
vt 0.357151 0.990424
vt 0.346137 0.997396
vt 0.250217 0.999458
vt 0.158881 0.999363
vt 0.341770 0.999675
vt 0.083333 0.982422
vt 0.441732 0.997396
vt 0.423611 0.999132
vt 0.417535 0.999892
vt 0.083333 0.999349
vt 0.083333 0.994792
vt 0.341146 1.000000
vt 0.158854 1.000000
vt 0.083333 1.000000
vt 0.159345 1.000000
vt 0.162785 1.000000
vt 0.340655 1.000000
vt 0.337216 1.000000
vt 0.170469 1.000000
vt 0.329531 1.000000
vt 0.409529 1.000000
vt 0.394125 1.000000
vt 0.324162 1.000000
vt 0.175838 1.000000
vt 0.105875 1.000000
vt 0.090471 1.000000
vt 0.463542 1.000000
vt 0.463542 1.000000
vt 0.479167 1.000000
vt 0.479167 1.000000
vt 0.463542 1.000000
vt 0.479167 1.000000
vt 0.463542 1.000000
vt 0.144203 0.009900
vt 0.255160 0.003014
vt 0.260031 0.008488
vt 0.159264 0.019519
vt 0.375645 0.000621
vt 0.376254 0.003014
vt 0.264082 0.019519
vt 0.171633 0.032119
vt 0.376760 0.009900
vt 0.059052 0.029526
vt 0.105007 0.052503
vt 0.083526 0.041763
vt 0.036458 1.000000
vt 0.036458 1.000000
vt 0.020833 1.000000
vt 0.020833 1.000000
vt 0.036458 1.000000
vt 0.020833 1.000000
vt 0.036458 1.000000
vt 0.329039 1.000000
vt 0.250000 1.000000
vt 0.333285 1.000000
vt 0.170961 1.000000
vt 0.166715 1.000000
vt 0.329039 1.000000
vt 0.170961 1.000000
vt 0.393233 1.000000
vt 0.106767 1.000000
vt 0.097608 1.000000
vt 0.106767 1.000000
vt 0.402392 1.000000
vt 0.066622 1.000000
vt 0.045501 1.000000
vt 0.030478 1.000000
vt 0.053337 1.000000
vt 0.037589 1.000000
vt 0.022039 1.000000
vt 0.045501 1.000000
vt 0.020833 1.000000
vt 0.036458 1.000000
vt 0.001763 0.928155
vt 0.001302 0.872504
vt 0.010417 0.870660
vt 0.010634 0.922418
vt 0.001302 0.812188
vt 0.010417 0.811958
vt 0.035156 0.869900
vt 0.035183 0.920234
vt 0.035156 0.811863
vt 0.006510 0.970866
vt 0.001302 0.750000
vt 0.010417 0.750000
vt 0.035156 0.750000
vt 0.035373 0.958767
vt 0.012153 0.961806
vt 0.462411 1.000000
vt 0.454499 1.000000
vt 0.469522 1.000000
vt 0.477961 1.000000
vt 0.433378 1.000000
vt 0.446663 1.000000
vt 0.454499 1.000000
vt 0.462411 1.000000
vt 0.433378 1.000000
vt 0.001302 0.687500
vt 0.001302 0.625000
vt 0.010417 0.625000
vt 0.010417 0.687500
vt 0.001302 0.562500
vt 0.010417 0.562500
vt 0.035156 0.625000
vt 0.035156 0.687500
vt 0.035156 0.562500
vt 0.001302 0.500000
vt 0.010417 0.500000
vt 0.035156 0.500000
vt 0.001302 0.437500
vt 0.001302 0.375000
vt 0.010417 0.375000
vt 0.010417 0.437500
vt 0.001302 0.312500
vt 0.010417 0.312500
vt 0.035156 0.375000
vt 0.035156 0.437500
vt 0.035156 0.312500
vt 0.001302 0.250000
vt 0.010417 0.250000
vt 0.035156 0.250000
vt 0.035834 0.999675
vt 0.031467 0.997396
vt 0.019097 0.995660
vt 0.020616 0.999458
vt 0.020454 0.990424
vt 0.015625 0.984918
vt 0.036241 0.994900
vt 0.036431 0.999363
vt 0.035807 0.982734
vt 0.001920 0.187822
vt 0.006245 0.127580
vt 0.018711 0.130015
vt 0.011454 0.188127
vt 0.019827 0.072101
vt 0.039255 0.079632
vt 0.044030 0.132041
vt 0.036265 0.188380
vt 0.064862 0.085816
vt 0.480686 1.000000
vt 0.468750 1.000000
vt 0.482639 1.000000
vt 0.490017 1.000000
vt 0.464193 1.000000
vt 0.479601 1.000000
vt 0.468750 0.999892
vt 0.480686 0.999769
vt 0.464193 0.999987
vt 0.260417 0.312500
vt 0.260417 0.375000
vt 0.376302 0.312500
vt 0.376302 0.375000
vt 0.260417 0.437500
vt 0.376302 0.437500
vt 0.175838 1.000000
vt 0.324162 1.000000
vt 0.394125 1.000000
vt 0.409529 1.000000
vt 0.463542 1.000000
vt 0.479167 1.000000
vt 0.171633 0.032119
vt 0.159264 0.019519
vt 0.260031 0.008488
vt 0.264082 0.019519
vt 0.376254 0.003014
vt 0.376760 0.009900
vt 0.375645 0.000621
vt 0.105007 0.052503
vt 0.083526 0.041763
vt 0.059052 0.029526
vt 0.333285 1.000000
vt 0.393233 1.000000
vt 0.393233 1.000000
vt 0.097608 1.000000
vt 0.106767 1.000000
vt 0.066622 1.000000
vt 0.053337 1.000000
vt 0.035183 0.920234
vt 0.010634 0.922418
vt 0.010417 0.870660
vt 0.035156 0.869900
vt 0.001763 0.928155
vt 0.001302 0.872504
vt 0.010417 0.811957
vt 0.035156 0.811863
vt 0.001302 0.812188
vt 0.035373 0.958767
vt 0.012153 0.961806
vt 0.001302 0.750000
vt 0.010417 0.750000
vt 0.035156 0.750000
vt 0.477961 1.000000
vt 0.469522 1.000000
vt 0.462411 1.000000
vt 0.454499 1.000000
vt 0.433378 1.000000
vt 0.433378 1.000000
vt 0.035156 0.687500
vt 0.010417 0.687500
vt 0.010417 0.625000
vt 0.001302 0.562500
vt 0.001302 0.500000
vt 0.010417 0.500000
vt 0.035156 0.437500
vt 0.010417 0.375000
vt 0.035156 0.375000
vt 0.001302 0.437500
vt 0.001302 0.375000
vt 0.010417 0.312500
vt 0.035156 0.312500
vt 0.001302 0.312500
vt 0.001302 0.250000
vt 0.010417 0.250000
vt 0.036431 0.999363
vt 0.036241 0.994900
vt 0.031467 0.997396
vt 0.035807 0.982734
vt 0.020454 0.990424
vt 0.036265 0.188380
vt 0.011454 0.188127
vt 0.044030 0.132041
vt 0.001920 0.187823
vt 0.064862 0.085816
vt 0.480686 0.999769
vt 0.468750 0.999892
vt 0.480686 1.000000
vt 0.468750 1.000000
vt 0.479601 1.000000
vt 0.464193 0.999987
vt 0.464193 1.000000
vt 0.475452 1.000000
vt 0.487168 1.000000
vt 0.491578 1.000000
vt 0.484920 1.000000
vt 0.500000 1.000000
vt 0.497875 1.000000
vt 0.491578 0.999907
vt 0.490180 0.999553
vt 0.487168 0.999847
vt 0.482850 0.999176
vt 0.492562 1.000000
vt 0.494894 1.000001
vt 0.494894 1.000000
vt 0.492562 1.000000
vt 0.487666 0.999853
vt 0.492128 0.999925
vt 0.492127 1.000000
vt 0.487666 1.000000
vt 0.484175 0.999226
vt 0.491069 0.999587
vt 0.498120 1.000000
vt 0.486011 1.000000
vt 0.476962 1.000000
vt 0.464536 1.000000
vt 0.463428 0.991734
vt 0.463167 0.991675
vt 0.464283 1.000000
vt 0.487859 0.750000
vt 0.488359 0.812500
vt 0.488480 0.812471
vt 0.487985 0.750000
vt 0.488814 0.875000
vt 0.488930 0.874777
vt 0.489351 0.937500
vt 0.489423 0.936704
vt 0.460324 0.000000
vt 0.466255 0.062500
vt 0.466738 0.065092
vt 0.460952 0.009372
vt 0.471831 0.125000
vt 0.472162 0.125581
vt 0.476158 0.187500
vt 0.476410 0.187562
vt 0.479247 0.250000
vt 0.479463 0.250000
vt 0.481359 0.312500
vt 0.481554 0.312500
vt 0.482878 0.375000
vt 0.483056 0.375000
vt 0.484051 0.437500
vt 0.484217 0.437500
vt 0.485023 0.500000
vt 0.485179 0.500000
vt 0.485875 0.562500
vt 0.486022 0.562500
vt 0.486627 0.625000
vt 0.486766 0.625000
vt 0.487285 0.687500
vt 0.487418 0.687500
vt 0.487959 0.750000
vt 0.488419 0.812500
vt 0.488540 0.812471
vt 0.488085 0.750000
vt 0.488837 0.875000
vt 0.488953 0.874777
vt 0.489354 0.937500
vt 0.489425 0.936704
vt 0.461996 0.000000
vt 0.467797 0.062500
vt 0.468257 0.064974
vt 0.462597 0.008977
vt 0.472996 0.125000
vt 0.473313 0.125557
vt 0.477005 0.187500
vt 0.477249 0.187559
vt 0.479884 0.250000
vt 0.480094 0.250000
vt 0.481868 0.312500
vt 0.482057 0.312500
vt 0.483299 0.375000
vt 0.483473 0.375000
vt 0.484404 0.437500
vt 0.484567 0.437500
vt 0.485317 0.500000
vt 0.485470 0.500000
vt 0.486114 0.562500
vt 0.486259 0.562500
vt 0.486815 0.625000
vt 0.486953 0.625000
vt 0.487428 0.687500
vt 0.487559 0.687500
vt 0.456913 0.003461
vt 0.456523 0.000217
vt 0.455781 0.001077
vt 0.455780 0.001077
vt 0.457589 0.000212
vt 0.457970 0.003376
vt 0.490298 0.961254
vt 0.490592 0.963446
vt 0.490603 0.964892
vt 0.490310 0.962702
s 1
usemtl White
f 439/1/1 440/2/2 443/3/3 442/4/4
f 440/2/2 441/5/5 444/6/6 443/3/3
f 442/4/4 443/3/3 446/7/7 445/8/8
f 443/3/3 444/6/6 447/9/9 446/7/7
f 3/10/10 72/11/11 439/1/1 87/12/12
f 72/11/11 71/13/13 440/2/2 439/1/1
f 71/13/13 70/14/14 441/5/5 440/2/2
f 70/14/14 2/15/15 66/16/16 441/5/5
f 441/5/5 66/16/16 65/17/17 444/6/6
f 444/6/6 65/17/17 64/18/18 447/9/9
f 86/19/19 442/4/4 445/8/8 85/20/20
f 87/12/12 439/1/1 442/4/4 86/19/19
f 448/21/21 449/22/22 452/23/23 451/24/24
f 449/22/22 450/25/25 453/26/26 452/23/23
f 451/24/24 452/23/23 455/27/27 454/28/28
f 452/23/23 453/26/26 456/29/29 455/27/27
f 1/30/30 63/31/31 448/21/21 67/32/32
f 63/31/31 62/33/33 449/22/22 448/21/21
f 62/33/33 61/34/34 450/25/25 449/22/22
f 61/34/34 5/35/35 81/36/36 450/25/25
f 450/25/25 81/36/36 80/37/37 453/26/26
f 453/26/26 80/37/37 79/38/38 456/29/29
f 68/39/39 451/24/24 454/28/28 69/40/40
f 67/32/32 448/21/21 451/24/24 68/39/39
f 457/41/41 458/42/42 461/43/43 460/44/44
f 458/42/42 459/45/45 462/46/46 461/43/43
f 460/44/44 461/43/43 464/47/47 463/48/48
f 461/43/43 462/46/46 465/49/49 464/47/47
f 5/35/35 78/50/50 457/41/41 81/36/36
f 78/50/50 77/51/51 458/42/42 457/41/41
f 77/51/51 76/52/52 459/45/45 458/42/42
f 76/52/52 4/53/53 84/54/54 459/45/45
f 459/45/45 84/54/54 83/55/55 462/46/46
f 462/46/46 83/55/55 82/56/56 465/49/49
f 80/37/37 460/44/44 463/48/48 79/38/38
f 81/36/36 457/41/41 460/44/44 80/37/37
f 466/57/57 467/58/58 470/59/59 469/60/60
f 467/58/58 468/61/61 471/62/62 470/59/59
f 469/60/60 470/59/59 473/63/63 472/64/64
f 470/59/59 471/62/62 474/65/65 473/63/63
f 4/53/53 75/66/66 466/57/57 84/54/54
f 75/66/66 74/67/67 467/58/58 466/57/57
f 74/67/67 73/68/68 468/61/61 467/58/58
f 73/68/68 3/10/10 87/12/12 468/61/61
f 468/61/61 87/12/12 86/19/19 471/62/62
f 471/62/62 86/19/19 85/20/20 474/65/65
f 83/55/55 469/60/60 472/64/64 82/56/56
f 84/54/54 466/57/57 469/60/60 83/55/55
f 475/69/69 476/70/70 479/71/71 478/72/72
f 476/70/70 477/73/73 480/17/74 479/71/71
f 478/72/72 479/71/71 482/74/75 481/75/76
f 479/71/71 480/17/74 483/76/77 482/74/75
f 2/15/15 93/77/78 475/69/69 66/16/16
f 93/77/78 92/78/79 476/70/70 475/69/69
f 92/78/79 91/79/80 477/73/73 476/70/70
f 91/79/80 6/80/81 90/81/82 477/73/73
f 477/73/73 90/81/82 89/71/83 480/17/74
f 480/17/74 89/71/83 88/82/84 483/76/77
f 483/76/77 88/82/84 7/83/85 96/84/86
f 482/74/75 483/76/77 96/84/86 95/85/87
f 481/75/76 482/74/75 95/85/87 94/86/88
f 65/17/17 478/72/72 481/75/76 64/18/18
f 66/16/16 475/69/69 478/72/72 65/17/17
f 484/81/89 485/87/90 488/17/91 487/88/92
f 485/87/90 486/89/93 489/72/94 488/17/91
f 487/88/92 488/17/91 491/82/95 490/90/96
f 488/17/91 489/72/94 492/82/97 491/82/95
f 10/91/98 108/91/99 484/81/89 114/81/100
f 108/91/99 107/92/101 485/87/90 484/81/89
f 107/92/101 106/91/102 486/89/93 485/87/90
f 106/91/102 8/91/103 99/81/104 486/89/93
f 486/89/93 99/81/104 98/88/105 489/72/94
f 489/72/94 98/88/105 97/93/106 492/82/97
f 492/82/97 97/93/106 9/83/107 105/83/108
f 491/82/95 492/82/97 105/83/108 104/94/109
f 490/90/96 491/82/95 104/94/109 103/83/110
f 112/93/111 490/90/96 103/83/110 11/83/112
f 113/88/113 487/88/92 490/90/96 112/93/111
f 114/81/100 484/81/89 487/88/92 113/88/113
f 493/81/114 494/87/115 497/17/116 496/88/117
f 494/87/115 495/89/118 498/72/119 497/17/116
f 496/88/117 497/17/116 500/82/120 499/90/121
f 497/17/116 498/72/119 501/82/122 500/82/120
f 6/80/81 102/91/123 493/81/114 90/81/82
f 102/91/123 101/92/124 494/87/115 493/81/114
f 101/92/124 100/91/125 495/89/118 494/87/115
f 100/91/125 10/91/98 114/81/100 495/89/118
f 495/89/118 114/81/100 113/88/113 498/72/119
f 498/72/119 113/88/113 112/93/111 501/82/122
f 501/82/122 112/93/111 11/83/112 111/83/126
f 500/82/120 501/82/122 111/83/126 110/94/127
f 499/90/121 500/82/120 110/94/127 109/83/128
f 88/82/84 499/90/121 109/83/128 7/83/85
f 89/71/83 496/88/117 499/90/121 88/82/84
f 90/81/82 493/81/114 496/88/117 89/71/83
f 502/81/129 503/87/130 506/17/131 505/88/132
f 503/87/130 504/89/133 507/72/134 506/17/131
f 505/88/132 506/17/131 509/82/135 508/90/136
f 506/17/131 507/72/134 510/82/137 509/82/135
f 8/91/103 120/91/138 502/81/129 99/81/104
f 120/91/138 119/92/139 503/87/130 502/81/129
f 119/92/139 118/91/140 504/89/133 503/87/130
f 118/91/140 12/91/141 117/81/142 504/89/133
f 504/89/133 117/81/142 116/88/143 507/72/134
f 507/72/134 116/88/143 115/93/144 510/82/137
f 510/82/137 115/93/144 13/83/145 123/83/146
f 509/82/135 510/82/137 123/83/146 122/94/147
f 508/90/136 509/82/135 122/94/147 121/83/148
f 97/93/106 508/90/136 121/83/148 9/83/107
f 98/88/105 505/88/132 508/90/136 97/93/106
f 99/81/104 502/81/129 505/88/132 98/88/105
f 511/95/149 512/96/150 515/71/151 514/17/152
f 512/96/150 513/97/153 516/17/154 515/71/151
f 514/17/152 515/71/151 518/98/155 517/99/156
f 515/71/151 516/17/154 519/100/157 518/98/155
f 12/91/141 129/101/158 511/95/149 117/81/142
f 129/101/158 128/102/159 512/96/150 511/95/149
f 128/102/159 127/103/160 513/97/153 512/96/150
f 127/103/160 14/104/161 126/105/162 513/97/153
f 513/97/153 126/105/162 125/106/163 516/17/154
f 516/17/154 125/106/163 124/107/164 519/100/157
f 519/100/157 124/107/165 15/18/165 132/108/166
f 518/98/155 519/100/157 132/108/166 131/109/167
f 517/99/156 518/98/155 131/109/167 130/110/168
f 115/93/144 517/99/156 130/110/168 13/83/145
f 116/88/143 514/17/152 517/99/156 115/93/144
f 117/81/142 511/95/149 514/17/152 116/88/143
f 520/111/169 521/112/170 524/113/171 523/114/172
f 521/112/170 522/115/173 525/116/174 524/113/171
f 523/114/172 524/113/171 527/117/175 526/118/176
f 524/113/171 525/116/174 528/119/177 527/117/175
f 19/120/178 159/121/179 520/111/169 144/122/180
f 159/121/179 158/123/181 521/112/170 520/111/169
f 158/123/181 157/124/182 522/115/173 521/112/170
f 527/117/175 528/119/177 136/125/183 137/126/184
f 526/118/176 527/117/175 137/126/184 138/127/185
f 142/128/186 526/118/176 138/127/185 18/129/187
f 143/130/188 523/114/172 526/118/176 142/128/186
f 144/122/180 520/111/169 523/114/172 143/130/188
f 529/131/189 530/132/190 533/133/191 532/134/192
f 530/132/190 531/135/193 534/136/194 533/133/191
f 532/134/192 533/133/191 536/137/195 535/138/196
f 533/133/191 534/136/194 537/139/197 536/137/195
f 17/140/198 139/141/199 529/131/189 135/142/200
f 139/141/199 140/143/201 530/132/190 529/131/189
f 140/143/201 141/144/202 531/135/193 530/132/190
f 536/137/195 537/139/197 151/145/203 152/146/204
f 535/138/196 536/137/195 152/146/204 153/147/205
f 133/148/206 535/138/196 153/147/205 16/149/207
f 134/150/208 532/134/192 535/138/196 133/148/206
f 135/142/200 529/131/189 532/134/192 134/150/208
f 16/149/207 153/147/205 538/151/209 150/152/210
f 148/153/211 542/154/212 156/155/213 20/156/214
f 149/157/215 540/158/216 542/154/212 148/153/211
f 150/152/210 538/151/209 540/158/216 149/157/215
f 544/159/217 545/160/218 548/161/219 547/162/220
f 545/160/218 546/163/221 549/164/222 548/161/219
f 547/162/220 548/161/219 551/165/223 550/166/224
f 548/161/219 549/164/222 552/167/225 551/165/223
f 20/156/214 156/155/213 544/159/217 147/168/226
f 156/155/213 155/169/227 545/160/218 544/159/217
f 155/169/227 154/170/228 546/163/221 545/160/218
f 551/165/223 552/167/225 157/124/182 158/123/181
f 550/166/224 551/165/223 158/123/181 159/121/179
f 145/171/229 550/166/224 159/121/179 19/120/178
f 146/172/230 547/162/220 550/166/224 145/171/229
f 147/168/226 544/159/217 547/162/220 146/172/230
f 553/173/231 554/174/232 557/175/233 556/176/234
f 554/174/232 555/177/235 558/178/236 557/175/233
f 556/176/234 557/175/233 560/179/237 559/180/238
f 557/175/233 558/178/236 561/181/239 560/179/237
f 18/129/187 138/127/185 553/173/231 165/182/240
f 138/127/185 137/126/184 554/174/232 553/173/231
f 137/126/184 136/125/183 555/177/235 554/174/232
f 555/177/235 166/183/241 167/184/242 558/178/236
f 558/178/236 167/184/242 168/185/243 561/181/239
f 561/181/239 168/185/243 21/83/244 160/90/245
f 560/179/237 561/181/239 160/90/245 161/71/246
f 559/180/238 560/179/237 161/71/246 162/81/247
f 163/186/248 559/180/238 162/81/247 22/80/249
f 164/187/250 556/176/234 559/180/238 163/186/248
f 165/182/240 553/173/231 556/176/234 164/187/250
f 562/81/251 563/88/252 566/17/253 565/87/254
f 563/88/252 564/188/255 567/93/256 566/17/253
f 565/87/254 566/17/253 569/88/257 568/81/258
f 566/17/253 567/93/256 570/82/259 569/88/257
f 25/91/260 186/189/261 562/81/251 180/190/262
f 186/189/261 185/17/263 563/88/252 562/81/251
f 185/17/263 184/93/264 564/188/255 563/88/252
f 184/93/264 26/83/265 175/94/266 564/188/255
f 564/188/255 175/94/266 176/94/267 567/93/256
f 567/93/256 176/94/267 177/83/268 570/82/259
f 570/82/259 177/83/268 23/83/269 169/93/270
f 569/88/257 570/82/259 169/93/270 170/17/271
f 568/81/258 569/88/257 170/17/271 171/189/272
f 178/91/273 568/81/258 171/189/272 24/91/274
f 179/92/275 565/87/254 568/81/258 178/91/273
f 180/190/262 562/81/251 565/87/254 179/92/275
f 571/81/276 572/88/277 575/17/278 574/87/279
f 572/88/277 573/188/280 576/93/281 575/17/278
f 574/87/279 575/17/278 578/88/282 577/81/283
f 575/17/278 576/93/281 579/82/284 578/88/282
f 22/80/249 162/81/247 571/81/276 174/190/285
f 162/81/247 161/71/246 572/88/277 571/81/276
f 161/71/246 160/90/245 573/188/280 572/88/277
f 160/90/245 21/83/244 181/94/286 573/188/280
f 573/188/280 181/94/286 182/94/287 576/93/281
f 576/93/281 182/94/287 183/83/288 579/82/284
f 579/82/284 183/83/288 26/83/265 184/93/264
f 578/88/282 579/82/284 184/93/264 185/17/263
f 577/81/283 578/88/282 185/17/263 186/189/261
f 172/91/289 577/81/283 186/189/261 25/91/260
f 173/92/290 574/87/279 577/81/283 172/91/289
f 174/190/285 571/81/276 574/87/279 173/92/290
f 580/81/291 581/88/292 584/17/293 583/87/294
f 581/88/292 582/188/295 585/93/296 584/17/293
f 583/87/294 584/17/293 587/88/297 586/81/298
f 584/17/293 585/93/296 588/82/299 587/88/297
f 24/91/274 171/189/272 580/81/291 192/190/300
f 171/189/272 170/17/271 581/88/292 580/81/291
f 170/17/271 169/93/270 582/188/295 581/88/292
f 169/93/270 23/83/269 193/94/301 582/188/295
f 582/188/295 193/94/301 194/94/302 585/93/296
f 585/93/296 194/94/302 195/83/303 588/82/299
f 588/82/299 195/83/303 27/83/304 187/93/305
f 587/88/297 588/82/299 187/93/305 188/17/306
f 586/81/298 587/88/297 188/17/306 189/189/307
f 190/91/308 586/81/298 189/189/307 28/91/309
f 191/92/310 583/87/294 586/81/298 190/91/308
f 192/190/300 580/81/291 583/87/294 191/92/310
f 589/191/311 590/17/312 593/17/313 592/192/314
f 590/17/312 591/193/315 594/194/316 593/17/313
f 592/192/314 593/17/313 596/17/317 595/195/318
f 593/17/313 594/194/316 597/196/319 596/17/317
f 28/91/309 189/189/307 589/191/311 201/101/320
f 189/189/307 188/17/306 590/17/312 589/191/311
f 188/17/306 187/93/305 591/193/315 590/17/312
f 187/93/305 27/83/304 202/110/321 591/193/315
f 591/193/315 202/110/321 203/197/322 594/194/316
f 594/194/316 203/197/322 204/198/323 597/196/319
f 597/196/319 204/198/323 29/18/324 196/199/325
f 596/17/317 597/196/319 196/199/325 197/106/326
f 595/195/318 596/17/317 197/106/326 198/200/327
f 199/201/328 595/195/318 198/200/327 30/104/329
f 200/202/330 592/192/314 595/195/318 199/201/328
f 201/101/320 589/191/311 592/192/314 200/202/330
f 598/203/331 599/204/332 602/205/333 601/206/334
f 599/204/332 600/207/335 603/208/336 602/205/333
f 601/206/334 602/205/333 605/209/337 604/209/338
f 602/205/333 603/208/336 606/209/339 605/209/337
f 9/83/107 121/83/148 598/203/331 210/209/340
f 121/83/148 122/94/341 599/204/332 598/203/331
f 122/94/341 123/83/342 600/207/335 599/204/332
f 123/83/342 13/83/343 205/209/344 600/207/335
f 600/207/335 205/209/344 206/206/345 603/208/336
f 603/208/336 206/206/345 207/207/346 606/209/339
f 606/209/339 207/207/346 27/83/304 195/83/303
f 605/209/337 606/209/339 195/83/303 194/94/302
f 604/209/338 605/209/337 194/94/302 193/94/301
f 208/207/347 604/209/338 193/94/301 23/83/269
f 209/206/348 601/206/334 604/209/338 208/207/347
f 210/209/340 598/203/331 601/206/334 209/206/348
f 607/210/349 608/211/350 611/212/351 610/213/352
f 608/211/350 609/214/353 612/215/354 611/212/351
f 610/213/352 611/212/351 614/216/355 613/217/356
f 611/212/351 612/215/354 615/218/357 614/216/355
f 1/30/30 67/32/32 607/210/349 213/219/358
f 67/32/32 68/39/39 608/211/350 607/210/349
f 68/39/39 69/40/40 609/214/353 608/211/350
f 614/216/355 615/218/357 141/144/202 140/143/201
f 613/217/356 614/216/355 140/143/201 139/141/199
f 211/220/359 613/217/356 139/141/199 17/140/198
f 212/221/360 610/213/352 613/217/356 211/220/359
f 213/219/358 607/210/349 610/213/352 212/221/360
f 616/222/361 617/223/362 620/224/363 619/225/364
f 617/223/362 618/226/365 621/227/366 620/224/363
f 619/225/364 620/224/363 623/223/367 622/223/368
f 620/224/363 621/227/366 624/223/369 623/223/367
f 10/91/98 100/91/125 616/222/361 219/222/370
f 100/91/125 101/92/124 617/223/362 616/222/361
f 101/92/124 102/91/123 618/226/365 617/223/362
f 102/91/123 6/80/81 214/222/371 618/226/365
f 618/226/365 214/222/371 215/224/372 621/227/366
f 621/227/366 215/224/372 216/228/373 624/223/369
f 624/223/369 216/228/373 22/80/249 174/190/285
f 623/223/367 624/223/369 174/190/285 173/92/290
f 622/223/368 623/223/367 173/92/290 172/91/289
f 217/228/374 622/223/368 172/91/289 25/91/260
f 218/224/375 619/225/364 622/223/368 217/228/374
f 219/222/370 616/222/361 619/225/364 218/224/375
f 625/229/376 626/17/377 629/230/378 628/231/379
f 626/17/377 627/232/380 630/233/381 629/230/378
f 628/231/379 629/230/378 632/88/382 631/234/383
f 629/230/378 630/233/381 633/235/384 632/88/382
f 15/18/385 124/107/385 625/229/385 225/236/385
f 124/107/386 125/106/163 626/17/377 625/229/386
f 125/106/163 126/105/162 627/232/380 626/17/377
f 126/105/162 14/104/161 220/237/387 627/232/380
f 627/232/380 220/237/387 221/238/388 630/233/381
f 630/233/381 221/238/388 222/239/389 633/235/384
f 633/235/384 222/239/389 30/104/329 198/200/327
f 632/88/382 633/235/384 198/200/327 197/106/326
f 631/234/383 632/88/382 197/106/326 196/199/325
f 223/236/390 631/234/383 196/199/325 29/18/324
f 224/240/391 628/231/391 631/234/383 223/236/390
f 225/236/392 625/229/392 628/231/392 224/240/392
f 634/203/393 635/204/394 638/205/395 637/206/396
f 635/204/394 636/207/397 639/208/398 638/205/395
f 637/206/396 638/205/395 641/209/399 640/209/400
f 638/205/395 639/208/398 642/209/401 641/209/399
f 11/83/112 103/83/110 634/203/393 228/209/402
f 103/83/110 104/94/109 635/204/394 634/203/393
f 104/94/109 105/83/108 636/207/397 635/204/394
f 105/83/108 9/83/107 210/209/340 636/207/397
f 636/207/397 210/209/340 209/206/348 639/208/398
f 639/208/398 209/206/348 208/207/347 642/209/401
f 642/209/401 208/207/347 23/83/269 177/83/268
f 641/209/399 642/209/401 177/83/268 176/94/267
f 640/209/400 641/209/399 176/94/267 175/94/266
f 226/207/403 640/209/400 175/94/266 26/83/265
f 227/206/404 637/206/396 640/209/400 226/207/403
f 228/209/402 634/203/393 637/206/396 227/206/404
f 643/241/405 644/242/406 647/243/407 646/244/408
f 644/242/406 645/245/409 648/246/410 647/243/407
f 646/244/408 647/243/407 650/247/411 649/241/412
f 647/243/407 648/246/410 651/245/413 650/247/411
f 14/104/161 127/103/160 643/241/405 220/237/387
f 127/103/160 128/102/159 644/242/406 643/241/405
f 128/102/159 129/101/158 645/245/409 644/242/406
f 129/101/158 12/91/141 229/223/414 645/245/409
f 645/245/409 229/223/414 230/248/415 648/246/410
f 648/246/410 230/248/415 231/249/416 651/245/413
f 651/245/413 231/249/416 28/91/309 201/101/320
f 650/247/411 651/245/413 201/101/320 200/202/330
f 649/241/412 650/247/411 200/202/330 199/201/328
f 222/239/389 649/241/412 199/201/328 30/104/329
f 221/238/388 646/244/408 649/241/412 222/239/389
f 220/237/387 643/241/405 646/244/408 221/238/388
f 652/250/417 653/251/418 656/252/419 655/253/420
f 653/251/418 654/254/421 657/255/422 656/252/419
f 655/253/420 656/252/419 659/256/423 658/257/424
f 656/252/419 657/255/422 660/258/425 659/256/423
f 2/15/15 70/14/14 652/250/417 237/259/426
f 70/14/14 71/13/13 653/251/418 652/250/417
f 71/13/13 72/11/11 654/254/421 653/251/418
f 72/11/11 3/10/10 232/260/427 654/254/421
f 654/254/421 232/260/427 233/261/428 657/255/422
f 657/255/422 233/261/428 234/262/429 660/258/425
f 660/258/425 234/262/429 19/120/178 144/122/180
f 659/256/423 660/258/425 144/122/180 143/130/188
f 658/257/424 659/256/423 143/130/188 142/128/186
f 235/263/430 658/257/424 142/128/186 18/129/187
f 236/264/431 655/253/420 658/257/424 235/263/430
f 237/259/426 652/250/417 655/253/420 236/264/431
f 661/222/432 662/223/433 665/224/434 664/225/435
f 662/223/433 663/226/436 666/227/437 665/224/434
f 664/225/435 665/224/434 668/223/438 667/223/439
f 665/224/434 666/227/437 669/223/440 668/223/438
f 8/91/103 106/91/102 661/222/432 240/222/441
f 106/91/102 107/92/101 662/223/433 661/222/432
f 107/92/101 108/91/99 663/226/436 662/223/433
f 108/91/99 10/91/98 219/222/370 663/226/436
f 663/226/436 219/222/370 218/224/375 666/227/437
f 666/227/437 218/224/375 217/228/374 669/223/440
f 669/223/440 217/228/374 25/91/260 180/190/262
f 668/223/438 669/223/440 180/190/262 179/92/275
f 667/223/439 668/223/438 179/92/275 178/91/273
f 238/228/442 667/223/439 178/91/273 24/91/274
f 239/224/443 664/225/435 667/223/439 238/228/442
f 240/222/441 661/222/432 664/225/435 239/224/443
f 670/265/444 671/266/445 674/267/446 673/268/447
f 671/266/445 672/269/448 675/270/449 674/267/446
f 673/268/447 674/267/446 677/271/450 676/272/451
f 674/267/446 675/270/449 678/273/452 677/271/450
f 13/83/343 130/110/453 670/265/444 205/209/344
f 130/110/453 131/109/454 671/266/445 670/265/444
f 131/109/454 132/108/455 672/269/448 671/266/445
f 132/108/455 15/18/456 225/236/457 672/269/448
f 672/269/448 225/236/457 224/240/458 675/270/449
f 675/270/449 224/240/458 223/236/459 678/273/452
f 678/273/452 223/236/459 29/18/324 204/198/323
f 677/271/450 678/273/452 204/198/323 203/197/322
f 676/272/451 677/271/450 203/197/322 202/110/321
f 207/207/346 676/272/451 202/110/321 27/83/304
f 206/206/345 673/268/447 676/272/451 207/207/346
f 205/209/344 670/265/444 673/268/447 206/206/345
f 679/274/460 680/275/461 683/276/462 682/277/463
f 680/275/461 681/278/464 684/279/465 683/276/462
f 682/277/463 683/276/462 686/280/466 685/281/467
f 683/276/462 684/279/465 687/282/468 686/280/466
f 3/10/10 73/68/68 679/274/460 232/260/427
f 73/68/68 74/67/67 680/275/461 679/274/460
f 74/67/67 75/66/66 681/278/464 680/275/461
f 75/66/66 4/53/53 241/283/469 681/278/464
f 681/278/464 241/283/469 242/284/470 684/279/465
f 684/279/465 242/284/470 243/285/471 687/282/468
f 687/282/468 243/285/471 20/156/214 147/168/226
f 686/280/466 687/282/468 147/168/226 146/172/230
f 685/281/467 686/280/466 146/172/230 145/171/229
f 234/262/429 685/281/467 145/171/229 19/120/178
f 233/261/428 682/277/463 685/281/467 234/262/429
f 232/260/427 679/274/460 682/277/463 233/261/428
f 688/203/472 689/204/473 692/205/474 691/206/475
f 689/204/473 690/207/476 693/208/477 692/205/474
f 691/206/475 692/205/474 695/209/478 694/209/479
f 692/205/474 693/208/477 696/209/480 695/209/478
f 7/83/85 109/83/128 688/203/472 246/209/481
f 109/83/128 110/94/127 689/204/473 688/203/472
f 110/94/127 111/83/126 690/207/476 689/204/473
f 111/83/126 11/83/112 228/209/402 690/207/476
f 690/207/476 228/209/402 227/206/404 693/208/477
f 693/208/477 227/206/404 226/207/403 696/209/480
f 696/209/480 226/207/403 26/83/265 183/83/288
f 695/209/478 696/209/480 183/83/288 182/94/287
f 694/209/479 695/209/478 182/94/287 181/94/286
f 244/207/482 694/209/479 181/94/286 21/83/244
f 245/206/483 691/206/475 694/209/479 244/207/482
f 246/209/481 688/203/472 691/206/475 245/206/483
f 697/286/484 698/287/485 701/288/486 700/289/487
f 698/287/485 699/290/488 702/291/489 701/288/486
f 700/289/487 701/288/486 704/292/490 703/293/491
f 701/288/486 702/291/489 705/294/492 704/292/490
f 4/53/53 76/52/52 697/286/484 241/283/469
f 76/52/52 77/51/51 698/287/485 697/286/484
f 77/51/51 78/50/50 699/290/488 698/287/485
f 78/50/50 5/35/35 247/295/493 699/290/488
f 699/290/488 247/295/493 248/296/494 702/291/489
f 702/291/489 248/296/494 249/297/495 705/294/492
f 705/294/492 249/297/495 16/149/207 150/152/210
f 704/292/490 705/294/492 150/152/210 149/157/215
f 703/293/491 704/292/490 149/157/215 148/153/211
f 243/285/471 703/293/491 148/153/211 20/156/214
f 242/284/470 700/289/487 703/293/491 243/285/471
f 241/283/469 697/286/484 700/289/487 242/284/470
f 706/298/496 707/299/497 710/300/498 709/301/499
f 707/299/497 708/302/500 711/303/501 710/300/498
f 709/301/499 710/300/498 713/304/502 712/305/503
f 710/300/498 711/303/501 714/306/504 713/304/502
f 6/80/81 91/79/80 706/298/496 214/222/371
f 91/79/80 92/78/79 707/299/497 706/298/496
f 92/78/79 93/77/78 708/302/500 707/299/497
f 93/77/78 2/15/15 237/259/426 708/302/500
f 708/302/500 237/259/426 236/264/431 711/303/501
f 711/303/501 236/264/431 235/263/430 714/306/504
f 714/306/504 235/263/430 18/129/187 165/182/240
f 713/304/502 714/306/504 165/182/240 164/187/250
f 712/305/503 713/304/502 164/187/250 163/186/248
f 216/228/373 712/305/503 163/186/248 22/80/249
f 215/224/372 709/301/499 712/305/503 216/228/373
f 214/222/371 706/298/496 709/301/499 215/224/372
f 715/307/505 716/308/506 719/309/507 718/310/508
f 716/308/506 717/311/509 720/312/510 719/309/507
f 718/310/508 719/309/507 722/313/511 721/314/512
f 719/309/507 720/312/510 723/315/513 722/313/511
f 5/35/35 61/34/34 715/307/505 247/295/493
f 61/34/34 62/33/33 716/308/506 715/307/505
f 62/33/33 63/31/31 717/311/509 716/308/506
f 63/31/31 1/30/30 213/219/358 717/311/509
f 717/311/509 213/219/358 212/221/360 720/312/510
f 720/312/510 212/221/360 211/220/359 723/315/513
f 723/315/513 211/220/359 17/140/198 135/142/200
f 722/313/511 723/315/513 135/142/200 134/150/208
f 721/314/512 722/313/511 134/150/208 133/148/206
f 249/297/495 721/314/512 133/148/206 16/149/207
f 248/296/494 718/310/508 721/314/512 249/297/495
f 247/295/493 715/307/505 718/310/508 248/296/494
f 724/316/514 725/317/515 728/318/516 727/319/517
f 725/317/515 726/320/518 729/321/519 728/318/516
f 727/319/517 728/318/516 731/322/520 730/323/521
f 728/318/516 729/321/519 732/324/522 731/322/520
f 94/86/523 95/85/87 725/317/515 724/316/514
f 95/85/87 96/84/86 726/320/518 725/317/515
f 96/84/86 7/83/85 246/209/481 726/320/518
f 726/320/518 246/209/481 245/206/483 729/321/519
f 729/321/519 245/206/483 244/207/482 732/324/522
f 732/324/522 244/207/482 21/83/244 168/185/243
f 731/322/520 732/324/522 168/185/243 167/184/242
f 730/323/521 731/322/520 167/184/242 166/183/241
f 733/222/524 734/223/525 737/224/526 736/225/527
f 734/223/525 735/226/528 738/227/529 737/224/526
f 736/225/527 737/224/526 740/223/530 739/223/531
f 737/224/526 738/227/529 741/223/532 740/223/530
f 12/91/141 118/91/140 733/222/524 229/223/414
f 118/91/140 119/92/139 734/223/525 733/222/524
f 119/92/139 120/91/138 735/226/528 734/223/525
f 120/91/138 8/91/103 240/222/441 735/226/528
f 735/226/528 240/222/441 239/224/443 738/227/529
f 738/227/529 239/224/443 238/228/442 741/223/532
f 741/223/532 238/228/442 24/91/274 192/190/300
f 740/223/530 741/223/532 192/190/300 191/92/310
f 739/223/531 740/223/530 191/92/310 190/91/308
f 231/249/416 739/223/531 190/91/308 28/91/309
f 230/248/415 736/225/527 739/223/531 231/249/416
f 229/223/414 733/222/524 736/225/527 230/248/415
f 742/111/533 743/112/534 746/113/535 745/114/536
f 743/112/534 744/115/537 747/116/538 746/113/535
f 745/114/536 746/113/535 749/117/539 748/118/540
f 746/113/535 747/116/538 750/119/541 749/117/539
f 33/120/542 276/121/543 742/111/533 261/122/544
f 276/121/543 275/123/545 743/112/534 742/111/533
f 275/123/545 274/124/546 744/115/537 743/112/534
f 749/117/539 750/119/541 253/125/547 254/126/548
f 748/118/540 749/117/539 254/126/548 255/127/549
f 259/128/550 748/118/540 255/127/549 32/129/551
f 260/130/552 745/114/536 748/118/540 259/128/550
f 261/122/544 742/111/533 745/114/536 260/130/552
f 751/131/553 752/132/554 755/133/555 754/134/556
f 752/132/554 753/135/557 756/136/558 755/133/555
f 754/134/556 755/133/555 758/137/559 757/138/560
f 755/133/555 756/136/558 759/139/561 758/137/559
f 31/140/562 256/141/563 751/131/553 252/142/564
f 256/141/563 257/143/565 752/132/554 751/131/553
f 257/143/565 258/144/566 753/135/557 752/132/554
f 758/137/559 759/139/561 268/145/567 269/146/568
f 757/138/560 758/137/559 269/146/568 270/147/569
f 250/148/570 757/138/560 270/147/569 35/149/571
f 251/150/572 754/134/556 757/138/560 250/148/570
f 252/142/564 751/131/553 754/134/556 251/150/572
f 760/151/573 761/325/574 764/326/575 763/158/576
f 761/325/574 762/327/577 765/328/578 764/326/575
f 763/158/576 764/326/575 767/329/579 766/154/580
f 764/326/575 765/328/578 768/330/581 767/329/579
f 35/149/571 270/147/569 760/151/573 267/152/582
f 270/147/569 269/146/568 761/325/574 760/151/573
f 269/146/568 268/145/567 762/327/577 761/325/574
f 767/329/579 768/330/581 271/170/583 272/169/584
f 766/154/580 767/329/579 272/169/584 273/155/585
f 265/153/586 766/154/580 273/155/585 34/156/587
f 266/157/588 763/158/576 766/154/580 265/153/586
f 267/152/582 760/151/573 763/158/576 266/157/588
f 769/159/589 770/160/590 773/161/591 772/162/592
f 770/160/590 771/163/593 774/164/594 773/161/591
f 772/162/592 773/161/591 776/165/595 775/166/596
f 773/161/591 774/164/594 777/167/597 776/165/595
f 34/156/587 273/155/585 769/159/589 264/168/598
f 273/155/585 272/169/584 770/160/590 769/159/589
f 272/169/584 271/170/583 771/163/593 770/160/590
f 776/165/595 777/167/597 274/124/546 275/123/545
f 775/166/596 776/165/595 275/123/545 276/121/543
f 262/171/599 775/166/596 276/121/543 33/120/542
f 263/172/600 772/162/592 775/166/596 262/171/599
f 264/168/598 769/159/589 772/162/592 263/172/600
f 778/173/601 779/174/602 782/175/603 781/176/604
f 779/174/602 780/177/605 783/178/606 782/175/603
f 781/176/604 782/175/603 785/179/607 784/180/608
f 782/175/603 783/178/606 786/181/609 785/179/607
f 32/129/551 255/127/549 778/173/601 282/182/610
f 255/127/549 254/126/548 779/174/602 778/173/601
f 254/126/548 253/125/547 780/177/605 779/174/602
f 780/177/605 283/183/611 284/184/612 783/178/606
f 783/178/606 284/184/612 285/185/613 786/181/609
f 786/181/609 285/185/613 37/83/614 277/90/615
f 785/179/607 786/181/609 277/90/615 278/71/616
f 784/180/608 785/179/607 278/71/616 279/81/617
f 280/186/618 784/180/608 279/81/617 36/80/619
f 281/187/620 781/176/604 784/180/608 280/186/618
f 282/182/610 778/173/601 781/176/604 281/187/620
f 787/81/621 788/88/622 791/17/623 790/87/624
f 788/88/622 789/188/625 792/93/626 791/17/623
f 790/87/624 791/17/623 794/88/627 793/81/628
f 791/17/623 792/93/626 795/82/629 794/88/627
f 40/91/630 303/189/631 787/81/621 297/190/632
f 303/189/631 302/17/633 788/88/622 787/81/621
f 302/17/633 301/93/634 789/188/625 788/88/622
f 301/93/634 41/83/635 292/94/636 789/188/625
f 789/188/625 292/94/636 293/94/637 792/93/626
f 792/93/626 293/94/637 294/83/638 795/82/629
f 795/82/629 294/83/638 39/83/639 286/93/640
f 794/88/627 795/82/629 286/93/640 287/17/641
f 793/81/628 794/88/627 287/17/641 288/189/642
f 295/91/643 793/81/628 288/189/642 38/91/644
f 296/92/645 790/87/624 793/81/628 295/91/643
f 297/190/632 787/81/621 790/87/624 296/92/645
f 796/81/646 797/88/647 800/17/648 799/87/649
f 797/88/647 798/188/650 801/93/651 800/17/648
f 799/87/649 800/17/648 803/88/652 802/81/653
f 800/17/648 801/93/651 804/82/654 803/88/652
f 36/80/619 279/81/617 796/81/646 291/190/655
f 279/81/617 278/71/616 797/88/647 796/81/646
f 278/71/616 277/90/615 798/188/650 797/88/647
f 277/90/615 37/83/614 298/94/656 798/188/650
f 798/188/650 298/94/656 299/94/657 801/93/651
f 801/93/651 299/94/657 300/83/658 804/82/654
f 804/82/654 300/83/658 41/83/635 301/93/634
f 803/88/652 804/82/654 301/93/634 302/17/633
f 802/81/653 803/88/652 302/17/633 303/189/631
f 289/91/659 802/81/653 303/189/631 40/91/630
f 290/92/660 799/87/649 802/81/653 289/91/659
f 291/190/655 796/81/646 799/87/649 290/92/660
f 805/81/661 806/88/662 809/17/663 808/87/664
f 806/88/662 807/188/665 810/93/666 809/17/663
f 808/87/664 809/17/663 812/88/667 811/81/668
f 809/17/663 810/93/666 813/82/669 812/88/667
f 38/91/644 288/189/642 805/81/661 309/190/670
f 288/189/642 287/17/641 806/88/662 805/81/661
f 287/17/641 286/93/640 807/188/665 806/88/662
f 286/93/640 39/83/639 310/94/671 807/188/665
f 807/188/665 310/94/671 311/94/672 810/93/666
f 810/93/666 311/94/672 312/83/673 813/82/669
f 813/82/669 312/83/673 43/83/674 304/93/675
f 812/88/667 813/82/669 304/93/675 305/17/676
f 811/81/668 812/88/667 305/17/676 306/189/677
f 307/91/678 811/81/668 306/189/677 42/91/679
f 308/92/680 808/87/664 811/81/668 307/91/678
f 309/190/670 805/81/661 808/87/664 308/92/680
f 814/191/681 815/17/682 818/17/683 817/192/684
f 815/17/682 816/193/685 819/194/686 818/17/683
f 817/192/684 818/17/683 821/17/687 820/195/688
f 818/17/683 819/194/686 822/196/689 821/17/687
f 42/91/679 306/189/677 814/191/681 318/101/690
f 306/189/677 305/17/676 815/17/682 814/191/681
f 305/17/676 304/93/675 816/193/685 815/17/682
f 304/93/675 43/83/674 319/110/691 816/193/685
f 816/193/685 319/110/691 320/197/692 819/194/686
f 819/194/686 320/197/692 321/198/693 822/196/689
f 822/196/689 321/198/693 45/18/694 313/199/694
f 821/17/687 822/196/689 313/199/695 314/106/696
f 820/195/688 821/17/687 314/106/696 315/331/697
f 316/201/698 820/195/688 315/331/697 44/104/699
f 317/202/700 817/192/684 820/195/688 316/201/698
f 318/101/690 814/191/681 817/192/684 317/202/700
f 823/1/701 824/2/702 827/3/703 826/4/704
f 824/2/702 825/5/705 828/6/706 827/3/703
f 826/4/704 827/3/703 830/7/707 829/8/708
f 827/3/703 828/6/706 831/9/709 830/7/707
f 49/10/710 333/11/711 823/1/701 348/12/712
f 333/11/711 332/13/713 824/2/702 823/1/701
f 332/13/713 331/14/714 825/5/705 824/2/702
f 331/14/714 48/15/715 327/16/716 825/5/705
f 825/5/705 327/16/716 326/17/717 828/6/706
f 828/6/706 326/17/717 325/18/718 831/9/709
f 347/19/719 826/4/704 829/8/708 346/20/720
f 348/12/712 823/1/701 826/4/704 347/19/719
f 832/21/721 833/22/722 836/23/723 835/24/724
f 833/22/722 834/25/725 837/26/726 836/23/723
f 835/24/724 836/23/723 839/27/727 838/28/728
f 836/23/723 837/26/726 840/29/729 839/27/727
f 47/30/730 324/31/731 832/21/721 328/32/732
f 324/31/731 323/33/733 833/22/722 832/21/721
f 323/33/733 322/34/734 834/25/725 833/22/722
f 322/34/734 46/35/735 342/36/736 834/25/725
f 834/25/725 342/36/736 341/37/737 837/26/726
f 837/26/726 341/37/737 340/38/738 840/29/729
f 329/39/739 835/24/724 838/28/728 330/40/740
f 328/32/732 832/21/721 835/24/724 329/39/739
f 46/35/735 339/50/741 841/41/742 342/36/736
f 339/50/741 338/51/743 842/42/744 841/41/742
f 338/51/743 337/52/745 843/45/746 842/42/744
f 337/52/745 50/53/747 345/54/748 843/45/746
f 847/57/749 848/58/750 851/59/751 850/60/752
f 848/58/750 849/61/753 852/62/754 851/59/751
f 850/60/752 851/59/751 854/63/755 853/64/756
f 851/59/751 852/62/754 855/65/757 854/63/755
f 50/53/747 336/66/758 847/57/749 345/54/748
f 336/66/758 335/67/759 848/58/750 847/57/749
f 335/67/759 334/68/760 849/61/753 848/58/750
f 334/68/760 49/10/710 348/12/712 849/61/753
f 849/61/753 348/12/712 347/19/719 852/62/754
f 852/62/754 347/19/719 346/20/720 855/65/757
f 344/55/761 850/60/752 853/64/756 343/56/762
f 345/54/748 847/57/749 850/60/752 344/55/761
f 856/69/763 857/70/764 860/71/765 859/72/766
f 857/70/764 858/73/767 861/17/768 860/71/765
f 859/72/766 860/71/765 863/74/769 862/75/770
f 860/71/765 861/17/768 864/76/771 863/74/769
f 48/15/715 354/77/772 856/69/763 327/16/716
f 354/77/772 353/78/773 857/70/764 856/69/763
f 353/78/773 352/79/774 858/73/767 857/70/764
f 352/79/774 52/80/775 351/81/776 858/73/767
f 858/73/767 351/81/776 350/71/777 861/17/768
f 861/17/768 350/71/777 349/82/778 864/76/771
f 864/76/771 349/82/778 51/83/779 357/84/780
f 863/74/769 864/76/771 357/84/780 356/85/781
f 862/75/770 863/74/769 356/85/781 355/86/782
f 326/17/717 859/72/766 862/75/770 325/18/718
f 327/16/716 856/69/763 859/72/766 326/17/717
f 865/81/783 866/87/784 869/17/785 868/88/786
f 866/87/784 867/89/787 870/72/788 869/17/785
f 868/88/786 869/17/785 872/82/789 871/90/790
f 869/17/785 870/72/788 873/82/791 872/82/789
f 55/91/792 369/91/793 865/81/783 375/81/794
f 369/91/793 368/92/795 866/87/784 865/81/783
f 368/92/795 367/91/796 867/89/787 866/87/784
f 367/91/796 54/91/797 360/81/798 867/89/787
f 867/89/787 360/81/798 359/88/799 870/72/788
f 870/72/788 359/88/799 358/93/800 873/82/791
f 873/82/791 358/93/800 53/83/801 366/83/802
f 872/82/789 873/82/791 366/83/802 365/94/803
f 871/90/790 872/82/789 365/94/803 364/83/804
f 373/93/805 871/90/790 364/83/804 56/83/806
f 374/88/807 868/88/786 871/90/790 373/93/805
f 375/81/794 865/81/783 868/88/786 374/88/807
f 874/81/808 875/87/809 878/17/810 877/88/811
f 875/87/809 876/89/812 879/72/813 878/17/810
f 877/88/811 878/17/810 881/82/814 880/90/815
f 878/17/810 879/72/813 882/82/816 881/82/814
f 52/80/775 363/91/817 874/81/808 351/81/776
f 363/91/817 362/92/818 875/87/809 874/81/808
f 362/92/818 361/91/819 876/89/812 875/87/809
f 361/91/819 55/91/792 375/81/794 876/89/812
f 876/89/812 375/81/794 374/88/807 879/72/813
f 879/72/813 374/88/807 373/93/805 882/82/816
f 882/82/816 373/93/805 56/83/806 372/83/820
f 881/82/814 882/82/816 372/83/820 371/94/821
f 880/90/815 881/82/814 371/94/821 370/83/822
f 349/82/778 880/90/815 370/83/822 51/83/779
f 350/71/777 877/88/811 880/90/815 349/82/778
f 351/81/776 874/81/808 877/88/811 350/71/777
f 883/81/823 884/87/824 887/17/825 886/88/826
f 884/87/824 885/89/827 888/72/828 887/17/825
f 886/88/826 887/17/825 890/82/829 889/90/830
f 887/17/825 888/72/828 891/82/831 890/82/829
f 54/91/797 381/91/832 883/81/823 360/81/798
f 381/91/832 380/92/833 884/87/824 883/81/823
f 380/92/833 379/91/834 885/89/827 884/87/824
f 379/91/834 58/91/835 378/81/836 885/89/827
f 885/89/827 378/81/836 377/88/837 888/72/828
f 888/72/828 377/88/837 376/93/838 891/82/831
f 891/82/831 376/93/838 57/83/839 384/83/840
f 890/82/829 891/82/831 384/83/840 383/94/841
f 889/90/830 890/82/829 383/94/841 382/83/842
f 358/93/800 889/90/830 382/83/842 53/83/801
f 359/88/799 886/88/826 889/90/830 358/93/800
f 360/81/798 883/81/823 886/88/826 359/88/799
f 892/95/843 893/96/844 896/71/845 895/17/846
f 893/96/844 894/97/847 897/17/848 896/71/845
f 895/17/846 896/71/845 899/98/849 898/99/850
f 896/71/845 897/17/848 900/100/851 899/98/849
f 58/91/835 390/101/852 892/95/843 378/81/836
f 390/101/852 389/102/853 893/96/844 892/95/843
f 389/102/853 388/103/854 894/97/847 893/96/844
f 388/103/854 60/104/855 387/105/856 894/97/847
f 894/97/847 387/105/856 386/106/857 897/17/848
f 897/17/848 386/106/857 385/332/858 900/100/851
f 900/100/851 385/332/858 59/18/859 393/333/860
f 899/98/849 900/100/851 393/333/860 392/334/861
f 898/99/850 899/98/849 392/334/861 391/110/862
f 376/93/838 898/99/850 391/110/862 57/83/839
f 377/88/837 895/17/846 898/99/850 376/93/838
f 378/81/836 892/95/843 895/17/846 377/88/837
f 901/203/863 902/205/864 905/205/865 904/209/866
f 902/205/864 903/335/867 906/335/868 905/205/865
f 904/209/866 905/205/865 908/336/869 907/209/870
f 905/205/865 906/335/868 909/209/871 908/336/869
f 39/83/639 399/207/872 901/203/863 310/94/671
f 399/207/872 398/206/873 902/205/864 901/203/863
f 398/206/873 397/335/874 903/335/867 902/205/864
f 397/335/874 53/83/801 382/83/842 903/335/867
f 903/335/867 382/83/842 383/94/841 906/335/868
f 906/335/868 383/94/841 384/83/840 909/209/871
f 909/209/871 384/83/840 57/83/839 396/335/875
f 908/336/869 909/209/871 396/335/875 395/206/876
f 907/209/870 908/336/869 395/206/876 394/207/877
f 312/83/878 907/209/870 394/207/877 43/83/879
f 311/94/880 904/209/866 907/209/870 312/83/878
f 310/94/671 901/203/863 904/209/866 311/94/880
f 910/337/881 911/338/882 914/339/883 913/340/884
f 911/338/882 912/210/885 915/211/886 914/339/883
f 913/340/884 914/339/883 917/341/887 916/342/888
f 914/339/883 915/211/886 918/343/889 917/341/887
f 31/140/562 402/344/890 910/337/881 256/141/563
f 402/344/890 401/345/891 911/338/882 910/337/881
f 401/345/891 400/346/892 912/210/885 911/338/882
f 400/346/892 47/30/730 328/32/732 912/210/885
f 912/210/885 328/32/732 329/39/739 915/211/886
f 915/211/886 329/39/739 330/40/740 918/343/889
f 257/143/565 913/340/884 916/342/888 258/144/566
f 256/141/563 910/337/881 913/340/884 257/143/565
f 919/222/893 920/224/894 923/225/895 922/223/896
f 920/224/894 921/226/897 924/228/898 923/225/895
f 922/223/896 923/225/895 926/224/899 925/223/900
f 923/225/895 924/228/898 927/223/901 926/224/899
f 40/91/630 408/226/902 919/222/893 289/91/659
f 408/226/902 407/224/903 920/224/894 919/222/893
f 407/224/903 406/226/904 921/226/897 920/224/894
f 406/226/904 55/91/792 361/91/819 921/226/897
f 921/226/897 361/91/819 362/92/818 924/228/898
f 924/228/898 362/92/818 363/91/817 927/223/901
f 927/223/901 363/91/817 52/80/775 405/226/905
f 926/224/899 927/223/901 405/226/905 404/224/906
f 925/223/900 926/224/899 404/224/906 403/226/907
f 291/190/655 925/223/900 403/226/907 36/80/619
f 290/92/660 922/223/896 925/223/900 291/190/655
f 289/91/659 919/222/893 922/223/896 290/92/660
f 928/234/908 929/347/909 932/17/910 931/17/911
f 929/347/909 930/229/912 933/17/913 932/17/910
f 931/17/911 932/17/910 935/233/914 934/232/915
f 932/17/910 933/17/913 936/232/916 935/233/914
f 45/18/917 414/348/917 928/234/917 313/199/917
f 414/348/918 413/240/918 929/347/918 928/234/918
f 413/240/919 412/349/920 930/229/912 929/347/919
f 412/349/920 59/18/859 385/332/858 930/229/912
f 930/229/912 385/332/858 386/106/857 933/17/913
f 933/17/913 386/106/857 387/105/856 936/232/916
f 936/232/916 387/105/856 60/104/855 411/239/921
f 935/233/914 936/232/916 411/239/921 410/350/922
f 934/232/915 935/233/914 410/350/922 409/351/923
f 315/331/697 934/232/915 409/351/923 44/104/699
f 314/106/696 931/17/911 934/232/915 315/331/697
f 313/199/924 928/234/924 931/17/911 314/106/696
f 937/203/925 938/205/926 941/205/927 940/209/928
f 938/205/926 939/335/929 942/335/930 941/205/927
f 940/209/928 941/205/927 944/336/931 943/209/932
f 941/205/927 942/335/930 945/209/933 944/336/931
f 41/83/635 417/207/934 937/203/925 292/94/636
f 417/207/934 416/206/935 938/205/926 937/203/925
f 416/206/935 415/335/936 939/335/929 938/205/926
f 415/335/936 56/83/806 364/83/804 939/335/929
f 939/335/929 364/83/804 365/94/803 942/335/930
f 942/335/930 365/94/803 366/83/802 945/209/933
f 945/209/933 366/83/802 53/83/801 397/335/874
f 944/336/931 945/209/933 397/335/874 398/206/873
f 943/209/932 944/336/931 398/206/873 399/207/872
f 294/83/638 943/209/932 399/207/872 39/83/639
f 293/94/637 940/209/928 943/209/932 294/83/638
f 292/94/636 937/203/925 940/209/928 293/94/637
f 946/352/937 947/353/938 950/243/939 949/242/940
f 947/353/938 948/352/941 951/247/942 950/243/939
f 949/242/940 950/243/939 953/246/943 952/245/944
f 950/243/939 951/247/942 954/245/945 953/246/943
f 44/104/699 409/351/923 946/352/937 316/201/698
f 409/351/923 410/350/922 947/353/938 946/352/937
f 410/350/922 411/239/921 948/352/941 947/353/938
f 411/239/921 60/104/855 388/103/854 948/352/941
f 948/352/941 388/103/854 389/102/853 951/247/942
f 951/247/942 389/102/853 390/101/852 954/245/945
f 954/245/945 390/101/852 58/91/835 420/223/946
f 953/246/943 954/245/945 420/223/946 419/248/947
f 952/245/944 953/246/943 419/248/947 418/223/948
f 318/101/690 952/245/944 418/223/948 42/91/679
f 317/202/700 949/242/940 952/245/944 318/101/690
f 316/201/698 946/352/937 949/242/940 317/202/700
f 955/354/949 956/355/950 959/356/951 958/357/952
f 956/355/950 957/358/953 960/359/954 959/356/951
f 958/357/952 959/356/951 962/360/955 961/361/956
f 959/356/951 960/359/954 963/362/957 962/360/955
f 32/129/551 426/363/958 955/354/949 259/128/550
f 426/363/958 425/364/959 956/355/950 955/354/949
f 425/364/959 424/259/960 957/358/953 956/355/950
f 424/259/960 48/15/715 331/14/714 957/358/953
f 957/358/953 331/14/714 332/13/713 960/359/954
f 960/359/954 332/13/713 333/11/711 963/362/957
f 963/362/957 333/11/711 49/10/710 423/365/961
f 962/360/955 963/362/957 423/365/961 422/366/962
f 961/361/956 962/360/955 422/366/962 421/367/963
f 261/122/544 961/361/956 421/367/963 33/120/542
f 260/130/552 958/357/952 961/361/956 261/122/544
f 259/128/550 955/354/949 958/357/952 260/130/552
f 964/222/964 965/224/965 968/225/966 967/223/967
f 965/224/965 966/226/968 969/228/969 968/225/966
f 967/223/967 968/225/966 971/224/970 970/223/971
f 968/225/966 969/228/969 972/223/972 971/224/970
f 38/91/644 429/226/973 964/222/964 295/91/643
f 429/226/973 428/224/974 965/224/965 964/222/964
f 428/224/974 427/226/975 966/226/968 965/224/965
f 427/226/975 54/91/797 367/91/796 966/226/968
f 966/226/968 367/91/796 368/92/795 969/228/969
f 969/228/969 368/92/795 369/91/793 972/223/972
f 972/223/972 369/91/793 55/91/792 406/226/904
f 971/224/970 972/223/972 406/226/904 407/224/903
f 970/223/971 971/224/970 407/224/903 408/226/902
f 297/190/632 970/223/971 408/226/902 40/91/630
f 296/92/645 967/223/967 970/223/971 297/190/632
f 295/91/643 964/222/964 967/223/967 296/92/645
f 973/265/976 974/368/977 977/369/978 976/266/979
f 974/368/977 975/370/980 978/371/981 977/369/978
f 976/266/979 977/369/978 980/270/982 979/372/983
f 977/369/978 978/371/981 981/373/984 980/270/982
f 43/83/879 394/207/877 973/265/976 319/110/985
f 394/207/877 395/206/876 974/368/977 973/265/976
f 395/206/876 396/335/875 975/370/980 974/368/977
f 396/335/875 57/83/839 391/110/862 975/370/980
f 975/370/980 391/110/862 392/334/861 978/371/981
f 978/371/981 392/334/861 393/333/860 981/373/984
f 981/373/984 393/333/860 59/18/859 412/349/986
f 980/270/982 981/373/984 412/349/986 413/240/987
f 979/372/983 980/270/982 413/240/987 414/348/988
f 321/198/989 979/372/983 414/348/988 45/18/990
f 320/197/991 976/266/979 979/372/983 321/198/989
f 319/110/985 973/265/976 976/266/979 320/197/991
f 982/374/992 983/375/993 986/376/994 985/280/995
f 983/375/993 984/274/996 987/275/997 986/376/994
f 985/280/995 986/376/994 989/279/998 988/282/999
f 986/376/994 987/275/997 990/377/1000 989/279/998
f 33/120/542 421/367/963 982/374/992 262/171/599
f 421/367/963 422/366/962 983/375/993 982/374/992
f 422/366/962 423/365/961 984/274/996 983/375/993
f 423/365/961 49/10/710 334/68/760 984/274/996
f 984/274/996 334/68/760 335/67/759 987/275/997
f 987/275/997 335/67/759 336/66/758 990/377/1000
f 990/377/1000 336/66/758 50/53/747 432/378/1001
f 989/279/998 990/377/1000 432/378/1001 431/379/1002
f 988/282/999 989/279/998 431/379/1002 430/285/1003
f 264/168/598 988/282/999 430/285/1003 34/156/587
f 263/172/600 985/280/995 988/282/999 264/168/598
f 262/171/599 982/374/992 985/280/995 263/172/600
f 991/203/1004 992/205/1005 995/205/1006 994/209/1007
f 992/205/1005 993/335/1008 996/335/1009 995/205/1006
f 994/209/1007 995/205/1006 998/336/1010 997/209/1011
f 995/205/1006 996/335/1009 999/209/1012 998/336/1010
f 37/83/614 435/207/1013 991/203/1004 298/94/656
f 435/207/1013 434/206/1014 992/205/1005 991/203/1004
f 434/206/1014 433/335/1015 993/335/1008 992/205/1005
f 433/335/1015 51/83/779 370/83/822 993/335/1008
f 993/335/1008 370/83/822 371/94/821 996/335/1009
f 996/335/1009 371/94/821 372/83/820 999/209/1012
f 999/209/1012 372/83/820 56/83/806 415/335/936
f 998/336/1010 999/209/1012 415/335/936 416/206/935
f 997/209/1011 998/336/1010 416/206/935 417/207/934
f 300/83/658 997/209/1011 417/207/934 41/83/635
f 299/94/657 994/209/1007 997/209/1011 300/83/658
f 298/94/656 991/203/1004 994/209/1007 299/94/657
f 1000/380/1016 1001/289/1017 1004/381/1018 1003/382/1019
f 1001/289/1017 1002/383/1020 1005/384/1021 1004/381/1018
f 1003/382/1019 1004/381/1018 1007/385/1022 1006/386/1023
f 1004/381/1018 1005/384/1021 1008/387/1024 1007/385/1022
f 34/156/587 430/285/1003 1000/380/1016 265/153/586
f 430/285/1003 431/379/1002 1001/289/1017 1000/380/1016
f 431/379/1002 432/378/1001 1002/383/1020 1001/289/1017
f 432/378/1001 50/53/747 337/52/745 1002/383/1020
f 1002/383/1020 337/52/745 338/51/743 1005/384/1021
f 1005/384/1021 338/51/743 339/50/741 1008/387/1024
f 1008/387/1024 339/50/741 46/35/735 438/388/1025
f 1007/385/1022 1008/387/1024 438/388/1025 437/389/1026
f 1006/386/1023 1007/385/1022 437/389/1026 436/297/1027
f 267/152/582 1006/386/1023 436/297/1027 35/149/571
f 266/157/588 1003/382/1019 1006/386/1023 267/152/582
f 265/153/586 1000/380/1016 1003/382/1019 266/157/588
f 1009/390/1028 1010/301/1029 1013/300/1030 1012/391/1031
f 1010/301/1029 1011/298/1032 1014/392/1033 1013/300/1030
f 1012/391/1031 1013/300/1030 1016/303/1034 1015/393/1035
f 1013/300/1030 1014/392/1033 1017/394/1036 1016/303/1034
f 36/80/619 403/226/907 1009/390/1028 280/186/618
f 403/226/907 404/224/906 1010/301/1029 1009/390/1028
f 404/224/906 405/226/905 1011/298/1032 1010/301/1029
f 405/226/905 52/80/775 352/79/774 1011/298/1032
f 1011/298/1032 352/79/774 353/78/773 1014/392/1033
f 1014/392/1033 353/78/773 354/77/772 1017/394/1036
f 1017/394/1036 354/77/772 48/15/715 424/259/960
f 1016/303/1034 1017/394/1036 424/259/960 425/364/959
f 1015/393/1035 1016/303/1034 425/364/959 426/363/958
f 282/182/610 1015/393/1035 426/363/958 32/129/551
f 281/187/620 1012/391/1031 1015/393/1035 282/182/610
f 280/186/618 1009/390/1028 1012/391/1031 281/187/620
f 1018/395/1037 1019/396/1038 1022/309/1039 1021/397/1040
f 1019/396/1038 1020/398/1041 1023/308/1042 1022/309/1039
f 1021/397/1040 1022/309/1039 1025/312/1043 1024/399/1044
f 1022/309/1039 1023/308/1042 1026/311/1045 1025/312/1043
f 35/149/571 436/297/1027 1018/395/1037 250/148/570
f 436/297/1027 437/389/1026 1019/396/1038 1018/395/1037
f 437/389/1026 438/388/1025 1020/398/1041 1019/396/1038
f 438/388/1025 46/35/735 322/34/734 1020/398/1041
f 1020/398/1041 322/34/734 323/33/733 1023/308/1042
f 1023/308/1042 323/33/733 324/31/731 1026/311/1045
f 1026/311/1045 324/31/731 47/30/730 400/346/892
f 1025/312/1043 1026/311/1045 400/346/892 401/345/891
f 1024/399/1044 1025/312/1043 401/345/891 402/344/890
f 252/142/564 1024/399/1044 402/344/890 31/140/562
f 251/150/572 1021/397/1040 1024/399/1044 252/142/564
f 250/148/570 1018/395/1037 1021/397/1040 251/150/572
f 1027/400/1046 1028/319/1047 1031/318/1048 1030/401/1049
f 1028/319/1047 1029/402/1050 1032/403/1051 1031/318/1048
f 1030/401/1049 1031/318/1048 1034/404/1052 1033/405/1053
f 1031/318/1048 1032/403/1051 1035/406/1054 1034/404/1052
f 1029/402/1050 355/86/782 356/85/781 1032/403/1051
f 1032/403/1051 356/85/781 357/84/780 1035/406/1054
f 1035/406/1054 357/84/780 51/83/779 433/335/1015
f 1034/404/1052 1035/406/1054 433/335/1015 434/206/1014
f 1033/405/1053 1034/404/1052 434/206/1014 435/207/1013
f 285/185/613 1033/405/1053 435/207/1013 37/83/614
f 284/184/612 1030/401/1049 1033/405/1053 285/185/613
f 283/183/1055 1027/400/1046 1030/401/1049 284/184/612
f 1036/222/1056 1037/224/1057 1040/225/1058 1039/223/1059
f 1037/224/1057 1038/226/1060 1041/228/1061 1040/225/1058
f 1039/223/1059 1040/225/1058 1043/224/1062 1042/223/1063
f 1040/225/1058 1041/228/1061 1044/223/1064 1043/224/1062
f 42/91/679 418/223/948 1036/222/1056 307/91/678
f 418/223/948 419/248/947 1037/224/1057 1036/222/1056
f 419/248/947 420/223/946 1038/226/1060 1037/224/1057
f 420/223/946 58/91/835 379/91/834 1038/226/1060
f 1038/226/1060 379/91/834 380/92/833 1041/228/1061
f 1041/228/1061 380/92/833 381/91/832 1044/223/1064
f 1044/223/1064 381/91/832 54/91/797 427/226/975
f 1043/224/1062 1044/223/1064 427/226/975 428/224/974
f 1042/223/1063 1043/224/1062 428/224/974 429/226/973
f 309/190/670 1042/223/1063 429/226/973 38/91/644
f 308/92/680 1039/223/1059 1042/223/1063 309/190/670
f 307/91/678 1036/222/1056 1039/223/1059 308/92/680
f 1045/407/1065 1059/408/1066 1061/409/1067 1049/410/1068
f 1049/410/1068 1061/409/1067 1062/411/1069 1050/412/1070
f 1050/412/1070 1062/411/1069 1063/413/1071 1051/414/1072
f 1051/414/1072 1063/413/1071 1060/415/1073 1046/416/1074
f 1059/408/1066 1064/417/1075 1066/418/1076 1061/409/1067
f 1061/409/1067 1066/418/1076 1067/411/1077 1062/411/1069
f 1062/411/1069 1067/411/1077 1068/419/1078 1063/413/1071
f 1063/413/1071 1068/419/1078 1065/420/1079 1060/415/1073
f 1064/417/1075 1069/421/1080 1071/422/1081 1066/418/1076
f 1066/418/1076 1071/422/1081 1072/411/1082 1067/411/1077
f 1067/411/1077 1072/411/1082 1073/423/1083 1068/419/1078
f 1068/419/1078 1073/423/1083 1070/424/1084 1065/420/1079
f 1069/421/1080 1053/425/1085 1058/426/1086 1071/422/1081
f 1071/422/1081 1058/426/1086 1057/427/1087 1072/411/1082
f 1072/411/1082 1057/427/1087 1056/428/1088 1073/423/1083
f 1073/423/1083 1056/428/1088 1052/429/1089 1070/424/1084
f 64/18/18 481/75/76 94/86/88 1045/407/1090 1048/430/1091
f 1045/407/1065 94/86/523 724/316/514 1059/408/1066
f 1046/416/1074 1060/415/1073 1027/400/1046 283/183/1055
f 253/125/547 1047/431/1092 1046/416/1093 283/183/611 780/177/605
f 136/125/183 1054/432/1094 1053/425/1095 166/183/241 555/177/235
f 1069/421/1080 730/323/521 166/183/241 1053/425/1085
f 325/18/718 862/75/770 355/86/782 1052/429/1096 1055/433/1097
f 1070/424/1084 1052/429/1089 355/86/782 1029/402/1050
f 1060/415/1073 1065/420/1079 1028/319/1047 1027/400/1046
f 1059/408/1066 724/316/514 727/319/517 1064/417/1075
f 1065/420/1079 1070/424/1084 1029/402/1050 1028/319/1047
f 1064/417/1075 727/319/517 730/323/521 1069/421/1080
f 1081/434/1098 1090/435/1099 1091/436/1100 1080/437/1101
f 1090/435/1099 1092/438/1102 1093/439/1103 1091/436/1100
f 1092/438/1102 1094/440/1104 1095/441/1105 1093/439/1103
f 1075/442/1106 1096/443/1107 1097/444/1108 1074/445/1109
f 1096/443/1107 1098/446/1110 1099/447/1111 1097/444/1108
f 1098/446/1110 1100/448/1112 1101/449/1113 1099/447/1111
f 1100/448/1112 1076/450/1114 1077/451/1115 1101/449/1113
f 1076/450/1114 1102/452/1116 1103/453/1117 1077/451/1115
f 1102/452/1116 1104/454/1118 1105/455/1119 1103/453/1117
f 1104/454/1118 1106/456/1120 1107/457/1121 1105/455/1119
f 1106/456/1120 1078/458/1122 1079/459/1123 1107/457/1121
f 1078/458/1122 1108/460/1124 1109/461/1125 1079/459/1123
f 1108/460/1124 1110/462/1126 1111/463/1127 1109/461/1125
f 1110/462/1126 1112/464/1128 1113/465/1129 1111/463/1127
f 1112/464/1128 1081/434/1098 1080/437/1101 1113/465/1129
f 1085/466/1130 1114/467/1131 1115/468/1132 1084/469/1133
f 1114/467/1131 1116/470/1134 1117/471/1135 1115/468/1132
f 1116/470/1134 1118/472/1136 1119/473/1137 1117/471/1135
f 1083/474/1138 1120/475/1139 1121/476/1140 1082/477/1141
f 1120/475/1139 1122/478/1142 1123/479/1143 1121/476/1140
f 1122/478/1142 1124/480/1144 1125/481/1145 1123/479/1143
f 1124/480/1144 1086/482/1146 1087/483/1147 1125/481/1145
f 1086/482/1146 1126/484/1148 1127/485/1149 1087/483/1147
f 1126/484/1148 1128/486/1150 1129/487/1151 1127/485/1149
f 1128/486/1150 1130/488/1152 1131/489/1153 1129/487/1151
f 1130/488/1152 1088/490/1154 1089/491/1155 1131/489/1153
f 1088/490/1154 1132/492/1156 1133/493/1157 1089/491/1155
f 1132/492/1156 1134/494/1158 1135/495/1159 1133/493/1157
f 1134/494/1158 1136/496/1160 1137/497/1161 1135/495/1159
f 1136/496/1160 1085/466/1130 1084/469/1133 1137/497/1161
f 1074/445/1109 1138/498/1162 1139/499/1163 1075/442/1106
f 1138/498/1162 1140/500/1164 1141/501/1165 1139/499/1163
f 1140/500/1164 1142/502/1166 1143/503/1167 1141/501/1165
f 1142/502/1166 1083/474/1138 1082/477/1141 1143/503/1167
f 1144/504/1168 1095/441/1105 1094/440/1104 1145/505/1169
f 1118/472/1136 1147/506/1170 1146/507/1171 1119/473/1137
f 69/40/40 1075/442/1106 1139/499/1163 609/214/353
f 258/144/566 916/342/888 1138/498/1162 1074/445/1109
f 69/40/40 454/28/28 1096/443/1107 1075/442/1106
f 258/144/566 1074/445/1109 1097/444/1108 753/135/557
f 759/139/561 1101/449/1113 1077/451/1115 268/145/567
f 456/29/29 79/38/38 1076/450/1114 1100/448/1112
f 268/145/567 1077/451/1115 1103/453/1117 762/327/577
f 79/38/38 463/48/48 1102/452/1116 1076/450/1114
f 768/330/581 1107/457/1121 1079/459/1123 271/170/583
f 465/49/49 82/56/56 1078/458/1122 1106/456/1120
f 271/170/583 1079/459/1123 1109/461/1125 771/163/593
f 82/56/56 472/64/64 1108/460/1124 1078/458/1122
f 274/124/546 1080/437/1101 1091/436/1100 744/115/537
f 474/65/65 85/20/20 1081/434/1098 1112/464/1128
f 85/20/20 445/8/8 1090/435/1099 1081/434/1098
f 777/167/597 1113/465/1129 1080/437/1101 274/124/546
f 615/218/357 1143/503/1167 1082/477/1141 141/144/202
f 141/144/202 1082/477/1141 1121/476/1140 531/135/193
f 918/343/889 330/40/740 1083/474/1138 1142/502/1166
f 330/40/740 838/28/728 1120/475/1139 1083/474/1138
f 346/20/720 829/8/708 1114/467/1131 1085/466/1130
f 157/124/182 1084/469/1133 1115/468/1132 522/115/173
f 855/65/757 346/20/720 1085/466/1130 1136/496/1160
f 552/167/225 1137/497/1161 1084/469/1133 157/124/182
f 840/29/729 340/38/738 1086/482/1146 1124/480/1144
f 151/145/203 1087/483/1147 1127/485/1149 539/327/1172
f 537/139/197 1125/481/1145 1087/483/1147 151/145/203
f 340/38/738 844/48/1173 1126/484/1148 1086/482/1146
f 846/49/1174 343/56/762 1088/490/1154 1130/488/1152
f 154/170/228 1089/491/1155 1133/493/1157 546/163/221
f 543/330/1175 1131/489/1153 1089/491/1155 154/170/228
f 343/56/762 853/64/756 1132/492/1156 1088/490/1154
f 744/115/537 1091/436/1100 1093/439/1103 747/116/538
f 445/8/8 446/7/7 1092/438/1102 1090/435/1099
f 747/116/538 1093/439/1103 1095/441/1105 750/119/541
f 446/7/7 447/9/9 1094/440/1104 1092/438/1102
f 750/119/541 1095/441/1105 1144/504/1168 1047/431/1092 253/125/547
f 447/9/9 64/18/18 1048/430/1091 1145/505/1169 1094/440/1104
f 753/135/557 1097/444/1108 1099/447/1111 756/136/558
f 454/28/28 455/27/27 1098/446/1110 1096/443/1107
f 756/136/558 1099/447/1111 1101/449/1113 759/139/561
f 455/27/27 456/29/29 1100/448/1112 1098/446/1110
f 762/327/577 1103/453/1117 1105/455/1119 765/328/578
f 463/48/48 464/47/47 1104/454/1118 1102/452/1116
f 765/328/578 1105/455/1119 1107/457/1121 768/330/581
f 464/47/47 465/49/49 1106/456/1120 1104/454/1118
f 771/163/593 1109/461/1125 1111/463/1127 774/164/594
f 472/64/64 473/63/63 1110/462/1126 1108/460/1124
f 774/164/594 1111/463/1127 1113/465/1129 777/167/597
f 473/63/63 474/65/65 1112/464/1128 1110/462/1126
f 522/115/173 1115/468/1132 1117/471/1135 525/116/174
f 829/8/708 830/7/707 1116/470/1134 1114/467/1131
f 525/116/174 1117/471/1135 1119/473/1137 528/119/177
f 830/7/707 831/9/709 1118/472/1136 1116/470/1134
f 831/9/709 325/18/718 1055/433/1097 1147/506/1170 1118/472/1136
f 528/119/177 1119/473/1137 1146/507/1171 1054/432/1094 136/125/183
f 531/135/193 1121/476/1140 1123/479/1143 534/136/194
f 838/28/728 839/27/727 1122/478/1142 1120/475/1139
f 534/136/194 1123/479/1143 1125/481/1145 537/139/197
f 839/27/727 840/29/729 1124/480/1144 1122/478/1142
f 539/327/1172 1127/485/1149 1129/487/1151 541/328/1176
f 844/48/1173 845/47/1177 1128/486/1150 1126/484/1148
f 541/328/1176 1129/487/1151 1131/489/1153 543/330/1175
f 845/47/1177 846/49/1174 1130/488/1152 1128/486/1150
f 546/163/221 1133/493/1157 1135/495/1159 549/164/222
f 853/64/756 854/63/755 1134/494/1158 1132/492/1156
f 549/164/222 1135/495/1159 1137/497/1161 552/167/225
f 854/63/755 855/65/757 1136/496/1160 1134/494/1158
f 609/214/353 1139/499/1163 1141/501/1165 612/215/354
f 916/342/888 917/341/887 1140/500/1164 1138/498/1162
f 612/215/354 1141/501/1165 1143/503/1167 615/218/357
f 917/341/887 918/343/889 1142/502/1166 1140/500/1164
f 1045/407/1090 1049/410/1178 1050/412/1178 1051/414/1178 1046/416/1093 1047/431/1092 1144/504/1168 1145/505/1169 1048/430/1091
f 1052/429/1096 1056/428/1088 1057/427/1087 1058/426/1086 1053/425/1095 1054/432/1094 1146/507/1171 1147/506/1170 1055/433/1097
f 1586/1/1179 1589/4/1180 1590/3/1181 1587/2/1182
f 1587/2/1182 1590/3/1181 1591/6/1183 1588/5/1184
f 1589/4/1180 1592/8/1185 1593/7/1186 1590/3/1181
f 1590/3/1181 1593/7/1186 1594/9/1187 1591/6/1183
f 1150/10/1188 1234/12/1189 1586/1/1179 1219/11/1190
f 1219/11/1190 1586/1/1179 1587/2/1182 1218/13/1191
f 1218/13/1191 1587/2/1182 1588/5/1184 1217/14/1192
f 1217/14/1192 1588/5/1184 1213/16/1193 1149/15/1194
f 1588/5/1184 1591/6/1183 1212/17/1195 1213/16/1193
f 1591/6/1183 1594/9/1187 1211/18/1196 1212/17/1195
f 1233/19/1197 1232/20/1198 1592/8/1185 1589/4/1180
f 1234/12/1189 1233/19/1197 1589/4/1180 1586/1/1179
f 1595/21/1199 1598/24/1200 1599/23/1201 1596/22/1202
f 1596/22/1202 1599/23/1201 1600/26/1203 1597/25/1204
f 1598/24/1200 1601/28/1205 1602/27/1206 1599/23/1201
f 1599/23/1201 1602/27/1206 1603/29/1207 1600/26/1203
f 1148/30/1208 1214/32/1209 1595/21/1199 1210/31/1210
f 1210/31/1210 1595/21/1199 1596/22/1202 1209/33/1211
f 1209/33/1211 1596/22/1202 1597/25/1204 1208/34/1212
f 1208/34/1212 1597/25/1204 1228/36/1213 1152/35/1214
f 1597/25/1204 1600/26/1203 1227/37/1215 1228/36/1213
f 1600/26/1203 1603/29/1207 1226/38/1216 1227/37/1215
f 1215/39/1217 1216/40/1218 1601/28/1205 1598/24/1200
f 1214/32/1209 1215/39/1217 1598/24/1200 1595/21/1199
f 1604/41/1219 1607/44/1220 1608/43/1221 1605/42/1222
f 1605/42/1222 1608/43/1221 1609/46/1223 1606/45/1224
f 1607/44/1220 1610/48/1225 1611/47/1226 1608/43/1221
f 1608/43/1221 1611/47/1226 1612/49/1227 1609/46/1223
f 1152/35/1214 1228/36/1213 1604/41/1219 1225/50/1228
f 1225/50/1228 1604/41/1219 1605/42/1222 1224/51/1229
f 1224/51/1229 1605/42/1222 1606/45/1224 1223/52/1230
f 1223/52/1230 1606/45/1224 1231/54/1231 1151/53/1232
f 1606/45/1224 1609/46/1223 1230/55/1233 1231/54/1231
f 1609/46/1223 1612/49/1227 1229/56/1234 1230/55/1233
f 1227/37/1215 1226/38/1216 1610/48/1225 1607/44/1220
f 1228/36/1213 1227/37/1215 1607/44/1220 1604/41/1219
f 1613/57/1235 1616/60/1236 1617/59/1237 1614/58/1238
f 1614/58/1238 1617/59/1237 1618/62/1239 1615/61/1240
f 1616/60/1236 1619/64/1241 1620/63/1242 1617/59/1237
f 1617/59/1237 1620/63/1242 1621/65/1243 1618/62/1239
f 1151/53/1232 1231/54/1231 1613/57/1235 1222/66/1244
f 1222/66/1244 1613/57/1235 1614/58/1238 1221/67/1245
f 1221/67/1245 1614/58/1238 1615/61/1240 1220/68/1246
f 1220/68/1246 1615/61/1240 1234/12/1189 1150/10/1188
f 1615/61/1240 1618/62/1239 1233/19/1197 1234/12/1189
f 1618/62/1239 1621/65/1243 1232/20/1198 1233/19/1197
f 1230/55/1233 1229/56/1234 1619/64/1241 1616/60/1236
f 1231/54/1231 1230/55/1233 1616/60/1236 1613/57/1235
f 1622/69/1247 1625/72/1248 1626/71/1249 1623/70/1250
f 1623/70/1250 1626/71/1249 1627/17/1251 1624/73/1252
f 1625/72/1248 1628/75/1253 1629/74/1254 1626/71/1249
f 1626/71/1249 1629/74/1254 1630/76/1255 1627/17/1251
f 1149/15/1194 1213/16/1193 1622/69/1247 1240/77/1256
f 1240/77/1256 1622/69/1247 1623/70/1250 1239/78/1257
f 1239/78/1257 1623/70/1250 1624/73/1252 1238/79/1258
f 1238/79/1258 1624/73/1252 1237/81/1259 1153/80/1260
f 1624/73/1252 1627/17/1251 1236/71/1261 1237/81/1259
f 1627/17/1251 1630/76/1255 1235/82/1262 1236/71/1261
f 1630/76/1255 1243/84/1263 1154/83/1264 1235/82/1262
f 1629/74/1254 1242/85/1265 1243/84/1263 1630/76/1255
f 1628/75/1253 1241/86/1266 1242/85/1265 1629/74/1254
f 1212/17/1195 1211/18/1196 1628/75/1253 1625/72/1248
f 1213/16/1193 1212/17/1195 1625/72/1248 1622/69/1247
f 1631/81/1267 1634/88/1268 1635/17/1269 1632/87/1270
f 1632/87/1270 1635/17/1269 1636/72/1271 1633/89/1272
f 1634/88/1268 1637/90/1273 1638/82/1274 1635/17/1269
f 1635/17/1269 1638/82/1274 1639/82/1275 1636/72/1271
f 1157/91/1276 1261/81/1277 1631/81/1267 1255/91/1278
f 1255/91/1278 1631/81/1267 1632/87/1270 1254/92/1279
f 1254/92/1279 1632/87/1270 1633/89/1272 1253/91/1280
f 1253/91/1280 1633/89/1272 1246/81/1281 1155/91/1282
f 1633/89/1272 1636/72/1271 1245/88/1283 1246/81/1281
f 1636/72/1271 1639/82/1275 1244/93/1284 1245/88/1283
f 1639/82/1275 1252/83/1285 1156/83/1286 1244/93/1284
f 1638/82/1274 1251/94/1287 1252/83/1285 1639/82/1275
f 1637/90/1273 1250/83/1288 1251/94/1287 1638/82/1274
f 1259/93/1289 1158/83/1290 1250/83/1288 1637/90/1273
f 1260/88/1291 1259/93/1289 1637/90/1273 1634/88/1268
f 1261/81/1277 1260/88/1291 1634/88/1268 1631/81/1267
f 1640/81/1292 1643/88/1293 1644/17/1294 1641/87/1295
f 1641/87/1295 1644/17/1294 1645/72/1296 1642/89/1297
f 1643/88/1293 1646/90/1298 1647/82/1299 1644/17/1294
f 1644/17/1294 1647/82/1299 1648/82/1300 1645/72/1296
f 1153/80/1260 1237/81/1259 1640/81/1292 1249/91/1301
f 1249/91/1301 1640/81/1292 1641/87/1295 1248/92/1302
f 1248/92/1302 1641/87/1295 1642/89/1297 1247/91/1303
f 1247/91/1303 1642/89/1297 1261/81/1277 1157/91/1276
f 1642/89/1297 1645/72/1296 1260/88/1291 1261/81/1277
f 1645/72/1296 1648/82/1300 1259/93/1289 1260/88/1291
f 1648/82/1300 1258/83/1304 1158/83/1290 1259/93/1289
f 1647/82/1299 1257/94/1305 1258/83/1304 1648/82/1300
f 1646/90/1298 1256/83/1306 1257/94/1305 1647/82/1299
f 1235/82/1262 1154/83/1264 1256/83/1306 1646/90/1298
f 1236/71/1261 1235/82/1262 1646/90/1298 1643/88/1293
f 1237/81/1259 1236/71/1261 1643/88/1293 1640/81/1292
f 1649/81/1307 1652/88/1308 1653/17/1309 1650/87/1310
f 1650/87/1310 1653/17/1309 1654/72/1311 1651/89/1312
f 1652/88/1308 1655/90/1313 1656/82/1314 1653/17/1309
f 1653/17/1309 1656/82/1314 1657/82/1315 1654/72/1311
f 1155/91/1282 1246/81/1281 1649/81/1307 1267/91/1316
f 1267/91/1316 1649/81/1307 1650/87/1310 1266/92/1317
f 1266/92/1317 1650/87/1310 1651/89/1312 1265/91/1318
f 1265/91/1318 1651/89/1312 1264/81/1319 1159/91/1320
f 1651/89/1312 1654/72/1311 1263/88/1321 1264/81/1319
f 1654/72/1311 1657/82/1315 1262/93/1322 1263/88/1321
f 1657/82/1315 1270/83/1323 1160/83/1324 1262/93/1322
f 1656/82/1314 1269/94/1325 1270/83/1323 1657/82/1315
f 1655/90/1313 1268/83/1326 1269/94/1325 1656/82/1314
f 1244/93/1284 1156/83/1286 1268/83/1326 1655/90/1313
f 1245/88/1283 1244/93/1284 1655/90/1313 1652/88/1308
f 1246/81/1281 1245/88/1283 1652/88/1308 1649/81/1307
f 1658/95/1327 1661/17/1328 1662/71/1329 1659/96/1330
f 1659/96/1330 1662/71/1329 1663/17/1331 1660/97/1332
f 1661/17/1328 1664/99/1333 1665/98/1334 1662/71/1329
f 1662/71/1329 1665/98/1334 1666/100/1335 1663/17/1331
f 1159/91/1320 1264/81/1319 1658/95/1327 1276/101/1336
f 1276/101/1336 1658/95/1327 1659/96/1330 1275/102/1337
f 1275/102/1337 1659/96/1330 1660/97/1332 1274/103/1338
f 1274/103/1338 1660/97/1332 1273/105/1339 1161/104/1340
f 1660/97/1332 1663/17/1331 1272/106/1341 1273/105/1339
f 1663/17/1331 1666/100/1335 1271/107/1342 1272/106/1341
f 1666/100/1335 1279/108/1343 1162/18/1344 1271/107/1344
f 1665/98/1334 1278/109/1345 1279/108/1343 1666/100/1335
f 1664/99/1333 1277/110/1346 1278/109/1345 1665/98/1334
f 1262/93/1322 1160/83/1324 1277/110/1346 1664/99/1333
f 1263/88/1321 1262/93/1322 1664/99/1333 1661/17/1328
f 1264/81/1319 1263/88/1321 1661/17/1328 1658/95/1327
f 1667/111/1347 1670/114/1348 1671/113/1349 1668/112/1350
f 1668/112/1350 1671/113/1349 1672/116/1351 1669/115/1352
f 1670/114/1348 1673/118/1353 1674/117/1354 1671/113/1349
f 1671/113/1349 1674/117/1354 1675/119/1355 1672/116/1351
f 1166/120/1356 1291/122/1357 1667/111/1347 1306/121/1358
f 1306/121/1358 1667/111/1347 1668/112/1350 1305/123/1359
f 1305/123/1359 1668/112/1350 1669/115/1352 1304/124/1360
f 1674/117/1354 1284/126/1361 1283/125/1362 1675/119/1355
f 1673/118/1353 1285/127/1363 1284/126/1361 1674/117/1354
f 1289/128/1364 1165/129/1365 1285/127/1363 1673/118/1353
f 1290/130/1366 1289/128/1364 1673/118/1353 1670/114/1348
f 1291/122/1357 1290/130/1366 1670/114/1348 1667/111/1347
f 1676/131/1367 1679/134/1368 1680/133/1369 1677/132/1370
f 1677/132/1370 1680/133/1369 1681/136/1371 1678/135/1372
f 1679/134/1368 1682/138/1373 1683/137/1374 1680/133/1369
f 1680/133/1369 1683/137/1374 1684/139/1375 1681/136/1371
f 1164/140/1376 1282/142/1377 1676/131/1367 1286/141/1378
f 1286/141/1378 1676/131/1367 1677/132/1370 1287/143/1379
f 1287/143/1379 1677/132/1370 1678/135/1372 1288/144/1380
f 1683/137/1374 1299/146/1381 1298/145/1382 1684/139/1375
f 1682/138/1373 1300/147/1383 1299/146/1381 1683/137/1374
f 1280/148/1384 1163/149/1385 1300/147/1383 1682/138/1373
f 1281/150/1386 1280/148/1384 1682/138/1373 1679/134/1368
f 1282/142/1377 1281/150/1386 1679/134/1368 1676/131/1367
f 1163/149/1385 1297/152/1387 1685/151/1388 1300/147/1383
f 1295/153/1389 1167/156/1390 1303/155/1391 1689/154/1392
f 1296/157/1393 1295/153/1389 1689/154/1392 1687/158/1394
f 1297/152/1387 1296/157/1393 1687/158/1394 1685/151/1388
f 1691/159/1395 1694/162/1396 1695/161/1397 1692/160/1398
f 1692/160/1398 1695/161/1397 1696/164/1399 1693/163/1400
f 1694/162/1396 1697/166/1401 1698/165/1402 1695/161/1397
f 1695/161/1397 1698/165/1402 1699/167/1403 1696/164/1399
f 1167/156/1390 1294/168/1404 1691/159/1395 1303/155/1391
f 1303/155/1391 1691/159/1395 1692/160/1398 1302/169/1405
f 1302/169/1405 1692/160/1398 1693/163/1400 1301/170/1406
f 1698/165/1402 1305/123/1359 1304/124/1360 1699/167/1403
f 1697/166/1401 1306/121/1358 1305/123/1359 1698/165/1402
f 1292/171/1407 1166/120/1356 1306/121/1358 1697/166/1401
f 1293/172/1408 1292/171/1407 1697/166/1401 1694/162/1396
f 1294/168/1404 1293/172/1408 1694/162/1396 1691/159/1395
f 1700/173/1409 1703/176/1410 1704/175/1411 1701/174/1412
f 1701/174/1412 1704/175/1411 1705/178/1413 1702/177/1414
f 1703/176/1410 1706/180/1415 1707/179/1416 1704/175/1411
f 1704/175/1411 1707/179/1416 1708/181/1417 1705/178/1413
f 1165/129/1365 1312/182/1418 1700/173/1409 1285/127/1363
f 1285/127/1363 1700/173/1409 1701/174/1412 1284/126/1361
f 1284/126/1361 1701/174/1412 1702/177/1414 1283/125/1362
f 1702/177/1414 1705/178/1413 1314/184/1419 1313/183/1420
f 1705/178/1413 1708/181/1417 1315/185/1421 1314/184/1419
f 1708/181/1417 1307/90/1422 1168/83/1423 1315/185/1421
f 1707/179/1416 1308/71/1424 1307/90/1422 1708/181/1417
f 1706/180/1415 1309/81/1425 1308/71/1424 1707/179/1416
f 1310/186/1426 1169/80/1427 1309/81/1425 1706/180/1415
f 1311/187/1428 1310/186/1426 1706/180/1415 1703/176/1410
f 1312/182/1418 1311/187/1428 1703/176/1410 1700/173/1409
f 1709/81/1429 1712/87/1430 1713/17/1431 1710/88/1432
f 1710/88/1432 1713/17/1431 1714/93/1433 1711/188/1434
f 1712/87/1430 1715/81/1435 1716/88/1436 1713/17/1431
f 1713/17/1431 1716/88/1436 1717/82/1437 1714/93/1433
f 1172/91/1438 1327/190/1439 1709/81/1429 1333/189/1440
f 1333/189/1440 1709/81/1429 1710/88/1432 1332/17/1441
f 1332/17/1441 1710/88/1432 1711/188/1434 1331/93/1442
f 1331/93/1442 1711/188/1434 1322/94/1443 1173/83/1444
f 1711/188/1434 1714/93/1433 1323/94/1445 1322/94/1443
f 1714/93/1433 1717/82/1437 1324/83/1446 1323/94/1445
f 1717/82/1437 1316/93/1447 1170/83/1448 1324/83/1446
f 1716/88/1436 1317/17/1449 1316/93/1447 1717/82/1437
f 1715/81/1435 1318/189/1450 1317/17/1449 1716/88/1436
f 1325/91/1451 1171/91/1452 1318/189/1450 1715/81/1435
f 1326/92/1453 1325/91/1451 1715/81/1435 1712/87/1430
f 1327/190/1439 1326/92/1453 1712/87/1430 1709/81/1429
f 1718/81/1454 1721/87/1455 1722/17/1456 1719/88/1457
f 1719/88/1457 1722/17/1456 1723/93/1458 1720/188/1459
f 1721/87/1455 1724/81/1460 1725/88/1461 1722/17/1456
f 1722/17/1456 1725/88/1461 1726/82/1462 1723/93/1458
f 1169/80/1427 1321/190/1463 1718/81/1454 1309/81/1425
f 1309/81/1425 1718/81/1454 1719/88/1457 1308/71/1424
f 1308/71/1424 1719/88/1457 1720/188/1459 1307/90/1422
f 1307/90/1422 1720/188/1459 1328/94/1464 1168/83/1423
f 1720/188/1459 1723/93/1458 1329/94/1465 1328/94/1464
f 1723/93/1458 1726/82/1462 1330/83/1466 1329/94/1465
f 1726/82/1462 1331/93/1442 1173/83/1444 1330/83/1466
f 1725/88/1461 1332/17/1441 1331/93/1442 1726/82/1462
f 1724/81/1460 1333/189/1440 1332/17/1441 1725/88/1461
f 1319/91/1467 1172/91/1438 1333/189/1440 1724/81/1460
f 1320/92/1468 1319/91/1467 1724/81/1460 1721/87/1455
f 1321/190/1463 1320/92/1468 1721/87/1455 1718/81/1454
f 1727/81/1469 1730/87/1470 1731/17/1471 1728/88/1472
f 1728/88/1472 1731/17/1471 1732/93/1473 1729/188/1474
f 1730/87/1470 1733/81/1475 1734/88/1476 1731/17/1471
f 1731/17/1471 1734/88/1476 1735/82/1477 1732/93/1473
f 1171/91/1452 1339/190/1478 1727/81/1469 1318/189/1450
f 1318/189/1450 1727/81/1469 1728/88/1472 1317/17/1449
f 1317/17/1449 1728/88/1472 1729/188/1474 1316/93/1447
f 1316/93/1447 1729/188/1474 1340/94/1479 1170/83/1448
f 1729/188/1474 1732/93/1473 1341/94/1480 1340/94/1479
f 1732/93/1473 1735/82/1477 1342/83/1481 1341/94/1480
f 1735/82/1477 1334/93/1482 1174/83/1483 1342/83/1481
f 1734/88/1476 1335/17/1484 1334/93/1482 1735/82/1477
f 1733/81/1475 1336/189/1485 1335/17/1484 1734/88/1476
f 1337/91/1486 1175/91/1487 1336/189/1485 1733/81/1475
f 1338/92/1488 1337/91/1486 1733/81/1475 1730/87/1470
f 1339/190/1478 1338/92/1488 1730/87/1470 1727/81/1469
f 1736/191/1489 1739/192/1490 1740/17/1491 1737/17/1492
f 1737/17/1492 1740/17/1491 1741/194/1493 1738/193/1494
f 1739/192/1490 1742/195/1495 1743/17/1496 1740/17/1491
f 1740/17/1491 1743/17/1496 1744/196/1497 1741/194/1493
f 1175/91/1487 1348/101/1498 1736/191/1489 1336/189/1485
f 1336/189/1485 1736/191/1489 1737/17/1492 1335/17/1484
f 1335/17/1484 1737/17/1492 1738/193/1494 1334/93/1482
f 1334/93/1482 1738/193/1494 1349/110/1499 1174/83/1483
f 1738/193/1494 1741/194/1493 1350/197/1500 1349/110/1499
f 1741/194/1493 1744/196/1497 1351/198/1501 1350/197/1500
f 1744/196/1497 1343/199/1502 1176/18/1503 1351/198/1501
f 1743/17/1496 1344/106/1504 1343/199/1502 1744/196/1497
f 1742/195/1495 1345/200/1505 1344/106/1504 1743/17/1496
f 1346/201/1506 1177/104/1507 1345/200/1505 1742/195/1495
f 1347/202/1508 1346/201/1506 1742/195/1495 1739/192/1490
f 1348/101/1498 1347/202/1508 1739/192/1490 1736/191/1489
f 1745/203/1509 1748/206/1510 1749/205/1511 1746/204/1512
f 1746/204/1512 1749/205/1511 1750/208/1513 1747/207/1514
f 1748/206/1510 1751/209/1515 1752/209/1516 1749/205/1511
f 1749/205/1511 1752/209/1516 1753/209/1517 1750/208/1513
f 1156/83/1286 1357/209/1518 1745/203/1509 1268/83/1326
f 1268/83/1326 1745/203/1509 1746/204/1512 1269/94/1325
f 1269/94/1325 1746/204/1512 1747/207/1514 1270/83/1519
f 1270/83/1519 1747/207/1514 1352/209/1520 1160/83/1521
f 1747/207/1514 1750/208/1513 1353/206/1522 1352/209/1520
f 1750/208/1513 1753/209/1517 1354/207/1523 1353/206/1522
f 1753/209/1517 1342/83/1481 1174/83/1483 1354/207/1523
f 1752/209/1516 1341/94/1480 1342/83/1481 1753/209/1517
f 1751/209/1515 1340/94/1479 1341/94/1480 1752/209/1516
f 1355/207/1524 1170/83/1448 1340/94/1479 1751/209/1515
f 1356/206/1525 1355/207/1524 1751/209/1515 1748/206/1510
f 1357/209/1518 1356/206/1525 1748/206/1510 1745/203/1509
f 1754/210/1526 1757/213/1527 1758/212/1528 1755/211/1529
f 1755/211/1529 1758/212/1528 1759/215/1530 1756/214/1531
f 1757/213/1527 1760/217/1532 1761/216/1533 1758/212/1528
f 1758/212/1528 1761/216/1533 1762/218/1534 1759/215/1530
f 1148/30/1208 1360/219/1535 1754/210/1526 1214/32/1209
f 1214/32/1209 1754/210/1526 1755/211/1529 1215/39/1217
f 1215/39/1217 1755/211/1529 1756/214/1531 1216/40/1218
f 1761/216/1533 1287/143/1379 1288/144/1380 1762/218/1534
f 1760/217/1532 1286/141/1378 1287/143/1379 1761/216/1533
f 1358/220/1536 1164/140/1376 1286/141/1378 1760/217/1532
f 1359/221/1537 1358/220/1536 1760/217/1532 1757/213/1527
f 1360/219/1535 1359/221/1537 1757/213/1527 1754/210/1526
f 1763/222/1538 1766/225/1539 1767/224/1540 1764/223/1541
f 1764/223/1541 1767/224/1540 1768/227/1542 1765/226/1543
f 1766/225/1539 1769/223/1544 1770/223/1545 1767/224/1540
f 1767/224/1540 1770/223/1545 1771/223/1546 1768/227/1542
f 1157/91/1276 1366/222/1547 1763/222/1538 1247/91/1303
f 1247/91/1303 1763/222/1538 1764/223/1541 1248/92/1302
f 1248/92/1302 1764/223/1541 1765/226/1543 1249/91/1301
f 1249/91/1301 1765/226/1543 1361/222/1548 1153/80/1260
f 1765/226/1543 1768/227/1542 1362/224/1549 1361/222/1548
f 1768/227/1542 1771/223/1546 1363/228/1550 1362/224/1549
f 1771/223/1546 1321/190/1463 1169/80/1427 1363/228/1550
f 1770/223/1545 1320/92/1468 1321/190/1463 1771/223/1546
f 1769/223/1544 1319/91/1467 1320/92/1468 1770/223/1545
f 1364/228/1551 1172/91/1438 1319/91/1467 1769/223/1544
f 1365/224/1552 1364/228/1551 1769/223/1544 1766/225/1539
f 1366/222/1547 1365/224/1552 1766/225/1539 1763/222/1538
f 1772/229/1553 1775/231/1554 1776/230/1555 1773/17/1556
f 1773/17/1556 1776/230/1555 1777/233/1557 1774/232/1558
f 1775/231/1554 1778/234/1559 1779/88/1560 1776/230/1555
f 1776/230/1555 1779/88/1560 1780/235/1561 1777/233/1557
f 1162/18/1562 1372/236/1562 1772/229/1562 1271/107/1562
f 1271/107/1563 1772/229/1563 1773/17/1556 1272/106/1341
f 1272/106/1341 1773/17/1556 1774/232/1558 1273/105/1339
f 1273/105/1339 1774/232/1558 1367/237/1564 1161/104/1340
f 1774/232/1558 1777/233/1557 1368/238/1565 1367/237/1564
f 1777/233/1557 1780/235/1561 1369/239/1566 1368/238/1565
f 1780/235/1561 1345/200/1505 1177/104/1507 1369/239/1566
f 1779/88/1560 1344/106/1504 1345/200/1505 1780/235/1561
f 1778/234/1559 1343/199/1502 1344/106/1504 1779/88/1560
f 1370/236/1567 1176/18/1503 1343/199/1502 1778/234/1559
f 1371/240/1568 1370/236/1567 1778/234/1559 1775/231/1569
f 1372/236/1570 1371/240/1568 1775/231/1569 1772/229/1570
f 1781/203/1571 1784/206/1572 1785/205/1573 1782/204/1574
f 1782/204/1574 1785/205/1573 1786/208/1575 1783/207/1576
f 1784/206/1572 1787/209/1577 1788/209/1578 1785/205/1573
f 1785/205/1573 1788/209/1578 1789/209/1579 1786/208/1575
f 1158/83/1290 1375/209/1580 1781/203/1571 1250/83/1288
f 1250/83/1288 1781/203/1571 1782/204/1574 1251/94/1287
f 1251/94/1287 1782/204/1574 1783/207/1576 1252/83/1285
f 1252/83/1285 1783/207/1576 1357/209/1518 1156/83/1286
f 1783/207/1576 1786/208/1575 1356/206/1525 1357/209/1518
f 1786/208/1575 1789/209/1579 1355/207/1524 1356/206/1525
f 1789/209/1579 1324/83/1446 1170/83/1448 1355/207/1524
f 1788/209/1578 1323/94/1445 1324/83/1446 1789/209/1579
f 1787/209/1577 1322/94/1443 1323/94/1445 1788/209/1578
f 1373/207/1581 1173/83/1444 1322/94/1443 1787/209/1577
f 1374/206/1582 1373/207/1581 1787/209/1577 1784/206/1572
f 1375/209/1580 1374/206/1582 1784/206/1572 1781/203/1571
f 1790/241/1583 1793/244/1584 1794/243/1585 1791/242/1586
f 1791/242/1586 1794/243/1585 1795/246/1587 1792/245/1588
f 1793/244/1584 1796/241/1589 1797/247/1590 1794/243/1585
f 1794/243/1585 1797/247/1590 1798/245/1591 1795/246/1587
f 1161/104/1340 1367/237/1564 1790/241/1583 1274/103/1338
f 1274/103/1338 1790/241/1583 1791/242/1586 1275/102/1337
f 1275/102/1337 1791/242/1586 1792/245/1588 1276/101/1336
f 1276/101/1336 1792/245/1588 1376/223/1592 1159/91/1320
f 1792/245/1588 1795/246/1587 1377/248/1593 1376/223/1592
f 1795/246/1587 1798/245/1591 1378/249/1594 1377/248/1593
f 1798/245/1591 1348/101/1498 1175/91/1487 1378/249/1594
f 1797/247/1590 1347/202/1508 1348/101/1498 1798/245/1591
f 1796/241/1589 1346/201/1506 1347/202/1508 1797/247/1590
f 1369/239/1566 1177/104/1507 1346/201/1506 1796/241/1589
f 1368/238/1565 1369/239/1566 1796/241/1589 1793/244/1584
f 1367/237/1564 1368/238/1565 1793/244/1584 1790/241/1583
f 1799/250/1595 1802/253/1596 1803/252/1597 1800/251/1598
f 1800/251/1598 1803/252/1597 1804/255/1599 1801/254/1600
f 1802/253/1596 1805/257/1601 1806/256/1602 1803/252/1597
f 1803/252/1597 1806/256/1602 1807/258/1603 1804/255/1599
f 1149/15/1194 1384/259/1604 1799/250/1595 1217/14/1192
f 1217/14/1192 1799/250/1595 1800/251/1598 1218/13/1191
f 1218/13/1191 1800/251/1598 1801/254/1600 1219/11/1190
f 1219/11/1190 1801/254/1600 1379/260/1605 1150/10/1188
f 1801/254/1600 1804/255/1599 1380/261/1606 1379/260/1605
f 1804/255/1599 1807/258/1603 1381/262/1607 1380/261/1606
f 1807/258/1603 1291/122/1357 1166/120/1356 1381/262/1607
f 1806/256/1602 1290/130/1366 1291/122/1357 1807/258/1603
f 1805/257/1601 1289/128/1364 1290/130/1366 1806/256/1602
f 1382/263/1608 1165/129/1365 1289/128/1364 1805/257/1601
f 1383/264/1609 1382/263/1608 1805/257/1601 1802/253/1596
f 1384/259/1604 1383/264/1609 1802/253/1596 1799/250/1595
f 1808/222/1610 1811/225/1611 1812/224/1612 1809/223/1613
f 1809/223/1613 1812/224/1612 1813/227/1614 1810/226/1615
f 1811/225/1611 1814/223/1616 1815/223/1617 1812/224/1612
f 1812/224/1612 1815/223/1617 1816/223/1618 1813/227/1614
f 1155/91/1282 1387/222/1619 1808/222/1610 1253/91/1280
f 1253/91/1280 1808/222/1610 1809/223/1613 1254/92/1279
f 1254/92/1279 1809/223/1613 1810/226/1615 1255/91/1278
f 1255/91/1278 1810/226/1615 1366/222/1547 1157/91/1276
f 1810/226/1615 1813/227/1614 1365/224/1552 1366/222/1547
f 1813/227/1614 1816/223/1618 1364/228/1551 1365/224/1552
f 1816/223/1618 1327/190/1439 1172/91/1438 1364/228/1551
f 1815/223/1617 1326/92/1453 1327/190/1439 1816/223/1618
f 1814/223/1616 1325/91/1451 1326/92/1453 1815/223/1617
f 1385/228/1620 1171/91/1452 1325/91/1451 1814/223/1616
f 1386/224/1621 1385/228/1620 1814/223/1616 1811/225/1611
f 1387/222/1619 1386/224/1621 1811/225/1611 1808/222/1610
f 1817/265/1622 1820/268/1623 1821/267/1624 1818/266/1625
f 1818/266/1625 1821/267/1624 1822/270/1626 1819/269/1627
f 1820/268/1623 1823/272/1628 1824/271/1629 1821/267/1624
f 1821/267/1624 1824/271/1629 1825/273/1630 1822/270/1626
f 1160/83/1521 1352/209/1520 1817/265/1622 1277/110/1631
f 1277/110/1631 1817/265/1622 1818/266/1625 1278/109/1632
f 1278/109/1632 1818/266/1625 1819/269/1627 1279/108/1633
f 1279/108/1633 1819/269/1627 1372/236/1634 1162/18/1635
f 1819/269/1627 1822/270/1626 1371/240/1636 1372/236/1634
f 1822/270/1626 1825/273/1630 1370/236/1637 1371/240/1636
f 1825/273/1630 1351/198/1501 1176/18/1503 1370/236/1637
f 1824/271/1629 1350/197/1500 1351/198/1501 1825/273/1630
f 1823/272/1628 1349/110/1499 1350/197/1500 1824/271/1629
f 1354/207/1523 1174/83/1483 1349/110/1499 1823/272/1628
f 1353/206/1522 1354/207/1523 1823/272/1628 1820/268/1623
f 1352/209/1520 1353/206/1522 1820/268/1623 1817/265/1622
f 1826/274/1638 1829/277/1639 1830/276/1640 1827/275/1641
f 1827/275/1641 1830/276/1640 1831/279/1642 1828/278/1643
f 1829/277/1639 1832/281/1644 1833/280/1645 1830/276/1640
f 1830/276/1640 1833/280/1645 1834/282/1646 1831/279/1642
f 1150/10/1188 1379/260/1605 1826/274/1638 1220/68/1246
f 1220/68/1246 1826/274/1638 1827/275/1641 1221/67/1245
f 1221/67/1245 1827/275/1641 1828/278/1643 1222/66/1244
f 1222/66/1244 1828/278/1643 1388/283/1647 1151/53/1232
f 1828/278/1643 1831/279/1642 1389/284/1648 1388/283/1647
f 1831/279/1642 1834/282/1646 1390/285/1649 1389/284/1648
f 1834/282/1646 1294/168/1404 1167/156/1390 1390/285/1649
f 1833/280/1645 1293/172/1408 1294/168/1404 1834/282/1646
f 1832/281/1644 1292/171/1407 1293/172/1408 1833/280/1645
f 1381/262/1607 1166/120/1356 1292/171/1407 1832/281/1644
f 1380/261/1606 1381/262/1607 1832/281/1644 1829/277/1639
f 1379/260/1605 1380/261/1606 1829/277/1639 1826/274/1638
f 1835/203/1650 1838/206/1651 1839/205/1652 1836/204/1653
f 1836/204/1653 1839/205/1652 1840/208/1654 1837/207/1655
f 1838/206/1651 1841/209/1656 1842/209/1657 1839/205/1652
f 1839/205/1652 1842/209/1657 1843/209/1658 1840/208/1654
f 1154/83/1264 1393/209/1659 1835/203/1650 1256/83/1306
f 1256/83/1306 1835/203/1650 1836/204/1653 1257/94/1305
f 1257/94/1305 1836/204/1653 1837/207/1655 1258/83/1304
f 1258/83/1304 1837/207/1655 1375/209/1580 1158/83/1290
f 1837/207/1655 1840/208/1654 1374/206/1582 1375/209/1580
f 1840/208/1654 1843/209/1658 1373/207/1581 1374/206/1582
f 1843/209/1658 1330/83/1466 1173/83/1444 1373/207/1581
f 1842/209/1657 1329/94/1465 1330/83/1466 1843/209/1658
f 1841/209/1656 1328/94/1464 1329/94/1465 1842/209/1657
f 1391/207/1660 1168/83/1423 1328/94/1464 1841/209/1656
f 1392/206/1661 1391/207/1660 1841/209/1656 1838/206/1651
f 1393/209/1659 1392/206/1661 1838/206/1651 1835/203/1650
f 1844/286/1662 1847/289/1663 1848/288/1664 1845/287/1665
f 1845/287/1665 1848/288/1664 1849/291/1666 1846/290/1667
f 1847/289/1663 1850/293/1668 1851/292/1669 1848/288/1664
f 1848/288/1664 1851/292/1669 1852/294/1670 1849/291/1666
f 1151/53/1232 1388/283/1647 1844/286/1662 1223/52/1230
f 1223/52/1230 1844/286/1662 1845/287/1665 1224/51/1229
f 1224/51/1229 1845/287/1665 1846/290/1667 1225/50/1228
f 1225/50/1228 1846/290/1667 1394/295/1671 1152/35/1214
f 1846/290/1667 1849/291/1666 1395/296/1672 1394/295/1671
f 1849/291/1666 1852/294/1670 1396/297/1673 1395/296/1672
f 1852/294/1670 1297/152/1387 1163/149/1385 1396/297/1673
f 1851/292/1669 1296/157/1393 1297/152/1387 1852/294/1670
f 1850/293/1668 1295/153/1389 1296/157/1393 1851/292/1669
f 1390/285/1649 1167/156/1390 1295/153/1389 1850/293/1668
f 1389/284/1648 1390/285/1649 1850/293/1668 1847/289/1663
f 1388/283/1647 1389/284/1648 1847/289/1663 1844/286/1662
f 1853/298/1674 1856/301/1675 1857/300/1676 1854/299/1677
f 1854/299/1677 1857/300/1676 1858/303/1678 1855/302/1679
f 1856/301/1675 1859/305/1680 1860/304/1681 1857/300/1676
f 1857/300/1676 1860/304/1681 1861/306/1682 1858/303/1678
f 1153/80/1260 1361/222/1548 1853/298/1674 1238/79/1258
f 1238/79/1258 1853/298/1674 1854/299/1677 1239/78/1257
f 1239/78/1257 1854/299/1677 1855/302/1679 1240/77/1256
f 1240/77/1256 1855/302/1679 1384/259/1604 1149/15/1194
f 1855/302/1679 1858/303/1678 1383/264/1609 1384/259/1604
f 1858/303/1678 1861/306/1682 1382/263/1608 1383/264/1609
f 1861/306/1682 1312/182/1418 1165/129/1365 1382/263/1608
f 1860/304/1681 1311/187/1428 1312/182/1418 1861/306/1682
f 1859/305/1680 1310/186/1426 1311/187/1428 1860/304/1681
f 1363/228/1550 1169/80/1427 1310/186/1426 1859/305/1680
f 1362/224/1549 1363/228/1550 1859/305/1680 1856/301/1675
f 1361/222/1548 1362/224/1549 1856/301/1675 1853/298/1674
f 1862/307/1683 1865/310/1684 1866/309/1685 1863/308/1686
f 1863/308/1686 1866/309/1685 1867/312/1687 1864/311/1688
f 1865/310/1684 1868/314/1689 1869/313/1690 1866/309/1685
f 1866/309/1685 1869/313/1690 1870/315/1691 1867/312/1687
f 1152/35/1214 1394/295/1671 1862/307/1683 1208/34/1212
f 1208/34/1212 1862/307/1683 1863/308/1686 1209/33/1211
f 1209/33/1211 1863/308/1686 1864/311/1688 1210/31/1210
f 1210/31/1210 1864/311/1688 1360/219/1535 1148/30/1208
f 1864/311/1688 1867/312/1687 1359/221/1537 1360/219/1535
f 1867/312/1687 1870/315/1691 1358/220/1536 1359/221/1537
f 1870/315/1691 1282/142/1377 1164/140/1376 1358/220/1536
f 1869/313/1690 1281/150/1386 1282/142/1377 1870/315/1691
f 1868/314/1689 1280/148/1384 1281/150/1386 1869/313/1690
f 1396/297/1673 1163/149/1385 1280/148/1384 1868/314/1689
f 1395/296/1672 1396/297/1673 1868/314/1689 1865/310/1684
f 1394/295/1671 1395/296/1672 1865/310/1684 1862/307/1683
f 1871/316/1692 1874/319/1693 1875/318/1694 1872/317/1695
f 1872/317/1695 1875/318/1694 1876/321/1696 1873/320/1697
f 1874/319/1693 1877/323/1698 1878/322/1699 1875/318/1694
f 1875/318/1694 1878/322/1699 1879/324/1700 1876/321/1696
f 1241/86/1701 1871/316/1692 1872/317/1695 1242/85/1265
f 1242/85/1265 1872/317/1695 1873/320/1697 1243/84/1263
f 1243/84/1263 1873/320/1697 1393/209/1659 1154/83/1264
f 1873/320/1697 1876/321/1696 1392/206/1661 1393/209/1659
f 1876/321/1696 1879/324/1700 1391/207/1660 1392/206/1661
f 1879/324/1700 1315/185/1421 1168/83/1423 1391/207/1660
f 1878/322/1699 1314/184/1419 1315/185/1421 1879/324/1700
f 1877/323/1698 1313/183/1420 1314/184/1419 1878/322/1699
f 1880/222/1702 1883/225/1703 1884/224/1704 1881/223/1705
f 1881/223/1705 1884/224/1704 1885/227/1706 1882/226/1707
f 1883/225/1703 1886/223/1708 1887/223/1709 1884/224/1704
f 1884/224/1704 1887/223/1709 1888/223/1710 1885/227/1706
f 1159/91/1320 1376/223/1592 1880/222/1702 1265/91/1318
f 1265/91/1318 1880/222/1702 1881/223/1705 1266/92/1317
f 1266/92/1317 1881/223/1705 1882/226/1707 1267/91/1316
f 1267/91/1316 1882/226/1707 1387/222/1619 1155/91/1282
f 1882/226/1707 1885/227/1706 1386/224/1621 1387/222/1619
f 1885/227/1706 1888/223/1710 1385/228/1620 1386/224/1621
f 1888/223/1710 1339/190/1478 1171/91/1452 1385/228/1620
f 1887/223/1709 1338/92/1488 1339/190/1478 1888/223/1710
f 1886/223/1708 1337/91/1486 1338/92/1488 1887/223/1709
f 1378/249/1594 1175/91/1487 1337/91/1486 1886/223/1708
f 1377/248/1593 1378/249/1594 1886/223/1708 1883/225/1703
f 1376/223/1592 1377/248/1593 1883/225/1703 1880/222/1702
f 1889/111/1711 1892/114/1712 1893/113/1713 1890/112/1714
f 1890/112/1714 1893/113/1713 1894/116/1715 1891/115/1716
f 1892/114/1712 1895/118/1717 1896/117/1718 1893/113/1713
f 1893/113/1713 1896/117/1718 1897/119/1719 1894/116/1715
f 1180/120/1720 1408/122/1721 1889/111/1711 1423/121/1722
f 1423/121/1722 1889/111/1711 1890/112/1714 1422/123/1723
f 1422/123/1723 1890/112/1714 1891/115/1716 1421/124/1724
f 1896/117/1718 1401/126/1725 1400/125/1726 1897/119/1719
f 1895/118/1717 1402/127/1727 1401/126/1725 1896/117/1718
f 1406/128/1728 1179/129/1729 1402/127/1727 1895/118/1717
f 1407/130/1730 1406/128/1728 1895/118/1717 1892/114/1712
f 1408/122/1721 1407/130/1730 1892/114/1712 1889/111/1711
f 1898/131/1731 1901/134/1732 1902/133/1733 1899/132/1734
f 1899/132/1734 1902/133/1733 1903/136/1735 1900/135/1736
f 1901/134/1732 1904/138/1737 1905/137/1738 1902/133/1733
f 1902/133/1733 1905/137/1738 1906/139/1739 1903/136/1735
f 1178/140/1740 1399/142/1741 1898/131/1731 1403/141/1742
f 1403/141/1742 1898/131/1731 1899/132/1734 1404/143/1743
f 1404/143/1743 1899/132/1734 1900/135/1736 1405/144/1744
f 1905/137/1738 1416/146/1745 1415/145/1746 1906/139/1739
f 1904/138/1737 1417/147/1747 1416/146/1745 1905/137/1738
f 1397/148/1748 1182/149/1749 1417/147/1747 1904/138/1737
f 1398/150/1750 1397/148/1748 1904/138/1737 1901/134/1732
f 1399/142/1741 1398/150/1750 1901/134/1732 1898/131/1731
f 1907/151/1751 1910/158/1752 1911/326/1753 1908/325/1754
f 1908/325/1754 1911/326/1753 1912/328/1755 1909/327/1756
f 1910/158/1752 1913/154/1757 1914/329/1758 1911/326/1753
f 1911/326/1753 1914/329/1758 1915/330/1759 1912/328/1755
f 1182/149/1749 1414/152/1760 1907/151/1751 1417/147/1747
f 1417/147/1747 1907/151/1751 1908/325/1754 1416/146/1745
f 1416/146/1745 1908/325/1754 1909/327/1756 1415/145/1746
f 1914/329/1758 1419/169/1761 1418/170/1762 1915/330/1759
f 1913/154/1757 1420/155/1763 1419/169/1761 1914/329/1758
f 1412/153/1764 1181/156/1765 1420/155/1763 1913/154/1757
f 1413/157/1766 1412/153/1764 1913/154/1757 1910/158/1752
f 1414/152/1760 1413/157/1766 1910/158/1752 1907/151/1751
f 1916/159/1767 1919/162/1768 1920/161/1769 1917/160/1770
f 1917/160/1770 1920/161/1769 1921/164/1771 1918/163/1772
f 1919/162/1768 1922/166/1773 1923/165/1774 1920/161/1769
f 1920/161/1769 1923/165/1774 1924/167/1775 1921/164/1771
f 1181/156/1765 1411/168/1776 1916/159/1767 1420/155/1763
f 1420/155/1763 1916/159/1767 1917/160/1770 1419/169/1761
f 1419/169/1761 1917/160/1770 1918/163/1772 1418/170/1762
f 1923/165/1774 1422/123/1723 1421/124/1724 1924/167/1775
f 1922/166/1773 1423/121/1722 1422/123/1723 1923/165/1774
f 1409/171/1777 1180/120/1720 1423/121/1722 1922/166/1773
f 1410/172/1778 1409/171/1777 1922/166/1773 1919/162/1768
f 1411/168/1776 1410/172/1778 1919/162/1768 1916/159/1767
f 1925/173/1779 1928/176/1780 1929/175/1781 1926/174/1782
f 1926/174/1782 1929/175/1781 1930/178/1783 1927/177/1784
f 1928/176/1780 1931/180/1785 1932/179/1786 1929/175/1781
f 1929/175/1781 1932/179/1786 1933/181/1787 1930/178/1783
f 1179/129/1729 1429/182/1788 1925/173/1779 1402/127/1727
f 1402/127/1727 1925/173/1779 1926/174/1782 1401/126/1725
f 1401/126/1725 1926/174/1782 1927/177/1784 1400/125/1726
f 1927/177/1784 1930/178/1783 1431/184/1789 1430/183/1790
f 1930/178/1783 1933/181/1787 1432/185/1791 1431/184/1789
f 1933/181/1787 1424/90/1792 1184/83/1793 1432/185/1791
f 1932/179/1786 1425/71/1794 1424/90/1792 1933/181/1787
f 1931/180/1785 1426/81/1795 1425/71/1794 1932/179/1786
f 1427/186/1796 1183/80/1797 1426/81/1795 1931/180/1785
f 1428/187/1798 1427/186/1796 1931/180/1785 1928/176/1780
f 1429/182/1788 1428/187/1798 1928/176/1780 1925/173/1779
f 1934/81/1799 1937/87/1800 1938/17/1801 1935/88/1802
f 1935/88/1802 1938/17/1801 1939/93/1803 1936/188/1804
f 1937/87/1800 1940/81/1805 1941/88/1806 1938/17/1801
f 1938/17/1801 1941/88/1806 1942/82/1807 1939/93/1803
f 1187/91/1808 1444/190/1809 1934/81/1799 1450/189/1810
f 1450/189/1810 1934/81/1799 1935/88/1802 1449/17/1811
f 1449/17/1811 1935/88/1802 1936/188/1804 1448/93/1812
f 1448/93/1812 1936/188/1804 1439/94/1813 1188/83/1814
f 1936/188/1804 1939/93/1803 1440/94/1815 1439/94/1813
f 1939/93/1803 1942/82/1807 1441/83/1816 1440/94/1815
f 1942/82/1807 1433/93/1817 1186/83/1818 1441/83/1816
f 1941/88/1806 1434/17/1819 1433/93/1817 1942/82/1807
f 1940/81/1805 1435/189/1820 1434/17/1819 1941/88/1806
f 1442/91/1821 1185/91/1822 1435/189/1820 1940/81/1805
f 1443/92/1823 1442/91/1821 1940/81/1805 1937/87/1800
f 1444/190/1809 1443/92/1823 1937/87/1800 1934/81/1799
f 1943/81/1824 1946/87/1825 1947/17/1826 1944/88/1827
f 1944/88/1827 1947/17/1826 1948/93/1828 1945/188/1829
f 1946/87/1825 1949/81/1830 1950/88/1831 1947/17/1826
f 1947/17/1826 1950/88/1831 1951/82/1832 1948/93/1828
f 1183/80/1797 1438/190/1833 1943/81/1824 1426/81/1795
f 1426/81/1795 1943/81/1824 1944/88/1827 1425/71/1794
f 1425/71/1794 1944/88/1827 1945/188/1829 1424/90/1792
f 1424/90/1792 1945/188/1829 1445/94/1834 1184/83/1793
f 1945/188/1829 1948/93/1828 1446/94/1835 1445/94/1834
f 1948/93/1828 1951/82/1832 1447/83/1836 1446/94/1835
f 1951/82/1832 1448/93/1812 1188/83/1814 1447/83/1836
f 1950/88/1831 1449/17/1811 1448/93/1812 1951/82/1832
f 1949/81/1830 1450/189/1810 1449/17/1811 1950/88/1831
f 1436/91/1837 1187/91/1808 1450/189/1810 1949/81/1830
f 1437/92/1838 1436/91/1837 1949/81/1830 1946/87/1825
f 1438/190/1833 1437/92/1838 1946/87/1825 1943/81/1824
f 1952/81/1839 1955/87/1840 1956/17/1841 1953/88/1842
f 1953/88/1842 1956/17/1841 1957/93/1843 1954/188/1844
f 1955/87/1840 1958/81/1845 1959/88/1846 1956/17/1841
f 1956/17/1841 1959/88/1846 1960/82/1847 1957/93/1843
f 1185/91/1822 1456/190/1848 1952/81/1839 1435/189/1820
f 1435/189/1820 1952/81/1839 1953/88/1842 1434/17/1819
f 1434/17/1819 1953/88/1842 1954/188/1844 1433/93/1817
f 1433/93/1817 1954/188/1844 1457/94/1849 1186/83/1818
f 1954/188/1844 1957/93/1843 1458/94/1850 1457/94/1849
f 1957/93/1843 1960/82/1847 1459/83/1851 1458/94/1850
f 1960/82/1847 1451/93/1852 1190/83/1853 1459/83/1851
f 1959/88/1846 1452/17/1854 1451/93/1852 1960/82/1847
f 1958/81/1845 1453/189/1855 1452/17/1854 1959/88/1846
f 1454/91/1856 1189/91/1857 1453/189/1855 1958/81/1845
f 1455/92/1858 1454/91/1856 1958/81/1845 1955/87/1840
f 1456/190/1848 1455/92/1858 1955/87/1840 1952/81/1839
f 1961/191/1859 1964/192/1860 1965/17/1861 1962/17/1862
f 1962/17/1862 1965/17/1861 1966/194/1863 1963/193/1864
f 1964/192/1860 1967/195/1865 1968/17/1866 1965/17/1861
f 1965/17/1861 1968/17/1866 1969/196/1867 1966/194/1863
f 1189/91/1857 1465/101/1868 1961/191/1859 1453/189/1855
f 1453/189/1855 1961/191/1859 1962/17/1862 1452/17/1854
f 1452/17/1854 1962/17/1862 1963/193/1864 1451/93/1852
f 1451/93/1852 1963/193/1864 1466/110/1869 1190/83/1853
f 1963/193/1864 1966/194/1863 1467/197/1870 1466/110/1869
f 1966/194/1863 1969/196/1867 1468/198/1871 1467/197/1870
f 1969/196/1867 1460/199/1872 1192/18/1872 1468/198/1871
f 1968/17/1866 1461/106/1873 1460/199/1874 1969/196/1867
f 1967/195/1865 1462/331/1875 1461/106/1873 1968/17/1866
f 1463/201/1876 1191/104/1877 1462/331/1875 1967/195/1865
f 1464/202/1878 1463/201/1876 1967/195/1865 1964/192/1860
f 1465/101/1868 1464/202/1878 1964/192/1860 1961/191/1859
f 1970/1/1879 1973/4/1880 1974/3/1881 1971/2/1882
f 1971/2/1882 1974/3/1881 1975/6/1883 1972/5/1884
f 1973/4/1880 1976/8/1885 1977/7/1886 1974/3/1881
f 1974/3/1881 1977/7/1886 1978/9/1887 1975/6/1883
f 1196/10/1888 1495/12/1889 1970/1/1879 1480/11/1890
f 1480/11/1890 1970/1/1879 1971/2/1882 1479/13/1891
f 1479/13/1891 1971/2/1882 1972/5/1884 1478/14/1892
f 1478/14/1892 1972/5/1884 1474/16/1893 1195/15/1894
f 1972/5/1884 1975/6/1883 1473/17/1895 1474/16/1893
f 1975/6/1883 1978/9/1887 1472/18/1896 1473/17/1895
f 1494/19/1897 1493/20/1898 1976/8/1885 1973/4/1880
f 1495/12/1889 1494/19/1897 1973/4/1880 1970/1/1879
f 1979/21/1899 1982/24/1900 1983/23/1901 1980/22/1902
f 1980/22/1902 1983/23/1901 1984/26/1903 1981/25/1904
f 1982/24/1900 1985/28/1905 1986/27/1906 1983/23/1901
f 1983/23/1901 1986/27/1906 1987/29/1907 1984/26/1903
f 1194/30/1908 1475/32/1909 1979/21/1899 1471/31/1910
f 1471/31/1910 1979/21/1899 1980/22/1902 1470/33/1911
f 1470/33/1911 1980/22/1902 1981/25/1904 1469/34/1912
f 1469/34/1912 1981/25/1904 1489/36/1913 1193/35/1914
f 1981/25/1904 1984/26/1903 1488/37/1915 1489/36/1913
f 1984/26/1903 1987/29/1907 1487/38/1916 1488/37/1915
f 1476/39/1917 1477/40/1918 1985/28/1905 1982/24/1900
f 1475/32/1909 1476/39/1917 1982/24/1900 1979/21/1899
f 1193/35/1914 1489/36/1913 1988/41/1919 1486/50/1920
f 1486/50/1920 1988/41/1919 1989/42/1921 1485/51/1922
f 1485/51/1922 1989/42/1921 1990/45/1923 1484/52/1924
f 1484/52/1924 1990/45/1923 1492/54/1925 1197/53/1926
f 1994/57/1927 1997/60/1928 1998/59/1929 1995/58/1930
f 1995/58/1930 1998/59/1929 1999/62/1931 1996/61/1932
f 1997/60/1928 2000/64/1933 2001/63/1934 1998/59/1929
f 1998/59/1929 2001/63/1934 2002/65/1935 1999/62/1931
f 1197/53/1926 1492/54/1925 1994/57/1927 1483/66/1936
f 1483/66/1936 1994/57/1927 1995/58/1930 1482/67/1937
f 1482/67/1937 1995/58/1930 1996/61/1932 1481/68/1938
f 1481/68/1938 1996/61/1932 1495/12/1889 1196/10/1888
f 1996/61/1932 1999/62/1931 1494/19/1897 1495/12/1889
f 1999/62/1931 2002/65/1935 1493/20/1898 1494/19/1897
f 1491/55/1939 1490/56/1940 2000/64/1933 1997/60/1928
f 1492/54/1925 1491/55/1939 1997/60/1928 1994/57/1927
f 2003/69/1941 2006/72/1942 2007/71/1943 2004/70/1944
f 2004/70/1944 2007/71/1943 2008/17/1945 2005/73/1946
f 2006/72/1942 2009/75/1947 2010/74/1948 2007/71/1943
f 2007/71/1943 2010/74/1948 2011/76/1949 2008/17/1945
f 1195/15/1894 1474/16/1893 2003/69/1941 1501/77/1950
f 1501/77/1950 2003/69/1941 2004/70/1944 1500/78/1951
f 1500/78/1951 2004/70/1944 2005/73/1946 1499/79/1952
f 1499/79/1952 2005/73/1946 1498/81/1953 1199/80/1954
f 2005/73/1946 2008/17/1945 1497/71/1955 1498/81/1953
f 2008/17/1945 2011/76/1949 1496/82/1956 1497/71/1955
f 2011/76/1949 1504/84/1957 1198/83/1958 1496/82/1956
f 2010/74/1948 1503/85/1959 1504/84/1957 2011/76/1949
f 2009/75/1947 1502/86/1960 1503/85/1959 2010/74/1948
f 1473/17/1895 1472/18/1896 2009/75/1947 2006/72/1942
f 1474/16/1893 1473/17/1895 2006/72/1942 2003/69/1941
f 2012/81/1961 2015/88/1962 2016/17/1963 2013/87/1964
f 2013/87/1964 2016/17/1963 2017/72/1965 2014/89/1966
f 2015/88/1962 2018/90/1967 2019/82/1968 2016/17/1963
f 2016/17/1963 2019/82/1968 2020/82/1969 2017/72/1965
f 1202/91/1970 1522/81/1971 2012/81/1961 1516/91/1972
f 1516/91/1972 2012/81/1961 2013/87/1964 1515/92/1973
f 1515/92/1973 2013/87/1964 2014/89/1966 1514/91/1974
f 1514/91/1974 2014/89/1966 1507/81/1975 1201/91/1976
f 2014/89/1966 2017/72/1965 1506/88/1977 1507/81/1975
f 2017/72/1965 2020/82/1969 1505/93/1978 1506/88/1977
f 2020/82/1969 1513/83/1979 1200/83/1980 1505/93/1978
f 2019/82/1968 1512/94/1981 1513/83/1979 2020/82/1969
f 2018/90/1967 1511/83/1982 1512/94/1981 2019/82/1968
f 1520/93/1983 1203/83/1984 1511/83/1982 2018/90/1967
f 1521/88/1985 1520/93/1983 2018/90/1967 2015/88/1962
f 1522/81/1971 1521/88/1985 2015/88/1962 2012/81/1961
f 2021/81/1986 2024/88/1987 2025/17/1988 2022/87/1989
f 2022/87/1989 2025/17/1988 2026/72/1990 2023/89/1991
f 2024/88/1987 2027/90/1992 2028/82/1993 2025/17/1988
f 2025/17/1988 2028/82/1993 2029/82/1994 2026/72/1990
f 1199/80/1954 1498/81/1953 2021/81/1986 1510/91/1995
f 1510/91/1995 2021/81/1986 2022/87/1989 1509/92/1996
f 1509/92/1996 2022/87/1989 2023/89/1991 1508/91/1997
f 1508/91/1997 2023/89/1991 1522/81/1971 1202/91/1970
f 2023/89/1991 2026/72/1990 1521/88/1985 1522/81/1971
f 2026/72/1990 2029/82/1994 1520/93/1983 1521/88/1985
f 2029/82/1994 1519/83/1998 1203/83/1984 1520/93/1983
f 2028/82/1993 1518/94/1999 1519/83/1998 2029/82/1994
f 2027/90/1992 1517/83/2000 1518/94/1999 2028/82/1993
f 1496/82/1956 1198/83/1958 1517/83/2000 2027/90/1992
f 1497/71/1955 1496/82/1956 2027/90/1992 2024/88/1987
f 1498/81/1953 1497/71/1955 2024/88/1987 2021/81/1986
f 2030/81/2001 2033/88/2002 2034/17/2003 2031/87/2004
f 2031/87/2004 2034/17/2003 2035/72/2005 2032/89/2006
f 2033/88/2002 2036/90/2007 2037/82/2008 2034/17/2003
f 2034/17/2003 2037/82/2008 2038/82/2009 2035/72/2005
f 1201/91/1976 1507/81/1975 2030/81/2001 1528/91/2010
f 1528/91/2010 2030/81/2001 2031/87/2004 1527/92/2011
f 1527/92/2011 2031/87/2004 2032/89/2006 1526/91/2012
f 1526/91/2012 2032/89/2006 1525/81/2013 1205/91/2014
f 2032/89/2006 2035/72/2005 1524/88/2015 1525/81/2013
f 2035/72/2005 2038/82/2009 1523/93/2016 1524/88/2015
f 2038/82/2009 1531/83/2017 1204/83/2018 1523/93/2016
f 2037/82/2008 1530/94/2019 1531/83/2017 2038/82/2009
f 2036/90/2007 1529/83/2020 1530/94/2019 2037/82/2008
f 1505/93/1978 1200/83/1980 1529/83/2020 2036/90/2007
f 1506/88/1977 1505/93/1978 2036/90/2007 2033/88/2002
f 1507/81/1975 1506/88/1977 2033/88/2002 2030/81/2001
f 2039/95/2021 2042/17/2022 2043/71/2023 2040/96/2024
f 2040/96/2024 2043/71/2023 2044/17/2025 2041/97/2026
f 2042/17/2022 2045/99/2027 2046/98/2028 2043/71/2023
f 2043/71/2023 2046/98/2028 2047/100/2029 2044/17/2025
f 1205/91/2014 1525/81/2013 2039/95/2021 1537/101/2030
f 1537/101/2030 2039/95/2021 2040/96/2024 1536/102/2031
f 1536/102/2031 2040/96/2024 2041/97/2026 1535/103/2032
f 1535/103/2032 2041/97/2026 1534/105/2033 1207/104/2034
f 2041/97/2026 2044/17/2025 1533/106/2035 1534/105/2033
f 2044/17/2025 2047/100/2029 1532/332/2036 1533/106/2035
f 2047/100/2029 1540/333/2037 1206/18/2038 1532/332/2036
f 2046/98/2028 1539/334/2039 1540/333/2037 2047/100/2029
f 2045/99/2027 1538/110/2040 1539/334/2039 2046/98/2028
f 1523/93/2016 1204/83/2018 1538/110/2040 2045/99/2027
f 1524/88/2015 1523/93/2016 2045/99/2027 2042/17/2022
f 1525/81/2013 1524/88/2015 2042/17/2022 2039/95/2021
f 2048/203/2041 2051/209/2042 2052/205/2043 2049/205/2044
f 2049/205/2044 2052/205/2043 2053/335/2045 2050/335/2046
f 2051/209/2042 2054/209/2047 2055/336/2048 2052/205/2043
f 2052/205/2043 2055/336/2048 2056/209/2049 2053/335/2045
f 1186/83/1818 1457/94/1849 2048/203/2041 1546/207/2050
f 1546/207/2050 2048/203/2041 2049/205/2044 1545/206/2051
f 1545/206/2051 2049/205/2044 2050/335/2046 1544/335/2052
f 1544/335/2052 2050/335/2046 1529/83/2020 1200/83/1980
f 2050/335/2046 2053/335/2045 1530/94/2019 1529/83/2020
f 2053/335/2045 2056/209/2049 1531/83/2017 1530/94/2019
f 2056/209/2049 1543/335/2053 1204/83/2018 1531/83/2017
f 2055/336/2048 1542/206/2054 1543/335/2053 2056/209/2049
f 2054/209/2047 1541/207/2055 1542/206/2054 2055/336/2048
f 1459/83/2056 1190/83/2057 1541/207/2055 2054/209/2047
f 1458/94/1850 1459/83/2056 2054/209/2047 2051/209/2042
f 1457/94/1849 1458/94/1850 2051/209/2042 2048/203/2041
f 2057/337/2058 2060/340/2059 2061/339/2060 2058/338/2061
f 2058/338/2061 2061/339/2060 2062/211/2062 2059/210/2063
f 2060/340/2059 2063/342/2064 2064/341/2065 2061/339/2060
f 2061/339/2060 2064/341/2065 2065/343/2066 2062/211/2062
f 1178/140/1740 1403/141/1742 2057/337/2058 1549/344/2067
f 1549/344/2067 2057/337/2058 2058/338/2061 1548/345/2068
f 1548/345/2068 2058/338/2061 2059/210/2063 1547/346/2069
f 1547/346/2069 2059/210/2063 1475/32/1909 1194/30/1908
f 2059/210/2063 2062/211/2062 1476/39/1917 1475/32/1909
f 2062/211/2062 2065/343/2066 1477/40/1918 1476/39/1917
f 1404/143/1743 1405/144/1744 2063/342/2064 2060/340/2059
f 1403/141/1742 1404/143/1743 2060/340/2059 2057/337/2058
f 2066/222/2070 2069/223/2071 2070/225/2072 2067/224/2073
f 2067/224/2073 2070/225/2072 2071/228/2074 2068/226/2075
f 2069/223/2071 2072/223/2076 2073/224/2077 2070/225/2072
f 2070/225/2072 2073/224/2077 2074/223/2078 2071/228/2074
f 1187/91/1808 1436/91/1837 2066/222/2070 1555/226/2079
f 1555/226/2079 2066/222/2070 2067/224/2073 1554/224/2080
f 1554/224/2080 2067/224/2073 2068/226/2075 1553/226/2081
f 1553/226/2081 2068/226/2075 1508/91/1997 1202/91/1970
f 2068/226/2075 2071/228/2074 1509/92/1996 1508/91/1997
f 2071/228/2074 2074/223/2078 1510/91/1995 1509/92/1996
f 2074/223/2078 1552/226/2082 1199/80/1954 1510/91/1995
f 2073/224/2077 1551/224/2083 1552/226/2082 2074/223/2078
f 2072/223/2076 1550/226/2084 1551/224/2083 2073/224/2077
f 1438/190/1833 1183/80/1797 1550/226/2084 2072/223/2076
f 1437/92/1838 1438/190/1833 2072/223/2076 2069/223/2071
f 1436/91/1837 1437/92/1838 2069/223/2071 2066/222/2070
f 2075/234/2085 2078/17/2086 2079/17/2087 2076/347/2088
f 2076/347/2088 2079/17/2087 2080/17/2089 2077/229/2090
f 2078/17/2086 2081/232/2091 2082/233/2092 2079/17/2087
f 2079/17/2087 2082/233/2092 2083/232/2093 2080/17/2089
f 1192/18/2094 1460/199/2094 2075/234/2094 1561/348/2094
f 1561/348/2095 2075/234/2095 2076/347/2096 1560/240/2097
f 1560/240/2097 2076/347/2096 2077/229/2090 1559/349/2098
f 1559/349/2098 2077/229/2090 1532/332/2036 1206/18/2038
f 2077/229/2090 2080/17/2089 1533/106/2035 1532/332/2036
f 2080/17/2089 2083/232/2093 1534/105/2033 1533/106/2035
f 2083/232/2093 1558/239/2099 1207/104/2034 1534/105/2033
f 2082/233/2092 1557/350/2100 1558/239/2099 2083/232/2093
f 2081/232/2091 1556/351/2101 1557/350/2100 2082/233/2092
f 1462/331/1875 1191/104/1877 1556/351/2101 2081/232/2091
f 1461/106/1873 1462/331/1875 2081/232/2091 2078/17/2086
f 1460/199/2102 1461/106/1873 2078/17/2086 2075/234/2102
f 2084/203/2103 2087/209/2104 2088/205/2105 2085/205/2106
f 2085/205/2106 2088/205/2105 2089/335/2107 2086/335/2108
f 2087/209/2104 2090/209/2109 2091/336/2110 2088/205/2105
f 2088/205/2105 2091/336/2110 2092/209/2111 2089/335/2107
f 1188/83/1814 1439/94/1813 2084/203/2103 1564/207/2112
f 1564/207/2112 2084/203/2103 2085/205/2106 1563/206/2113
f 1563/206/2113 2085/205/2106 2086/335/2108 1562/335/2114
f 1562/335/2114 2086/335/2108 1511/83/1982 1203/83/1984
f 2086/335/2108 2089/335/2107 1512/94/1981 1511/83/1982
f 2089/335/2107 2092/209/2111 1513/83/1979 1512/94/1981
f 2092/209/2111 1544/335/2052 1200/83/1980 1513/83/1979
f 2091/336/2110 1545/206/2051 1544/335/2052 2092/209/2111
f 2090/209/2109 1546/207/2050 1545/206/2051 2091/336/2110
f 1441/83/1816 1186/83/1818 1546/207/2050 2090/209/2109
f 1440/94/1815 1441/83/1816 2090/209/2109 2087/209/2104
f 1439/94/1813 1440/94/1815 2087/209/2104 2084/203/2103
f 2093/352/2115 2096/242/2116 2097/243/2117 2094/353/2118
f 2094/353/2118 2097/243/2117 2098/247/2119 2095/352/2120
f 2096/242/2116 2099/245/2121 2100/246/2122 2097/243/2117
f 2097/243/2117 2100/246/2122 2101/245/2123 2098/247/2119
f 1191/104/1877 1463/201/1876 2093/352/2115 1556/351/2101
f 1556/351/2101 2093/352/2115 2094/353/2118 1557/350/2100
f 1557/350/2100 2094/353/2118 2095/352/2120 1558/239/2099
f 1558/239/2099 2095/352/2120 1535/103/2032 1207/104/2034
f 2095/352/2120 2098/247/2119 1536/102/2031 1535/103/2032
f 2098/247/2119 2101/245/2123 1537/101/2030 1536/102/2031
f 2101/245/2123 1567/223/2124 1205/91/2014 1537/101/2030
f 2100/246/2122 1566/248/2125 1567/223/2124 2101/245/2123
f 2099/245/2121 1565/223/2126 1566/248/2125 2100/246/2122
f 1465/101/1868 1189/91/1857 1565/223/2126 2099/245/2121
f 1464/202/1878 1465/101/1868 2099/245/2121 2096/242/2116
f 1463/201/1876 1464/202/1878 2096/242/2116 2093/352/2115
f 2102/354/2127 2105/357/2128 2106/356/2129 2103/355/2130
f 2103/355/2130 2106/356/2129 2107/359/2131 2104/358/2132
f 2105/357/2128 2108/361/2133 2109/360/2134 2106/356/2129
f 2106/356/2129 2109/360/2134 2110/362/2135 2107/359/2131
f 1179/129/1729 1406/128/1728 2102/354/2127 1573/363/2136
f 1573/363/2136 2102/354/2127 2103/355/2130 1572/364/2137
f 1572/364/2137 2103/355/2130 2104/358/2132 1571/259/2138
f 1571/259/2138 2104/358/2132 1478/14/1892 1195/15/1894
f 2104/358/2132 2107/359/2131 1479/13/1891 1478/14/1892
f 2107/359/2131 2110/362/2135 1480/11/1890 1479/13/1891
f 2110/362/2135 1570/365/2139 1196/10/1888 1480/11/1890
f 2109/360/2134 1569/366/2140 1570/365/2139 2110/362/2135
f 2108/361/2133 1568/367/2141 1569/366/2140 2109/360/2134
f 1408/122/1721 1180/120/1720 1568/367/2141 2108/361/2133
f 1407/130/1730 1408/122/1721 2108/361/2133 2105/357/2128
f 1406/128/1728 1407/130/1730 2105/357/2128 2102/354/2127
f 2111/222/2142 2114/223/2143 2115/225/2144 2112/224/2145
f 2112/224/2145 2115/225/2144 2116/228/2146 2113/226/2147
f 2114/223/2143 2117/223/2148 2118/224/2149 2115/225/2144
f 2115/225/2144 2118/224/2149 2119/223/2150 2116/228/2146
f 1185/91/1822 1442/91/1821 2111/222/2142 1576/226/2151
f 1576/226/2151 2111/222/2142 2112/224/2145 1575/224/2152
f 1575/224/2152 2112/224/2145 2113/226/2147 1574/226/2153
f 1574/226/2153 2113/226/2147 1514/91/1974 1201/91/1976
f 2113/226/2147 2116/228/2146 1515/92/1973 1514/91/1974
f 2116/228/2146 2119/223/2150 1516/91/1972 1515/92/1973
f 2119/223/2150 1553/226/2081 1202/91/1970 1516/91/1972
f 2118/224/2149 1554/224/2080 1553/226/2081 2119/223/2150
f 2117/223/2148 1555/226/2079 1554/224/2080 2118/224/2149
f 1444/190/1809 1187/91/1808 1555/226/2079 2117/223/2148
f 1443/92/1823 1444/190/1809 2117/223/2148 2114/223/2143
f 1442/91/1821 1443/92/1823 2114/223/2143 2111/222/2142
f 2120/265/2154 2123/266/2155 2124/369/2156 2121/368/2157
f 2121/368/2157 2124/369/2156 2125/371/2158 2122/370/2159
f 2123/266/2155 2126/372/2160 2127/270/2161 2124/369/2156
f 2124/369/2156 2127/270/2161 2128/373/2162 2125/371/2158
f 1190/83/2057 1466/110/2163 2120/265/2154 1541/207/2055
f 1541/207/2055 2120/265/2154 2121/368/2157 1542/206/2054
f 1542/206/2054 2121/368/2157 2122/370/2159 1543/335/2053
f 1543/335/2053 2122/370/2159 1538/110/2040 1204/83/2018
f 2122/370/2159 2125/371/2158 1539/334/2039 1538/110/2040
f 2125/371/2158 2128/373/2162 1540/333/2037 1539/334/2039
f 2128/373/2162 1559/349/2164 1206/18/2038 1540/333/2037
f 2127/270/2161 1560/240/2165 1559/349/2164 2128/373/2162
f 2126/372/2160 1561/348/2166 1560/240/2165 2127/270/2161
f 1468/198/2167 1192/18/2168 1561/348/2166 2126/372/2160
f 1467/197/2169 1468/198/2167 2126/372/2160 2123/266/2155
f 1466/110/2163 1467/197/2169 2123/266/2155 2120/265/2154
f 2129/374/2170 2132/280/2171 2133/376/2172 2130/375/2173
f 2130/375/2173 2133/376/2172 2134/275/2174 2131/274/2175
f 2132/280/2171 2135/282/2176 2136/279/2177 2133/376/2172
f 2133/376/2172 2136/279/2177 2137/377/2178 2134/275/2174
f 1180/120/1720 1409/171/1777 2129/374/2170 1568/367/2141
f 1568/367/2141 2129/374/2170 2130/375/2173 1569/366/2140
f 1569/366/2140 2130/375/2173 2131/274/2175 1570/365/2139
f 1570/365/2139 2131/274/2175 1481/68/1938 1196/10/1888
f 2131/274/2175 2134/275/2174 1482/67/1937 1481/68/1938
f 2134/275/2174 2137/377/2178 1483/66/1936 1482/67/1937
f 2137/377/2178 1579/378/2179 1197/53/1926 1483/66/1936
f 2136/279/2177 1578/379/2180 1579/378/2179 2137/377/2178
f 2135/282/2176 1577/285/2181 1578/379/2180 2136/279/2177
f 1411/168/1776 1181/156/1765 1577/285/2181 2135/282/2176
f 1410/172/1778 1411/168/1776 2135/282/2176 2132/280/2171
f 1409/171/1777 1410/172/1778 2132/280/2171 2129/374/2170
f 2138/203/2182 2141/209/2183 2142/205/2184 2139/205/2185
f 2139/205/2185 2142/205/2184 2143/335/2186 2140/335/2187
f 2141/209/2183 2144/209/2188 2145/336/2189 2142/205/2184
f 2142/205/2184 2145/336/2189 2146/209/2190 2143/335/2186
f 1184/83/1793 1445/94/1834 2138/203/2182 1582/207/2191
f 1582/207/2191 2138/203/2182 2139/205/2185 1581/206/2192
f 1581/206/2192 2139/205/2185 2140/335/2187 1580/335/2193
f 1580/335/2193 2140/335/2187 1517/83/2000 1198/83/1958
f 2140/335/2187 2143/335/2186 1518/94/1999 1517/83/2000
f 2143/335/2186 2146/209/2190 1519/83/1998 1518/94/1999
f 2146/209/2190 1562/335/2114 1203/83/1984 1519/83/1998
f 2145/336/2189 1563/206/2113 1562/335/2114 2146/209/2190
f 2144/209/2188 1564/207/2112 1563/206/2113 2145/336/2189
f 1447/83/1836 1188/83/1814 1564/207/2112 2144/209/2188
f 1446/94/1835 1447/83/1836 2144/209/2188 2141/209/2183
f 1445/94/1834 1446/94/1835 2141/209/2183 2138/203/2182
f 2147/380/2194 2150/382/2195 2151/381/2196 2148/289/2197
f 2148/289/2197 2151/381/2196 2152/384/2198 2149/383/2199
f 2150/382/2195 2153/386/2200 2154/385/2201 2151/381/2196
f 2151/381/2196 2154/385/2201 2155/387/2202 2152/384/2198
f 1181/156/1765 1412/153/1764 2147/380/2194 1577/285/2181
f 1577/285/2181 2147/380/2194 2148/289/2197 1578/379/2180
f 1578/379/2180 2148/289/2197 2149/383/2199 1579/378/2179
f 1579/378/2179 2149/383/2199 1484/52/1924 1197/53/1926
f 2149/383/2199 2152/384/2198 1485/51/1922 1484/52/1924
f 2152/384/2198 2155/387/2202 1486/50/1920 1485/51/1922
f 2155/387/2202 1585/388/2203 1193/35/1914 1486/50/1920
f 2154/385/2201 1584/389/2204 1585/388/2203 2155/387/2202
f 2153/386/2200 1583/297/2205 1584/389/2204 2154/385/2201
f 1414/152/1760 1182/149/1749 1583/297/2205 2153/386/2200
f 1413/157/1766 1414/152/1760 2153/386/2200 2150/382/2195
f 1412/153/1764 1413/157/1766 2150/382/2195 2147/380/2194
f 2156/390/2206 2159/391/2207 2160/300/2208 2157/301/2209
f 2157/301/2209 2160/300/2208 2161/392/2210 2158/298/2211
f 2159/391/2207 2162/393/2212 2163/303/2213 2160/300/2208
f 2160/300/2208 2163/303/2213 2164/394/2214 2161/392/2210
f 1183/80/1797 1427/186/1796 2156/390/2206 1550/226/2084
f 1550/226/2084 2156/390/2206 2157/301/2209 1551/224/2083
f 1551/224/2083 2157/301/2209 2158/298/2211 1552/226/2082
f 1552/226/2082 2158/298/2211 1499/79/1952 1199/80/1954
f 2158/298/2211 2161/392/2210 1500/78/1951 1499/79/1952
f 2161/392/2210 2164/394/2214 1501/77/1950 1500/78/1951
f 2164/394/2214 1571/259/2138 1195/15/1894 1501/77/1950
f 2163/303/2213 1572/364/2137 1571/259/2138 2164/394/2214
f 2162/393/2212 1573/363/2136 1572/364/2137 2163/303/2213
f 1429/182/1788 1179/129/1729 1573/363/2136 2162/393/2212
f 1428/187/1798 1429/182/1788 2162/393/2212 2159/391/2207
f 1427/186/1796 1428/187/1798 2159/391/2207 2156/390/2206
f 2165/395/2215 2168/397/2216 2169/309/2217 2166/396/2218
f 2166/396/2218 2169/309/2217 2170/308/2219 2167/398/2220
f 2168/397/2216 2171/399/2221 2172/312/2222 2169/309/2217
f 2169/309/2217 2172/312/2222 2173/311/2223 2170/308/2219
f 1182/149/1749 1397/148/1748 2165/395/2215 1583/297/2205
f 1583/297/2205 2165/395/2215 2166/396/2218 1584/389/2204
f 1584/389/2204 2166/396/2218 2167/398/2220 1585/388/2203
f 1585/388/2203 2167/398/2220 1469/34/1912 1193/35/1914
f 2167/398/2220 2170/308/2219 1470/33/1911 1469/34/1912
f 2170/308/2219 2173/311/2223 1471/31/1910 1470/33/1911
f 2173/311/2223 1547/346/2069 1194/30/1908 1471/31/1910
f 2172/312/2222 1548/345/2068 1547/346/2069 2173/311/2223
f 2171/399/2221 1549/344/2067 1548/345/2068 2172/312/2222
f 1399/142/1741 1178/140/1740 1549/344/2067 2171/399/2221
f 1398/150/1750 1399/142/1741 2171/399/2221 2168/397/2216
f 1397/148/1748 1398/150/1750 2168/397/2216 2165/395/2215
f 2174/400/2224 2177/401/2225 2178/318/2226 2175/319/2227
f 2175/319/2227 2178/318/2226 2179/403/2228 2176/402/2229
f 2177/401/2225 2180/405/2230 2181/404/2231 2178/318/2226
f 2178/318/2226 2181/404/2231 2182/406/2232 2179/403/2228
f 2176/402/2229 2179/403/2228 1503/85/1959 1502/86/1960
f 2179/403/2228 2182/406/2232 1504/84/1957 1503/85/1959
f 2182/406/2232 1580/335/2193 1198/83/1958 1504/84/1957
f 2181/404/2231 1581/206/2192 1580/335/2193 2182/406/2232
f 2180/405/2230 1582/207/2191 1581/206/2192 2181/404/2231
f 1432/185/1791 1184/83/1793 1582/207/2191 2180/405/2230
f 1431/184/1789 1432/185/1791 2180/405/2230 2177/401/2225
f 1430/183/2233 1431/184/1789 2177/401/2225 2174/400/2224
f 2183/222/2234 2186/223/2235 2187/225/2236 2184/224/2237
f 2184/224/2237 2187/225/2236 2188/228/2238 2185/226/2239
f 2186/223/2235 2189/223/2240 2190/224/2241 2187/225/2236
f 2187/225/2236 2190/224/2241 2191/223/2242 2188/228/2238
f 1189/91/1857 1454/91/1856 2183/222/2234 1565/223/2126
f 1565/223/2126 2183/222/2234 2184/224/2237 1566/248/2125
f 1566/248/2125 2184/224/2237 2185/226/2239 1567/223/2124
f 1567/223/2124 2185/226/2239 1526/91/2012 1205/91/2014
f 2185/226/2239 2188/228/2238 1527/92/2011 1526/91/2012
f 2188/228/2238 2191/223/2242 1528/91/2010 1527/92/2011
f 2191/223/2242 1574/226/2153 1201/91/1976 1528/91/2010
f 2190/224/2241 1575/224/2152 1574/226/2153 2191/223/2242
f 2189/223/2240 1576/226/2151 1575/224/2152 2190/224/2241
f 1456/190/1848 1185/91/1822 1576/226/2151 2189/223/2240
f 1455/92/1858 1456/190/1848 2189/223/2240 2186/223/2235
f 1454/91/1856 1455/92/1858 2186/223/2235 2183/222/2234
f 2192/407/2243 2196/410/2244 2208/409/2245 2206/408/2246
f 2196/410/2244 2197/412/2247 2209/411/2248 2208/409/2245
f 2197/412/2247 2198/414/2249 2210/413/2250 2209/411/2248
f 2198/414/2249 2193/416/2251 2207/415/2252 2210/413/2250
f 2206/408/2246 2208/409/2245 2213/418/2253 2211/417/2254
f 2208/409/2245 2209/411/2248 2214/411/2255 2213/418/2253
f 2209/411/2248 2210/413/2250 2215/419/2256 2214/411/2255
f 2210/413/2250 2207/415/2252 2212/420/2257 2215/419/2256
f 2211/417/2254 2213/418/2253 2218/422/2258 2216/421/2259
f 2213/418/2253 2214/411/2255 2219/411/2260 2218/422/2258
f 2214/411/2255 2215/419/2256 2220/423/2261 2219/411/2260
f 2215/419/2256 2212/420/2257 2217/424/2262 2220/423/2261
f 2216/421/2259 2218/422/2258 2205/426/2263 2200/425/2264
f 2218/422/2258 2219/411/2260 2204/427/2265 2205/426/2263
f 2219/411/2260 2220/423/2261 2203/428/2266 2204/427/2265
f 2220/423/2261 2217/424/2262 2199/429/2267 2203/428/2266
f 1211/18/1196 2195/430/2268 2192/407/2269 1241/86/1266 1628/75/1253
f 2192/407/2243 2206/408/2246 1871/316/1692 1241/86/1701
f 2193/416/2251 1430/183/2233 2174/400/2224 2207/415/2252
f 1400/125/1726 1927/177/1784 1430/183/1790 2193/416/2270 2194/431/2271
f 1283/125/1362 1702/177/1414 1313/183/1420 2200/425/2272 2201/432/2273
f 2216/421/2259 2200/425/2264 1313/183/1420 1877/323/1698
f 1472/18/1896 2202/433/2274 2199/429/2275 1502/86/1960 2009/75/1947
f 2217/424/2262 2176/402/2229 1502/86/1960 2199/429/2267
f 2207/415/2252 2174/400/2224 2175/319/2227 2212/420/2257
f 2206/408/2246 2211/417/2254 1874/319/1693 1871/316/1692
f 2212/420/2257 2175/319/2227 2176/402/2229 2217/424/2262
f 2211/417/2254 2216/421/2259 1877/323/1698 1874/319/1693
f 2228/434/2276 2227/437/2277 2238/436/2278 2237/435/2279
f 2237/435/2279 2238/436/2278 2240/439/2280 2239/438/2281
f 2239/438/2281 2240/439/2280 2242/441/2282 2241/440/2283
f 2222/442/2284 2221/445/2285 2244/444/2286 2243/443/2287
f 2243/443/2287 2244/444/2286 2246/447/2288 2245/446/2289
f 2245/446/2289 2246/447/2288 2248/449/2290 2247/448/2291
f 2247/448/2291 2248/449/2290 2224/451/2292 2223/450/2293
f 2223/450/2293 2224/451/2292 2250/453/2294 2249/452/2295
f 2249/452/2295 2250/453/2294 2252/455/2296 2251/454/2297
f 2251/454/2297 2252/455/2296 2254/457/2298 2253/456/2299
f 2253/456/2299 2254/457/2298 2226/459/2300 2225/458/2301
f 2225/458/2301 2226/459/2300 2256/461/2302 2255/460/2303
f 2255/460/2303 2256/461/2302 2258/463/2304 2257/462/2305
f 2257/462/2305 2258/463/2304 2260/465/2306 2259/464/2307
f 2259/464/2307 2260/465/2306 2227/437/2277 2228/434/2276
f 2232/466/2308 2231/469/2309 2262/468/2310 2261/467/2311
f 2261/467/2311 2262/468/2310 2264/471/2312 2263/470/2313
f 2263/470/2313 2264/471/2312 2266/473/2314 2265/472/2315
f 2230/474/2316 2229/477/2317 2268/476/2318 2267/475/2319
f 2267/475/2319 2268/476/2318 2270/479/2320 2269/478/2321
f 2269/478/2321 2270/479/2320 2272/481/2322 2271/480/2323
f 2271/480/2323 2272/481/2322 2234/483/2324 2233/482/2325
f 2233/482/2325 2234/483/2324 2274/485/2326 2273/484/2327
f 2273/484/2327 2274/485/2326 2276/487/2328 2275/486/2329
f 2275/486/2329 2276/487/2328 2278/489/2330 2277/488/2331
f 2277/488/2331 2278/489/2330 2236/491/2332 2235/490/2333
f 2235/490/2333 2236/491/2332 2280/493/2334 2279/492/2335
f 2279/492/2335 2280/493/2334 2282/495/2336 2281/494/2337
f 2281/494/2337 2282/495/2336 2284/497/2338 2283/496/2339
f 2283/496/2339 2284/497/2338 2231/469/2309 2232/466/2308
f 2221/445/2285 2222/442/2284 2286/499/2340 2285/498/2341
f 2285/498/2341 2286/499/2340 2288/501/2342 2287/500/2343
f 2287/500/2343 2288/501/2342 2290/503/2344 2289/502/2345
f 2289/502/2345 2290/503/2344 2229/477/2317 2230/474/2316
f 2291/504/2346 2292/505/2347 2241/440/2283 2242/441/2282
f 2265/472/2315 2266/473/2314 2293/507/2348 2294/506/2349
f 1216/40/1218 1756/214/1531 2286/499/2340 2222/442/2284
f 1405/144/1744 2221/445/2285 2285/498/2341 2063/342/2064
f 1216/40/1218 2222/442/2284 2243/443/2287 1601/28/1205
f 1405/144/1744 1900/135/1736 2244/444/2286 2221/445/2285
f 1906/139/1739 1415/145/1746 2224/451/2292 2248/449/2290
f 1603/29/1207 2247/448/2291 2223/450/2293 1226/38/1216
f 1415/145/1746 1909/327/1756 2250/453/2294 2224/451/2292
f 1226/38/1216 2223/450/2293 2249/452/2295 1610/48/1225
f 1915/330/1759 1418/170/1762 2226/459/2300 2254/457/2298
f 1612/49/1227 2253/456/2299 2225/458/2301 1229/56/1234
f 1418/170/1762 1918/163/1772 2256/461/2302 2226/459/2300
f 1229/56/1234 2225/458/2301 2255/460/2303 1619/64/1241
f 1421/124/1724 1891/115/1716 2238/436/2278 2227/437/2277
f 1621/65/1243 2259/464/2307 2228/434/2276 1232/20/1198
f 1232/20/1198 2228/434/2276 2237/435/2279 1592/8/1185
f 1924/167/1775 1421/124/1724 2227/437/2277 2260/465/2306
f 1762/218/1534 1288/144/1380 2229/477/2317 2290/503/2344
f 1288/144/1380 1678/135/1372 2268/476/2318 2229/477/2317
f 2065/343/2066 2289/502/2345 2230/474/2316 1477/40/1918
f 1477/40/1918 2230/474/2316 2267/475/2319 1985/28/1905
f 1493/20/1898 2232/466/2308 2261/467/2311 1976/8/1885
f 1304/124/1360 1669/115/1352 2262/468/2310 2231/469/2309
f 2002/65/1935 2283/496/2339 2232/466/2308 1493/20/1898
f 1699/167/1403 1304/124/1360 2231/469/2309 2284/497/2338
f 1987/29/1907 2271/480/2323 2233/482/2325 1487/38/1916
f 1298/145/1382 1686/327/2350 2274/485/2326 2234/483/2324
f 1684/139/1375 1298/145/1382 2234/483/2324 2272/481/2322
f 1487/38/1916 2233/482/2325 2273/484/2327 1991/48/2351
f 1993/49/2352 2277/488/2331 2235/490/2333 1490/56/1940
f 1301/170/1406 1693/163/1400 2280/493/2334 2236/491/2332
f 1690/330/2353 1301/170/1406 2236/491/2332 2278/489/2330
f 1490/56/1940 2235/490/2333 2279/492/2335 2000/64/1933
f 1891/115/1716 1894/116/1715 2240/439/2280 2238/436/2278
f 1592/8/1185 2237/435/2279 2239/438/2281 1593/7/1186
f 1894/116/1715 1897/119/1719 2242/441/2282 2240/439/2280
f 1593/7/1186 2239/438/2281 2241/440/2283 1594/9/1187
f 1897/119/1719 1400/125/1726 2194/431/2271 2291/504/2346 2242/441/2282
f 1594/9/1187 2241/440/2283 2292/505/2347 2195/430/2268 1211/18/1196
f 1900/135/1736 1903/136/1735 2246/447/2288 2244/444/2286
f 1601/28/1205 2243/443/2287 2245/446/2289 1602/27/1206
f 1903/136/1735 1906/139/1739 2248/449/2290 2246/447/2288
f 1602/27/1206 2245/446/2289 2247/448/2291 1603/29/1207
f 1909/327/1756 1912/328/1755 2252/455/2296 2250/453/2294
f 1610/48/1225 2249/452/2295 2251/454/2297 1611/47/1226
f 1912/328/1755 1915/330/1759 2254/457/2298 2252/455/2296
f 1611/47/1226 2251/454/2297 2253/456/2299 1612/49/1227
f 1918/163/1772 1921/164/1771 2258/463/2304 2256/461/2302
f 1619/64/1241 2255/460/2303 2257/462/2305 1620/63/1242
f 1921/164/1771 1924/167/1775 2260/465/2306 2258/463/2304
f 1620/63/1242 2257/462/2305 2259/464/2307 1621/65/1243
f 1669/115/1352 1672/116/1351 2264/471/2312 2262/468/2310
f 1976/8/1885 2261/467/2311 2263/470/2313 1977/7/1886
f 1672/116/1351 1675/119/1355 2266/473/2314 2264/471/2312
f 1977/7/1886 2263/470/2313 2265/472/2315 1978/9/1887
f 1978/9/1887 2265/472/2315 2294/506/2349 2202/433/2274 1472/18/1896
f 1675/119/1355 1283/125/1362 2201/432/2273 2293/507/2348 2266/473/2314
f 1678/135/1372 1681/136/1371 2270/479/2320 2268/476/2318
f 1985/28/1905 2267/475/2319 2269/478/2321 1986/27/1906
f 1681/136/1371 1684/139/1375 2272/481/2322 2270/479/2320
f 1986/27/1906 2269/478/2321 2271/480/2323 1987/29/1907
f 1686/327/2350 1688/328/2354 2276/487/2328 2274/485/2326
f 1991/48/2351 2273/484/2327 2275/486/2329 1992/47/2355
f 1688/328/2354 1690/330/2353 2278/489/2330 2276/487/2328
f 1992/47/2355 2275/486/2329 2277/488/2331 1993/49/2352
f 1693/163/1400 1696/164/1399 2282/495/2336 2280/493/2334
f 2000/64/1933 2279/492/2335 2281/494/2337 2001/63/1934
f 1696/164/1399 1699/167/1403 2284/497/2338 2282/495/2336
f 2001/63/1934 2281/494/2337 2283/496/2339 2002/65/1935
f 1756/214/1531 1759/215/1530 2288/501/2342 2286/499/2340
f 2063/342/2064 2285/498/2341 2287/500/2343 2064/341/2065
f 1759/215/1530 1762/218/1534 2290/503/2344 2288/501/2342
f 2064/341/2065 2287/500/2343 2289/502/2345 2065/343/2066
f 2192/407/2269 2195/430/2268 2292/505/2347 2291/504/2346 2194/431/2271 2193/416/2270 2198/414/2356 2197/412/2356 2196/410/2356
f 2199/429/2275 2202/433/2274 2294/506/2349 2293/507/2348 2201/432/2273 2200/425/2272 2205/426/2263 2204/427/2265 2203/428/2266
f 152/146/2357 151/145/2357 1298/145/2357 1299/146/2357
f 153/147/2358 152/146/2359 1299/146/2359 1300/147/2360
f 154/170/2361 155/169/2362 1302/169/2363 1301/170/2364
f 155/169/2362 156/155/2365 1303/155/2365 1302/169/2363
f 340/38/2366 341/37/2366 1488/37/2366 1487/38/2366
f 341/37/2367 342/36/2368 1489/36/2369 1488/37/2367
f 344/55/2370 343/56/2371 1490/56/2372 1491/55/2373
f 345/54/2374 344/55/2370 1491/55/2373 1492/54/2374
f 540/158/2375 538/151/2376 1685/151/2377 1687/158/2378
f 539/327/2379 541/328/2380 1688/328/2381 1686/327/2382
f 542/154/2383 540/158/2375 1687/158/2378 1689/154/2384
f 541/328/2380 543/330/2385 1690/330/2386 1688/328/2381
f 538/151/2376 153/147/2358 1300/147/2360 1685/151/2377
f 151/145/2387 539/327/2379 1686/327/2382 1298/145/2387
f 543/330/2385 154/170/2361 1301/170/2364 1690/330/2386
f 156/155/2388 542/154/2383 1689/154/2384 1303/155/2388
f 841/41/2389 842/42/2390 1989/42/2391 1988/41/2392
f 842/42/2390 843/45/2393 1990/45/2394 1989/42/2391
f 845/47/2395 844/48/2396 1991/48/2397 1992/47/2398
f 846/49/2399 845/47/2395 1992/47/2398 1993/49/2400
f 843/45/2393 345/54/2401 1492/54/2401 1990/45/2394
f 343/56/2371 846/49/2399 1993/49/2400 1490/56/2372
f 844/48/2396 340/38/2402 1487/38/2402 1991/48/2397
f 342/36/2368 841/41/2389 1988/41/2392 1489/36/2369
