# Blender 5.2.2 LTS
# www.blender.org
mtllib hornet_body.mtl
o BODY
v 0.206994 0.571545 0.078751
v 0.000000 0.566143 0.013642
v 0.113015 0.870719 0.157525
v 0.000000 0.873061 0.114054
v 0.512041 0.441811 0.095396
v 0.600379 -1.600660 0.137957
v 0.218680 -0.534673 0.169063
v 0.000000 -0.534941 0.167547
v 0.398603 -0.553549 0.273156
v 0.219236 0.093350 -0.001234
v 0.488973 0.002117 0.161989
v 0.000000 0.115702 -0.032679
v 0.753180 0.272087 0.122338
v 0.696331 0.028494 0.171506
v 1.253674 -0.633343 0.143650
v 1.154957 -0.699186 0.158408
v 1.783048 -1.415127 0.285805
v 1.746746 -1.439715 0.287105
v 1.514504 -1.019948 0.211703
v 1.422739 -1.082874 0.219486
v 1.012153 -0.164457 0.175178
v 0.886811 -0.283716 0.193311
v 0.291733 -4.684307 0.227636
v 0.378325 -4.683476 0.229428
v 0.504600 -3.406567 -0.011568
v 0.227269 -3.406189 0.016927
v 0.580331 -2.144101 0.240704
v 0.240063 -2.156080 0.232283
v 0.222190 -2.942842 0.153860
v 0.237146 -2.472895 0.266283
v 0.529789 -2.474718 0.276797
v 0.451887 -2.939192 0.156527
v -0.000135 -0.948253 0.133684
v 0.205247 -0.938060 0.156389
v 0.388916 -0.945507 0.287812
v 0.263702 -4.108366 0.117083
v 0.432113 -4.108999 0.116973
v -0.000001 -1.423725 -0.074901
v 0.217354 -1.388178 -0.061854
v 0.498442 -1.341908 0.158540
v 0.611419 -1.892929 0.187132
v 0.244479 -1.962291 0.173235
v 0.211926 0.574476 0.408815
v -0.000000 0.567588 0.450813
v 0.108913 0.862439 0.316314
v 0.000000 0.861039 0.352592
v 0.189057 -1.664892 0.689564
v 0.000025 -1.692413 0.643913
v 0.509946 0.468152 0.414876
v 0.542652 -1.560869 0.662769
v 0.232844 -0.591427 0.730657
v -0.000000 -0.587848 0.741553
v 0.421358 -0.592904 0.605994
v 0.247779 0.072679 0.728498
v 0.545999 -0.006238 0.594511
v -0.000000 0.101294 0.722789
v 0.740407 0.296139 0.405472
v 0.685895 0.032934 0.472350
v 1.286063 -0.615178 0.407168
v 1.128913 -0.711255 0.394197
v 1.774030 -1.422800 0.419300
v 1.737356 -1.447676 0.420570
v 1.531739 -1.009314 0.425212
v 1.404535 -1.092220 0.418184
v 1.035744 -0.149850 0.416442
v 0.875368 -0.284962 0.424413
v 0.292020 -4.685101 0.328606
v 0.378911 -4.684247 0.330375
v 0.514165 -3.395690 0.372082
v 0.232670 -3.392661 0.356575
v 0.541012 -2.106610 0.663036
v 0.160303 -2.109096 0.651809
v 0.189793 -2.939473 0.519037
v 0.185903 -2.470536 0.625956
v 0.507183 -2.466273 0.642387
v 0.416618 -2.933399 0.527155
v 0.000000 -1.028591 0.736645
v 0.223984 -1.024655 0.716668
v 0.423875 -1.006386 0.594162
v 0.262347 -4.104513 0.323391
v 0.431892 -4.104463 0.328242
v -0.000068 -1.359390 0.777128
v 0.225609 -1.343369 0.742508
v 0.485150 -1.322679 0.596263
v 0.547052 -1.815659 0.666534
v 0.149359 -1.822016 0.664163
v -0.206994 0.571545 0.078751
v -0.113015 0.870719 0.157525
v -0.512041 0.441811 0.095397
v -0.600379 -1.600660 0.137957
v -0.218680 -0.534674 0.169067
v -0.398603 -0.553549 0.273156
v -0.219236 0.093350 -0.001234
v -0.488973 0.002117 0.161989
v -0.753180 0.272087 0.122338
v -0.696331 0.028494 0.171506
v -1.253674 -0.633342 0.143650
v -1.154957 -0.699186 0.158408
v -1.783048 -1.415127 0.285805
v -1.746747 -1.439715 0.287105
v -1.514504 -1.019948 0.211703
v -1.422739 -1.082874 0.219486
v -1.012153 -0.164457 0.175178
v -0.886811 -0.283716 0.193311
v -0.291733 -4.684307 0.227636
v -0.378325 -4.683476 0.229428
v -0.504600 -3.406567 -0.011568
v -0.227269 -3.406189 0.016927
v -0.580331 -2.144101 0.240704
v -0.240063 -2.156080 0.232283
v -0.222190 -2.942842 0.153860
v -0.237146 -2.472895 0.266283
v -0.529789 -2.474718 0.276797
v -0.451887 -2.939192 0.156527
v -0.205206 -0.938388 0.157384
v -0.388915 -0.945509 0.287820
v -0.263702 -4.108366 0.117083
v -0.432113 -4.108998 0.116973
v -0.217352 -1.388178 -0.061853
v -0.498442 -1.341908 0.158540
v -0.611419 -1.892929 0.187132
v -0.244479 -1.962291 0.173235
v -0.211926 0.574476 0.408815
v -0.108913 0.862439 0.316314
v -0.187914 -1.665376 0.690003
v -0.509946 0.468152 0.414876
v -0.542646 -1.560868 0.662774
v -0.232844 -0.591427 0.730656
v -0.421358 -0.592904 0.605994
v -0.247779 0.072678 0.728497
v -0.545999 -0.006237 0.594511
v -0.740407 0.296139 0.405472
v -0.685895 0.032934 0.472350
v -1.286063 -0.615178 0.407168
v -1.128913 -0.711255 0.394197
v -1.774030 -1.422800 0.419300
v -1.737356 -1.447676 0.420570
v -1.531739 -1.009314 0.425213
v -1.404535 -1.092220 0.418184
v -1.035744 -0.149850 0.416442
v -0.875368 -0.284962 0.424413
v -0.292020 -4.685101 0.328606
v -0.378911 -4.684247 0.330375
v -0.514165 -3.395690 0.372082
v -0.232670 -3.392660 0.356575
v -0.541012 -2.106610 0.663036
v -0.160303 -2.109096 0.651809
v -0.189793 -2.939473 0.519037
v -0.185903 -2.470536 0.625956
v -0.507183 -2.466273 0.642387
v -0.416617 -2.933399 0.527155
v -0.223984 -1.024655 0.716668
v -0.423875 -1.006386 0.594162
v -0.262348 -4.104513 0.323390
v -0.431892 -4.104463 0.328242
v -0.225568 -1.343469 0.742777
v -0.485149 -1.322681 0.596268
v -0.547053 -1.815659 0.666534
v -0.149337 -1.822006 0.664125
v 0.115311 1.075164 0.167979
v 0.000000 1.105605 0.129221
v 0.109802 0.961349 0.320174
v 0.000000 0.935561 0.357000
v -0.115311 1.075164 0.167979
v -0.109802 0.961349 0.320174
v 0.118205 0.728970 0.138846
v 0.000000 0.728237 0.082076
v 0.117309 0.728549 0.326778
v 0.000000 0.727908 0.366894
v -0.118205 0.728970 0.138846
v -0.117309 0.728549 0.326778
v 0.094268 0.567020 0.024698
v 0.115157 0.915401 0.163370
v 0.000000 0.919077 0.122113
v 0.111728 0.795997 0.149009
v 0.000000 0.796842 0.100258
v 0.064864 0.872450 0.120524
v 0.218189 0.367233 -0.001511
v 0.000000 -1.691136 -0.042117
v 0.500630 0.266080 0.065783
v 0.364667 0.498841 0.090427
v 0.463421 -1.721796 0.027242
v 0.210127 -0.730579 0.191496
v -0.000000 -0.226919 0.051952
v 0.380335 -0.746573 0.311589
v 0.320777 -0.541399 0.189696
v 0.110051 -0.533532 0.166689
v 0.219181 -0.241173 0.071529
v 0.428572 -0.302578 0.222067
v -0.000000 0.387057 -0.033275
v 0.104558 0.112889 -0.026694
v 0.349333 0.048272 0.054801
v 0.727005 0.148191 0.095669
v 1.203362 -0.668200 0.114561
v 0.880098 0.080754 0.154032
v 1.024989 -0.492144 0.174370
v 1.787454 -1.460364 0.272692
v 1.371152 -0.806222 0.177085
v 1.611788 -1.297746 0.260198
v 1.675207 -1.255847 0.257184
v 1.272818 -0.876751 0.185729
v 1.465875 -1.053364 0.182210
v 1.142187 -0.409097 0.165473
v 0.782376 -0.097656 0.182017
v 0.946823 -0.226548 0.146480
v 0.631012 -1.694087 0.177703
v 0.333354 -4.723167 0.226036
v 0.277847 -4.472236 0.176224
v 0.475160 -3.739477 0.046660
v 0.349297 -3.410136 -0.063019
v 0.242872 -2.050553 0.204578
v 0.416827 -2.156139 0.161993
v 0.236542 -2.707061 0.240453
v 0.333021 -2.942257 0.084231
v 0.485168 -2.707488 0.253570
v 0.387882 -2.476825 0.206866
v 0.459072 -3.144238 0.016483
v 0.210352 -3.153548 0.044652
v 0.558948 -2.290016 0.265767
v 0.236140 -2.290718 0.257120
v -0.000072 -0.734942 0.172412
v 0.204362 -1.158342 0.048517
v 0.433609 -1.148733 0.207515
v 0.306861 -0.935794 0.201531
v 0.101075 -0.944662 0.137404
v 0.248727 -3.734416 0.057850
v 0.403901 -4.471159 0.178758
v 0.346472 -4.109482 0.077245
v -0.000078 -1.179533 0.036981
v 0.217774 -1.611567 -0.075762
v 0.562276 -1.506907 0.130259
v 0.374527 -1.361137 0.008037
v 0.092100 -1.413599 -0.076303
v 0.597008 -2.014868 0.215305
v 0.262300 -1.823182 0.148509
v 0.436296 -1.927269 0.097448
v 0.097981 0.567643 0.448987
v 0.110457 0.903521 0.317867
v 0.000000 0.901854 0.353585
v 0.109201 0.791894 0.318867
v 0.000000 0.790937 0.356580
v 0.060596 0.860660 0.348986
v 0.075392 -1.689103 0.647013
v 0.233497 0.353865 0.558948
v -0.000302 -1.527472 0.759845
v 0.518367 0.284362 0.542917
v 0.369289 0.512362 0.414912
v 0.355130 -1.624525 0.725774
v 0.226126 -0.829940 0.714759
v -0.000000 -0.260929 0.805416
v 0.407491 -0.813125 0.601568
v 0.345305 -0.595833 0.700813
v 0.116189 -0.588572 0.739454
v 0.250283 -0.281455 0.788734
v 0.483059 -0.323543 0.606463
v -0.000000 0.375218 0.558685
v 0.116102 0.094308 0.726013
v 0.404153 0.034344 0.704047
v 0.714512 0.169284 0.492727
v 1.192262 -0.671110 0.462243
v 0.886667 0.100759 0.417766
v 1.015234 -0.497750 0.383169
v 1.776069 -1.470088 0.435347
v 1.395530 -0.795934 0.415101
v 1.601045 -1.305025 0.434927
v 1.670395 -1.259386 0.434503
v 1.252253 -0.892033 0.402108
v 1.459689 -1.054569 0.472929
v 1.170160 -0.400823 0.386416
v 0.762563 -0.096041 0.450403
v 0.954499 -0.218681 0.477894
v 0.546524 -1.616146 0.667742
v 0.333775 -4.723973 0.345554
v 0.278073 -4.472970 0.324652
v 0.470814 -3.728002 0.341937
v 0.358903 -3.392724 0.429040
v 0.147234 -1.955896 0.662891
v 0.335193 -2.102422 0.740271
v 0.195634 -2.702868 0.587889
v 0.290172 -2.937099 0.589734
v 0.458568 -2.700639 0.602640
v 0.332686 -2.468885 0.704520
v 0.456354 -3.141372 0.430323
v 0.217295 -3.144265 0.420205
v 0.532078 -2.272089 0.657431
v 0.174654 -2.276278 0.643703
v -0.000000 -0.832738 0.726133
v 0.226947 -1.189769 0.735057
v 0.448598 -1.172670 0.586403
v 0.340854 -1.020284 0.685575
v 0.109353 -1.027318 0.731107
v 0.252146 -3.724619 0.333314
v 0.404753 -4.471676 0.327840
v 0.345631 -4.103585 0.366495
v 0.000000 -1.197680 0.764544
v 0.210190 -1.492215 0.733037
v 0.531361 -1.458176 0.627858
v 0.359725 -1.330077 0.695968
v 0.101497 -1.355663 0.768042
v 0.542304 -1.951021 0.668321
v 0.163521 -1.753695 0.647564
v 0.321180 -1.787605 0.746519
v 0.120408 -1.919168 0.403020
v 0.101097 -1.821947 0.368889
v 0.757822 0.331546 0.252093
v 1.052230 -0.131982 0.283253
v 0.586587 -3.399402 0.180408
v 0.465073 -4.106799 0.222774
v 0.129390 0.867285 0.237559
v 1.125905 -0.714845 0.268809
v 0.857189 -0.305521 0.301898
v 0.435827 -0.971747 0.424911
v 0.557665 -1.325199 0.400454
v 0.436202 -0.574628 0.431744
v 1.805532 -1.448299 0.353209
v 1.763898 -1.476724 0.354667
v 0.130783 -2.127633 0.433864
v 1.296275 -0.606603 0.251173
v 1.548329 -0.998666 0.307762
v 0.236538 0.619408 0.237965
v 1.397867 -1.098662 0.312963
v 0.232602 -4.106490 0.219291
v 0.187247 -3.398361 0.186637
v 0.173009 -2.939641 0.335789
v 0.154468 -2.467935 0.439505
v 0.384885 -4.723297 0.286560
v 0.539917 -0.085934 0.384445
v 0.581552 -2.468889 0.457577
v 0.485830 -2.935121 0.348444
v 0.000038 -1.826371 0.367211
v 0.676565 -0.018598 0.325155
v 0.663841 -1.531881 0.405659
v 0.513270 0.515636 0.238206
v 0.633687 -2.124949 0.448047
v 0.669815 -1.859141 0.420742
v 0.282258 -4.724306 0.284590
v -0.094268 0.567020 0.024698
v -0.115157 0.915401 0.163370
v -0.111728 0.795997 0.149009
v -0.064864 0.872450 0.120524
v -0.218189 0.367233 -0.001511
v -0.500630 0.266080 0.065783
v -0.364667 0.498841 0.090427
v -0.463421 -1.721796 0.027242
v -0.210120 -0.730846 0.192388
v -0.380335 -0.746579 0.311602
v -0.320777 -0.541399 0.189696
v -0.110050 -0.533546 0.166731
v -0.219181 -0.241173 0.071529
v -0.428572 -0.302578 0.222067
v -0.104558 0.112889 -0.026694
v -0.349333 0.048272 0.054801
v -0.727005 0.148191 0.095669
v -1.203362 -0.668200 0.114561
v -0.880098 0.080754 0.154032
v -1.024989 -0.492144 0.174370
v -1.787454 -1.460364 0.272692
v -1.371152 -0.806222 0.177085
v -1.611788 -1.297746 0.260198
v -1.675206 -1.255847 0.257184
v -1.272818 -0.876751 0.185729
v -1.465875 -1.053364 0.182210
v -1.142187 -0.409097 0.165473
v -0.782376 -0.097656 0.182017
v -0.946823 -0.226548 0.146480
v -0.631012 -1.694087 0.177703
v -0.333354 -4.723168 0.226036
v -0.277847 -4.472236 0.176224
v -0.475160 -3.739477 0.046660
v -0.349297 -3.410137 -0.063019
v -0.242872 -2.050553 0.204578
v -0.416827 -2.156139 0.161993
v -0.236542 -2.707061 0.240453
v -0.333021 -2.942257 0.084231
v -0.485168 -2.707488 0.253570
v -0.387882 -2.476825 0.206866
v -0.459072 -3.144238 0.016483
v -0.210352 -3.153548 0.044652
v -0.558948 -2.290016 0.265767
v -0.236140 -2.290718 0.257120
v -0.204303 -1.158287 0.048548
v -0.433608 -1.148732 0.207514
v -0.306839 -0.935865 0.201743
v -0.101188 -0.945061 0.138625
v -0.248727 -3.734416 0.057850
v -0.403901 -4.471159 0.178758
v -0.346472 -4.109481 0.077245
v -0.217774 -1.611567 -0.075762
v -0.562276 -1.506907 0.130259
v -0.374527 -1.361137 0.008037
v -0.092101 -1.413598 -0.076303
v -0.597008 -2.014868 0.215305
v -0.262301 -1.823183 0.148509
v -0.436296 -1.927270 0.097448
v -0.097981 0.567643 0.448987
v -0.110457 0.903521 0.317867
v -0.109201 0.791894 0.318867
v -0.060596 0.860661 0.348986
v -0.075021 -1.689461 0.647370
v -0.233497 0.353865 0.558949
v -0.518367 0.284362 0.542917
v -0.369289 0.512362 0.414912
v -0.354145 -1.624694 0.725918
v -0.226126 -0.829940 0.714759
v -0.407491 -0.813125 0.601568
v -0.345305 -0.595833 0.700813
v -0.116189 -0.588572 0.739454
v -0.250283 -0.281455 0.788735
v -0.483059 -0.323543 0.606463
v -0.116102 0.094308 0.726012
v -0.404153 0.034344 0.704047
v -0.714512 0.169284 0.492727
v -1.192262 -0.671110 0.462243
v -0.886667 0.100759 0.417767
v -1.015234 -0.497750 0.383169
v -1.776069 -1.470088 0.435347
v -1.395530 -0.795934 0.415101
v -1.601045 -1.305025 0.434927
v -1.670395 -1.259386 0.434503
v -1.252252 -0.892033 0.402108
v -1.459689 -1.054569 0.472929
v -1.170160 -0.400823 0.386416
v -0.762563 -0.096041 0.450403
v -0.954500 -0.218681 0.477894
v -0.546519 -1.616135 0.667745
v -0.333775 -4.723973 0.345554
v -0.278074 -4.472970 0.324650
v -0.470814 -3.728002 0.341937
v -0.358903 -3.392725 0.429040
v -0.147234 -1.955896 0.662891
v -0.335193 -2.102421 0.740271
v -0.195634 -2.702868 0.587889
v -0.290172 -2.937099 0.589734
v -0.458568 -2.700639 0.602640
v -0.332686 -2.468885 0.704520
v -0.456354 -3.141372 0.430323
v -0.217295 -3.144265 0.420205
v -0.532078 -2.272089 0.657432
v -0.174654 -2.276278 0.643703
v -0.226943 -1.189777 0.735080
v -0.448598 -1.172670 0.586403
v -0.340854 -1.020284 0.685575
v -0.109353 -1.027318 0.731107
v -0.252146 -3.724619 0.333314
v -0.404753 -4.471677 0.327840
v -0.345631 -4.103585 0.366495
v -0.210104 -1.492480 0.733629
v -0.531358 -1.458191 0.627877
v -0.359707 -1.330110 0.696059
v -0.101468 -1.355816 0.768495
v -0.542304 -1.951022 0.668321
v -0.157098 -1.772907 0.639481
v -0.321161 -1.787578 0.746515
v -0.120423 -1.919286 0.403043
v -0.101017 -1.821906 0.368721
v -0.757822 0.331546 0.252093
v -1.052230 -0.131982 0.283253
v -0.586587 -3.399402 0.180408
v -0.465073 -4.106799 0.222774
v -0.129390 0.867285 0.237559
v -1.125905 -0.714845 0.268809
v -0.857189 -0.305521 0.301898
v -0.435827 -0.971747 0.424911
v -0.557665 -1.325199 0.400454
v -0.436203 -0.574628 0.431744
v -1.805532 -1.448299 0.353209
v -1.763898 -1.476724 0.354667
v -0.130783 -2.127633 0.433864
v -1.296276 -0.606603 0.251173
v -1.548329 -0.998666 0.307762
v -0.236538 0.619408 0.237965
v -1.397867 -1.098662 0.312963
v -0.232605 -4.106489 0.219291
v -0.187247 -3.398361 0.186637
v -0.173009 -2.939641 0.335789
v -0.154468 -2.467935 0.439505
v -0.384885 -4.723297 0.286560
v -0.539917 -0.085934 0.384445
v -0.581552 -2.468889 0.457577
v -0.485830 -2.935121 0.348444
v -0.676564 -0.018598 0.325155
v -0.663841 -1.531881 0.405659
v -0.513270 0.515636 0.238206
v -0.633687 -2.124949 0.448047
v -0.669816 -1.859141 0.420742
v -0.282258 -4.724306 0.284590
v 0.066193 1.101009 0.134248
v 0.060411 0.937778 0.352714
v 0.131837 1.018619 0.244194
v -0.066193 1.101009 0.134248
v -0.060411 0.937778 0.352714
v -0.131837 1.018619 0.244194
v 0.141578 0.669333 0.121245
v 0.000000 0.665105 0.054677
v 0.142201 0.671733 0.346281
v 0.000000 0.668768 0.390989
v -0.141578 0.669333 0.121245
v -0.142201 0.671733 0.346281
v -0.136293 0.729462 0.234768
v -0.066681 0.727865 0.363562
v -0.067715 0.728369 0.091739
v 0.136293 0.729462 0.234768
v 0.066681 0.727865 0.363562
v 0.067715 0.728369 0.091739
v 0.066127 0.918164 0.128019
v 0.064072 0.796584 0.108022
v 0.093766 -1.672092 -0.052066
v 0.402661 -1.545412 -0.022301
v 0.333531 -0.270133 0.115723
v 0.107713 -0.228707 0.055121
v 0.101532 0.385097 -0.025664
v 0.358936 0.318046 0.032446
v 1.079423 -0.452905 0.134831
v 1.645303 -1.280318 0.226228
v 1.319577 -0.843747 0.145967
v 0.832031 -0.010607 0.123245
v 0.340490 -4.475575 0.150360
v 0.427550 -2.038087 0.131158
v 0.363956 -2.709812 0.183297
v 0.321470 -3.151647 -0.038166
v 0.403439 -2.294987 0.192278
v 0.306245 -0.733473 0.230617
v 0.105848 -0.732880 0.175707
v 0.354924 -3.738971 -0.003566
v 0.332008 -1.147985 0.094152
v 0.092832 -1.172767 0.037465
v 0.463785 -1.789615 0.083214
v 0.061246 0.901318 0.349944
v 0.061428 0.790739 0.353072
v 0.088097 -1.517384 0.751630
v 0.362685 -1.467405 0.717453
v 0.392815 -0.305160 0.733899
v 0.119005 -0.266182 0.803103
v 0.109759 0.370338 0.559793
v 0.378913 0.319946 0.557209
v 1.086210 -0.453200 0.439997
v 1.634544 -1.287610 0.470477
v 1.313344 -0.851600 0.465421
v 0.826526 0.004577 0.493094
v 0.341194 -4.476387 0.354902
v 0.318915 -1.928574 0.755838
v 0.316618 -2.701097 0.661324
v 0.325524 -3.141832 0.492012
v 0.339135 -2.274253 0.725994
v 0.333359 -0.827065 0.688791
v 0.113492 -0.831744 0.723418
v 0.356195 -3.724254 0.390494
v 0.350703 -1.181579 0.686497
v 0.105526 -1.195813 0.757472
v 0.326749 -1.678146 0.732394
v 0.108500 -1.860285 0.392992
v 0.904432 0.126402 0.273826
v 0.523094 -3.734582 0.196621
v 0.131689 0.910146 0.241005
v 1.001859 -0.507562 0.272324
v 0.483273 -1.161150 0.405523
v 0.418433 -0.774247 0.440865
v 1.825524 -1.537665 0.355336
v 0.123584 -2.010047 0.420556
v 1.410285 -0.781037 0.281525
v 0.128322 0.794583 0.235143
v 1.598831 -1.310976 0.346957
v 0.212963 -3.728712 0.196423
v 0.171268 -2.703429 0.410537
v 1.689504 -1.251222 0.344484
v 0.427750 -4.475636 0.253998
v 0.478090 -0.324622 0.411099
v 1.245406 -0.895204 0.286661
v 0.524226 -2.702773 0.428460
v 0.064996 -1.821384 0.367857
v 1.183447 -0.386530 0.263480
v 0.530559 -3.141055 0.229339
v 0.750775 -0.131198 0.311506
v 0.641140 -1.467963 0.395174
v 0.175289 -3.149140 0.233321
v 0.614326 -2.279139 0.458800
v 0.369042 0.566479 0.238730
v 0.696229 -1.618387 0.423108
v 0.137101 -2.277102 0.442917
v 0.329765 -4.745615 0.300541
v 0.649202 -1.986438 0.435411
v 0.254671 -4.477318 0.250116
v -0.066127 0.918164 0.128019
v -0.064072 0.796584 0.108022
v -0.093766 -1.672091 -0.052066
v -0.402661 -1.545412 -0.022301
v -0.333531 -0.270134 0.115723
v -0.107713 -0.228707 0.055121
v -0.101532 0.385097 -0.025664
v -0.358936 0.318046 0.032446
v -1.079423 -0.452905 0.134831
v -1.645303 -1.280318 0.226228
v -1.319577 -0.843747 0.145967
v -0.832031 -0.010607 0.123245
v -0.340490 -4.475575 0.150360
v -0.427550 -2.038087 0.131158
v -0.363956 -2.709812 0.183297
v -0.321470 -3.151646 -0.038166
v -0.403439 -2.294987 0.192278
v -0.306239 -0.733547 0.230845
v -0.105912 -0.733233 0.176867
v -0.354924 -3.738971 -0.003566
v -0.331980 -1.147964 0.094145
v -0.092889 -1.172709 0.037508
v -0.463785 -1.789615 0.083214
v -0.061246 0.901318 0.349944
v -0.061428 0.790739 0.353072
v -0.088144 -1.517936 0.752736
v -0.362652 -1.467482 0.717625
v -0.392815 -0.305160 0.733899
v -0.119004 -0.266183 0.803102
v -0.109759 0.370338 0.559793
v -0.378913 0.319946 0.557209
v -1.086210 -0.453199 0.439997
v -1.634544 -1.287610 0.470477
v -1.313344 -0.851600 0.465421
v -0.826526 0.004577 0.493094
v -0.341194 -4.476387 0.354902
v -0.318915 -1.928573 0.755838
v -0.316618 -2.701097 0.661323
v -0.325524 -3.141832 0.492012
v -0.339135 -2.274253 0.725994
v -0.333359 -0.827066 0.688791
v -0.113492 -0.831744 0.723418
v -0.356195 -3.724254 0.390494
v -0.350701 -1.181581 0.686502
v -0.105524 -1.195819 0.757489
v -0.326707 -1.678120 0.732390
v -0.108544 -1.860390 0.392941
v -0.904432 0.126402 0.273826
v -0.523094 -3.734582 0.196621
v -0.131689 0.910146 0.241005
v -1.001859 -0.507562 0.272324
v -0.483273 -1.161150 0.405523
v -0.418433 -0.774247 0.440865
v -1.825524 -1.537665 0.355336
v -0.123586 -2.010047 0.420557
v -1.410285 -0.781037 0.281525
v -0.128322 0.794583 0.235143
v -1.598831 -1.310976 0.346957
v -0.212964 -3.728711 0.196423
v -0.171268 -2.703429 0.410537
v -1.689504 -1.251221 0.344484
v -0.427750 -4.475636 0.253998
v -0.478090 -0.324622 0.411099
v -1.245406 -0.895205 0.286661
v -0.524226 -2.702773 0.428460
v -0.064962 -1.821392 0.367834
v -1.183447 -0.386530 0.263480
v -0.530559 -3.141055 0.229339
v -0.750775 -0.131198 0.311506
v -0.641140 -1.467963 0.395174
v -0.175289 -3.149140 0.233321
v -0.614326 -2.279139 0.458800
v -0.369042 0.566479 0.238730
v -0.696229 -1.618387 0.423108
v -0.137101 -2.277102 0.442917
v -0.329765 -4.745615 0.300541
v -0.649202 -1.986438 0.435411
v -0.254674 -4.477317 0.250116
v -0.164286 0.674860 0.235792
v -0.079427 0.669086 0.387849
v -0.079009 0.665802 0.066307
v 0.164286 0.674860 0.235792
v 0.079427 0.669086 0.387849
v 0.079009 0.665802 0.066307
v 0.594664 0.401232 0.100108
v 0.676922 0.343313 0.109289
v 0.614737 0.388995 0.101861
v 0.636220 0.374395 0.104122
v 0.657517 0.358873 0.106635
v 0.647589 0.051905 0.172701
v 0.565050 0.047175 0.169591
v 0.627803 0.055386 0.172491
v 0.606346 0.055435 0.171832
v 0.584876 0.052926 0.170875
v 0.665576 0.370694 0.407332
v 0.582851 0.431626 0.410793
v 0.646169 0.387119 0.408010
v 0.624783 0.403465 0.408867
v 0.603149 0.418808 0.409812
v 0.591857 0.042882 0.543236
v 0.657454 0.051439 0.488987
v 0.606964 0.050689 0.528937
v 0.623846 0.054509 0.514475
v 0.641079 0.055140 0.500722
v -0.676922 0.343313 0.109289
v -0.594664 0.401232 0.100108
v -0.657517 0.358873 0.106635
v -0.636220 0.374395 0.104122
v -0.614737 0.388995 0.101861
v -0.565050 0.047175 0.169591
v -0.647589 0.051905 0.172701
v -0.584876 0.052926 0.170875
v -0.606346 0.055435 0.171832
v -0.627803 0.055386 0.172491
v -0.582851 0.431626 0.410793
v -0.665576 0.370694 0.407332
v -0.603149 0.418808 0.409812
v -0.624783 0.403465 0.408867
v -0.646169 0.387119 0.408010
v -0.657454 0.051439 0.488987
v -0.591857 0.042882 0.543236
v -0.641079 0.055140 0.500723
v -0.623846 0.054509 0.514475
v -0.606964 0.050689 0.528937
v 0.661927 0.197169 0.086201
v 0.578603 0.241304 0.075168
v 0.642151 0.209532 0.083473
v 0.620545 0.221500 0.080582
v 0.598817 0.232485 0.077736
v 0.660845 0.217122 0.505133
v 0.579015 0.265232 0.526089
v 0.641667 0.230849 0.509846
v 0.620517 0.243965 0.515208
v 0.599111 0.255869 0.520746
v 0.594278 0.473181 0.239514
v 0.676397 0.411907 0.244052
v 0.614350 0.460182 0.240272
v 0.635805 0.444723 0.241359
v 0.657056 0.428315 0.242632
v 0.649421 -0.006653 0.335977
v 0.580526 -0.030549 0.365488
v 0.631974 -0.006332 0.343211
v 0.613804 -0.010868 0.350928
v 0.596142 -0.018760 0.358560
v -0.661927 0.197169 0.086201
v -0.578603 0.241304 0.075168
v -0.642151 0.209532 0.083473
v -0.620545 0.221500 0.080582
v -0.598817 0.232485 0.077736
v -0.660845 0.217122 0.505133
v -0.579015 0.265233 0.526089
v -0.641667 0.230849 0.509846
v -0.620517 0.243965 0.515208
v -0.599111 0.255869 0.520746
v -0.594278 0.473181 0.239514
v -0.676397 0.411907 0.244052
v -0.614350 0.460182 0.240272
v -0.635805 0.444723 0.241359
v -0.657056 0.428315 0.242632
v -0.649421 -0.006653 0.335976
v -0.580526 -0.030549 0.365488
v -0.631974 -0.006332 0.343211
v -0.613804 -0.010868 0.350928
v -0.596143 -0.018760 0.358560
v -1.111610 -0.630136 0.163720
v -1.068329 -0.561189 0.169035
v -1.100790 -0.612899 0.165048
v -1.089969 -0.595662 0.166377
v -1.079149 -0.578425 0.167706
v -1.179824 -0.484808 0.158091
v -1.216028 -0.557626 0.151006
v -1.188875 -0.503012 0.156319
v -1.197926 -0.521217 0.154547
v -1.206976 -0.539421 0.152776
v -1.052954 -0.568598 0.386816
v -1.091186 -0.640401 0.390526
v -1.062512 -0.586549 0.387743
v -1.072070 -0.604499 0.388670
v -1.081627 -0.622450 0.389598
v -1.247424 -0.543723 0.400238
v -1.208790 -0.472272 0.393320
v -1.237765 -0.525860 0.398507
v -1.228106 -0.507997 0.396778
v -1.218447 -0.490135 0.395049
v -1.121179 -0.525443 0.127989
v -1.161599 -0.595657 0.121379
v -1.131283 -0.542996 0.126335
v -1.141388 -0.560550 0.124683
v -1.151494 -0.578103 0.123031
v -1.121467 -0.525652 0.447381
v -1.156995 -0.598652 0.454834
v -1.130349 -0.543902 0.449243
v -1.139231 -0.562151 0.451106
v -1.148113 -0.580402 0.452970
v -1.042939 -0.576211 0.271149
v -1.084818 -0.646191 0.269962
v -1.053409 -0.593706 0.270851
v -1.063879 -0.611201 0.270554
v -1.074348 -0.628695 0.270258
v -1.221397 -0.460560 0.259326
v -1.258315 -0.532566 0.255300
v -1.230626 -0.478562 0.258319
v -1.239856 -0.496564 0.257312
v -1.249085 -0.514565 0.256306
v 1.068329 -0.561189 0.169035
v 1.111610 -0.630136 0.163720
v 1.079149 -0.578425 0.167706
v 1.089969 -0.595662 0.166377
v 1.100790 -0.612899 0.165048
v 1.216028 -0.557626 0.151006
v 1.179824 -0.484808 0.158092
v 1.206976 -0.539421 0.152776
v 1.197926 -0.521217 0.154547
v 1.188875 -0.503012 0.156319
v 1.091186 -0.640401 0.390526
v 1.052954 -0.568598 0.386816
v 1.081627 -0.622450 0.389597
v 1.072070 -0.604499 0.388669
v 1.062512 -0.586549 0.387742
v 1.208790 -0.472272 0.393320
v 1.247424 -0.543723 0.400238
v 1.218447 -0.490135 0.395049
v 1.228106 -0.507997 0.396778
v 1.237765 -0.525860 0.398507
v 1.121179 -0.525443 0.127989
v 1.161599 -0.595657 0.121379
v 1.131283 -0.542995 0.126335
v 1.141388 -0.560550 0.124683
v 1.151494 -0.578103 0.123030
v 1.121467 -0.525652 0.447381
v 1.156995 -0.598652 0.454834
v 1.130349 -0.543902 0.449243
v 1.139231 -0.562151 0.451106
v 1.148113 -0.580402 0.452970
v 1.042939 -0.576211 0.271149
v 1.084818 -0.646191 0.269962
v 1.053409 -0.593706 0.270851
v 1.063879 -0.611201 0.270554
v 1.074348 -0.628695 0.270258
v 1.258315 -0.532567 0.255300
v 1.221397 -0.460560 0.259326
v 1.249085 -0.514565 0.256306
v 1.239856 -0.496564 0.257312
v 1.230626 -0.478562 0.258319
v 0.209609 -1.808496 0.186760
v 0.252586 -1.703534 -0.011785
v 0.399220 -1.748037 0.035885
v 0.233942 -1.790993 0.131488
v 0.247441 -1.765640 0.077958
v 0.254450 -1.736640 0.028759
v 0.000001 -1.830175 0.223889
v 0.000000 -1.739312 0.006727
v 0.000001 -1.817298 0.163718
v 0.000001 -1.795610 0.106385
v 0.000001 -1.769419 0.053017
v -0.252586 -1.703534 -0.011785
v -0.209611 -1.808497 0.186760
v -0.399220 -1.748037 0.035885
v -0.254450 -1.736640 0.028759
v -0.247441 -1.765640 0.077958
v -0.233942 -1.790993 0.131488
v 0.112459 -1.731894 0.005081
v 0.103805 -1.823176 0.217838
v 0.116715 -1.762096 0.050050
v 0.116203 -1.788189 0.102360
v 0.112173 -1.809870 0.158662
v -0.103806 -1.823176 0.217839
v -0.112459 -1.731894 0.005082
v -0.112173 -1.809871 0.158662
v -0.116203 -1.788188 0.102361
v -0.116715 -1.762096 0.050050
v 0.000056 2.012375 0.115328
v 0.000000 1.692180 -0.123543
v -0.000081 1.459558 -0.031780
v 0.000000 0.911591 0.405763
v 0.000000 0.862582 0.578964
v 0.082799 1.978918 0.010468
v 0.170925 1.889686 -0.074648
v 0.237077 1.700063 -0.096117
v 0.247603 1.466810 -0.013295
v 0.226073 1.242473 0.113525
v 0.175163 1.046976 0.256718
v 0.077119 0.909749 0.419298
v 0.147956 1.967994 0.053268
v 0.302595 1.885546 0.004857
v 0.442202 1.726353 -0.011402
v 0.481929 1.495345 0.054054
v 0.444491 1.257576 0.172059
v 0.341856 1.052735 0.309893
v 0.121682 0.898373 0.461283
v 0.183675 1.966267 0.101371
v 0.382926 1.897675 0.096689
v 0.581142 1.773508 0.110179
v 0.641421 1.549317 0.183053
v 0.603144 1.299587 0.288294
v 0.464897 1.079571 0.400833
v 0.158353 0.888356 0.522752
v 0.189512 1.972172 0.145989
v 0.400314 1.917338 0.188252
v 0.636784 1.833520 0.249222
v 0.713203 1.618050 0.341392
v 0.674764 1.356062 0.436586
v 0.519348 1.114963 0.513269
v 0.205082 0.920427 0.577770
v 0.170368 1.981962 0.183940
v 0.354530 1.930350 0.270954
v 0.545147 1.846626 0.382136
v 0.709330 1.701190 0.510545
v 0.668195 1.410882 0.591511
v 0.502825 1.142068 0.627927
v 0.211312 0.955520 0.630073
v 0.133789 1.991844 0.213731
v 0.284226 1.950802 0.336712
v 0.446334 1.889255 0.495239
v 0.596254 1.773753 0.664018
v 0.562089 1.433748 0.720697
v 0.408112 1.151980 0.722493
v 0.171524 0.979176 0.674105
v 0.074838 1.991929 0.234360
v 0.157072 1.944469 0.381934
v 0.256961 1.880134 0.567393
v 0.315185 1.728607 0.737751
v 0.320097 1.424061 0.779176
v 0.224129 1.154761 0.773879
v 0.096998 0.995532 0.699133
v -0.000322 1.990413 0.242083
v -0.001223 1.939963 0.398297
v -0.000093 1.873370 0.591928
v 0.001551 1.697950 0.745037
v 0.004064 1.430926 0.749799
v 0.001359 1.186127 0.748869
v 0.000028 1.001922 0.706013
v -0.075599 1.992639 0.233783
v -0.157751 1.943912 0.381936
v -0.256812 1.879640 0.567251
v -0.314253 1.728600 0.739336
v -0.315696 1.423712 0.780364
v -0.222196 1.154874 0.774040
v -0.097020 0.995510 0.699228
v -0.134346 1.992764 0.213071
v -0.285036 1.949879 0.336953
v -0.446488 1.889049 0.495347
v -0.596340 1.773809 0.664355
v -0.562112 1.433628 0.721915
v -0.408169 1.151872 0.723087
v -0.171580 0.979152 0.674153
v -0.170671 1.983007 0.183294
v -0.354922 1.929839 0.271081
v -0.545209 1.846287 0.382234
v -0.709330 1.701190 0.510545
v -0.668235 1.410877 0.591553
v -0.502849 1.142061 0.627957
v -0.211312 0.955520 0.630073
v -0.189626 1.973007 0.145499
v -0.400501 1.917186 0.188269
v -0.636784 1.833519 0.249222
v -0.713203 1.618050 0.341392
v -0.674764 1.356062 0.436586
v -0.519349 1.114963 0.513269
v -0.205082 0.920427 0.577770
v -0.183699 1.967143 0.100861
v -0.383001 1.897827 0.096582
v -0.581142 1.773508 0.110179
v -0.641421 1.549317 0.183053
v -0.603144 1.299587 0.288294
v -0.464897 1.079571 0.400833
v -0.158353 0.888356 0.522752
v -0.147943 1.969622 0.052294
v -0.302614 1.885924 0.004626
v -0.442202 1.726353 -0.011402
v -0.481907 1.495356 0.054088
v -0.444472 1.257617 0.172110
v -0.341853 1.052755 0.309906
v -0.121682 0.898373 0.461283
v -0.082598 1.982345 0.008338
v -0.170887 1.891711 -0.077213
v -0.237077 1.700063 -0.096117
v -0.247653 1.466846 -0.013208
v -0.226201 1.242560 0.113634
v -0.175212 1.046993 0.256731
v -0.077119 0.909749 0.419298
v 0.000324 1.988170 -0.007343
v 0.001081 1.873007 -0.078277
v -0.000032 1.243786 0.097174
v 0.000000 1.174514 0.124214
v 0.140588 1.048224 0.257755
v 0.000000 0.955522 0.374719
v -0.140657 1.048243 0.257767
v 0.070518 1.157533 0.141695
v -0.070589 1.157542 0.141701
v 0.115850 0.998252 0.318374
v 0.124321 1.109412 0.190867
v -0.063988 0.966791 0.359700
v 0.063959 0.966786 0.359689
v -0.124414 1.109416 0.190898
v -0.115901 0.998269 0.318381
v 0.109905 0.932332 0.319031
v 0.115076 0.995306 0.165565
v 0.000000 1.012478 0.125521
v -0.115076 0.995306 0.165565
v -0.109905 0.932332 0.319031
v 0.000000 0.918666 0.355291
v 0.131510 0.964283 0.242565
v -0.066082 1.009702 0.130994
v -0.131510 0.964283 0.242565
v -0.060743 0.919496 0.351332
v 0.066082 1.009702 0.130994
v 0.060743 0.919496 0.351332
vn 0.4435 0.5803 -0.6831
vn -0.0000 0.3264 -0.9452
vn 0.8481 0.0449 -0.5279
vn -0.0000 0.1679 -0.9858
vn 0.3130 0.5701 -0.7596
vn 0.8217 0.0875 -0.5631
vn 0.1659 -0.2215 -0.9609
vn -0.0015 -0.1930 -0.9812
vn 0.8520 -0.1865 -0.4893
vn 0.2423 -0.1135 -0.9635
vn 0.5886 -0.3992 -0.7030
vn -0.0000 -0.1159 -0.9933
vn 0.5995 0.4054 -0.6902
vn -0.4930 -0.5851 -0.6439
vn 0.6065 0.3295 -0.7236
vn -0.6701 -0.4492 -0.5909
vn 0.8225 0.3688 -0.4330
vn -0.6000 -0.6652 -0.4444
vn 0.6813 0.3411 -0.6476
vn -0.5959 -0.5755 -0.5601
vn 0.6162 0.3161 -0.7214
vn -0.6774 -0.4104 -0.6105
vn -0.6880 -0.3651 -0.6271
vn 0.6884 -0.3968 -0.6071
vn 0.7012 0.0069 -0.7129
vn -0.8089 -0.0599 -0.5848
vn 0.7701 -0.2124 -0.6016
vn -0.6650 -0.1441 -0.7328
vn -0.7815 0.2838 -0.5556
vn -0.6974 0.0080 -0.7166
vn 0.7809 -0.1284 -0.6113
vn 0.7713 0.2855 -0.5689
vn -0.0046 0.2912 -0.9567
vn 0.2407 0.2977 -0.9238
vn 0.8602 0.2227 -0.4588
vn -0.7619 -0.1337 -0.6338
vn 0.7351 -0.1881 -0.6513
vn -0.0000 0.1452 -0.9894
vn 0.1542 0.2483 -0.9563
vn 0.7938 0.3860 -0.4699
vn 0.7838 -0.1814 -0.5939
vn -0.6383 -0.1588 -0.7533
vn 0.3363 0.7124 0.6160
vn -0.0000 0.5019 0.8649
vn 0.8214 -0.0167 0.5701
vn -0.0000 0.0166 0.9999
vn -0.2246 -0.3189 0.9208
vn 0.0034 -0.7608 0.6490
vn 0.3383 0.7688 0.5427
vn 0.6241 0.2101 0.7525
vn 0.1739 -0.1265 0.9766
vn -0.0000 -0.1292 0.9916
vn 0.9260 -0.1378 0.3514
vn 0.1528 0.3373 0.9289
vn 0.8007 -0.0740 0.5945
vn -0.0000 0.3765 0.9264
vn 0.6546 0.5628 0.5047
vn -0.3129 -0.5472 0.7763
vn 0.6911 0.4375 0.5753
vn -0.7816 -0.4509 0.4310
vn 0.7830 0.3590 0.5080
vn -0.6442 -0.6754 0.3589
vn 0.6898 0.4478 0.5689
vn -0.7027 -0.5521 0.4488
vn 0.7400 0.3710 0.5610
vn -0.6373 -0.4831 0.6004
vn -0.7349 -0.1974 0.6488
vn 0.7153 -0.2468 0.6538
vn 0.7437 -0.0639 0.6655
vn -0.8010 -0.1415 0.5817
vn 0.6882 -0.0591 0.7231
vn -0.8108 -0.0938 0.5777
vn -0.8280 -0.2287 0.5120
vn -0.8040 -0.1117 0.5841
vn 0.6809 -0.1971 0.7054
vn 0.6853 -0.2736 0.6749
vn -0.0000 0.1028 0.9947
vn 0.2025 0.0560 0.9777
vn 0.9010 0.0956 0.4232
vn -0.7742 -0.0349 0.6320
vn 0.7359 -0.0801 0.6724
vn 0.0027 -0.0184 0.9998
vn 0.2302 0.0155 0.9730
vn 0.7658 0.3052 0.5660
vn 0.6558 -0.0142 0.7548
vn -0.8153 0.0767 0.5740
vn -0.4435 0.5803 -0.6831
vn -0.8481 0.0449 -0.5279
vn -0.3130 0.5701 -0.7596
vn -0.8217 0.0875 -0.5631
vn -0.1647 -0.2233 -0.9607
vn -0.8518 -0.1867 -0.4894
vn -0.2423 -0.1135 -0.9635
vn -0.5886 -0.3992 -0.7030
vn -0.5995 0.4054 -0.6902
vn 0.4930 -0.5851 -0.6439
vn -0.6065 0.3295 -0.7236
vn 0.6701 -0.4492 -0.5909
vn -0.8225 0.3688 -0.4330
vn 0.6000 -0.6652 -0.4444
vn -0.6813 0.3411 -0.6476
vn 0.5959 -0.5755 -0.5601
vn -0.6162 0.3161 -0.7214
vn 0.6774 -0.4104 -0.6105
vn 0.6880 -0.3651 -0.6271
vn -0.6884 -0.3968 -0.6071
vn -0.7012 0.0069 -0.7129
vn 0.8089 -0.0599 -0.5848
vn -0.7701 -0.2124 -0.6016
vn 0.6650 -0.1441 -0.7328
vn 0.7815 0.2838 -0.5556
vn 0.6974 0.0080 -0.7166
vn -0.7809 -0.1284 -0.6113
vn -0.7713 0.2855 -0.5689
vn -0.2372 0.2994 -0.9242
vn -0.8599 0.2229 -0.4592
vn 0.7619 -0.1337 -0.6338
vn -0.7351 -0.1881 -0.6513
vn -0.1542 0.2483 -0.9563
vn -0.7938 0.3860 -0.4699
vn -0.7838 -0.1814 -0.5939
vn 0.6383 -0.1588 -0.7533
vn -0.3363 0.7124 0.6160
vn -0.8214 -0.0167 0.5701
vn 0.2226 -0.3292 0.9176
vn -0.3383 0.7688 0.5427
vn -0.6240 0.2099 0.7527
vn -0.1739 -0.1265 0.9766
vn -0.9260 -0.1378 0.3514
vn -0.1528 0.3373 0.9289
vn -0.8007 -0.0740 0.5945
vn -0.6546 0.5628 0.5047
vn 0.3129 -0.5472 0.7763
vn -0.6911 0.4375 0.5753
vn 0.7816 -0.4509 0.4310
vn -0.7830 0.3590 0.5080
vn 0.6442 -0.6754 0.3589
vn -0.6898 0.4478 0.5689
vn 0.7027 -0.5521 0.4488
vn -0.7400 0.3710 0.5610
vn 0.6373 -0.4831 0.6004
vn 0.7349 -0.1974 0.6488
vn -0.7153 -0.2468 0.6538
vn -0.7437 -0.0639 0.6655
vn 0.8010 -0.1415 0.5817
vn -0.6882 -0.0591 0.7231
vn 0.8108 -0.0938 0.5777
vn 0.8280 -0.2287 0.5120
vn 0.8040 -0.1117 0.5841
vn -0.6809 -0.1971 0.7054
vn -0.6853 -0.2736 0.6749
vn -0.2025 0.0560 0.9777
vn -0.9010 0.0956 0.4232
vn 0.7742 -0.0349 0.6320
vn -0.7359 -0.0801 0.6724
vn -0.2314 0.0173 0.9727
vn -0.7659 0.3053 0.5659
vn -0.6558 -0.0142 0.7548
vn 0.8016 0.0829 0.5921
vn 0.8052 0.0237 -0.5925
vn -0.0000 0.0252 -0.9997
vn 0.8259 -0.1004 0.5547
vn -0.0000 -0.2774 0.9608
vn -0.8049 0.0231 -0.5929
vn -0.8260 -0.1009 0.5545
vn 0.8227 0.3136 -0.4741
vn -0.0000 0.3258 -0.9455
vn 0.7838 0.3368 0.5217
vn -0.0000 0.2769 0.9609
vn -0.8227 0.3136 -0.4741
vn -0.7838 0.3368 0.5217
vn 0.2484 0.3708 -0.8949
vn 0.8472 0.0252 -0.5306
vn -0.0000 0.1002 -0.9950
vn 0.8582 0.1108 -0.5013
vn -0.0000 0.2093 -0.9778
vn 0.3715 0.1376 -0.9182
vn 0.2771 0.1650 -0.9466
vn -0.0000 -0.4666 -0.8845
vn 0.2387 -0.0575 -0.9694
vn 0.3251 0.6165 -0.7171
vn 0.4395 -0.3369 -0.8327
vn 0.2320 0.0113 -0.9727
vn -0.0000 -0.2915 -0.9566
vn 0.8759 -0.0328 -0.4814
vn 0.4972 -0.2274 -0.8373
vn 0.0423 -0.2019 -0.9785
vn 0.1929 -0.2583 -0.9466
vn 0.8241 -0.2289 -0.5181
vn -0.0000 0.1334 -0.9911
vn 0.1173 -0.1086 -0.9871
vn 0.3955 -0.1787 -0.9009
vn 0.0676 -0.1535 -0.9858
vn -0.0637 -0.0852 -0.9943
vn 0.6585 0.3198 -0.6813
vn -0.6880 -0.3884 -0.6130
vn 0.3440 -0.4495 -0.8244
vn 0.6535 0.3165 -0.6876
vn -0.5915 -0.6321 -0.5005
vn 0.7449 0.3908 -0.5407
vn -0.6213 -0.5237 -0.5829
vn 0.0256 -0.1736 -0.9845
vn 0.5832 0.3544 -0.7309
vn -0.6481 -0.4458 -0.6175
vn -0.0787 -0.0678 -0.9946
vn 0.8612 -0.0647 -0.5042
vn 0.0059 -0.7310 -0.6823
vn -0.7290 -0.1758 -0.6615
vn 0.7123 -0.1971 -0.6736
vn -0.1001 -0.0405 -0.9942
vn -0.6574 -0.1930 -0.7284
vn 0.0446 -0.2324 -0.9716
vn -0.7391 0.1687 -0.6521
vn -0.0453 0.4587 -0.8874
vn 0.8185 -0.0043 -0.5745
vn 0.0474 -0.0065 -0.9989
vn 0.6571 0.3205 -0.6823
vn -0.8092 0.1685 -0.5628
vn 0.7663 -0.1833 -0.6158
vn -0.6776 -0.0848 -0.7305
vn -0.0044 0.0726 -0.9974
vn 0.1786 0.4284 -0.8858
vn 0.8149 0.3740 -0.4429
vn 0.5554 0.2779 -0.7837
vn 0.0669 0.2948 -0.9532
vn -0.7891 -0.1300 -0.6004
vn 0.7315 -0.2074 -0.6496
vn -0.0227 -0.2014 -0.9792
vn -0.0016 0.4089 -0.9126
vn 0.1329 -0.2096 -0.9687
vn 0.7906 0.2796 -0.5448
vn 0.4999 0.3163 -0.8063
vn -0.0256 0.1797 -0.9834
vn 0.7815 -0.2287 -0.5805
vn -0.4055 -0.5010 -0.7645
vn 0.0713 -0.2003 -0.9771
vn 0.1298 0.5376 0.8331
vn 0.8127 -0.0359 0.5815
vn -0.0000 -0.0561 0.9984
vn 0.8269 0.0955 0.5542
vn -0.0000 0.1118 0.9937
vn 0.3223 0.0101 0.9466
vn 0.0336 -0.7509 0.6595
vn 0.1471 0.5329 0.8333
vn 0.0046 -0.3478 0.9375
vn 0.3853 0.4144 0.8245
vn 0.2675 0.7781 0.5683
vn 0.1253 -0.0029 0.9921
vn 0.1674 -0.0281 0.9855
vn -0.0000 0.0175 0.9998
vn 0.9219 -0.0050 0.3873
vn 0.5456 -0.1308 0.8278
vn 0.0471 -0.1297 0.9904
vn 0.1825 -0.0135 0.9831
vn 0.9179 -0.1687 0.3592
vn -0.0000 0.5021 0.8648
vn 0.0407 0.3696 0.9283
vn 0.4222 0.2279 0.8774
vn 0.3447 0.1580 0.9253
vn -0.1514 -0.0331 0.9879
vn 0.7032 0.4697 0.5337
vn -0.7135 -0.4576 0.5305
vn 0.2373 -0.4958 0.8354
vn 0.6750 0.4578 0.5786
vn -0.6606 -0.6143 0.4317
vn 0.7155 0.4213 0.5572
vn -0.7419 -0.5068 0.4389
vn -0.0756 -0.0539 0.9957
vn 0.7443 0.3789 0.5500
vn -0.6166 -0.4409 0.6522
vn 0.0960 -0.0632 0.9934
vn 0.6234 0.0820 0.7776
vn -0.0095 -0.5549 0.8319
vn -0.7615 -0.0368 0.6472
vn 0.7168 -0.1278 0.6854
vn -0.0539 -0.1743 0.9832
vn -0.8228 -0.0423 0.5668
vn -0.0455 -0.0808 0.9957
vn -0.8208 -0.1322 0.5557
vn -0.1023 -0.3579 0.9281
vn 0.6757 -0.2856 0.6796
vn -0.0649 -0.1541 0.9859
vn 0.7382 -0.0849 0.6693
vn -0.8141 -0.2526 0.5229
vn 0.6864 -0.1087 0.7191
vn -0.7978 -0.0905 0.5960
vn -0.0000 -0.0089 1.0000
vn 0.2480 0.0794 0.9655
vn 0.8546 0.1918 0.4825
vn 0.5257 0.0416 0.8496
vn 0.0859 0.0899 0.9922
vn -0.7822 -0.0646 0.6197
vn 0.7443 -0.0730 0.6639
vn -0.0371 -0.0450 0.9983
vn 0.0006 0.1143 0.9935
vn 0.0864 -0.1357 0.9870
vn 0.6990 0.3009 0.6487
vn 0.4424 0.1298 0.8874
vn 0.1387 -0.0213 0.9901
vn 0.6735 -0.0320 0.7385
vn -0.8426 0.1105 0.5271
vn -0.0849 0.0870 0.9926
vn -0.9801 -0.0396 -0.1944
vn -0.4561 -0.8895 0.0274
vn 0.7592 0.6488 -0.0522
vn 0.8729 0.4750 -0.1114
vn 0.9995 0.0146 -0.0267
vn 0.9920 -0.1257 0.0076
vn 0.9995 -0.0240 0.0200
vn -0.8379 -0.5308 -0.1268
vn -0.8380 -0.5430 -0.0544
vn 0.9837 0.1651 -0.0717
vn 0.9101 0.4133 0.0303
vn 0.9829 -0.1447 -0.1142
vn 0.9459 0.3183 0.0628
vn -0.6698 -0.7380 -0.0814
vn -0.9830 -0.0800 -0.1651
vn 0.8544 0.4869 -0.1815
vn 0.8566 0.5087 -0.0865
vn 0.5509 0.8341 -0.0296
vn -0.7560 -0.6464 -0.1031
vn -0.9983 -0.0590 -0.0017
vn -0.9974 -0.0718 0.0025
vn -0.9981 0.0109 -0.0604
vn -0.9903 -0.0537 -0.1281
vn 0.7754 -0.6314 0.0093
vn 0.9001 -0.4201 -0.1154
vn 0.9775 -0.1987 0.0702
vn 0.9952 -0.0323 0.0928
vn 0.0008 -0.9728 0.2315
vn -0.6673 -0.7437 -0.0398
vn 0.9508 0.3015 0.0718
vn 0.3931 0.9153 -0.0880
vn 0.9897 -0.1112 0.0906
vn 0.9877 -0.1045 0.1163
vn -0.8083 -0.5887 0.0004
vn -0.2484 0.3708 -0.8949
vn -0.8472 0.0252 -0.5306
vn -0.8582 0.1108 -0.5013
vn -0.3715 0.1376 -0.9182
vn -0.2771 0.1650 -0.9466
vn -0.2387 -0.0575 -0.9694
vn -0.3251 0.6165 -0.7171
vn -0.4395 -0.3369 -0.8327
vn -0.2288 0.0094 -0.9734
vn -0.8756 -0.0329 -0.4819
vn -0.4963 -0.2282 -0.8376
vn -0.0433 -0.2038 -0.9781
vn -0.1929 -0.2583 -0.9466
vn -0.8241 -0.2289 -0.5181
vn -0.1173 -0.1086 -0.9871
vn -0.3955 -0.1787 -0.9009
vn -0.0676 -0.1535 -0.9858
vn 0.0637 -0.0852 -0.9943
vn -0.6585 0.3198 -0.6813
vn 0.6880 -0.3884 -0.6130
vn -0.3440 -0.4495 -0.8244
vn -0.6535 0.3165 -0.6876
vn 0.5915 -0.6321 -0.5005
vn -0.7449 0.3908 -0.5407
vn 0.6213 -0.5237 -0.5829
vn -0.0256 -0.1736 -0.9845
vn -0.5832 0.3544 -0.7309
vn 0.6481 -0.4458 -0.6175
vn 0.0787 -0.0678 -0.9946
vn -0.8612 -0.0647 -0.5042
vn -0.0059 -0.7310 -0.6823
vn 0.7291 -0.1758 -0.6615
vn -0.7123 -0.1971 -0.6736
vn 0.1001 -0.0405 -0.9942
vn 0.6575 -0.1930 -0.7284
vn -0.0446 -0.2324 -0.9716
vn 0.7391 0.1687 -0.6521
vn 0.0453 0.4587 -0.8874
vn -0.8185 -0.0043 -0.5745
vn -0.0474 -0.0065 -0.9989
vn -0.6571 0.3205 -0.6823
vn 0.8092 0.1685 -0.5628
vn -0.7663 -0.1833 -0.6158
vn 0.6776 -0.0848 -0.7305
vn -0.1772 0.4301 -0.8852
vn -0.8147 0.3741 -0.4430
vn -0.5528 0.2789 -0.7852
vn -0.0707 0.2963 -0.9525
vn 0.7891 -0.1300 -0.6004
vn -0.7315 -0.2074 -0.6496
vn 0.0227 -0.2014 -0.9792
vn -0.1329 -0.2096 -0.9687
vn -0.7906 0.2796 -0.5448
vn -0.4999 0.3163 -0.8063
vn 0.0256 0.1797 -0.9834
vn -0.7815 -0.2288 -0.5805
vn 0.4055 -0.5011 -0.7645
vn -0.0713 -0.2003 -0.9771
vn -0.1298 0.5376 0.8331
vn -0.8127 -0.0359 0.5815
vn -0.8269 0.0955 0.5542
vn -0.3223 0.0101 0.9466
vn -0.0306 -0.7522 0.6582
vn -0.1471 0.5329 0.8333
vn -0.3853 0.4144 0.8245
vn -0.2675 0.7781 0.5683
vn -0.1250 -0.0077 0.9921
vn -0.1674 -0.0281 0.9855
vn -0.9219 -0.0050 0.3873
vn -0.5456 -0.1308 0.8278
vn -0.0471 -0.1297 0.9904
vn -0.1825 -0.0135 0.9831
vn -0.9179 -0.1687 0.3592
vn -0.0407 0.3696 0.9283
vn -0.4222 0.2279 0.8774
vn -0.3447 0.1580 0.9253
vn 0.1514 -0.0331 0.9879
vn -0.7032 0.4697 0.5337
vn 0.7135 -0.4576 0.5305
vn -0.2373 -0.4958 0.8354
vn -0.6750 0.4578 0.5786
vn 0.6606 -0.6143 0.4317
vn -0.7155 0.4213 0.5572
vn 0.7419 -0.5068 0.4389
vn 0.0756 -0.0539 0.9957
vn -0.7443 0.3789 0.5500
vn 0.6166 -0.4409 0.6522
vn -0.0960 -0.0632 0.9934
vn -0.6232 0.0825 0.7777
vn 0.0095 -0.5549 0.8319
vn 0.7615 -0.0368 0.6472
vn -0.7168 -0.1278 0.6854
vn 0.0539 -0.1743 0.9832
vn 0.8228 -0.0423 0.5668
vn 0.0455 -0.0808 0.9957
vn 0.8208 -0.1322 0.5557
vn 0.1023 -0.3579 0.9281
vn -0.6757 -0.2856 0.6796
vn 0.0649 -0.1541 0.9859
vn -0.7382 -0.0849 0.6693
vn 0.8141 -0.2526 0.5229
vn -0.6864 -0.1087 0.7191
vn 0.7978 -0.0905 0.5960
vn -0.2483 0.0801 0.9654
vn -0.8546 0.1918 0.4825
vn -0.5258 0.0417 0.8496
vn -0.0859 0.0900 0.9922
vn 0.7822 -0.0646 0.6197
vn -0.7443 -0.0730 0.6639
vn 0.0371 -0.0450 0.9983
vn -0.0888 -0.1348 0.9869
vn -0.6992 0.3006 0.6487
vn -0.4430 0.1304 0.8870
vn -0.1371 -0.0191 0.9904
vn -0.6735 -0.0320 0.7385
vn 0.8666 0.1118 0.4864
vn 0.0932 0.1009 0.9905
vn 0.9800 -0.0483 -0.1931
vn 0.4565 -0.8894 0.0236
vn -0.7592 0.6488 -0.0522
vn -0.8729 0.4750 -0.1114
vn -0.9995 0.0146 -0.0267
vn -0.9920 -0.1257 0.0076
vn -0.9995 -0.0240 0.0200
vn 0.8379 -0.5308 -0.1268
vn 0.8380 -0.5430 -0.0544
vn -0.9837 0.1651 -0.0717
vn -0.9101 0.4133 0.0303
vn -0.9829 -0.1447 -0.1142
vn -0.9459 0.3183 0.0628
vn 0.6698 -0.7380 -0.0814
vn 0.9830 -0.0800 -0.1651
vn -0.8544 0.4869 -0.1815
vn -0.8566 0.5087 -0.0865
vn -0.5509 0.8341 -0.0296
vn 0.7560 -0.6464 -0.1031
vn 0.9983 -0.0590 -0.0017
vn 0.9974 -0.0718 0.0025
vn 0.9981 0.0109 -0.0604
vn 0.9903 -0.0537 -0.1281
vn -0.7754 -0.6314 0.0093
vn -0.9001 -0.4201 -0.1154
vn -0.9775 -0.1987 0.0702
vn -0.9952 -0.0323 0.0928
vn 0.6673 -0.7437 -0.0398
vn -0.9508 0.3015 0.0718
vn -0.3931 0.9153 -0.0880
vn -0.9897 -0.1112 0.0906
vn -0.9877 -0.1045 0.1163
vn 0.8083 -0.5887 0.0004
vn 0.3904 0.0623 -0.9185
vn 0.3716 -0.1919 0.9084
vn 0.9940 -0.0934 -0.0568
vn -0.3902 0.0620 -0.9186
vn -0.3715 -0.1922 0.9083
vn -0.9939 -0.0942 -0.0574
vn 0.6749 0.5428 -0.4999
vn -0.0000 0.3953 -0.9186
vn 0.6143 0.6064 0.5049
vn -0.0000 0.4508 0.8926
vn -0.6749 0.5428 -0.4999
vn -0.6143 0.6064 0.5049
vn -0.9550 0.2965 0.0063
vn -0.3011 0.3124 0.9010
vn -0.3915 0.3314 -0.8585
vn 0.9550 0.2965 0.0063
vn 0.3011 0.3124 0.9010
vn 0.3915 0.3314 -0.8585
vn 0.3596 0.0826 -0.9295
vn 0.3956 0.1861 -0.8994
vn 0.0190 -0.4037 -0.9147
vn 0.4667 0.0325 -0.8838
vn 0.4658 -0.2420 -0.8512
vn 0.0656 -0.2819 -0.9572
vn 0.1780 0.1538 -0.9719
vn 0.2903 0.0810 -0.9535
vn -0.1037 0.0004 -0.9946
vn 0.0646 -0.1874 -0.9801
vn 0.0083 -0.1663 -0.9860
vn -0.0131 -0.1360 -0.9906
vn 0.0094 -0.2367 -0.9715
vn 0.0679 -0.2778 -0.9582
vn 0.0449 0.2333 -0.9714
vn -0.1277 0.2925 -0.9477
vn 0.0367 -0.1505 -0.9879
vn 0.5557 -0.0393 -0.8304
vn 0.0716 0.0581 -0.9957
vn -0.0678 -0.1948 -0.9785
vn 0.5015 0.4201 -0.7563
vn 0.0150 0.4161 -0.9092
vn 0.2847 -0.3766 -0.8815
vn 0.3219 -0.0475 0.9456
vn 0.3242 0.1173 0.9387
vn 0.0826 -0.2939 0.9523
vn 0.2749 0.0915 0.9571
vn 0.5381 -0.0740 0.8396
vn 0.0430 0.0094 0.9990
vn 0.0682 0.5153 0.8543
vn 0.2487 0.5042 0.8270
vn -0.0022 -0.0423 0.9991
vn -0.0072 -0.1187 0.9929
vn -0.1135 -0.0513 0.9922
vn 0.1596 0.0570 0.9855
vn -0.0218 -0.0300 0.9993
vn -0.0690 -0.0216 0.9974
vn -0.0682 -0.2466 0.9667
vn -0.0559 -0.3411 0.9384
vn -0.0541 -0.0958 0.9939
vn 0.5234 -0.0267 0.8516
vn 0.0587 -0.0158 0.9982
vn -0.0554 -0.0909 0.9943
vn 0.5205 0.0878 0.8494
vn 0.1173 0.1030 0.9877
vn -0.0808 0.0109 0.9967
vn -0.9866 -0.0853 -0.1392
vn 0.8435 0.5328 -0.0682
vn 0.9870 -0.1607 0.0066
vn 0.9993 -0.0204 0.0323
vn -0.8440 -0.5309 -0.0762
vn 0.9522 0.3051 -0.0145
vn 0.9951 -0.0047 -0.0991
vn 0.5153 -0.8570 0.0039
vn -0.9816 -0.0798 -0.1732
vn 0.8444 0.5180 -0.1365
vn 0.9978 0.0638 0.0161
vn -0.7153 -0.6942 -0.0808
vn -0.9976 -0.0689 0.0089
vn -0.9944 0.0047 -0.1052
vn 0.8611 0.5083 0.0126
vn 0.9911 -0.1331 -0.0032
vn 0.9689 -0.2109 -0.1298
vn -0.8020 -0.5846 -0.1228
vn 0.9726 -0.2155 0.0872
vn 0.0583 -0.9711 0.2316
vn 0.8721 0.4658 -0.1497
vn 0.9817 0.1905 -0.0027
vn -0.8431 -0.5350 -0.0539
vn 0.9221 0.3859 0.0282
vn -0.9996 -0.0183 -0.0221
vn 0.9866 -0.1444 0.0756
vn 0.3622 0.9302 -0.0602
vn 0.9849 0.1101 0.1337
vn -0.9870 -0.0689 -0.1451
vn -0.0477 -0.9859 0.1604
vn 0.9873 -0.1108 0.1136
vn -0.9963 -0.0854 -0.0057
vn -0.3596 0.0826 -0.9295
vn -0.3956 0.1861 -0.8994
vn -0.0190 -0.4037 -0.9147
vn -0.4667 0.0325 -0.8838
vn -0.4658 -0.2420 -0.8512
vn -0.0656 -0.2819 -0.9572
vn -0.1780 0.1538 -0.9719
vn -0.2903 0.0810 -0.9535
vn 0.1037 0.0004 -0.9946
vn -0.0646 -0.1874 -0.9801
vn -0.0083 -0.1663 -0.9860
vn 0.0131 -0.1360 -0.9906
vn -0.0094 -0.2367 -0.9715
vn -0.0679 -0.2778 -0.9582
vn -0.0449 0.2333 -0.9714
vn 0.1277 0.2925 -0.9477
vn -0.0367 -0.1505 -0.9879
vn -0.5533 -0.0401 -0.8320
vn -0.0751 0.0561 -0.9956
vn 0.0678 -0.1948 -0.9785
vn -0.5004 0.4210 -0.7565
vn -0.0164 0.4176 -0.9085
vn -0.2847 -0.3766 -0.8815
vn -0.3219 -0.0475 0.9456
vn -0.3242 0.1173 0.9387
vn -0.0791 -0.2938 0.9526
vn -0.2764 0.0916 0.9567
vn -0.5381 -0.0740 0.8396
vn -0.0430 0.0094 0.9990
vn -0.0682 0.5153 0.8543
vn -0.2487 0.5042 0.8270
vn 0.0022 -0.0423 0.9991
vn 0.0072 -0.1187 0.9929
vn 0.1135 -0.0513 0.9922
vn -0.1596 0.0570 0.9855
vn 0.0218 -0.0300 0.9993
vn 0.0690 -0.0216 0.9974
vn 0.0682 -0.2466 0.9667
vn 0.0559 -0.3411 0.9384
vn 0.0541 -0.0958 0.9939
vn -0.5234 -0.0267 0.8516
vn -0.0587 -0.0158 0.9982
vn 0.0554 -0.0909 0.9943
vn -0.5206 0.0881 0.8492
vn -0.1169 0.1039 0.9877
vn 0.0812 0.0046 0.9967
vn 0.9857 -0.0923 -0.1407
vn -0.8435 0.5328 -0.0682
vn -0.9870 -0.1607 0.0066
vn -0.9993 -0.0204 0.0323
vn 0.8440 -0.5309 -0.0762
vn -0.9522 0.3051 -0.0145
vn -0.9951 -0.0047 -0.0991
vn -0.5153 -0.8570 0.0039
vn 0.9816 -0.0798 -0.1732
vn -0.8444 0.5180 -0.1365
vn -0.9978 0.0638 0.0161
vn 0.7153 -0.6942 -0.0808
vn 0.9976 -0.0689 0.0089
vn 0.9944 0.0047 -0.1052
vn -0.8611 0.5083 0.0126
vn -0.9911 -0.1331 -0.0032
vn -0.9689 -0.2109 -0.1298
vn 0.8020 -0.5846 -0.1228
vn -0.9726 -0.2155 0.0872
vn -0.0575 -0.9712 0.2313
vn -0.8721 0.4658 -0.1497
vn -0.9817 0.1905 -0.0027
vn 0.8431 -0.5350 -0.0539
vn -0.9221 0.3859 0.0282
vn 0.9996 -0.0183 -0.0221
vn -0.9866 -0.1444 0.0755
vn -0.3622 0.9302 -0.0602
vn -0.9849 0.1101 0.1337
vn 0.9870 -0.0689 -0.1451
vn 0.0477 -0.9859 0.1604
vn -0.9873 -0.1108 0.1136
vn 0.9963 -0.0854 -0.0057
vn -0.8012 0.5983 -0.0091
vn -0.2244 0.5049 0.8335
vn -0.3280 0.4386 -0.8367
vn 0.8012 0.5983 -0.0091
vn 0.2244 0.5049 0.8335
vn 0.3280 0.4386 -0.8367
vn 0.3552 0.5268 -0.7722
vn 0.5040 0.4597 -0.7312
vn 0.4031 0.5029 -0.7646
vn 0.4314 0.4895 -0.7578
vn 0.4596 0.4777 -0.7487
vn -0.2561 -0.7253 -0.6390
vn 0.3098 -0.6420 -0.7014
vn -0.0810 -0.7539 -0.6520
vn 0.0407 -0.7474 -0.6631
vn 0.1576 -0.7180 -0.6780
vn 0.5973 0.6202 0.5084
vn 0.4500 0.7241 0.5227
vn 0.5596 0.6512 0.5127
vn 0.5329 0.6709 0.5157
vn 0.5034 0.6914 0.5182
vn 0.7177 -0.2602 0.6459
vn 0.1590 -0.5929 0.7895
vn 0.6165 -0.3907 0.6836
vn 0.5154 -0.4765 0.7122
vn 0.3949 -0.5382 0.7446
vn -0.5040 0.4597 -0.7312
vn -0.3552 0.5268 -0.7722
vn -0.4596 0.4777 -0.7487
vn -0.4314 0.4895 -0.7578
vn -0.4031 0.5029 -0.7646
vn -0.3098 -0.6420 -0.7014
vn 0.2561 -0.7253 -0.6390
vn -0.1576 -0.7180 -0.6780
vn -0.0407 -0.7474 -0.6631
vn 0.0810 -0.7539 -0.6520
vn -0.4500 0.7241 0.5227
vn -0.5973 0.6202 0.5084
vn -0.5034 0.6914 0.5182
vn -0.5329 0.6709 0.5157
vn -0.5596 0.6512 0.5127
vn -0.1590 -0.5929 0.7895
vn -0.7177 -0.2602 0.6459
vn -0.3949 -0.5382 0.7446
vn -0.5154 -0.4765 0.7122
vn -0.6165 -0.3907 0.6836
vn 0.0498 -0.1830 -0.9818
vn 0.1434 -0.1334 -0.9806
vn 0.0710 -0.1865 -0.9799
vn 0.0899 -0.1796 -0.9796
vn 0.1125 -0.1665 -0.9796
vn 0.4389 0.1965 0.8768
vn 0.4439 0.3403 0.8289
vn 0.4597 0.2324 0.8571
vn 0.4630 0.2631 0.8464
vn 0.4608 0.2946 0.8372
vn 0.4988 0.8620 -0.0908
vn 0.6753 0.7350 -0.0615
vn 0.5625 0.8227 -0.0822
vn 0.5981 0.7977 -0.0765
vn 0.6297 0.7736 -0.0710
vn -0.2371 -0.9714 0.0099
vn 0.6605 -0.7469 -0.0766
vn 0.0841 -0.9965 0.0024
vn 0.2835 -0.9588 -0.0162
vn 0.4588 -0.8877 -0.0381
vn -0.0498 -0.1830 -0.9818
vn -0.1434 -0.1334 -0.9806
vn -0.0710 -0.1865 -0.9799
vn -0.0899 -0.1796 -0.9796
vn -0.1125 -0.1665 -0.9796
vn -0.4389 0.1965 0.8768
vn -0.4439 0.3403 0.8289
vn -0.4597 0.2324 0.8571
vn -0.4630 0.2631 0.8464
vn -0.4608 0.2946 0.8372
vn -0.4988 0.8620 -0.0908
vn -0.6753 0.7350 -0.0615
vn -0.5625 0.8227 -0.0822
vn -0.5981 0.7977 -0.0765
vn -0.6297 0.7736 -0.0710
vn 0.2371 -0.9714 0.0099
vn -0.6605 -0.7469 -0.0766
vn -0.0841 -0.9965 0.0024
vn -0.2835 -0.9588 -0.0162
vn -0.4588 -0.8877 -0.0381
vn 0.7150 -0.3913 -0.5793
vn 0.7042 -0.3830 -0.5978
vn 0.7115 -0.3886 -0.5855
vn 0.7095 -0.3871 -0.5888
vn 0.7076 -0.3857 -0.5921
vn -0.5839 0.3649 -0.7252
vn -0.5950 0.3696 -0.7137
vn -0.5874 0.3664 -0.7216
vn -0.5894 0.3672 -0.7196
vn -0.5914 0.3681 -0.7175
vn 0.7756 -0.3866 0.4990
vn 0.7993 -0.4009 0.4477
vn 0.7835 -0.3913 0.4827
vn 0.7879 -0.3940 0.4734
vn 0.7921 -0.3965 0.4640
vn -0.7105 0.4230 0.5624
vn -0.7068 0.4202 0.5692
vn -0.7094 0.4222 0.5644
vn -0.7087 0.4217 0.5656
vn -0.7080 0.4212 0.5669
vn 0.1097 0.0136 -0.9939
vn 0.1191 0.0065 -0.9929
vn 0.1129 0.0112 -0.9935
vn 0.1146 0.0099 -0.9934
vn 0.1163 0.0086 -0.9932
vn 0.1058 0.0352 0.9938
vn 0.1404 0.0178 0.9899
vn 0.1169 0.0296 0.9927
vn 0.1232 0.0264 0.9920
vn 0.1295 0.0232 0.9913
vn 0.8622 -0.4997 -0.0828
vn 0.8597 -0.4985 -0.1118
vn 0.8615 -0.4994 -0.0923
vn 0.8610 -0.4991 -0.0977
vn 0.8605 -0.4989 -0.1029
vn -0.8698 0.4675 -0.1575
vn -0.8682 0.4662 -0.1698
vn -0.8693 0.4671 -0.1618
vn -0.8690 0.4669 -0.1640
vn -0.8687 0.4667 -0.1662
vn -0.7042 -0.3830 -0.5978
vn -0.7151 -0.3913 -0.5793
vn -0.7076 -0.3857 -0.5921
vn -0.7095 -0.3871 -0.5888
vn -0.7115 -0.3886 -0.5855
vn 0.5950 0.3696 -0.7137
vn 0.5839 0.3649 -0.7252
vn 0.5914 0.3681 -0.7175
vn 0.5894 0.3672 -0.7196
vn 0.5874 0.3664 -0.7216
vn -0.7993 -0.4009 0.4477
vn -0.7756 -0.3866 0.4990
vn -0.7921 -0.3965 0.4640
vn -0.7879 -0.3940 0.4734
vn -0.7835 -0.3913 0.4827
vn 0.7068 0.4202 0.5692
vn 0.7105 0.4230 0.5624
vn 0.7080 0.4212 0.5669
vn 0.7087 0.4217 0.5656
vn 0.7094 0.4222 0.5644
vn -0.1097 0.0136 -0.9939
vn -0.1191 0.0065 -0.9929
vn -0.1129 0.0112 -0.9935
vn -0.1146 0.0099 -0.9934
vn -0.1163 0.0086 -0.9932
vn -0.1058 0.0352 0.9938
vn -0.1404 0.0178 0.9899
vn -0.1169 0.0296 0.9927
vn -0.1232 0.0264 0.9920
vn -0.1295 0.0232 0.9913
vn -0.8622 -0.4997 -0.0828
vn -0.8597 -0.4985 -0.1118
vn -0.8615 -0.4994 -0.0923
vn -0.8610 -0.4991 -0.0977
vn -0.8605 -0.4989 -0.1029
vn 0.8682 0.4662 -0.1698
vn 0.8698 0.4675 -0.1575
vn 0.8687 0.4667 -0.1662
vn 0.8690 0.4669 -0.1640
vn 0.8693 0.4671 -0.1618
vn -0.2654 -0.8865 -0.3792
vn 0.1020 -0.6070 -0.7881
vn 0.0627 -0.6317 -0.7727
vn -0.0263 -0.8836 -0.4675
vn -0.0266 -0.8562 -0.5160
vn -0.0264 -0.8223 -0.5684
vn -0.0000 -0.9962 -0.0869
vn -0.0000 -0.7715 -0.6362
vn -0.0000 -0.9597 -0.2809
vn -0.0000 -0.9174 -0.3981
vn -0.0000 -0.8677 -0.4971
vn -0.1020 -0.6070 -0.7881
vn 0.2652 -0.8865 -0.3792
vn -0.0627 -0.6317 -0.7727
vn 0.0264 -0.8223 -0.5684
vn 0.0266 -0.8562 -0.5160
vn 0.0263 -0.8836 -0.4675
vn 0.0624 -0.7422 -0.6672
vn 0.0791 -0.9924 -0.0940
vn 0.0595 -0.8556 -0.5142
vn 0.0600 -0.9096 -0.4112
vn 0.0647 -0.9539 -0.2929
vn -0.0792 -0.9924 -0.0938
vn -0.0624 -0.7422 -0.6672
vn -0.0647 -0.9539 -0.2929
vn -0.0600 -0.9096 -0.4112
vn -0.0595 -0.8556 -0.5142
vn 0.0059 0.9987 -0.0512
vn 0.0016 -0.0896 -0.9960
vn -0.0002 -0.4284 -0.9036
vn -0.0000 -0.8327 -0.5537
vn 0.0001 -0.9602 0.2793
vn 0.1913 0.8707 -0.4530
vn 0.2354 0.5253 -0.8177
vn 0.2494 -0.0242 -0.9681
vn 0.2036 -0.3992 -0.8940
vn 0.1877 -0.5388 -0.8213
vn 0.1636 -0.7131 -0.6817
vn 0.0738 -0.8626 -0.5005
vn 0.2946 0.9111 -0.2884
vn 0.4071 0.6586 -0.6328
vn 0.5100 0.1498 -0.8470
vn 0.5023 -0.3099 -0.8072
vn 0.4477 -0.5449 -0.7090
vn 0.3722 -0.7505 -0.5461
vn 0.1920 -0.9166 -0.3506
vn 0.2814 0.9309 -0.2330
vn 0.4139 0.7920 -0.4488
vn 0.6979 0.3657 -0.6158
vn 0.8152 -0.1629 -0.5558
vn 0.7607 -0.4812 -0.4357
vn 0.6056 -0.7498 -0.2665
vn 0.3208 -0.9466 -0.0318
vn 0.2629 0.9551 -0.1369
vn 0.3581 0.9208 -0.1545
vn 0.7429 0.6385 -0.2009
vn 0.9847 0.0843 -0.1524
vn 0.9297 -0.3652 -0.0485
vn 0.7261 -0.6815 0.0909
vn 0.4211 -0.8622 0.2817
vn 0.2477 0.9671 -0.0585
vn 0.3153 0.9488 0.0194
vn 0.5414 0.8370 0.0790
vn 0.8964 0.3572 0.2626
vn 0.8865 -0.2194 0.4075
vn 0.6713 -0.5766 0.4658
vn 0.3835 -0.7753 0.5018
vn 0.1478 0.9850 0.0888
vn 0.1959 0.9698 0.1456
vn 0.2927 0.9146 0.2788
vn 0.5284 0.5462 0.6500
vn 0.5386 -0.0773 0.8390
vn 0.4143 -0.4328 0.8006
vn 0.2349 -0.6707 0.7036
vn 0.0297 0.9740 0.2247
vn 0.0347 0.9538 0.2985
vn 0.0405 0.8630 0.5036
vn 0.0822 0.4530 0.8877
vn 0.1061 0.0173 0.9942
vn 0.0792 -0.2598 0.9624
vn 0.0372 -0.5377 0.8423
vn 0.0017 0.9698 0.2439
vn -0.0008 0.9487 0.3162
vn -0.0002 0.8399 0.5428
vn 0.0016 0.3979 0.9174
vn 0.0010 0.0434 0.9991
vn 0.0008 -0.1344 0.9909
vn 0.0006 -0.4855 0.8742
vn -0.0280 0.9737 0.2261
vn -0.0362 0.9531 0.3004
vn -0.0402 0.8642 0.5015
vn -0.0812 0.4539 0.8874
vn -0.1024 0.0166 0.9946
vn -0.0768 -0.2599 0.9626
vn -0.0367 -0.5380 0.8422
vn -0.1478 0.9848 0.0908
vn -0.1971 0.9690 0.1487
vn -0.2921 0.9153 0.2773
vn -0.5290 0.5470 0.6489
vn -0.5391 -0.0781 0.8386
vn -0.4136 -0.4338 0.8005
vn -0.2344 -0.6708 0.7036
vn -0.2485 0.9669 -0.0582
vn -0.3167 0.9483 0.0222
vn -0.5411 0.8372 0.0791
vn -0.8966 0.3574 0.2615
vn -0.8871 -0.2197 0.4059
vn -0.6717 -0.5775 0.4640
vn -0.3837 -0.7759 0.5008
vn -0.2638 0.9548 -0.1371
vn -0.3597 0.9205 -0.1528
vn -0.7427 0.6390 -0.2002
vn -0.9847 0.0845 -0.1524
vn -0.9297 -0.3652 -0.0486
vn -0.7261 -0.6816 0.0908
vn -0.4211 -0.8622 0.2817
vn -0.2827 0.9316 -0.2286
vn -0.4163 0.7914 -0.4477
vn -0.6982 0.3656 -0.6156
vn -0.8151 -0.1630 -0.5559
vn -0.7606 -0.4812 -0.4358
vn -0.6056 -0.7498 -0.2666
vn -0.3207 -0.9466 -0.0318
vn -0.3014 0.9135 -0.2732
vn -0.4144 0.6567 -0.6301
vn -0.5114 0.1484 -0.8464
vn -0.5022 -0.3101 -0.8073
vn -0.4476 -0.5449 -0.7091
vn -0.3721 -0.7504 -0.5463
vn -0.1920 -0.9166 -0.3506
vn -0.1790 0.8760 -0.4478
vn -0.2354 0.5227 -0.8194
vn -0.2500 -0.0274 -0.9679
vn -0.2037 -0.3993 -0.8939
vn -0.1879 -0.5387 -0.8213
vn -0.1637 -0.7130 -0.6818
vn -0.0738 -0.8626 -0.5005
vn 0.0186 0.8372 -0.5465
vn 0.0085 0.3975 -0.9176
vn -0.0003 -0.4577 -0.8891
vn -0.0001 -0.2390 -0.9710
vn 0.5957 -0.5728 -0.5631
vn -0.0000 -0.9999 -0.0128
vn -0.5950 -0.5732 -0.5634
vn 0.2445 -0.2600 -0.9341
vn -0.2448 -0.2600 -0.9341
vn 0.5718 -0.7613 -0.3057
vn 0.5451 -0.3755 -0.7496
vn -0.3569 -0.9339 0.0223
vn 0.3570 -0.9338 0.0227
vn -0.5450 -0.3758 -0.7495
vn -0.5711 -0.7616 -0.3063
vn 0.8091 -0.0220 0.5872
vn 0.8361 0.0159 -0.5484
vn -0.0000 0.0361 -0.9993
vn -0.8361 0.0159 -0.5484
vn -0.8091 -0.0220 0.5872
vn -0.0000 -0.0871 0.9962
vn 0.9995 -0.0008 0.0315
vn -0.3443 0.0318 -0.9383
vn -0.9995 -0.0008 0.0315
vn -0.3205 -0.0635 0.9451
vn 0.3443 0.0318 -0.9383
vn 0.3205 -0.0635 0.9451
vt 0.500000 0.500000
vt 0.500000 0.750000
vt 0.750000 0.753472
vt 0.750000 0.534722
vt 0.935680 0.803020
vt 0.741960 0.803690
vt 0.739583 0.745660
vt 0.916667 0.744792
vt 0.500000 0.807039
vt 0.750000 0.809720
vt 1.000000 0.750000
vt 1.000000 0.500000
vt 0.500000 0.250000
vt 0.500000 0.375000
vt 0.750000 0.378472
vt 0.750000 0.250000
vt 1.000000 0.375000
vt 1.000000 0.250000
vt 0.916667 0.000000
vt 0.919167 0.000000
vt 0.761042 0.000000
vt 0.760417 0.000000
vt 0.666667 0.000000
vt 0.989583 0.000000
vt 0.990208 0.000000
vt 1.000000 0.000000
vt 0.993819 0.000000
vt 0.989583 0.000000
vt 1.000000 0.000000
vt 0.760417 0.000000
vt 0.666667 0.000000
vt 0.923611 0.000000
vt 0.758681 0.000000
vt 0.750000 0.000000
vt 0.652778 0.000868
vt 0.500000 0.000000
vt 0.998264 0.000868
vt 0.991319 0.000000
vt 1.000000 0.000000
vt 0.916667 0.000000
vt 0.916667 0.000000
vt 0.998889 0.000000
vt 0.993820 0.000000
vt 0.739583 0.538194
vt 0.916667 0.541667
vt 0.744337 0.861719
vt 0.500000 0.864079
vt 0.500000 0.807040
vt 1.000000 0.807040
vt 1.000000 0.864079
vt 0.994337 0.861719
vt 0.991960 0.803690
vt 0.739583 0.250000
vt 0.739583 0.379340
vt 0.916667 0.250000
vt 0.916667 0.380208
vt 0.761042 0.000000
vt 0.919167 0.000000
vt 0.762917 0.000000
vt 0.940000 0.000000
vt 0.989583 0.000000
vt 0.760417 0.000000
vt 0.940000 0.030000
vt 0.745556 0.036944
vt 0.757569 0.004028
vt 0.919167 0.003090
vt 0.652778 0.000868
vt 0.990208 0.000556
vt 0.993819 0.003090
vt 0.989584 0.000000
vt 0.998889 0.000000
vt 0.990833 0.000000
vt 0.921667 0.000000
vt 0.989583 0.745660
vt 0.989583 0.538194
vt 0.954693 0.861247
vt 0.935680 0.803020
vt 1.000000 0.000000
vt 0.989583 0.379340
vt 0.989583 0.250000
vt 0.761667 0.000000
vt 0.998889 0.004028
vt 0.993819 0.036944
vt 0.500000 0.864079
vt 0.750000 0.809720
vt 0.750000 0.865967
vt 1.000000 0.864079
vt 0.739583 0.250000
vt 0.916667 0.250000
vt 0.940000 0.030000
vt 0.757569 0.004028
vt 0.919167 0.003090
vt 0.990208 0.000556
vt 0.993819 0.003090
vt 0.991960 0.803690
vt 0.994337 0.861719
vt 0.998264 0.000868
vt 0.921667 0.000000
vt 0.990833 0.000000
vt 0.989583 0.745660
vt 0.989583 0.250000
vt 0.989583 0.379340
vt 0.761667 0.000000
vt 0.998889 0.004028
vt 0.993820 0.036944
vt 0.990208 0.129028
vt 0.919167 0.128958
vt 1.000000 0.125000
vt 0.500000 0.125000
vt 0.750000 0.125000
vt 0.740208 0.129028
vt 0.990208 0.129028
vt 0.919167 0.128958
vt 0.740208 0.129028
vt 1.000000 0.000000
vt 1.000000 0.000000
vt 0.931816 0.000000
vt 0.922551 0.000000
vt 0.896138 0.000000
vt 0.907957 0.000000
vt 0.913125 0.000000
vt 0.974195 0.000000
vt 0.988319 0.000000
vt 0.929532 0.000000
vt 0.918481 0.000000
vt 0.893073 0.000000
vt 0.904611 0.000000
vt 0.907290 0.000000
vt 0.761810 0.000000
vt 0.755606 0.000000
vt 0.666801 0.000000
vt 0.754979 0.000000
vt 0.755042 0.000000
vt 0.667028 0.000000
vt 0.762313 0.000000
vt 0.762313 0.000000
vt 0.755042 0.000000
vt 0.754979 0.000000
vt 0.718750 0.000000
vt 0.750000 0.125000
vt 0.687500 0.125000
vt 0.750000 0.500000
vt 0.750000 0.625000
vt 0.687500 0.625000
vt 0.687500 0.500000
vt 0.750000 0.750000
vt 0.750000 0.875000
vt 0.687500 0.875000
vt 0.687500 0.750000
vt 0.718750 1.000000
vt 0.687500 0.250000
vt 0.625000 0.250000
vt 0.625000 0.125000
vt 0.687500 0.375000
vt 0.625000 0.500000
vt 0.625000 0.375000
vt 0.625000 0.750000
vt 0.625000 0.625000
vt 0.656250 1.000000
vt 0.625000 0.875000
vt 0.656250 0.000000
vt 0.562500 0.500000
vt 0.562500 0.375000
vt 0.562500 0.750000
vt 0.562500 0.625000
vt 0.593750 1.000000
vt 0.562500 0.875000
vt 0.593750 0.000000
vt 0.562500 0.125000
vt 0.562500 0.250000
vt 0.531250 0.000000
vt 0.500000 0.125000
vt 0.500000 0.375000
vt 0.500000 0.250000
vt 0.500000 0.625000
vt 0.500000 0.500000
vt 0.500000 0.875000
vt 0.500000 0.750000
vt 0.531250 1.000000
vt 0.437500 0.625000
vt 0.437500 0.500000
vt 0.437500 0.875000
vt 0.437500 0.750000
vt 0.437500 0.250000
vt 0.437500 0.125000
vt 0.437500 0.375000
vt 0.468750 1.000000
vt 0.468750 0.000000
vt 0.375000 0.250000
vt 0.375000 0.125000
vt 0.375000 0.500000
vt 0.375000 0.375000
vt 0.375000 0.750000
vt 0.375000 0.625000
vt 0.406250 1.000000
vt 0.375000 0.875000
vt 0.406250 0.000000
vt 0.312500 0.750000
vt 0.312500 0.625000
vt 0.343750 1.000000
vt 0.312500 0.875000
vt 0.343750 0.000000
vt 0.312500 0.125000
vt 0.312500 0.375000
vt 0.312500 0.250000
vt 0.312500 0.500000
vt 0.281250 0.000000
vt 0.250000 0.125000
vt 0.250000 0.375000
vt 0.250000 0.250000
vt 0.250000 0.625000
vt 0.250000 0.500000
vt 0.250000 0.875000
vt 0.250000 0.750000
vt 0.281250 1.000000
vt 0.187500 0.875000
vt 0.187500 0.750000
vt 0.187500 0.250000
vt 0.187500 0.125000
vt 0.187500 0.500000
vt 0.187500 0.375000
vt 0.187500 0.625000
vt 0.218750 1.000000
vt 0.218750 0.000000
vt 0.125000 0.250000
vt 0.125000 0.125000
vt 0.125000 0.500000
vt 0.125000 0.375000
vt 0.125000 0.750000
vt 0.125000 0.625000
vt 0.156250 1.000000
vt 0.125000 0.875000
vt 0.156250 0.000000
vt 0.093750 1.000000
vt 0.062500 0.875000
vt 0.093750 0.000000
vt 0.062500 0.125000
vt 0.062500 0.375000
vt 0.062500 0.250000
vt 0.062500 0.625000
vt 0.062500 0.500000
vt 0.062500 0.750000
vt 0.000000 0.375000
vt 0.000000 0.250000
vt 0.000000 0.625000
vt 0.000000 0.500000
vt 0.000000 0.875000
vt 0.000000 0.750000
vt 0.000000 0.125000
vt 0.031250 1.000000
vt 0.031250 0.000000
vt 1.000000 0.125000
vt 1.000000 0.250000
vt 0.937500 0.250000
vt 0.937500 0.125000
vt 1.000000 0.375000
vt 0.937500 0.500000
vt 0.937500 0.375000
vt 1.000000 0.625000
vt 1.000000 0.750000
vt 0.937500 0.750000
vt 0.937500 0.625000
vt 1.000000 0.875000
vt 0.968750 1.000000
vt 0.937500 0.875000
vt 0.968750 0.000000
vt 0.875000 0.500000
vt 0.875000 0.375000
vt 0.875000 0.750000
vt 0.875000 0.625000
vt 0.906250 1.000000
vt 0.875000 0.875000
vt 0.906250 0.000000
vt 0.875000 0.125000
vt 0.875000 0.250000
vt 0.843750 0.000000
vt 0.812500 0.125000
vt 0.812500 0.375000
vt 0.812500 0.250000
vt 0.812500 0.625000
vt 0.812500 0.500000
vt 0.812500 0.875000
vt 0.812500 0.750000
vt 0.843750 1.000000
vt 0.781250 1.000000
vt 0.781250 0.000000
vt 0.812490 0.375000
vt 0.750000 0.499983
vt 0.790386 0.271759
vt 0.799924 0.250000
vt 0.782071 0.188524
vt 0.750000 0.178714
vt 0.717933 0.188525
vt 0.700083 0.250000
vt 0.702832 0.285319
vt 0.000000 0.000000
vt 0.759204 0.282842
vt 0.750000 0.250017
vt 0.726551 0.296909
vt 0.708134 0.311003
vt 0.687510 0.375000
vt 0.700811 0.214233
vt 0.799195 0.214233
s 1
usemtl Black
f 4/1/4 174/2/174 505/3/505 177/4/177
f 979/5/979 990/6/990 528/7/528 238/8/238
f 981/9/981 989/10/989 505/3/505 174/2/174
f 177/4/177 505/3/505 173/11/173 3/12/3
f 167/13/167 176/14/176 506/15/506 504/16/504
f 176/14/176 4/1/4 177/4/177 506/15/506
f 506/15/506 177/4/177 3/12/3 175/17/175
f 504/16/504 506/15/506 175/17/175 166/18/166
f 39/19/39 230/20/230 507/21/507 233/22/233
f 233/22/233 507/21/507 179/23/179 38/23/38
f 39/19/39 232/24/232 508/25/508 230/20/230
f 232/24/232 40/26/40 231/26/231 508/25/508
f 508/25/508 231/26/231 6/26/6 182/27/182
f 10/19/10 192/28/192 509/24/509 188/19/188
f 192/28/192 11/29/11 189/26/189 509/24/509
f 509/24/509 189/26/189 9/26/9 186/24/186
f 188/19/188 509/24/509 186/24/186 7/19/7
f 10/19/10 188/19/188 510/30/510 191/22/191
f 188/19/188 7/19/7 187/22/187 510/30/510
f 510/30/510 187/22/187 8/31/8 184/23/184
f 191/22/191 510/30/510 184/23/184 12/31/12
f 1/26/1 178/32/178 511/33/511 172/34/172
f 178/32/178 10/19/10 191/22/191 511/33/511
f 511/33/511 191/22/191 12/31/12 190/35/190
f 172/34/172 511/33/511 190/35/190 2/36/2
f 1/26/1 181/37/181 512/38/512 178/32/178
f 181/37/181 5/26/5 180/39/180 512/38/512
f 512/38/512 180/39/180 11/29/11 192/28/192
f 178/32/178 512/38/512 192/28/192 10/19/10
f 21/26/21 203/39/203 513/39/513 205/39/205
f 205/39/205 513/39/513 196/39/196 22/26/22
f 19/26/19 200/39/200 514/26/514 202/26/202
f 200/39/200 17/39/17 197/39/197 514/26/514
f 514/26/514 197/39/197 18/39/18 199/39/199
f 202/26/202 514/26/514 199/39/199 20/26/20
f 15/26/15 198/39/198 515/39/515 194/39/194
f 198/39/198 19/26/19 202/26/202 515/39/515
f 515/39/515 202/26/202 20/26/20 201/39/201
f 194/39/194 515/39/515 201/39/201 16/26/16
f 13/26/13 195/39/195 516/39/516 193/26/193
f 195/39/195 21/26/21 205/39/205 516/39/516
f 516/39/516 205/39/205 22/26/22 204/39/204
f 193/26/193 516/39/516 204/39/204 14/26/14
f 37/26/37 227/39/227 517/26/517 228/26/228
f 227/39/227 24/39/24 207/39/207 517/26/517
f 517/26/517 207/39/207 23/39/23 208/39/208
f 228/26/228 517/26/517 208/39/208 36/26/36
f 41/26/41 234/39/234 518/39/518 236/39/236
f 234/39/234 27/26/27 212/39/212 518/39/518
f 518/39/518 212/39/212 28/26/28 211/39/211
f 236/39/236 518/39/518 211/39/211 42/26/42
f 29/26/29 213/39/213 519/39/519 214/39/214
f 213/39/213 30/26/30 216/39/216 519/39/519
f 519/39/519 216/39/216 31/26/31 215/39/215
f 214/39/214 519/39/519 215/39/215 32/26/32
f 32/26/32 217/39/217 520/39/520 214/39/214
f 217/39/217 25/26/25 210/39/210 520/39/520
f 520/39/520 210/39/210 26/26/26 218/39/218
f 214/39/214 520/39/520 218/39/218 29/26/29
f 27/26/27 219/39/219 521/39/521 212/39/212
f 219/39/219 31/26/31 216/39/216 521/39/521
f 521/39/521 216/39/216 30/26/30 220/39/220
f 212/39/212 521/39/521 220/39/220 28/26/28
f 7/19/7 186/24/186 522/28/522 183/40/183
f 186/24/186 9/26/9 185/26/185 522/28/522
f 522/28/522 185/26/185 35/26/35 224/24/224
f 183/40/183 522/28/522 224/24/224 34/41/34
f 7/19/7 183/40/183 523/30/523 187/22/187
f 183/40/183 34/41/34 225/22/225 523/30/523
f 523/30/523 225/22/225 33/31/33 221/23/221
f 187/22/187 523/30/523 221/23/221 8/31/8
f 25/26/25 209/39/209 524/39/524 210/39/210
f 209/39/209 37/26/37 228/26/228 524/39/524
f 524/39/524 228/26/228 36/26/36 226/39/226
f 210/39/210 524/39/524 226/39/226 26/26/26
f 34/41/34 224/24/224 525/28/525 222/41/222
f 224/24/224 35/26/35 223/39/223 525/28/525
f 525/28/525 223/39/223 40/26/40 232/24/232
f 222/41/222 525/28/525 232/24/232 39/19/39
f 34/41/34 222/41/222 526/30/526 225/22/225
f 222/41/222 39/19/39 233/22/233 526/30/526
f 526/30/526 233/22/233 38/23/38 229/23/229
f 225/22/225 526/30/526 229/23/229 33/31/33
f 6/26/6 206/26/206 527/42/527 182/27/182
f 206/26/206 41/26/41 236/39/236 527/42/527
f 527/42/527 236/39/236 42/26/42 235/43/235
f 46/1/46 242/44/242 528/7/528 239/2/239
f 242/44/242 45/45/45 238/8/238 528/7/528
f 990/6/990 488/46/488 163/47/163 984/48/984
f 980/49/980 160/50/160 489/51/489 985/52/985
f 169/13/169 503/53/503 529/54/529 241/14/241
f 503/53/503 168/55/168 240/56/240 529/54/529
f 529/54/529 240/56/240 45/45/45 242/44/242
f 241/14/241 529/54/529 242/44/242 46/1/46
f 83/40/83 299/30/299 530/57/530 296/58/296
f 299/30/299 82/23/82 245/23/245 530/57/530
f 530/57/530 245/23/245 48/23/48 243/59/243
f 296/58/296 530/57/530 243/59/243 47/60/47
f 83/40/83 296/58/296 531/25/531 298/61/298
f 296/58/296 47/60/47 248/27/248 531/25/531
f 531/25/531 248/27/248 50/26/50 297/26/297
f 298/61/298 531/25/531 297/26/297 84/26/84
f 54/40/54 254/40/254 532/61/532 258/24/258
f 254/40/254 51/40/51 252/61/252 532/61/532
f 532/61/532 252/61/252 53/26/53 255/26/255
f 258/24/258 532/61/532 255/26/255 55/29/55
f 54/40/54 257/62/257 533/62/533 254/40/254
f 257/62/257 56/31/56 250/23/250 533/62/533
f 533/62/533 250/23/250 52/31/52 253/62/253
f 254/40/254 533/62/533 253/62/253 51/40/51
f 43/63/43 237/64/237 534/65/534 244/66/244
f 237/64/237 44/36/44 256/67/256 534/65/534
f 534/65/534 256/67/256 56/31/56 257/62/257
f 244/66/244 534/65/534 257/62/257 54/40/54
f 43/63/43 244/66/244 535/68/535 247/69/247
f 244/66/244 54/40/54 258/24/258 535/68/535
f 535/68/535 258/24/258 55/29/55 246/39/246
f 247/69/247 535/68/535 246/39/246 49/26/49
f 65/26/65 271/39/271 536/39/536 269/39/269
f 271/39/271 66/26/66 262/39/262 536/39/536
f 63/26/63 268/26/268 537/39/537 266/26/266
f 268/26/268 64/26/64 265/26/265 537/39/537
f 537/39/537 265/26/265 62/39/62 263/39/263
f 266/26/266 537/39/537 263/39/263 61/39/61
f 59/26/59 260/39/260 538/39/538 264/39/264
f 260/39/260 60/26/60 267/39/267 538/39/538
f 538/39/538 267/39/267 64/26/64 268/26/268
f 264/39/264 538/39/538 268/26/268 63/26/63
f 57/26/57 259/26/259 539/39/539 261/39/261
f 259/26/259 58/26/58 270/39/270 539/39/539
f 539/39/539 270/39/270 66/26/66 271/39/271
f 261/39/261 539/39/539 271/39/271 65/26/65
f 81/26/81 294/26/294 540/39/540 293/26/293
f 294/26/294 80/26/80 274/26/274 540/39/540
f 540/39/540 274/26/274 67/39/67 273/39/273
f 293/26/293 540/39/540 273/39/273 68/39/68
f 85/26/85 302/39/302 541/39/541 300/39/300
f 302/39/302 86/26/86 277/39/277 541/39/541
f 541/39/541 277/39/277 72/26/72 278/39/278
f 300/39/300 541/39/541 278/39/278 71/26/71
f 73/26/73 280/39/280 542/39/542 279/39/279
f 280/39/280 76/26/76 281/39/281 542/39/542
f 542/39/542 281/39/281 75/26/75 282/39/282
f 279/39/279 542/39/542 282/39/282 74/26/74
f 76/26/76 280/39/280 543/39/543 283/39/283
f 280/39/280 73/26/73 284/39/284 543/39/543
f 543/39/543 284/39/284 70/26/70 276/39/276
f 283/39/283 543/39/543 276/39/276 69/26/69
f 71/26/71 278/39/278 544/39/544 285/39/285
f 278/39/278 72/26/72 286/39/286 544/39/544
f 544/39/544 286/39/286 74/26/74 282/39/282
f 285/39/285 544/39/544 282/39/282 75/26/75
f 51/40/51 249/40/249 545/28/545 252/61/252
f 249/40/249 78/40/78 290/24/290 545/28/545
f 545/28/545 290/24/290 79/26/79 251/39/251
f 252/61/252 545/28/545 251/39/251 53/26/53
f 51/40/51 253/62/253 546/62/546 249/40/249
f 253/62/253 52/31/52 287/23/287 546/62/546
f 546/62/546 287/23/287 77/31/77 291/62/291
f 249/40/249 546/62/546 291/62/291 78/40/78
f 69/26/69 276/39/276 547/39/547 275/39/275
f 276/39/276 70/26/70 292/39/292 547/39/547
f 547/39/547 292/39/292 80/26/80 294/26/294
f 275/39/275 547/39/547 294/26/294 81/26/81
f 78/40/78 288/40/288 548/70/548 290/24/290
f 288/40/288 83/40/83 298/61/298 548/70/548
f 548/70/548 298/61/298 84/26/84 289/39/289
f 290/24/290 548/70/548 289/39/289 79/26/79
f 78/40/78 291/62/291 549/62/549 288/40/288
f 291/62/291 77/31/77 295/23/295 549/62/549
f 549/62/549 295/23/295 82/23/82 299/30/299
f 288/40/288 549/62/549 299/30/299 83/40/83
f 50/26/50 248/27/248 550/71/550 272/26/272
f 248/27/248 47/60/47 301/27/301 550/71/550
f 550/71/550 301/27/301 86/26/86 302/39/302
f 272/26/272 550/71/550 302/39/302 85/26/85
f 235/43/235 42/26/42 303/26/303 551/72/551
f 551/72/551 303/26/303 86/26/86 301/27/301
f 304/73/304 551/72/551 301/27/301 47/60/47
f 21/26/21 195/39/195 552/39/552 306/39/306
f 195/39/195 13/26/13 305/39/305 552/39/552
f 552/39/552 305/39/305 57/26/57 261/39/261
f 306/39/306 552/39/552 261/39/261 65/26/65
f 37/26/37 209/39/209 553/39/553 308/39/308
f 209/39/209 25/26/25 307/39/307 553/39/553
f 553/39/553 307/39/307 69/26/69 275/39/275
f 308/39/308 553/39/553 275/39/275 81/26/81
f 3/12/3 173/11/173 554/74/554 309/75/309
f 985/52/985 489/51/489 162/76/162 979/5/979
f 982/77/982 164/76/164 490/46/490 986/6/986
f 309/75/309 554/74/554 238/8/238 45/45/45
f 22/26/22 196/39/196 555/39/555 311/39/311
f 311/39/311 555/39/555 262/39/262 66/26/66
f 40/26/40 223/39/223 556/39/556 313/39/313
f 223/39/223 35/26/35 312/39/312 556/39/556
f 556/39/556 312/39/312 79/26/79 289/39/289
f 313/39/313 556/39/556 289/39/289 84/26/84
f 35/26/35 185/26/185 557/26/557 312/39/312
f 185/26/185 9/26/9 314/26/314 557/26/557
f 557/26/557 314/26/314 53/26/53 251/39/251
f 312/39/312 557/26/557 251/39/251 79/26/79
f 18/39/18 197/39/197 558/78/558 316/39/316
f 197/39/197 17/39/17 315/39/315 558/78/558
f 558/78/558 315/39/315 61/39/61 263/39/263
f 316/39/316 558/78/558 263/39/263 62/39/62
f 42/26/42 211/39/211 559/39/559 303/26/303
f 211/39/211 28/26/28 317/39/317 559/39/559
f 559/39/559 317/39/317 72/26/72 277/39/277
f 303/26/303 559/39/559 277/39/277 86/26/86
f 19/26/19 198/39/198 560/39/560 319/39/319
f 198/39/198 15/26/15 318/39/318 560/39/560
f 560/39/560 318/39/318 59/26/59 264/39/264
f 319/39/319 560/39/560 264/39/264 63/26/63
f 166/18/166 175/17/175 561/79/561 502/80/502
f 175/17/175 3/12/3 309/75/309 561/79/561
f 561/79/561 309/75/309 45/45/45 240/56/240
f 502/80/502 561/79/561 240/56/240 168/55/168
f 20/26/20 199/39/199 562/26/562 321/26/321
f 199/39/199 18/39/18 316/39/316 562/26/562
f 562/26/562 316/39/316 62/39/62 265/26/265
f 321/26/321 562/26/562 265/26/265 64/26/64
f 26/26/26 226/39/226 563/39/563 323/39/323
f 226/39/226 36/26/36 322/39/322 563/39/563
f 563/39/563 322/39/322 80/26/80 292/39/292
f 323/39/323 563/39/563 292/39/292 70/26/70
f 30/26/30 213/39/213 564/39/564 325/39/325
f 213/39/213 29/26/29 324/39/324 564/39/564
f 564/39/564 324/39/324 73/26/73 279/39/279
f 325/39/325 564/39/564 279/39/279 74/26/74
f 17/39/17 200/39/200 565/26/565 315/39/315
f 200/39/200 19/26/19 319/39/319 565/26/565
f 565/26/565 319/39/319 63/26/63 266/26/266
f 315/39/315 565/26/565 266/26/266 61/39/61
f 24/39/24 227/39/227 566/26/566 326/39/326
f 227/39/227 37/26/37 308/39/308 566/26/566
f 566/26/566 308/39/308 81/26/81 293/26/293
f 326/39/326 566/26/566 293/26/293 68/39/68
f 9/26/9 189/26/189 567/39/567 314/26/314
f 189/26/189 11/29/11 327/39/327 567/39/567
f 567/39/567 327/39/327 55/29/55 255/26/255
f 314/26/314 567/39/567 255/26/255 53/26/53
f 16/26/16 201/39/201 568/39/568 310/39/310
f 201/39/201 20/26/20 321/26/321 568/39/568
f 568/39/568 321/26/321 64/26/64 267/39/267
f 310/39/310 568/39/568 267/39/267 60/26/60
f 32/26/32 215/39/215 569/39/569 329/39/329
f 215/39/215 31/26/31 328/39/328 569/39/569
f 569/39/569 328/39/328 75/26/75 281/39/281
f 329/39/329 569/39/569 281/39/281 76/26/76
f 570/81/570 304/73/304 47/60/47 243/59/243
f 330/23/330 570/81/570 243/59/243 48/23/48
f 203/39/203 21/26/21 306/39/306 571/39/571
f 571/39/571 306/39/306 65/26/65 269/39/269
f 25/26/25 217/39/217 572/39/572 307/39/307
f 217/39/217 32/26/32 329/39/329 572/39/572
f 572/39/572 329/39/329 76/26/76 283/39/283
f 307/39/307 572/39/572 283/39/283 69/26/69
f 14/26/14 204/39/204 573/39/573 331/39/331
f 204/39/204 22/26/22 311/39/311 573/39/573
f 573/39/573 311/39/311 66/26/66 270/39/270
f 331/39/331 573/39/573 270/39/270 58/26/58
f 6/26/6 231/26/231 574/39/574 332/39/332
f 231/26/231 40/26/40 313/39/313 574/39/574
f 574/39/574 313/39/313 84/26/84 297/26/297
f 332/39/332 574/39/574 297/26/297 50/26/50
f 29/26/29 218/39/218 575/39/575 324/39/324
f 218/39/218 26/26/26 323/39/323 575/39/575
f 575/39/575 323/39/323 70/26/70 284/39/284
f 324/39/324 575/39/575 284/39/284 73/26/73
f 31/26/31 219/39/219 576/39/576 328/39/328
f 219/39/219 27/26/27 334/39/334 576/39/576
f 576/39/576 334/39/334 71/26/71 285/39/285
f 328/39/328 576/39/576 285/39/285 75/26/75
f 5/26/5 181/37/181 577/82/577 333/39/333
f 181/37/181 1/26/1 320/83/320 577/82/577
f 577/82/577 320/83/320 43/63/43 247/69/247
f 333/39/333 577/82/577 247/69/247 49/26/49
f 41/26/41 206/26/206 578/39/578 335/39/335
f 206/26/206 6/26/6 332/39/332 578/39/578
f 578/39/578 332/39/332 50/26/50 272/26/272
f 335/39/335 578/39/578 272/26/272 85/26/85
f 28/26/28 220/39/220 579/39/579 317/39/317
f 220/39/220 30/26/30 325/39/325 579/39/579
f 579/39/579 325/39/325 74/26/74 286/39/286
f 317/39/317 579/39/579 286/39/286 72/26/72
f 23/39/23 207/39/207 580/78/580 336/39/336
f 207/39/207 24/39/24 326/39/326 580/78/580
f 580/78/580 326/39/326 68/39/68 273/39/273
f 336/39/336 580/78/580 273/39/273 67/39/67
f 27/26/27 234/39/234 581/39/581 334/39/334
f 234/39/234 41/26/41 335/39/335 581/39/581
f 581/39/581 335/39/335 85/26/85 300/39/300
f 334/39/334 581/39/581 300/39/300 71/26/71
f 36/26/36 208/39/208 582/26/582 322/39/322
f 208/39/208 23/39/23 336/39/336 582/26/582
f 582/26/582 336/39/336 67/39/67 274/26/274
f 322/39/322 582/26/582 274/26/274 80/26/80
f 4/1/4 340/44/340 583/7/583 174/2/174
f 340/44/340 88/45/88 338/8/338 583/7/583
f 986/6/986 490/46/490 161/84/161 981/9/981
f 988/85/988 491/86/491 165/87/165 983/49/983
f 167/13/167 501/88/501 584/54/584 176/14/176
f 501/88/501 170/89/170 339/56/339 584/54/584
f 584/54/584 339/56/339 88/45/88 340/44/340
f 176/14/176 584/54/584 340/44/340 4/1/4
f 119/40/119 391/30/391 585/57/585 388/58/388
f 391/30/391 38/23/38 179/23/179 585/57/585
f 119/40/119 388/58/388 586/25/586 390/61/390
f 586/25/586 344/27/344 90/26/90 389/26/389
f 390/61/390 586/25/586 389/26/389 120/26/120
f 93/40/93 349/40/349 587/61/587 352/24/352
f 349/40/349 91/40/91 347/61/347 587/61/587
f 587/61/587 347/61/347 92/26/92 350/26/350
f 352/24/352 587/61/587 350/26/350 94/29/94
f 93/40/93 351/62/351 588/62/588 349/40/349
f 351/62/351 12/31/12 184/23/184 588/62/588
f 588/62/588 184/23/184 8/31/8 348/62/348
f 349/40/349 588/62/588 348/62/348 91/40/91
f 87/90/87 337/64/337 589/91/589 341/92/341
f 337/64/337 2/36/2 190/35/190 589/91/589
f 589/91/589 190/35/190 12/31/12 351/62/351
f 341/92/341 589/91/589 351/62/351 93/40/93
f 87/90/87 341/92/341 590/93/590 343/94/343
f 341/92/341 93/40/93 352/24/352 590/93/590
f 590/93/590 352/24/352 94/29/94 342/39/342
f 343/94/343 590/93/590 342/39/342 89/26/89
f 103/26/103 365/39/365 591/39/591 363/39/363
f 365/39/365 104/26/104 356/39/356 591/39/591
f 101/26/101 362/26/362 592/39/592 360/26/360
f 362/26/362 102/26/102 359/26/359 592/39/592
f 592/39/592 359/26/359 100/39/100 357/39/357
f 360/26/360 592/39/592 357/39/357 99/39/99
f 97/26/97 354/39/354 593/39/593 358/39/358
f 354/39/354 98/26/98 361/39/361 593/39/593
f 593/39/593 361/39/361 102/26/102 362/26/362
f 358/39/358 593/39/593 362/26/362 101/26/101
f 95/26/95 353/26/353 594/39/594 355/39/355
f 353/26/353 96/26/96 364/39/364 594/39/594
f 594/39/594 364/39/364 104/26/104 365/39/365
f 355/39/355 594/39/594 365/39/365 103/26/103
f 118/26/118 387/26/387 595/39/595 386/26/386
f 387/26/387 117/26/117 368/26/368 595/39/595
f 595/39/595 368/26/368 105/39/105 367/39/367
f 386/26/386 595/39/595 367/39/367 106/39/106
f 121/26/121 394/39/394 596/39/596 392/39/392
f 394/39/394 122/26/122 371/39/371 596/39/596
f 596/39/596 371/39/371 110/26/110 372/39/372
f 392/39/392 596/39/596 372/39/372 109/26/109
f 111/26/111 374/39/374 597/39/597 373/39/373
f 374/39/374 114/26/114 375/39/375 597/39/597
f 597/39/597 375/39/375 113/26/113 376/39/376
f 373/39/373 597/39/597 376/39/376 112/26/112
f 114/26/114 374/39/374 598/39/598 377/39/377
f 374/39/374 111/26/111 378/39/378 598/39/598
f 598/39/598 378/39/378 108/26/108 370/39/370
f 377/39/377 598/39/598 370/39/370 107/26/107
f 109/26/109 372/39/372 599/39/599 379/39/379
f 372/39/372 110/26/110 380/39/380 599/39/599
f 599/39/599 380/39/380 112/26/112 376/39/376
f 379/39/379 599/39/599 376/39/376 113/26/113
f 91/40/91 345/40/345 600/28/600 347/61/347
f 345/40/345 115/40/115 383/24/383 600/28/600
f 600/28/600 383/24/383 116/26/116 346/39/346
f 347/61/347 600/28/600 346/39/346 92/26/92
f 91/40/91 348/62/348 601/62/601 345/40/345
f 348/62/348 8/31/8 221/23/221 601/62/601
f 601/62/601 221/23/221 33/31/33 384/62/384
f 345/40/345 601/62/601 384/62/384 115/40/115
f 107/26/107 370/39/370 602/39/602 369/39/369
f 370/39/370 108/26/108 385/39/385 602/39/602
f 602/39/602 385/39/385 117/26/117 387/26/387
f 369/39/369 602/39/602 387/26/387 118/26/118
f 115/40/115 381/40/381 603/70/603 383/24/383
f 381/40/381 119/40/119 390/61/390 603/70/603
f 603/70/603 390/61/390 120/26/120 382/39/382
f 383/24/383 603/70/603 382/39/382 116/26/116
f 115/40/115 384/62/384 604/62/604 381/40/381
f 384/62/384 33/31/33 229/23/229 604/62/604
f 604/62/604 229/23/229 38/23/38 391/30/391
f 381/40/381 604/62/604 391/30/391 119/40/119
f 90/26/90 344/27/344 605/71/605 366/26/366
f 605/71/605 393/27/393 122/26/122 394/39/394
f 366/26/366 605/71/605 394/39/394 121/26/121
f 46/1/46 239/2/239 606/3/606 398/4/398
f 987/95/987 492/96/492 164/76/164 982/77/982
f 984/48/984 163/47/163 491/86/491 988/85/988
f 398/4/398 606/3/606 396/11/396 124/12/124
f 169/13/169 241/14/241 607/15/607 500/16/500
f 241/14/241 46/1/46 398/4/398 607/15/607
f 607/15/607 398/4/398 124/12/124 397/17/397
f 500/16/500 607/15/607 397/17/397 171/18/171
f 156/19/156 447/20/447 608/21/608 450/22/450
f 447/20/447 125/60/125 399/59/399 608/21/608
f 608/21/608 399/59/399 48/23/48 245/23/245
f 450/22/450 608/21/608 245/23/245 82/23/82
f 156/19/156 449/24/449 609/25/609 447/20/447
f 449/24/449 157/26/157 448/26/448 609/25/609
f 609/25/609 448/26/448 127/26/127 403/27/403
f 447/20/447 609/25/609 403/27/403 125/60/125
f 130/19/130 411/28/411 610/24/610 408/19/408
f 411/28/411 131/29/131 409/26/409 610/24/610
f 610/24/610 409/26/409 129/26/129 406/24/406
f 408/19/408 610/24/610 406/24/406 128/19/128
f 130/19/130 408/19/408 611/30/611 410/22/410
f 408/19/408 128/19/128 407/22/407 611/30/611
f 611/30/611 407/22/407 52/31/52 250/23/250
f 410/22/410 611/30/611 250/23/250 56/31/56
f 123/26/123 400/32/400 612/33/612 395/34/395
f 400/32/400 130/19/130 410/22/410 612/33/612
f 612/33/612 410/22/410 56/31/56 256/67/256
f 395/34/395 612/33/612 256/67/256 44/36/44
f 123/26/123 402/97/402 613/38/613 400/32/400
f 402/97/402 126/26/126 401/39/401 613/38/613
f 613/38/613 401/39/401 131/29/131 411/28/411
f 400/32/400 613/38/613 411/28/411 130/19/130
f 140/26/140 422/39/422 614/39/614 424/39/424
f 424/39/424 614/39/614 415/39/415 141/26/141
f 138/26/138 419/39/419 615/26/615 421/26/421
f 419/39/419 136/39/136 416/39/416 615/26/615
f 615/26/615 416/39/416 137/39/137 418/26/418
f 421/26/421 615/26/615 418/26/418 139/26/139
f 134/26/134 417/39/417 616/39/616 413/39/413
f 417/39/417 138/26/138 421/26/421 616/39/616
f 616/39/616 421/26/421 139/26/139 420/39/420
f 413/39/413 616/39/616 420/39/420 135/26/135
f 132/26/132 414/39/414 617/39/617 412/26/412
f 414/39/414 140/26/140 424/39/424 617/39/617
f 617/39/617 424/39/424 141/26/141 423/39/423
f 412/26/412 617/39/617 423/39/423 133/26/133
f 155/26/155 445/39/445 618/26/618 446/26/446
f 445/39/445 143/39/143 426/39/426 618/26/618
f 618/26/618 426/39/426 142/39/142 427/26/427
f 446/26/446 618/26/618 427/26/427 154/26/154
f 158/26/158 451/39/451 619/39/619 453/39/453
f 451/39/451 146/26/146 431/39/431 619/39/619
f 619/39/619 431/39/431 147/26/147 430/39/430
f 453/39/453 619/39/619 430/39/430 159/26/159
f 148/26/148 432/39/432 620/39/620 433/39/433
f 432/39/432 149/26/149 435/39/435 620/39/620
f 620/39/620 435/39/435 150/26/150 434/39/434
f 433/39/433 620/39/620 434/39/434 151/26/151
f 151/26/151 436/39/436 621/39/621 433/39/433
f 436/39/436 144/26/144 429/39/429 621/39/621
f 621/39/621 429/39/429 145/26/145 437/39/437
f 433/39/433 621/39/621 437/39/437 148/26/148
f 146/26/146 438/39/438 622/39/622 431/39/431
f 438/39/438 150/26/150 435/39/435 622/39/622
f 622/39/622 435/39/435 149/26/149 439/39/439
f 431/39/431 622/39/622 439/39/439 147/26/147
f 128/19/128 406/24/406 623/28/623 404/40/404
f 406/24/406 129/26/129 405/26/405 623/28/623
f 623/28/623 405/26/405 153/26/153 442/24/442
f 404/40/404 623/28/623 442/24/442 152/41/152
f 128/19/128 404/40/404 624/30/624 407/22/407
f 404/40/404 152/41/152 443/22/443 624/30/624
f 624/30/624 443/22/443 77/31/77 287/23/287
f 407/22/407 624/30/624 287/23/287 52/31/52
f 144/26/144 428/39/428 625/39/625 429/39/429
f 428/39/428 155/26/155 446/26/446 625/39/625
f 625/39/625 446/26/446 154/26/154 444/39/444
f 429/39/429 625/39/625 444/39/444 145/26/145
f 152/41/152 442/24/442 626/28/626 440/41/440
f 442/24/442 153/26/153 441/39/441 626/28/626
f 626/28/626 441/39/441 157/26/157 449/24/449
f 440/41/440 626/28/626 449/24/449 156/19/156
f 152/41/152 440/41/440 627/30/627 443/22/443
f 440/41/440 156/19/156 450/22/450 627/30/627
f 627/30/627 450/22/450 82/23/82 295/23/295
f 443/22/443 627/30/627 295/23/295 77/31/77
f 127/26/127 425/26/425 628/42/628 403/27/403
f 425/26/425 158/26/158 453/39/453 628/42/628
f 628/42/628 453/39/453 159/26/159 452/43/452
f 403/27/403 628/42/628 452/43/452 125/60/125
f 455/98/455 125/60/125 452/43/452 629/99/629
f 629/99/629 452/43/452 159/26/159 454/26/454
f 393/27/393 629/99/629 454/26/454 122/26/122
f 103/26/103 457/39/457 630/39/630 355/39/355
f 457/39/457 140/26/140 414/39/414 630/39/630
f 630/39/630 414/39/414 132/26/132 456/39/456
f 355/39/355 630/39/630 456/39/456 95/26/95
f 118/26/118 459/39/459 631/39/631 369/39/369
f 459/39/459 155/26/155 428/39/428 631/39/631
f 631/39/631 428/39/428 144/26/144 458/39/458
f 369/39/369 631/39/631 458/39/458 107/26/107
f 88/45/88 460/75/460 632/100/632 338/8/338
f 460/75/460 124/12/124 396/11/396 632/100/632
f 983/49/983 165/87/165 492/96/492 987/95/987
f 104/26/104 462/39/462 633/39/633 356/39/356
f 462/39/462 141/26/141 415/39/415 633/39/633
f 120/26/120 464/39/464 634/39/634 382/39/382
f 464/39/464 157/26/157 441/39/441 634/39/634
f 634/39/634 441/39/441 153/26/153 463/39/463
f 382/39/382 634/39/634 463/39/463 116/26/116
f 116/26/116 463/39/463 635/26/635 346/39/346
f 463/39/463 153/26/153 405/26/405 635/26/635
f 635/26/635 405/26/405 129/26/129 465/29/465
f 346/39/346 635/26/635 465/29/465 92/26/92
f 100/39/100 467/39/467 636/39/636 357/39/357
f 467/39/467 137/39/137 416/39/416 636/39/636
f 636/39/636 416/39/416 136/39/136 466/39/466
f 357/39/357 636/39/636 466/39/466 99/39/99
f 122/26/122 454/26/454 637/39/637 371/39/371
f 454/26/454 159/26/159 430/39/430 637/39/637
f 637/39/637 430/39/430 147/26/147 468/39/468
f 371/39/371 637/39/637 468/39/468 110/26/110
f 101/26/101 470/39/470 638/39/638 358/39/358
f 470/39/470 138/26/138 417/39/417 638/39/638
f 638/39/638 417/39/417 134/26/134 469/39/469
f 358/39/358 638/39/638 469/39/469 97/26/97
f 170/89/170 499/101/499 639/102/639 339/56/339
f 499/101/499 171/18/171 397/17/397 639/102/639
f 639/102/639 397/17/397 124/12/124 460/75/460
f 339/56/339 639/102/639 460/75/460 88/45/88
f 102/26/102 472/26/472 640/39/640 359/26/359
f 472/26/472 139/26/139 418/26/418 640/39/640
f 640/39/640 418/26/418 137/39/137 467/39/467
f 359/26/359 640/39/640 467/39/467 100/39/100
f 108/26/108 474/39/474 641/39/641 385/39/385
f 474/39/474 145/26/145 444/39/444 641/39/641
f 641/39/641 444/39/444 154/26/154 473/39/473
f 385/39/385 641/39/641 473/39/473 117/26/117
f 112/26/112 476/39/476 642/39/642 373/39/373
f 476/39/476 149/26/149 432/39/432 642/39/642
f 642/39/642 432/39/432 148/26/148 475/39/475
f 373/39/373 642/39/642 475/39/475 111/26/111
f 99/39/99 466/39/466 643/26/643 360/26/360
f 466/39/466 136/39/136 419/39/419 643/26/643
f 643/26/643 419/39/419 138/26/138 470/39/470
f 360/26/360 643/26/643 470/39/470 101/26/101
f 106/39/106 477/39/477 644/26/644 386/26/386
f 477/39/477 143/39/143 445/39/445 644/26/644
f 644/26/644 445/39/445 155/26/155 459/39/459
f 386/26/386 644/26/644 459/39/459 118/26/118
f 92/26/92 465/29/465 645/26/645 350/26/350
f 465/29/465 129/26/129 409/26/409 645/26/645
f 645/26/645 409/26/409 131/29/131 478/39/478
f 350/26/350 645/26/645 478/39/478 94/29/94
f 98/26/98 461/39/461 646/39/646 361/39/361
f 461/39/461 135/26/135 420/39/420 646/39/646
f 646/39/646 420/39/420 139/26/139 472/26/472
f 361/39/361 646/39/646 472/26/472 102/26/102
f 114/26/114 480/39/480 647/39/647 375/39/375
f 480/39/480 151/26/151 434/39/434 647/39/647
f 647/39/647 434/39/434 150/26/150 479/39/479
f 375/39/375 647/39/647 479/39/479 113/26/113
f 330/23/330 48/23/48 399/59/399 648/103/648
f 648/103/648 399/59/399 125/60/125 455/98/455
f 649/39/649 422/39/422 140/26/140 457/39/457
f 363/39/363 649/39/649 457/39/457 103/26/103
f 107/26/107 458/39/458 650/39/650 377/39/377
f 458/39/458 144/26/144 436/39/436 650/39/650
f 650/39/650 436/39/436 151/26/151 480/39/480
f 377/39/377 650/39/650 480/39/480 114/26/114
f 96/26/96 481/39/481 651/39/651 364/39/364
f 481/39/481 133/26/133 423/39/423 651/39/651
f 651/39/651 423/39/423 141/26/141 462/39/462
f 364/39/364 651/39/651 462/39/462 104/26/104
f 90/26/90 482/39/482 652/39/652 389/26/389
f 482/39/482 127/26/127 448/26/448 652/39/652
f 652/39/652 448/26/448 157/26/157 464/39/464
f 389/26/389 652/39/652 464/39/464 120/26/120
f 111/26/111 475/39/475 653/39/653 378/39/378
f 475/39/475 148/26/148 437/39/437 653/39/653
f 653/39/653 437/39/437 145/26/145 474/39/474
f 378/39/378 653/39/653 474/39/474 108/26/108
f 113/26/113 479/39/479 654/39/654 379/39/379
f 479/39/479 150/26/150 438/39/438 654/39/654
f 654/39/654 438/39/438 146/26/146 484/39/484
f 379/39/379 654/39/654 484/39/484 109/26/109
f 89/26/89 483/39/483 655/104/655 343/94/343
f 483/39/483 126/26/126 402/97/402 655/104/655
f 655/104/655 402/97/402 123/26/123 471/105/471
f 343/94/343 655/104/655 471/105/471 87/90/87
f 121/26/121 485/39/485 656/39/656 366/26/366
f 485/39/485 158/26/158 425/26/425 656/39/656
f 656/39/656 425/26/425 127/26/127 482/39/482
f 366/26/366 656/39/656 482/39/482 90/26/90
f 110/26/110 468/39/468 657/39/657 380/39/380
f 468/39/468 147/26/147 439/39/439 657/39/657
f 657/39/657 439/39/439 149/26/149 476/39/476
f 380/39/380 657/39/657 476/39/476 112/26/112
f 105/39/105 486/39/486 658/39/658 367/39/367
f 486/39/486 142/39/142 426/39/426 658/39/658
f 658/39/658 426/39/426 143/39/143 477/39/477
f 367/39/367 658/39/658 477/39/477 106/39/106
f 109/26/109 484/39/484 659/39/659 392/39/392
f 484/39/484 146/26/146 451/39/451 659/39/659
f 659/39/659 451/39/451 158/26/158 485/39/485
f 392/39/392 659/39/659 485/39/485 121/26/121
f 117/26/117 473/39/473 660/39/660 368/26/368
f 473/39/473 154/26/154 427/26/427 660/39/660
f 660/39/660 427/26/427 142/39/142 486/39/486
f 368/26/368 660/39/660 486/39/486 105/39/105
f 989/10/989 487/86/487 160/50/160 980/49/980
f 87/90/87 471/105/471 661/106/661 497/107/497
f 471/105/471 123/26/123 498/108/498 661/106/661
f 661/106/661 498/108/498 171/18/171 499/101/499
f 497/107/497 661/106/661 499/101/499 170/89/170
f 44/36/44 496/109/496 662/110/662 395/34/395
f 496/109/496 169/13/169 500/16/500 662/110/662
f 662/110/662 500/16/500 171/18/171 498/108/498
f 395/34/395 662/110/662 498/108/498 123/26/123
f 2/36/2 337/64/337 663/111/663 494/109/494
f 337/64/337 87/90/87 497/107/497 663/111/663
f 663/111/663 497/107/497 170/89/170 501/88/501
f 494/109/494 663/111/663 501/88/501 167/13/167
f 1/26/1 493/108/493 664/112/664 320/83/320
f 493/108/493 166/18/166 502/80/502 664/112/664
f 664/112/664 502/80/502 168/55/168 495/113/495
f 320/83/320 664/112/664 495/113/495 43/63/43
f 44/36/44 237/64/237 665/114/665 496/109/496
f 237/64/237 43/63/43 495/113/495 665/114/665
f 665/114/665 495/113/495 168/55/168 503/53/503
f 496/109/496 665/114/665 503/53/503 169/13/169
f 2/36/2 494/109/494 666/110/666 172/34/172
f 494/109/494 167/13/167 504/16/504 666/110/666
f 666/110/666 504/16/504 166/18/166 493/108/493
f 172/34/172 666/110/666 493/108/493 1/26/1
f 668/26/668 707/26/707 709/26/709 671/26/671
f 671/26/671 709/26/709 710/26/710 670/26/670
f 670/26/670 710/26/710 711/26/711 669/26/669
f 669/26/669 711/26/711 708/26/708 667/26/667
f 673/26/673 708/26/708 711/26/711 676/26/676
f 676/26/676 711/26/711 710/26/710 675/26/675
f 675/26/675 710/26/710 709/26/709 674/26/674
f 674/26/674 709/26/709 707/26/707 672/26/672
f 683/26/683 712/26/712 714/26/714 686/29/686
f 686/29/686 714/26/714 715/26/715 685/26/685
f 685/26/685 715/26/715 716/26/716 684/26/684
f 684/26/684 716/26/716 713/26/713 682/26/682
f 678/26/678 713/26/713 716/26/716 681/26/681
f 681/26/681 716/26/716 715/26/715 680/26/680
f 680/26/680 715/26/715 714/26/714 679/26/679
f 679/26/679 714/26/714 712/26/712 677/26/677
f 667/26/667 717/39/717 719/39/719 669/26/669
f 669/26/669 719/39/719 720/39/720 670/26/670
f 670/26/670 720/39/720 721/39/721 671/26/671
f 671/26/671 721/39/721 718/39/718 668/26/668
f 677/26/677 718/39/718 721/39/721 679/26/679
f 679/26/679 721/39/721 720/39/720 680/26/680
f 680/26/680 720/39/720 719/39/719 681/26/681
f 681/26/681 719/39/719 717/39/717 678/26/678
f 672/26/672 722/26/722 724/26/724 674/26/674
f 674/26/674 724/26/724 725/26/725 675/26/675
f 675/26/675 725/26/725 726/26/726 676/26/676
f 676/26/676 726/26/726 723/26/723 673/26/673
f 682/26/682 723/26/723 726/26/726 684/26/684
f 684/26/684 726/26/726 725/26/725 685/26/685
f 685/26/685 725/26/725 724/26/724 686/29/686
f 686/29/686 724/26/724 722/26/722 683/26/683
f 693/26/693 727/26/727 729/26/729 696/26/696
f 696/26/696 729/26/729 730/26/730 695/26/695
f 695/26/695 730/26/730 731/26/731 694/26/694
f 694/26/694 731/26/731 728/26/728 692/26/692
f 688/26/688 728/26/728 731/26/731 691/26/691
f 691/26/691 731/26/731 730/26/730 690/26/690
f 690/26/690 730/26/730 729/26/729 689/26/689
f 689/26/689 729/26/729 727/26/727 687/26/687
f 698/26/698 732/26/732 734/26/734 701/26/701
f 701/26/701 734/26/734 735/26/735 700/26/700
f 700/26/700 735/26/735 736/26/736 699/26/699
f 699/26/699 736/26/736 733/26/733 697/26/697
f 703/26/703 733/26/733 736/26/736 706/26/706
f 706/26/706 736/26/736 735/26/735 705/26/705
f 705/26/705 735/26/735 734/26/734 704/26/704
f 704/26/704 734/26/734 732/26/732 702/26/702
f 697/26/697 737/39/737 739/78/739 699/26/699
f 699/26/699 739/78/739 740/39/740 700/26/700
f 700/26/700 740/39/740 741/39/741 701/26/701
f 701/26/701 741/39/741 738/39/738 698/26/698
f 687/26/687 738/39/738 741/39/741 689/26/689
f 689/26/689 741/39/741 740/39/740 690/26/690
f 690/26/690 740/39/740 739/78/739 691/26/691
f 691/26/691 739/78/739 737/39/737 688/26/688
f 702/26/702 742/26/742 744/26/744 704/26/704
f 704/26/704 744/26/744 745/26/745 705/26/705
f 705/26/705 745/26/745 746/26/746 706/26/706
f 706/26/706 746/26/746 743/26/743 703/26/703
f 692/26/692 743/26/743 746/26/746 694/26/694
f 694/26/694 746/26/746 745/26/745 695/26/695
f 695/26/695 745/26/745 744/26/744 696/26/696
f 696/26/696 744/26/744 742/26/742 693/26/693
f 13/26/13 668/26/668 718/39/718 305/39/305
f 668/26/668 13/26/13 193/26/193 707/26/707
f 667/26/667 5/26/5 333/39/333 717/39/717
f 5/26/5 667/26/667 708/26/708 180/39/180
f 11/29/11 673/26/673 723/26/723 327/39/327
f 180/39/180 708/26/708 673/26/673 11/29/11
f 672/26/672 14/26/14 331/39/331 722/26/722
f 707/26/707 193/26/193 14/26/14 672/26/672
f 305/39/305 718/39/718 677/26/677 57/26/57
f 49/26/49 246/39/246 713/26/713 678/26/678
f 677/26/677 712/26/712 259/26/259 57/26/57
f 717/39/717 333/39/333 49/26/49 678/26/678
f 327/39/327 723/26/723 682/26/682 55/29/55
f 712/26/712 683/26/683 58/26/58 259/26/259
f 246/39/246 55/29/55 682/26/682 713/26/713
f 722/26/722 331/39/331 58/26/58 683/26/683
f 95/26/95 456/39/456 738/39/738 687/26/687
f 89/26/89 342/39/342 728/26/728 688/26/688
f 687/26/687 727/26/727 353/26/353 95/26/95
f 688/26/688 737/39/737 483/39/483 89/26/89
f 94/29/94 478/39/478 743/26/743 692/26/692
f 727/26/727 693/26/693 96/26/96 353/26/353
f 342/39/342 94/29/94 692/26/692 728/26/728
f 693/26/693 742/26/742 481/39/481 96/26/96
f 456/39/456 132/26/132 698/26/698 738/39/738
f 698/26/698 132/26/132 412/26/412 732/26/732
f 737/39/737 697/26/697 126/26/126 483/39/483
f 126/26/126 697/26/697 733/26/733 401/39/401
f 478/39/478 131/29/131 703/26/703 743/26/743
f 401/39/401 733/26/733 703/26/703 131/29/131
f 742/26/742 702/26/702 133/26/133 481/39/481
f 732/26/732 412/26/412 133/26/133 702/26/702
f 763/115/763 782/39/782 784/39/784 766/116/766
f 766/116/766 784/39/784 785/39/785 765/116/765
f 765/116/765 785/39/785 786/39/786 764/116/764
f 764/116/764 786/39/786 783/39/783 762/115/762
f 782/39/782 752/26/752 754/115/754 784/39/784
f 784/39/784 754/115/754 755/115/755 785/39/785
f 785/39/785 755/115/755 756/115/756 786/39/786
f 786/39/786 756/115/756 753/115/753 783/39/783
f 778/39/778 747/26/747 749/26/749 781/39/781
f 781/39/781 749/26/749 750/26/750 780/39/780
f 780/39/780 750/26/750 751/26/751 779/39/779
f 779/39/779 751/26/751 748/26/748 777/39/777
f 758/26/758 778/39/778 781/39/781 761/115/761
f 761/115/761 781/39/781 780/39/780 760/115/760
f 760/115/760 780/39/780 779/39/779 759/115/759
f 759/115/759 779/39/779 777/39/777 757/26/757
f 773/39/773 758/26/758 761/115/761 776/39/776
f 776/39/776 761/115/761 760/115/760 775/39/775
f 775/39/775 760/115/760 759/115/759 774/39/774
f 774/39/774 759/115/759 757/26/757 772/39/772
f 762/115/762 773/39/773 776/39/776 764/116/764
f 764/116/764 776/39/776 775/39/775 765/116/765
f 765/116/765 775/39/775 774/39/774 766/116/766
f 766/116/766 774/39/774 772/39/772 763/115/763
f 768/39/768 753/115/753 756/115/756 771/39/771
f 771/39/771 756/115/756 755/115/755 770/39/770
f 770/39/770 755/115/755 754/115/754 769/39/769
f 769/39/769 754/115/754 752/26/752 767/39/767
f 747/26/747 768/39/768 771/39/771 749/26/749
f 749/26/749 771/39/771 770/39/770 750/26/750
f 750/26/750 770/39/770 769/39/769 751/26/751
f 751/26/751 769/39/769 767/39/767 748/26/748
f 823/39/823 802/26/802 804/26/804 826/39/826
f 826/39/826 804/26/804 805/29/805 825/39/825
f 825/39/825 805/29/805 806/29/806 824/39/824
f 824/39/824 806/29/806 803/29/803 822/26/822
f 793/26/793 823/39/823 826/39/826 796/29/796
f 796/29/796 826/39/826 825/39/825 795/29/795
f 795/29/795 825/39/825 824/39/824 794/26/794
f 794/26/794 824/39/824 822/26/822 792/29/792
f 818/78/818 797/26/797 799/26/799 821/78/821
f 821/78/821 799/26/799 800/26/800 820/78/820
f 820/78/820 800/26/800 801/26/801 819/78/819
f 819/78/819 801/26/801 798/26/798 817/78/817
f 788/26/788 818/78/818 821/78/821 791/26/791
f 791/26/791 821/78/821 820/78/820 790/26/790
f 790/26/790 820/78/820 819/78/819 789/26/789
f 789/26/789 819/78/819 817/78/817 787/26/787
f 813/26/813 803/29/803 806/29/806 816/26/816
f 816/26/816 806/29/806 805/29/805 815/26/815
f 815/26/815 805/29/805 804/26/804 814/26/814
f 814/26/814 804/26/804 802/26/802 812/26/812
f 797/26/797 813/26/813 816/26/816 799/26/799
f 799/26/799 816/26/816 815/26/815 800/26/800
f 800/26/800 815/26/815 814/26/814 801/26/801
f 801/26/801 814/26/814 812/26/812 798/26/798
f 808/78/808 788/26/788 791/26/791 811/78/811
f 811/78/811 791/26/791 790/26/790 810/78/810
f 810/78/810 790/26/790 789/26/789 809/78/809
f 809/78/809 789/26/789 787/26/787 807/78/807
f 792/29/792 808/78/808 811/78/811 794/26/794
f 794/26/794 811/78/811 810/78/810 795/29/795
f 795/29/795 810/78/810 809/78/809 796/29/796
f 796/29/796 809/78/809 807/78/807 793/26/793
f 747/26/747 778/39/778 461/39/461 98/26/98
f 591/39/591 356/39/356 748/26/748 767/39/767
f 768/39/768 747/26/747 98/26/98 354/39/354
f 356/39/356 633/39/633 777/39/777 748/26/748
f 363/39/363 591/39/591 767/39/767 752/26/752
f 97/26/97 469/39/469 783/39/783 753/115/753
f 752/26/752 782/39/782 649/39/649 363/39/363
f 753/115/753 768/39/768 354/39/354 97/26/97
f 778/39/778 758/26/758 135/26/135 461/39/461
f 614/39/614 772/39/772 757/26/757 415/39/415
f 633/39/633 415/39/415 757/26/757 777/39/777
f 773/39/773 413/39/413 135/26/135 758/26/758
f 422/39/422 763/115/763 772/39/772 614/39/614
f 782/39/782 763/115/763 422/39/422 649/39/649
f 762/115/762 134/26/134 413/39/413 773/39/773
f 469/39/469 134/26/134 762/115/762 783/39/783
f 788/26/788 16/26/16 310/39/310 818/78/818
f 513/39/513 807/78/807 787/26/787 196/39/196
f 196/39/196 787/26/787 817/78/817 555/39/555
f 808/78/808 194/39/194 16/26/16 788/26/788
f 203/39/203 793/26/793 807/78/807 513/39/513
f 793/26/793 203/39/203 571/39/571 823/39/823
f 792/29/792 15/26/15 194/39/194 808/78/808
f 15/26/15 792/29/792 822/26/822 318/39/318
f 818/78/818 310/39/310 60/26/60 797/26/797
f 536/39/536 262/39/262 798/26/798 812/26/812
f 813/26/813 797/26/797 60/26/60 260/39/260
f 555/39/555 817/78/817 798/26/798 262/39/262
f 269/39/269 536/39/536 812/26/812 802/26/802
f 318/39/318 822/26/822 803/29/803 59/26/59
f 823/39/823 571/39/571 269/39/269 802/26/802
f 803/29/803 813/26/813 260/39/260 59/26/59
f 827/117/827 830/118/830 831/119/831 832/120/832 828/121/828 829/122/829 235/123/235
f 838/124/838 841/125/841 842/126/842 843/127/843 839/128/839 393/123/393 840/122/840
f 834/23/834 844/129/844 846/130/846 837/131/837
f 837/131/837 846/130/846 847/132/847 836/23/836
f 836/23/836 847/132/847 848/133/848 835/134/835
f 835/134/835 848/133/848 845/135/845 833/23/833
f 844/129/844 828/121/828 832/120/832 846/130/846
f 846/130/846 832/120/832 831/119/831 847/132/847
f 847/132/847 831/119/831 830/118/830 848/133/848
f 848/133/848 830/118/830 827/117/827 845/135/845
f 833/23/833 849/136/849 851/137/851 835/134/835
f 835/134/835 851/137/851 852/138/852 836/23/836
f 836/23/836 852/138/852 853/130/853 837/131/837
f 837/131/837 853/130/853 850/129/850 834/23/834
f 849/136/849 839/128/839 843/127/843 851/137/851
f 851/137/851 843/127/843 842/126/842 852/138/852
f 852/138/852 842/126/842 841/125/841 853/130/853
f 853/130/853 841/125/841 838/124/838 850/129/850
f 845/135/845 827/117/827 304/73/304 570/81/570
f 230/20/230 828/121/828 844/129/844 507/21/507
f 182/27/182 527/42/527 235/123/235 829/122/829
f 230/20/230 508/25/508 182/27/182 829/122/829 828/121/828
f 827/117/827 235/43/235 551/72/551 304/73/304
f 833/23/833 845/135/845 570/81/570 330/23/330
f 507/21/507 844/129/844 834/23/834 179/23/179
f 833/23/833 330/23/330 648/103/648 849/136/849
f 585/57/585 179/23/179 834/23/834 850/129/850
f 849/136/849 648/103/648 455/98/455 839/128/839
f 388/58/388 838/124/838 840/122/840 344/27/344 586/25/586
f 388/58/388 585/57/585 850/129/850 838/124/838
f 344/27/344 840/122/840 393/27/393 605/71/605
f 393/123/393 839/128/839 455/98/455 629/99/629
f 487/296/487 971/296/971 974/296/974 160/296/160
f 160/296/160 974/296/974 968/296/968 489/296/489
f 489/296/489 968/296/968 973/296/973 162/296/162
f 162/296/162 973/296/973 976/296/976 488/296/488
f 488/296/488 976/296/976 969/296/969 163/296/163
f 163/296/163 969/296/969 975/296/975 491/296/491
f 491/296/491 975/296/975 978/296/978 165/296/165
f 165/296/165 978/296/978 970/296/970 492/296/492
f 492/296/492 970/296/970 977/296/977 164/296/164
f 164/296/164 977/296/977 972/296/972 490/296/490
f 490/296/490 972/296/972 967/296/967 161/296/161
f 161/296/161 967/296/967 971/296/971 487/296/487
f 505/3/505 989/10/989 980/49/980 173/11/173
f 396/11/396 983/49/983 987/95/987 632/100/632
f 239/2/239 984/48/984 988/85/988 606/3/606
f 632/100/632 987/95/987 982/77/982 338/8/338
f 606/3/606 988/85/988 983/49/983 396/11/396
f 583/7/583 986/6/986 981/9/981 174/2/174
f 338/8/338 982/77/982 986/6/986 583/7/583
f 554/74/554 985/52/985 979/5/979 238/8/238
f 173/11/173 980/49/980 985/52/985 554/74/554
f 528/7/528 990/6/990 984/48/984 239/2/239
f 161/84/161 487/86/487 989/10/989 981/9/981
f 162/76/162 488/46/488 990/6/990 979/5/979
usemtl Black
f 858/139/858 857/140/857 865/141/865
f 856/142/856 855/143/855 861/144/861 862/145/862
f 965/146/965 964/147/964 859/148/859 860/149/860
f 855/143/855 965/146/965 860/149/860 861/144/861
f 964/147/964 854/150/854 859/148/859
f 865/141/865 864/151/864 871/152/871 872/153/872
f 863/154/863 862/145/862 869/155/869 870/156/870
f 861/144/861 860/149/860 867/157/867 868/158/868
f 859/148/859 854/159/854 866/160/866
f 858/161/858 865/141/865 872/153/872
f 864/151/864 863/154/863 870/156/870 871/152/871
f 862/145/862 861/144/861 868/158/868 869/155/869
f 860/149/860 859/148/859 866/160/866 867/157/867
f 870/156/870 869/155/869 876/162/876 877/163/877
f 868/158/868 867/157/867 874/164/874 875/165/875
f 866/160/866 854/166/854 873/167/873
f 858/168/858 872/153/872 879/169/879
f 871/152/871 870/156/870 877/163/877 878/170/878
f 869/155/869 868/158/868 875/165/875 876/162/876
f 867/157/867 866/160/866 873/167/873 874/164/874
f 872/153/872 871/152/871 878/170/878 879/169/879
f 858/171/858 879/169/879 886/172/886
f 878/170/878 877/163/877 884/173/884 885/174/885
f 876/162/876 875/165/875 882/175/882 883/176/883
f 874/164/874 873/167/873 880/177/880 881/178/881
f 879/169/879 878/170/878 885/174/885 886/172/886
f 877/163/877 876/162/876 883/176/883 884/173/884
f 875/165/875 874/164/874 881/178/881 882/175/882
f 873/167/873 854/179/854 880/177/880
f 883/176/883 882/175/882 889/180/889 890/181/890
f 881/178/881 880/177/880 887/182/887 888/183/888
f 886/172/886 885/174/885 892/184/892 893/185/893
f 884/173/884 883/176/883 890/181/890 891/186/891
f 882/175/882 881/178/881 888/183/888 889/180/889
f 880/177/880 854/187/854 887/182/887
f 858/188/858 886/172/886 893/185/893
f 885/174/885 884/173/884 891/186/891 892/184/892
f 893/185/893 892/184/892 899/189/899 900/190/900
f 891/186/891 890/181/890 897/191/897 898/192/898
f 889/180/889 888/183/888 895/193/895 896/194/896
f 887/182/887 854/195/854 894/196/894
f 858/197/858 893/185/893 900/190/900
f 892/184/892 891/186/891 898/192/898 899/189/899
f 890/181/890 889/180/889 896/194/896 897/191/897
f 888/183/888 887/182/887 894/196/894 895/193/895
f 896/194/896 895/193/895 902/198/902 903/199/903
f 894/196/894 854/200/854 901/201/901
f 858/202/858 900/190/900 907/203/907
f 899/189/899 898/192/898 905/204/905 906/205/906
f 897/191/897 896/194/896 903/199/903 904/206/904
f 895/193/895 894/196/894 901/201/901 902/198/902
f 900/190/900 899/189/899 906/205/906 907/203/907
f 898/192/898 897/191/897 904/206/904 905/204/905
f 858/207/858 907/203/907 914/208/914
f 906/205/906 905/204/905 912/209/912 913/210/913
f 904/206/904 903/199/903 910/211/910 911/212/911
f 902/198/902 901/201/901 908/213/908 909/214/909
f 907/203/907 906/205/906 913/210/913 914/208/914
f 905/204/905 904/206/904 911/212/911 912/209/912
f 903/199/903 902/198/902 909/214/909 910/211/910
f 901/201/901 854/215/854 908/213/908
f 909/214/909 908/213/908 915/216/915 916/217/916
f 914/208/914 913/210/913 920/218/920 921/219/921
f 912/209/912 911/212/911 918/220/918 919/221/919
f 910/211/910 909/214/909 916/217/916 917/222/917
f 908/213/908 854/223/854 915/216/915
f 858/224/858 914/208/914 921/219/921
f 913/210/913 912/209/912 919/221/919 920/218/920
f 911/212/911 910/211/910 917/222/917 918/220/918
f 921/219/921 920/218/920 927/225/927 928/226/928
f 919/221/919 918/220/918 925/227/925 926/228/926
f 917/222/917 916/217/916 923/229/923 924/230/924
f 915/216/915 854/231/854 922/232/922
f 858/233/858 921/219/921 928/226/928
f 920/218/920 919/221/919 926/228/926 927/225/927
f 918/220/918 917/222/917 924/230/924 925/227/925
f 916/217/916 915/216/915 922/232/922 923/229/923
f 922/232/922 854/234/854 929/235/929
f 858/236/858 928/226/928 935/237/935
f 927/225/927 926/228/926 933/238/933 934/239/934
f 925/227/925 924/230/924 931/240/931 932/241/932
f 923/229/923 922/232/922 929/235/929 930/242/930
f 928/226/928 927/225/927 934/239/934 935/237/935
f 926/228/926 925/227/925 932/241/932 933/238/933
f 924/230/924 923/229/923 930/242/930 931/240/931
f 934/239/934 933/238/933 940/243/940 941/244/941
f 932/241/932 931/240/931 938/245/938 939/246/939
f 930/242/930 929/235/929 936/247/936 937/248/937
f 935/237/935 934/239/934 941/244/941 942/249/942
f 933/238/933 932/241/932 939/246/939 940/243/940
f 931/240/931 930/242/930 937/248/937 938/245/938
f 929/235/929 854/250/854 936/247/936
f 858/251/858 935/237/935 942/249/942
f 942/252/942 941/253/941 948/254/948 949/255/949
f 940/256/940 939/12/939 946/257/946 947/258/947
f 938/259/938 937/260/937 944/261/944 945/262/945
f 936/263/936 854/264/854 943/265/943
f 858/266/858 942/252/942 949/255/949
f 941/253/941 940/256/940 947/258/947 948/254/948
f 939/12/939 938/259/938 945/262/945 946/257/946
f 937/260/937 936/263/936 943/265/943 944/261/944
f 947/258/947 946/257/946 953/267/953 954/268/954
f 945/262/945 944/261/944 951/269/951 952/270/952
f 943/265/943 854/271/854 950/272/950
f 858/273/858 949/255/949 956/274/956
f 948/254/948 947/258/947 954/268/954 955/275/955
f 946/257/946 945/262/945 952/270/952 953/267/953
f 944/261/944 943/265/943 950/272/950 951/269/951
f 949/255/949 948/254/948 955/275/955 956/274/956
f 858/276/858 956/274/956 963/277/963
f 955/275/955 954/268/954 961/278/961 962/279/962
f 953/267/953 952/270/952 959/280/959 960/281/960
f 951/269/951 950/272/950 957/282/957 958/283/958
f 956/274/956 955/275/955 962/279/962 963/277/963
f 954/268/954 953/267/953 960/281/960 961/278/961
f 952/270/952 951/269/951 958/283/958 959/280/959
f 950/272/950 854/284/854 957/282/957
f 960/281/960 959/280/959 855/143/855 856/142/856
f 958/283/958 957/282/957 964/147/964 965/146/965
f 959/280/959 958/283/958 965/146/965 855/143/855
f 957/282/957 854/285/854 964/147/964
f 858/286/858 963/277/963 857/140/857
f 961/278/961 960/281/960 856/142/856 966/287/966
f 863/154/863 966/288/966 856/142/856 862/145/862
f 962/279/962 961/278/961 977/289/977 970/290/970
f 963/277/963 975/291/975 969/292/969 857/140/857
f 857/140/857 969/292/969 976/293/976 865/141/865
f 968/294/968 974/295/974 863/154/863 864/151/864
f 977/289/977 961/278/961 972/297/972
f 972/297/972 961/278/961 966/298/966 967/299/967
f 863/154/863 971/300/971 967/299/967 966/301/966
f 863/154/863 974/295/974 971/300/971
f 865/141/865 973/302/973 968/294/968 864/151/864
f 865/141/865 976/293/976 973/302/973
f 975/291/975 963/277/963 978/303/978
f 978/303/978 963/277/963 962/279/962 970/290/970
