# Blender 5.2.2 LTS
# www.blender.org
mtllib stars.mtl
o Cube
v -0.276278 2.414385 8.256703
v -0.276262 2.531797 8.256678
v -0.276262 2.296972 8.256678
v -0.276278 2.434498 8.256703
v -0.276278 2.394271 8.256703
v -0.297660 2.407400 8.291126
v -0.297660 2.421369 8.291126
v -0.272461 2.373614 8.250558
v -0.279831 2.373614 8.262424
v -0.279831 2.455155 8.262424
v -0.272461 2.455155 8.250558
v -0.254634 2.421369 8.221860
v -0.254634 2.407400 8.221860
v -0.304792 2.360079 8.302608
v -0.247483 2.360079 8.210347
v -0.247483 2.468690 8.210347
v -0.304792 2.468690 8.302608
v -0.286751 2.414385 8.273563
v -0.265525 2.414385 8.239392
v -0.214183 2.414384 8.156738
v -0.338089 2.414384 8.356213
v -0.116558 2.414385 8.355915
v -0.116543 2.531797 8.355889
v -0.116543 2.296972 8.355889
v -0.116558 2.434498 8.355915
v -0.116558 2.394271 8.355915
v -0.137940 2.407400 8.390338
v -0.137940 2.421369 8.390338
v -0.112741 2.373614 8.349770
v -0.120112 2.373614 8.361636
v -0.120112 2.455155 8.361636
v -0.112741 2.455155 8.349770
v -0.094915 2.421369 8.321072
v -0.094915 2.407400 8.321072
v -0.145073 2.360079 8.401820
v -0.087764 2.360079 8.309559
v -0.087764 2.468690 8.309559
v -0.145073 2.468690 8.401820
v -0.127031 2.414385 8.372775
v -0.105805 2.414385 8.338604
v -0.054464 2.414384 8.255950
v -0.178370 2.414384 8.455424
v -0.281579 2.442099 8.443409
v -0.309882 2.629884 8.488973
v -0.210831 2.576173 8.329513
v -0.181583 2.576173 8.282427
v -0.082465 2.629884 8.122857
v -0.196667 1.948461 8.306710
v -0.210831 2.252595 8.329513
v -0.110843 2.386669 8.168543
v -0.082465 2.198885 8.122857
v 0.049678 2.414384 7.910122
v -0.196667 2.880307 8.306710
v -0.110843 2.442099 8.168543
v -0.309882 2.198885 8.488973
v -0.442013 2.414384 8.701689
v -0.181583 2.252595 8.282427
v -0.281579 2.386669 8.443409
v -3.406217 -1.306590 4.800900
v -3.406189 -1.191059 4.800894
v -3.406189 -1.422122 4.800894
v -3.406217 -1.286799 4.800900
v -3.406217 -1.326381 4.800900
v -3.445179 -1.313463 4.809381
v -3.445179 -1.299718 4.809381
v -3.399262 -1.346708 4.799387
v -3.412693 -1.346708 4.802310
v -3.412693 -1.266473 4.802310
v -3.399262 -1.266473 4.799387
v -3.366780 -1.299718 4.792315
v -3.366780 -1.313463 4.792315
v -3.458175 -1.360026 4.812211
v -3.353749 -1.360026 4.789479
v -3.353749 -1.253155 4.789479
v -3.458175 -1.253155 4.812211
v -3.425300 -1.306590 4.805055
v -3.386624 -1.306590 4.796635
v -3.293072 -1.306590 4.776271
v -3.518847 -1.306590 4.825418
v -3.366865 -1.306590 4.981678
v -3.366837 -1.191059 4.981672
v -3.366837 -1.422122 4.981672
v -3.366865 -1.286799 4.981678
v -3.366865 -1.326381 4.981678
v -3.405827 -1.313463 4.990160
v -3.405827 -1.299718 4.990160
v -3.359911 -1.346708 4.980165
v -3.373341 -1.346708 4.983088
v -3.373341 -1.266473 4.983088
v -3.359911 -1.266473 4.980165
v -3.327428 -1.299718 4.973094
v -3.327428 -1.313463 4.973094
v -3.418823 -1.360026 4.992989
v -3.314397 -1.360026 4.970257
v -3.314397 -1.253155 4.970257
v -3.418823 -1.253155 4.992989
v -3.385948 -1.306590 4.985833
v -3.347272 -1.306590 4.977413
v -3.253720 -1.306590 4.957049
v -3.479495 -1.306590 5.006196
v -3.541718 -1.279320 4.925068
v -3.593290 -1.094544 4.936295
v -3.412804 -1.147394 4.897007
v -3.359510 -1.147394 4.885405
v -3.178902 -1.094544 4.846091
v -3.386996 -1.765048 4.891388
v -3.412804 -1.465787 4.897007
v -3.230611 -1.333861 4.857347
v -3.178902 -1.518637 4.846091
v -2.938118 -1.306591 4.793677
v -3.386996 -0.848134 4.891389
v -3.230611 -1.279320 4.857347
v -3.593290 -1.518637 4.936295
v -3.834051 -1.306591 4.988704
v -3.359510 -1.465787 4.885405
v -3.541718 -1.333861 4.925068
v -1.802365 -2.455600 4.630587
v -1.802333 -2.326078 4.630590
v -1.802333 -2.585121 4.630590
v -1.802365 -2.433412 4.630587
v -1.802365 -2.477787 4.630587
v -1.846771 -2.463304 4.625442
v -1.846771 -2.447895 4.625442
v -1.794439 -2.500575 4.631505
v -1.809746 -2.500575 4.629732
v -1.809746 -2.410624 4.629732
v -1.794439 -2.410624 4.631505
v -1.757418 -2.447895 4.635794
v -1.757418 -2.463304 4.635794
v -1.861583 -2.515506 4.623726
v -1.742566 -2.515506 4.637515
v -1.742566 -2.395693 4.637515
v -1.861583 -2.395693 4.623726
v -1.824115 -2.455600 4.628067
v -1.780034 -2.455600 4.633173
v -1.673411 -2.455600 4.645527
v -1.930732 -2.455600 4.615714
v -1.826236 -2.455600 4.836624
v -1.826204 -2.326078 4.836628
v -1.826204 -2.585121 4.836628
v -1.826236 -2.433412 4.836624
v -1.826236 -2.477787 4.836624
v -1.870642 -2.463304 4.831480
v -1.870642 -2.447895 4.831480
v -1.818310 -2.500575 4.837543
v -1.833616 -2.500575 4.835769
v -1.833616 -2.410624 4.835769
v -1.818310 -2.410624 4.837543
v -1.781288 -2.447895 4.841832
v -1.781288 -2.463304 4.841832
v -1.885454 -2.515506 4.829763
v -1.766437 -2.515506 4.843553
v -1.766437 -2.395693 4.843553
v -1.885454 -2.395693 4.829763
v -1.847986 -2.455600 4.834105
v -1.803905 -2.455600 4.839211
v -1.697281 -2.455600 4.851565
v -1.954603 -2.455600 4.821752
v -1.991159 -2.425026 4.713115
v -2.049937 -2.217875 4.706306
v -1.844233 -2.277126 4.730137
v -1.783493 -2.277126 4.737175
v -1.577649 -2.217875 4.761024
v -1.814819 -2.969575 4.733545
v -1.844233 -2.634075 4.730137
v -1.636583 -2.486174 4.754195
v -1.577649 -2.693324 4.761023
v -1.303221 -2.455600 4.792817
v -1.814819 -1.941626 4.733545
v -1.636583 -2.425026 4.754195
v -2.049937 -2.693324 4.706306
v -2.324340 -2.455600 4.674514
v -1.783493 -2.634075 4.737175
v -1.991159 -2.486174 4.713115
v -3.151567 -2.483167 1.431746
v -3.151545 -2.351443 1.431721
v -3.151545 -2.614890 1.431721
v -3.151567 -2.460602 1.431746
v -3.151567 -2.505732 1.431746
v -3.182529 -2.491002 1.465035
v -3.182529 -2.475331 1.465035
v -3.146040 -2.528907 1.425803
v -3.156713 -2.528907 1.437278
v -3.156713 -2.437427 1.437278
v -3.146040 -2.437427 1.425803
v -3.120227 -2.475331 1.398050
v -3.120227 -2.491002 1.398050
v -3.192857 -2.544092 1.476139
v -3.109872 -2.544092 1.386916
v -3.109872 -2.422242 1.386916
v -3.192857 -2.422242 1.476139
v -3.166732 -2.483167 1.448051
v -3.135997 -2.483167 1.415005
v -3.061653 -2.483167 1.335072
v -3.241072 -2.483167 1.527979
v -2.997107 -2.483167 1.575407
v -2.997084 -2.351444 1.575382
v -2.997084 -2.614890 1.575382
v -2.997107 -2.460602 1.575407
v -2.997107 -2.505732 1.575407
v -3.028069 -2.491002 1.608696
v -3.028069 -2.475331 1.608696
v -2.991580 -2.528907 1.569464
v -3.002252 -2.528907 1.580939
v -3.002252 -2.437427 1.580939
v -2.991580 -2.437427 1.569464
v -2.965766 -2.475331 1.541710
v -2.965766 -2.491002 1.541710
v -3.038396 -2.544092 1.619800
v -2.955411 -2.544092 1.530577
v -2.955411 -2.422242 1.530577
v -3.038396 -2.422242 1.619800
v -3.012271 -2.483167 1.591711
v -2.981536 -2.483167 1.558666
v -2.907192 -2.483167 1.478733
v -3.086611 -2.483167 1.671640
v -3.197652 -2.452074 1.636162
v -3.238636 -2.241402 1.680226
v -3.095207 -2.301659 1.526016
v -3.052856 -2.301659 1.480480
v -2.909330 -2.241402 1.326165
v -3.074698 -3.005879 1.503964
v -3.095207 -2.664676 1.526016
v -2.950422 -2.514260 1.370346
v -2.909330 -2.724932 1.326165
v -2.717984 -2.483167 1.120434
v -3.074698 -1.960455 1.503964
v -2.950422 -2.452074 1.370346
v -3.238636 -2.724932 1.680226
v -3.429964 -2.483167 1.885937
v -3.052856 -2.664676 1.480480
v -3.197652 -2.514260 1.636162
v -2.400748 0.034548 2.525377
v -2.400735 0.117972 2.525393
v -2.400735 -0.048875 2.525393
v -2.400748 0.048839 2.525377
v -2.400748 0.020258 2.525377
v -2.419038 0.029586 2.503139
v -2.419038 0.039511 2.503139
v -2.397484 0.005580 2.529346
v -2.403788 0.005580 2.521681
v -2.403788 0.063517 2.521681
v -2.397484 0.063517 2.529346
v -2.382236 0.039511 2.547885
v -2.382236 0.029586 2.547885
v -2.425139 -0.004036 2.495722
v -2.376119 -0.004036 2.555323
v -2.376119 0.073133 2.555323
v -2.425139 0.073133 2.495722
v -2.409707 0.034548 2.514485
v -2.391551 0.034548 2.536560
v -2.347635 0.034548 2.589954
v -2.453620 0.034548 2.461094
v -2.503927 0.034548 2.610240
v -2.503914 0.117972 2.610255
v -2.503914 -0.048875 2.610255
v -2.503927 0.048839 2.610240
v -2.503927 0.020257 2.610240
v -2.522217 0.029586 2.588002
v -2.522217 0.039511 2.588002
v -2.500662 0.005580 2.614209
v -2.506967 0.005580 2.606544
v -2.506967 0.063517 2.606544
v -2.500662 0.063517 2.614209
v -2.485414 0.039511 2.632748
v -2.485414 0.029586 2.632748
v -2.528317 -0.004036 2.580585
v -2.479297 -0.004036 2.640185
v -2.479297 0.073133 2.640185
v -2.528317 0.073133 2.580585
v -2.512885 0.034548 2.599348
v -2.494730 0.034548 2.621422
v -2.450813 0.034548 2.674817
v -2.556799 0.034548 2.545957
v -2.525182 0.054240 2.479242
v -2.549392 0.187664 2.449807
v -2.464666 0.149502 2.552819
v -2.439649 0.149502 2.583236
v -2.354866 0.187664 2.686317
v -2.452551 -0.296497 2.567549
v -2.464666 -0.080405 2.552819
v -2.379139 0.014856 2.656805
v -2.354866 -0.118567 2.686317
v -2.241835 0.034548 2.823744
v -2.452551 0.365594 2.567549
v -2.379139 0.054240 2.656805
v -2.549392 -0.118567 2.449807
v -2.662412 0.034548 2.312394
v -2.439649 -0.080405 2.583236
v -2.525182 0.014856 2.479242
v -4.960938 5.032609 0.953762
v -4.960927 5.120701 0.953742
v -4.960927 4.944517 0.953742
v -4.960938 5.047699 0.953762
v -4.960938 5.017518 0.953762
v -4.974611 5.027369 0.980917
v -4.974611 5.037849 0.980917
v -4.958496 5.002019 0.948915
v -4.963210 5.002019 0.958275
v -4.963210 5.063198 0.958275
v -4.958496 5.063198 0.948915
v -4.947096 5.037849 0.926275
v -4.947096 5.027369 0.926275
v -4.979172 4.991864 0.989975
v -4.942523 4.991864 0.917193
v -4.942523 5.073354 0.917193
v -4.979172 5.073354 0.989975
v -4.967634 5.032609 0.967062
v -4.954061 5.032609 0.940106
v -4.921227 5.032609 0.874902
v -5.000466 5.032609 1.032262
v -4.834939 5.032609 1.017208
v -4.834929 5.120701 1.017189
v -4.834929 4.944517 1.017189
v -4.834939 5.047699 1.017208
v -4.834939 5.017518 1.017208
v -4.848612 5.027369 1.044364
v -4.848612 5.037849 1.044364
v -4.832498 5.002019 1.012361
v -4.837211 5.002019 1.021722
v -4.837211 5.063198 1.021722
v -4.832498 5.063198 1.012361
v -4.821097 5.037849 0.989721
v -4.821097 5.027369 0.989721
v -4.853174 4.991864 1.053422
v -4.816525 4.991864 0.980639
v -4.816525 5.073354 0.980639
v -4.853174 5.073354 1.053422
v -4.841636 5.032609 1.030509
v -4.828062 5.032609 1.003552
v -4.795229 5.032609 0.938348
v -4.874467 5.032609 1.095709
v -4.952399 5.053403 1.093640
v -4.970499 5.194294 1.129584
v -4.907155 5.153996 1.003790
v -4.888451 5.153996 0.966645
v -4.825065 5.194294 0.840765
v -4.898097 4.683036 0.985802
v -4.907155 4.911222 1.003790
v -4.843212 5.011815 0.876805
v -4.825065 4.870924 0.840765
v -4.740558 5.032609 0.672944
v -4.898097 5.382182 0.985802
v -4.843212 5.053403 0.876805
v -4.970499 4.870924 1.129584
v -5.054997 5.032609 1.297390
v -4.888451 4.911222 0.966645
v -4.952399 5.011815 1.093640
v -2.919349 4.316725 5.312155
v -2.919350 4.361852 5.312143
v -2.919350 4.271597 5.312143
v -2.919349 4.324455 5.312155
v -2.919349 4.308994 5.312155
v -2.917799 4.314041 5.327653
v -2.917799 4.319409 5.327653
v -2.919625 4.301055 5.309389
v -2.919091 4.301055 5.314731
v -2.919091 4.332395 5.314731
v -2.919625 4.332395 5.309389
v -2.920917 4.319409 5.296468
v -2.920917 4.314041 5.296468
v -2.917283 4.295853 5.332822
v -2.921435 4.295853 5.291285
v -2.921435 4.337597 5.291285
v -2.917283 4.337597 5.332822
v -2.918590 4.316725 5.319746
v -2.920128 4.316725 5.304361
v -2.923848 4.316725 5.267148
v -2.914870 4.316725 5.356956
v -2.847440 4.316725 5.304966
v -2.847441 4.361852 5.304955
v -2.847441 4.271597 5.304955
v -2.847440 4.324455 5.304966
v -2.847440 4.308994 5.304966
v -2.845891 4.314041 5.320464
v -2.845891 4.319409 5.320464
v -2.847717 4.301055 5.302199
v -2.847183 4.301055 5.307542
v -2.847183 4.332395 5.307542
v -2.847717 4.332395 5.302199
v -2.849009 4.319409 5.289279
v -2.849009 4.314041 5.289279
v -2.845374 4.295853 5.325634
v -2.849527 4.295853 5.284096
v -2.849527 4.337597 5.284096
v -2.845374 4.337597 5.325634
v -2.846682 4.316725 5.312556
v -2.848219 4.316725 5.297172
v -2.851940 4.316725 5.259960
v -2.842961 4.316725 5.349767
v -2.877224 4.327377 5.370285
v -2.875173 4.399552 5.390799
v -2.882350 4.378908 5.319007
v -2.884470 4.378908 5.297809
v -2.891652 4.399552 5.225967
v -2.883377 4.137648 5.308741
v -2.882350 4.254541 5.319007
v -2.889596 4.306073 5.246535
v -2.891652 4.233898 5.225967
v -2.901227 4.316725 5.130190
v -2.883377 4.495802 5.308741
v -2.889596 4.327377 5.246535
v -2.875173 4.233898 5.390799
v -2.865599 4.316725 5.486567
v -2.884470 4.254541 5.297809
v -2.877224 4.306073 5.370285
v -0.795745 4.202802 3.853988
v -0.795728 4.286813 3.854000
v -0.795728 4.118792 3.854000
v -0.795745 4.217194 3.853988
v -0.795745 4.188411 3.853988
v -0.819129 4.197804 3.836844
v -0.819129 4.207799 3.836844
v -0.791571 4.173630 3.857048
v -0.799631 4.173630 3.851138
v -0.799631 4.231974 3.851138
v -0.791571 4.231974 3.857048
v -0.772075 4.207799 3.871341
v -0.772075 4.197804 3.871341
v -0.826929 4.163945 3.831125
v -0.764254 4.163945 3.877074
v -0.764254 4.241659 3.877074
v -0.826929 4.241659 3.831125
v -0.807198 4.202802 3.845591
v -0.783985 4.202802 3.862609
v -0.727837 4.202802 3.903774
v -0.863343 4.202802 3.804429
v -0.875290 4.202802 3.962487
v -0.875273 4.286813 3.962500
v -0.875273 4.118792 3.962500
v -0.875290 4.217194 3.962487
v -0.875290 4.188411 3.962487
v -0.898674 4.197804 3.945344
v -0.898674 4.207799 3.945344
v -0.871116 4.173630 3.965548
v -0.879176 4.173630 3.959638
v -0.879176 4.231974 3.959638
v -0.871116 4.231974 3.965548
v -0.851620 4.207799 3.979841
v -0.851620 4.197804 3.979841
v -0.906474 4.163945 3.939625
v -0.843800 4.163945 3.985574
v -0.843800 4.241659 3.985574
v -0.906474 4.241659 3.939625
v -0.886743 4.202802 3.954090
v -0.863531 4.202802 3.971109
v -0.807382 4.202802 4.012273
v -0.942888 4.202802 3.912929
v -0.928651 4.222632 3.839957
v -0.959604 4.356996 3.817265
v -0.851280 4.318564 3.896681
v -0.819294 4.318564 3.920132
v -0.710896 4.356996 3.999602
v -0.835790 3.869426 3.908038
v -0.851280 4.087039 3.896681
v -0.741931 4.182971 3.976850
v -0.710896 4.048609 3.999602
v -0.566383 4.202802 4.105551
v -0.835790 4.536178 3.908038
v -0.741931 4.222632 3.976850
v -0.959604 4.048609 3.817265
v -1.104104 4.202802 3.711326
v -0.819294 4.087039 3.920132
v -0.928651 4.182971 3.839957
v -6.886569 -0.732348 0.210022
v -6.886545 -0.618555 0.210036
v -6.886545 -0.846142 0.210036
v -6.886569 -0.712855 0.210022
v -6.886569 -0.751842 0.210022
v -6.920556 -0.739117 0.190339
v -6.920556 -0.725580 0.190339
v -6.880503 -0.771863 0.213535
v -6.892218 -0.771863 0.206751
v -6.892218 -0.692834 0.206751
v -6.880503 -0.692834 0.213535
v -6.852169 -0.725580 0.229945
v -6.852169 -0.739117 0.229945
v -6.931893 -0.784981 0.183773
v -6.840802 -0.784981 0.236528
v -6.840802 -0.679716 0.236528
v -6.931893 -0.679716 0.183773
v -6.903216 -0.732348 0.200381
v -6.869478 -0.732348 0.219920
v -6.787873 -0.732348 0.267181
v -6.984817 -0.732348 0.153123
v -6.977896 -0.732348 0.367715
v -6.977871 -0.618555 0.367729
v -6.977871 -0.846142 0.367729
v -6.977896 -0.712855 0.367715
v -6.977896 -0.751842 0.367715
v -7.011882 -0.739117 0.348032
v -7.011882 -0.725580 0.348032
v -6.971830 -0.771863 0.371228
v -6.983545 -0.771863 0.364444
v -6.983545 -0.692834 0.364444
v -6.971830 -0.692834 0.371228
v -6.943495 -0.725580 0.387638
v -6.943495 -0.739117 0.387638
v -7.023220 -0.784981 0.341467
v -6.932128 -0.784981 0.394221
v -6.932128 -0.679716 0.394221
v -7.023220 -0.679716 0.341467
v -6.994542 -0.732348 0.358075
v -6.960805 -0.732348 0.377613
v -6.879200 -0.732348 0.424874
v -7.076143 -0.732348 0.310816
v -7.067594 -0.705488 0.210476
v -7.112580 -0.523491 0.184422
v -6.955142 -0.575546 0.275601
v -6.908654 -0.575546 0.302524
v -6.751109 -0.523491 0.393765
v -6.932629 -1.183912 0.288639
v -6.955142 -0.889151 0.275601
v -6.796215 -0.759210 0.367642
v -6.751109 -0.941206 0.393765
v -6.541073 -0.732349 0.515405
v -6.932629 -0.280785 0.288639
v -6.796215 -0.705488 0.367642
v -7.112580 -0.941206 0.184422
v -7.322597 -0.732349 0.062793
v -6.908654 -0.889151 0.302524
v -7.067594 -0.759210 0.210476
v -2.822020 -2.333344 -5.463201
v -2.822006 -2.277877 -5.463198
v -2.822006 -2.388811 -5.463198
v -2.822020 -2.323842 -5.463201
v -2.822020 -2.342845 -5.463201
v -2.840732 -2.336643 -5.467245
v -2.840732 -2.330045 -5.467245
v -2.818680 -2.352604 -5.462479
v -2.825130 -2.352604 -5.463873
v -2.825130 -2.314084 -5.463873
v -2.818680 -2.314084 -5.462479
v -2.803080 -2.330045 -5.459107
v -2.803080 -2.336643 -5.459107
v -2.846973 -2.358999 -5.468594
v -2.796822 -2.358999 -5.457755
v -2.796822 -2.307689 -5.457755
v -2.846973 -2.307689 -5.468594
v -2.831185 -2.333344 -5.465181
v -2.812610 -2.333344 -5.461167
v -2.767681 -2.333344 -5.451458
v -2.876111 -2.333344 -5.474891
v -2.840783 -2.333344 -5.376380
v -2.840770 -2.277877 -5.376377
v -2.840770 -2.388811 -5.376377
v -2.840783 -2.323842 -5.376380
v -2.840783 -2.342845 -5.376380
v -2.859495 -2.336643 -5.380424
v -2.859495 -2.330045 -5.380424
v -2.837443 -2.352604 -5.375659
v -2.843893 -2.352604 -5.377052
v -2.843893 -2.314084 -5.377052
v -2.837443 -2.314084 -5.375659
v -2.821843 -2.330045 -5.372287
v -2.821843 -2.336643 -5.372287
v -2.865736 -2.358999 -5.381773
v -2.815585 -2.358999 -5.370934
v -2.815585 -2.307689 -5.370934
v -2.865736 -2.307689 -5.381773
v -2.849948 -2.333344 -5.378361
v -2.831373 -2.333344 -5.374347
v -2.786444 -2.333344 -5.364637
v -2.894875 -2.333344 -5.388070
v -2.905926 -2.320251 -5.435896
v -2.930694 -2.231540 -5.441249
v -2.844015 -2.256913 -5.422516
v -2.818420 -2.256913 -5.416985
v -2.731681 -2.231540 -5.398240
v -2.831620 -2.553451 -5.419838
v -2.844015 -2.409774 -5.422516
v -2.756515 -2.346437 -5.403606
v -2.731681 -2.435148 -5.398240
v -2.616043 -2.333344 -5.373248
v -2.831620 -2.113237 -5.419838
v -2.756515 -2.320251 -5.403606
v -2.930694 -2.435148 -5.441249
v -3.046322 -2.333344 -5.466238
v -2.818420 -2.409774 -5.416985
v -2.905926 -2.346437 -5.435896
v -1.257597 -1.510988 -3.665047
v -1.257599 -1.473981 -3.665038
v -1.257599 -1.547995 -3.665038
v -1.257597 -1.504648 -3.665047
v -1.257597 -1.517327 -3.665047
v -1.254880 -1.513189 -3.677528
v -1.254880 -1.508787 -3.677528
v -1.258082 -1.523838 -3.662820
v -1.257146 -1.523838 -3.667122
v -1.257146 -1.498137 -3.667122
v -1.258082 -1.498137 -3.662820
v -1.260348 -1.508787 -3.652415
v -1.260348 -1.513189 -3.652415
v -1.253973 -1.528104 -3.681690
v -1.261257 -1.528104 -3.648241
v -1.261257 -1.493871 -3.648241
v -1.253973 -1.493871 -3.681690
v -1.256266 -1.510988 -3.671160
v -1.258964 -1.510988 -3.658772
v -1.265489 -1.510988 -3.628805
v -1.249742 -1.510988 -3.701124
v -1.315503 -1.510988 -3.677656
v -1.315505 -1.473981 -3.677647
v -1.315505 -1.547995 -3.677647
v -1.315503 -1.504648 -3.677656
v -1.315503 -1.517327 -3.677656
v -1.312786 -1.513189 -3.690136
v -1.312786 -1.508787 -3.690136
v -1.315988 -1.523838 -3.675429
v -1.315052 -1.523838 -3.679731
v -1.315052 -1.498137 -3.679731
v -1.315988 -1.498137 -3.675429
v -1.318254 -1.508787 -3.665024
v -1.318254 -1.513189 -3.665024
v -1.311879 -1.528104 -3.694299
v -1.319163 -1.528104 -3.660850
v -1.319163 -1.493871 -3.660850
v -1.311879 -1.493871 -3.694299
v -1.314172 -1.510988 -3.683769
v -1.316870 -1.510988 -3.671380
v -1.323395 -1.510988 -3.641414
v -1.307648 -1.510988 -3.713733
v -1.275727 -1.502253 -3.721057
v -1.272130 -1.443065 -3.737576
v -1.284718 -1.459994 -3.679764
v -1.288436 -1.459994 -3.662694
v -1.301033 -1.443065 -3.604842
v -1.286519 -1.657840 -3.671497
v -1.284718 -1.561982 -3.679764
v -1.297426 -1.519723 -3.621405
v -1.301033 -1.578910 -3.604842
v -1.317826 -1.510988 -3.527715
v -1.286519 -1.364135 -3.671497
v -1.297426 -1.502253 -3.621405
v -1.272130 -1.578910 -3.737576
v -1.255338 -1.510988 -3.814696
v -1.288436 -1.561982 -3.662694
v -1.275727 -1.519723 -3.721057
v -3.817197 2.024078 -4.409191
v -3.817201 2.120294 -4.409167
v -3.817201 1.927862 -4.409167
v -3.817197 2.040560 -4.409191
v -3.817197 2.007596 -4.409191
v -3.812196 2.018355 -4.442019
v -3.812196 2.029802 -4.442019
v -3.818090 1.990668 -4.403331
v -3.816366 1.990668 -4.414647
v -3.816366 2.057489 -4.414647
v -3.818090 2.057489 -4.403331
v -3.822260 2.029802 -4.375961
v -3.822260 2.018355 -4.375961
v -3.810527 1.979576 -4.452970
v -3.823932 1.979576 -4.364982
v -3.823932 2.068580 -4.364982
v -3.810527 2.068580 -4.452970
v -3.814747 2.024078 -4.425270
v -3.819712 2.024078 -4.392682
v -3.831722 2.024078 -4.313855
v -3.802738 2.024078 -4.504092
v -3.969520 2.024078 -4.432398
v -3.969523 2.120294 -4.432374
v -3.969523 1.927862 -4.432374
v -3.969520 2.040560 -4.432398
v -3.969520 2.007596 -4.432398
v -3.964518 2.018355 -4.465227
v -3.964518 2.029802 -4.465227
v -3.970412 1.990668 -4.426538
v -3.968688 1.990668 -4.437854
v -3.968688 2.057488 -4.437854
v -3.970412 2.057488 -4.426538
v -3.974582 2.029802 -4.399168
v -3.974582 2.018355 -4.399168
v -3.962850 1.979576 -4.476177
v -3.976255 1.979576 -4.388188
v -3.976255 2.068580 -4.388188
v -3.962850 2.068580 -4.476177
v -3.967070 2.024078 -4.448477
v -3.972035 2.024078 -4.415889
v -3.984044 2.024078 -4.337062
v -3.955061 2.024078 -4.527298
v -3.873438 2.046790 -4.551545
v -3.866818 2.200673 -4.594999
v -3.889987 2.156659 -4.442923
v -3.896828 2.156659 -4.398018
v -3.920014 2.200673 -4.245839
v -3.893300 1.642269 -4.421177
v -3.889987 1.891497 -4.442923
v -3.913375 2.001366 -4.289408
v -3.920014 1.847484 -4.245839
v -3.950923 2.024078 -4.042956
v -3.893300 2.405887 -4.421177
v -3.913375 2.046790 -4.289408
v -3.866818 1.847484 -4.594999
v -3.835911 2.024078 -4.797863
v -3.896828 1.891497 -4.398018
v -3.873438 2.001366 -4.551545
v -5.746032 6.816192 -2.026720
v -5.746035 6.905700 -2.026742
v -5.746035 6.726685 -2.026742
v -5.746032 6.831525 -2.026720
v -5.746032 6.800859 -2.026720
v -5.741853 6.810868 -1.996112
v -5.741853 6.821517 -1.996112
v -5.746778 6.785111 -2.032184
v -5.745337 6.785111 -2.021633
v -5.745337 6.847273 -2.021633
v -5.746778 6.847273 -2.032184
v -5.750261 6.821517 -2.057702
v -5.750261 6.810868 -2.057702
v -5.740459 6.774793 -1.985902
v -5.751659 6.774793 -2.067939
v -5.751659 6.857592 -2.067939
v -5.740459 6.857592 -1.985902
v -5.743985 6.816192 -2.011728
v -5.748134 6.816192 -2.042112
v -5.758168 6.816192 -2.115607
v -5.733952 6.816192 -1.938238
v -5.604012 6.816192 -2.046110
v -5.604015 6.905700 -2.046132
v -5.604015 6.726685 -2.046132
v -5.604012 6.831525 -2.046110
v -5.604012 6.800859 -2.046110
v -5.599833 6.810868 -2.015501
v -5.599833 6.821517 -2.015501
v -5.604758 6.785111 -2.051573
v -5.603318 6.785111 -2.041023
v -5.603318 6.847273 -2.041023
v -5.604758 6.847273 -2.051573
v -5.608242 6.821517 -2.077092
v -5.608242 6.810868 -2.077092
v -5.598439 6.774793 -2.005292
v -5.609639 6.774793 -2.087329
v -5.609639 6.857592 -2.087329
v -5.598439 6.857592 -2.005292
v -5.601965 6.816192 -2.031118
v -5.606113 6.816192 -2.061502
v -5.616148 6.816192 -2.134997
v -5.591931 6.816192 -1.957628
v -5.658378 6.837320 -1.914508
v -5.652846 6.980474 -1.873993
v -5.672205 6.939529 -2.015783
v -5.677921 6.939529 -2.057651
v -5.697292 6.980474 -2.199537
v -5.674973 6.461004 -2.036058
v -5.672205 6.692855 -2.015783
v -5.691747 6.795064 -2.158914
v -5.697292 6.651910 -2.199537
v -5.723118 6.816192 -2.388697
v -5.674973 7.171381 -2.036058
v -5.691747 6.837320 -2.158914
v -5.652846 6.651910 -1.873993
v -5.627023 6.816192 -1.684850
v -5.677921 6.692855 -2.057651
v -5.658378 6.795064 -1.914508
v -6.084804 3.971341 -5.188785
v -6.084814 4.047082 -5.188801
v -6.084814 3.895600 -5.188801
v -6.084804 3.984315 -5.188785
v -6.084804 3.958366 -5.188785
v -6.070902 3.966835 -5.166646
v -6.070902 3.975846 -5.166646
v -6.087286 3.945040 -5.192736
v -6.082494 3.945040 -5.185105
v -6.082494 3.997641 -5.185105
v -6.087286 3.997641 -5.192736
v -6.098876 3.975846 -5.211193
v -6.098876 3.966835 -5.211193
v -6.066266 3.936309 -5.159262
v -6.103525 3.936309 -5.218597
v -6.103525 4.006372 -5.218597
v -6.066266 4.006372 -5.159262
v -6.077995 3.971341 -5.177941
v -6.091795 3.971341 -5.199917
v -6.125175 3.971341 -5.253074
v -6.044617 3.971341 -5.124788
v -5.982085 3.971341 -5.253287
v -5.982095 4.047082 -5.253303
v -5.982095 3.895600 -5.253303
v -5.982085 3.984315 -5.253287
v -5.982085 3.958366 -5.253287
v -5.968184 3.966835 -5.231149
v -5.968184 3.975846 -5.231149
v -5.984567 3.945040 -5.257238
v -5.979774 3.945040 -5.249608
v -5.979774 3.997641 -5.249608
v -5.984567 3.997641 -5.257238
v -5.996157 3.975846 -5.275696
v -5.996157 3.966835 -5.275696
v -5.963546 3.936309 -5.223764
v -6.000806 3.936309 -5.283099
v -6.000806 4.006372 -5.283099
v -5.963546 4.006372 -5.223764
v -5.975276 3.971341 -5.242444
v -5.989076 3.971341 -5.264420
v -6.022456 3.971341 -5.317576
v -5.941898 3.971341 -5.189291
v -5.978077 3.989219 -5.132864
v -5.959676 4.110356 -5.103560
v -6.024074 4.075708 -5.206113
v -6.043089 4.075708 -5.236395
v -6.107531 4.110356 -5.339017
v -6.033283 3.670781 -5.220778
v -6.024074 3.866973 -5.206113
v -6.089081 3.953462 -5.309636
v -6.107531 3.832325 -5.339017
v -6.193444 3.971341 -5.475831
v -6.033283 4.271901 -5.220778
v -6.089081 3.989219 -5.309636
v -5.959676 3.832325 -5.103560
v -5.873771 3.971341 -4.966759
v -6.043089 3.866973 -5.236395
v -5.978077 3.953462 -5.132864
v -3.303614 2.906446 0.239556
v -3.303584 3.035365 0.239567
v -3.303584 2.777527 0.239567
v -3.303614 2.928531 0.239556
v -3.303614 2.884362 0.239556
v -3.345069 2.898777 0.223391
v -3.345069 2.914115 0.223391
v -3.296215 2.861680 0.242441
v -3.310504 2.861680 0.236869
v -3.310504 2.951212 0.236869
v -3.296215 2.951212 0.242441
v -3.261654 2.914115 0.255917
v -3.261654 2.898777 0.255917
v -3.358897 2.846818 0.217999
v -3.247790 2.846818 0.261324
v -3.247790 2.966074 0.261324
v -3.358897 2.966074 0.217999
v -3.323919 2.906446 0.231638
v -3.282768 2.906446 0.247684
v -3.183230 2.906446 0.286498
v -3.423451 2.906446 0.192827
v -3.378617 2.906446 0.431901
v -3.378587 3.035365 0.431912
v -3.378587 2.777527 0.431912
v -3.378617 2.928531 0.431901
v -3.378617 2.884362 0.431901
v -3.420072 2.898777 0.415736
v -3.420072 2.914115 0.415736
v -3.371217 2.861680 0.434786
v -3.385507 2.861680 0.429214
v -3.385507 2.951212 0.429214
v -3.371217 2.951212 0.434786
v -3.336656 2.914115 0.448263
v -3.336656 2.898777 0.448263
v -3.433899 2.846818 0.410344
v -3.322792 2.846818 0.453669
v -3.322792 2.966074 0.453669
v -3.433899 2.966074 0.410344
v -3.398921 2.906446 0.423983
v -3.357770 2.906446 0.440030
v -3.258232 2.906446 0.478843
v -3.498453 2.906446 0.385172
v -3.506221 2.936877 0.271348
v -3.561093 3.143064 0.249951
v -3.369059 3.084090 0.324832
v -3.312355 3.084090 0.346943
v -3.120191 3.143064 0.421875
v -3.341599 2.394863 0.335540
v -3.369059 2.728802 0.324832
v -3.175208 2.876015 0.400421
v -3.120191 2.669828 0.421875
v -2.864001 2.906446 0.521772
v -3.341599 3.418029 0.335540
v -3.175208 2.936877 0.400421
v -3.561093 2.669828 0.249951
v -3.817259 2.906446 0.150063
v -3.312355 2.728802 0.346943
v -3.506221 2.876015 0.271348
v -1.165686 9.015123 -5.214296
v -1.165694 9.090553 -5.214313
v -1.165694 8.939695 -5.214313
v -1.165686 9.028046 -5.214296
v -1.165686 9.002203 -5.214296
v -1.154882 9.010637 -5.190610
v -1.154882 9.019610 -5.190610
v -1.167614 8.988932 -5.218524
v -1.163890 8.988932 -5.210359
v -1.163890 9.041316 -5.210359
v -1.167614 9.041316 -5.218524
v -1.176622 9.019610 -5.238271
v -1.176622 9.010637 -5.238271
v -1.151278 8.980236 -5.182710
v -1.180235 8.980236 -5.246192
v -1.180235 9.050012 -5.246192
v -1.151278 9.050012 -5.182710
v -1.160394 9.015123 -5.202695
v -1.171119 9.015123 -5.226207
v -1.197061 9.015123 -5.283079
v -1.134453 9.015123 -5.145826
v -1.055787 9.015123 -5.264425
v -1.055795 9.090553 -5.264442
v -1.055795 8.939695 -5.264442
v -1.055787 9.028046 -5.264425
v -1.055787 9.002203 -5.264425
v -1.044983 9.010637 -5.240740
v -1.044983 9.019610 -5.240740
v -1.057715 8.988932 -5.268653
v -1.053991 8.988932 -5.260489
v -1.053991 9.041316 -5.260489
v -1.057715 9.041316 -5.268653
v -1.066723 9.019610 -5.288400
v -1.066723 9.010637 -5.288400
v -1.041379 8.980236 -5.232839
v -1.070336 8.980236 -5.296322
v -1.070336 9.050012 -5.296322
v -1.041379 9.050012 -5.232839
v -1.050495 9.015123 -5.252825
v -1.061220 9.015123 -5.276337
v -1.087162 9.015123 -5.333209
v -1.024554 9.015123 -5.195955
v -1.067706 9.032928 -5.145026
v -1.053405 9.153566 -5.113674
v -1.103454 9.119061 -5.223395
v -1.118232 9.119061 -5.255793
v -1.168315 9.153566 -5.365589
v -1.110610 8.715801 -5.239084
v -1.103454 8.911186 -5.223395
v -1.153976 8.997318 -5.334154
v -1.168315 8.876681 -5.365589
v -1.235084 9.015123 -5.511966
v -1.110610 9.314445 -5.239084
v -1.153976 9.032928 -5.334154
v -1.053405 8.876681 -5.113674
v -0.986642 9.015123 -4.967310
v -1.118232 8.911186 -5.255793
v -1.067706 8.997318 -5.145026
v -0.563657 4.852412 -8.049419
v -0.563671 4.914813 -8.049425
v -0.563671 4.790011 -8.049425
v -0.563657 4.863102 -8.049419
v -0.563657 4.841723 -8.049419
v -0.543851 4.848701 -8.040958
v -0.543851 4.856124 -8.040958
v -0.567192 4.830744 -8.050929
v -0.560365 4.830744 -8.048013
v -0.560365 4.874081 -8.048013
v -0.567192 4.874081 -8.050929
v -0.583704 4.856124 -8.057982
v -0.583704 4.848701 -8.057982
v -0.537245 4.823551 -8.038136
v -0.590328 4.823551 -8.060813
v -0.590328 4.881274 -8.060813
v -0.537245 4.881274 -8.038136
v -0.553956 4.852412 -8.045276
v -0.573617 4.852412 -8.053674
v -0.621172 4.852412 -8.073989
v -0.506404 4.852412 -8.024961
v -0.524400 4.852412 -8.141315
v -0.524415 4.914813 -8.141320
v -0.524415 4.790011 -8.141320
v -0.524400 4.863102 -8.141315
v -0.524400 4.841723 -8.141315
v -0.504595 4.848701 -8.132854
v -0.504595 4.856124 -8.132854
v -0.527935 4.830744 -8.142824
v -0.521109 4.830744 -8.139908
v -0.521109 4.874081 -8.139908
v -0.527935 4.874081 -8.142824
v -0.544447 4.856124 -8.149879
v -0.544447 4.848701 -8.149879
v -0.497989 4.823551 -8.130032
v -0.551071 4.823551 -8.152708
v -0.551071 4.881274 -8.152708
v -0.497989 4.881274 -8.130032
v -0.514700 4.852412 -8.137170
v -0.534360 4.852412 -8.145569
v -0.581915 4.852412 -8.165884
v -0.467147 4.852412 -8.116857
v -0.465148 4.867142 -8.061669
v -0.438932 4.966943 -8.050470
v -0.530678 4.938397 -8.089664
v -0.557769 4.938397 -8.101236
v -0.649578 4.966943 -8.140456
v -0.543798 4.604790 -8.095268
v -0.530678 4.766427 -8.089664
v -0.623293 4.837683 -8.129228
v -0.649578 4.737882 -8.140456
v -0.771975 4.852412 -8.192743
v -0.543798 5.100035 -8.095268
v -0.623293 4.867142 -8.129228
v -0.438932 4.737882 -8.050470
v -0.316546 4.852412 -7.998188
v -0.557769 4.766427 -8.101236
v -0.465148 4.837683 -8.061669
v 2.668802 1.560499 5.966781
v 2.668823 1.645555 5.966785
v 2.668823 1.475442 5.966785
v 2.668802 1.575069 5.966781
v 2.668802 1.545928 5.966781
v 2.639960 1.555439 5.961310
v 2.639960 1.565558 5.961310
v 2.673950 1.530963 5.967757
v 2.664009 1.530963 5.965872
v 2.664009 1.590034 5.965872
v 2.673950 1.590034 5.967757
v 2.697997 1.565558 5.972318
v 2.697997 1.555439 5.972318
v 2.630340 1.521158 5.959486
v 2.707643 1.521158 5.974147
v 2.707643 1.599839 5.974147
v 2.630340 1.599839 5.959486
v 2.654676 1.560499 5.964101
v 2.683306 1.560499 5.969532
v 2.752560 1.560499 5.982666
v 2.585426 1.560499 5.950967
v 2.643421 1.560499 6.100605
v 2.643442 1.645555 6.100609
v 2.643442 1.475442 6.100609
v 2.643421 1.575069 6.100605
v 2.643421 1.545928 6.100605
v 2.614578 1.555439 6.095135
v 2.614578 1.565558 6.095135
v 2.648569 1.530963 6.101582
v 2.638627 1.530963 6.099696
v 2.638627 1.590034 6.099696
v 2.648569 1.590034 6.101582
v 2.672615 1.565558 6.106143
v 2.672615 1.555439 6.106143
v 2.604958 1.521158 6.093310
v 2.682261 1.521158 6.107972
v 2.682261 1.599839 6.107972
v 2.604958 1.599839 6.093310
v 2.629294 1.560499 6.097926
v 2.657925 1.560499 6.103356
v 2.727179 1.560499 6.116491
v 2.560045 1.560499 6.084792
v 2.541239 1.580576 6.011906
v 2.503062 1.716612 6.004665
v 2.636670 1.677702 6.030005
v 2.676122 1.677702 6.037488
v 2.809820 1.716612 6.062846
v 2.655775 1.222971 6.033629
v 2.636670 1.443294 6.030005
v 2.771542 1.540421 6.055586
v 2.809820 1.404385 6.062846
v 2.988065 1.560498 6.096653
v 2.655775 1.898026 6.033629
v 2.771542 1.580576 6.055586
v 2.503062 1.404385 6.004665
v 2.324834 1.560498 5.970862
v 2.676122 1.443294 6.037488
v 2.541239 1.540421 6.011906
v 2.198878 -4.059543 0.352283
v 2.198864 -3.997395 0.352275
v 2.198864 -4.121690 0.352275
v 2.198878 -4.048896 0.352283
v 2.198878 -4.070189 0.352283
v 2.217582 -4.063240 0.362782
v 2.217582 -4.055846 0.362782
v 2.195539 -4.081123 0.350409
v 2.201987 -4.081123 0.354028
v 2.201987 -4.037962 0.354028
v 2.195539 -4.037962 0.350409
v 2.179945 -4.055846 0.341656
v 2.179945 -4.063240 0.341656
v 2.223821 -4.088287 0.366284
v 2.173690 -4.088287 0.338144
v 2.173690 -4.030798 0.338144
v 2.223821 -4.030798 0.366284
v 2.208039 -4.059543 0.357425
v 2.189472 -4.059543 0.347003
v 2.144560 -4.059543 0.321794
v 2.252948 -4.059543 0.382633
v 2.247592 -4.059543 0.265497
v 2.247579 -3.997395 0.265489
v 2.247579 -4.121690 0.265489
v 2.247592 -4.048896 0.265497
v 2.247592 -4.070189 0.265497
v 2.266297 -4.063240 0.275996
v 2.266297 -4.055846 0.275996
v 2.244254 -4.081123 0.263623
v 2.250701 -4.081123 0.267242
v 2.250701 -4.037962 0.267242
v 2.244254 -4.037962 0.263623
v 2.228660 -4.055846 0.254870
v 2.228660 -4.063240 0.254870
v 2.272536 -4.088287 0.279498
v 2.222404 -4.088287 0.251359
v 2.222404 -4.030798 0.251359
v 2.272536 -4.030798 0.279498
v 2.256753 -4.059543 0.270639
v 2.238186 -4.059543 0.260217
v 2.193275 -4.059543 0.235008
v 2.301662 -4.059543 0.295848
v 2.297730 -4.044873 0.350706
v 2.322489 -3.945477 0.364603
v 2.235843 -3.973907 0.315967
v 2.210258 -3.973907 0.301606
v 2.123554 -3.945477 0.252937
v 2.223453 -4.306160 0.309013
v 2.235843 -4.145179 0.315967
v 2.148378 -4.074213 0.266871
v 2.123554 -4.173609 0.252937
v 2.007962 -4.059543 0.188053
v 2.223453 -3.812925 0.309013
v 2.148378 -4.044873 0.266871
v 2.322489 -4.173609 0.364603
v 2.438070 -4.059543 0.429481
v 2.210258 -4.145179 0.301606
v 2.297730 -4.074213 0.350706
v 2.386298 0.018178 2.123904
v 2.386309 0.075821 2.123895
v 2.386309 -0.039465 2.123895
v 2.386298 0.028052 2.123904
v 2.386298 0.008303 2.123904
v 2.371253 0.014749 2.136922
v 2.371253 0.021606 2.136922
v 2.388983 -0.001839 2.121581
v 2.383797 -0.001839 2.126068
v 2.383797 0.038194 2.126068
v 2.388983 0.038194 2.121581
v 2.401526 0.021606 2.110728
v 2.401526 0.014749 2.110728
v 2.366235 -0.008483 2.141264
v 2.406558 -0.008483 2.106374
v 2.406558 0.044839 2.106374
v 2.366235 0.044839 2.141264
v 2.378929 0.018178 2.130280
v 2.393863 0.018178 2.117358
v 2.429988 0.018178 2.086101
v 2.342807 0.018178 2.161536
v 2.446698 0.018178 2.193711
v 2.446709 0.075821 2.193701
v 2.446709 -0.039465 2.193701
v 2.446698 0.028052 2.193711
v 2.446698 0.008303 2.193711
v 2.431653 0.014749 2.206728
v 2.431653 0.021606 2.206728
v 2.449384 -0.001839 2.191387
v 2.444198 -0.001839 2.195874
v 2.444198 0.038194 2.195874
v 2.449384 0.038194 2.191387
v 2.461927 0.021606 2.180534
v 2.461927 0.014749 2.180534
v 2.426635 -0.008483 2.211070
v 2.466958 -0.008483 2.176180
v 2.466958 0.044839 2.176180
v 2.426635 0.044839 2.211070
v 2.439329 0.018178 2.200086
v 2.454264 0.018178 2.187164
v 2.490389 0.018178 2.155907
v 2.403207 0.018178 2.231342
v 2.356578 0.031784 2.210654
v 2.336664 0.123976 2.227885
v 2.406357 0.097607 2.167582
v 2.426936 0.097607 2.149776
v 2.496676 0.123976 2.089432
v 2.416322 -0.210566 2.158959
v 2.406357 -0.061252 2.167582
v 2.476710 0.004571 2.106709
v 2.496676 -0.087621 2.089432
v 2.589653 0.018178 2.008983
v 2.416322 0.246921 2.158959
v 2.476710 0.031784 2.106709
v 2.336664 -0.087621 2.227885
v 2.243695 0.018178 2.308326
v 2.426936 -0.061252 2.149776
v 2.356578 0.004571 2.210654
v 4.145978 -0.218093 1.793337
v 4.145974 -0.143134 1.793318
v 4.145974 -0.293051 1.793318
v 4.145978 -0.205252 1.793337
v 4.145978 -0.230933 1.793337
v 4.151814 -0.222551 1.818540
v 4.151814 -0.213634 1.818540
v 4.144937 -0.244121 1.788838
v 4.146948 -0.244121 1.797525
v 4.146948 -0.192064 1.797525
v 4.144937 -0.192064 1.788838
v 4.140071 -0.213634 1.767825
v 4.140071 -0.222551 1.767825
v 4.153760 -0.252762 1.826948
v 4.138120 -0.252762 1.759395
v 4.138120 -0.183423 1.759395
v 4.153760 -0.183423 1.826948
v 4.148837 -0.218093 1.805681
v 4.143044 -0.218093 1.780662
v 4.129032 -0.218093 1.720143
v 4.162848 -0.218093 1.866196
v 4.262923 -0.218093 1.766260
v 4.262918 -0.143134 1.766242
v 4.262918 -0.293051 1.766242
v 4.262923 -0.205252 1.766260
v 4.262923 -0.230933 1.766260
v 4.268758 -0.222551 1.791464
v 4.268758 -0.213634 1.791464
v 4.261881 -0.244121 1.761761
v 4.263893 -0.244121 1.770449
v 4.263893 -0.192064 1.770449
v 4.261881 -0.192064 1.761761
v 4.257016 -0.213634 1.740748
v 4.257016 -0.222551 1.740748
v 4.270705 -0.252762 1.799871
v 4.255064 -0.252762 1.732319
v 4.255064 -0.183423 1.732319
v 4.270705 -0.183423 1.799871
v 4.265781 -0.218093 1.778605
v 4.259988 -0.218093 1.753585
v 4.245976 -0.218093 1.693067
v 4.279792 -0.218093 1.839119
v 4.227692 -0.200399 1.880181
v 4.235417 -0.080514 1.913543
v 4.208384 -0.114804 1.796787
v 4.200402 -0.114804 1.762312
v 4.173351 -0.080514 1.645478
v 4.204519 -0.515545 1.780092
v 4.208384 -0.321381 1.796787
v 4.181096 -0.235786 1.678928
v 4.173351 -0.355671 1.645478
v 4.137287 -0.218093 1.489716
v 4.204519 0.079360 1.780092
v 4.181096 -0.200399 1.678928
v 4.235417 -0.355671 1.913543
v 4.271477 -0.218093 2.069290
v 4.200402 -0.321381 1.762312
v 4.227692 -0.235786 1.880181
v 5.066099 -0.023782 2.754384
v 5.066094 0.022131 2.754374
v 5.066094 -0.069695 2.754374
v 5.066099 -0.015917 2.754384
v 5.066099 -0.031647 2.754384
v 5.072763 -0.026513 2.768761
v 5.072763 -0.021051 2.768761
v 5.064909 -0.039725 2.751817
v 5.067206 -0.039725 2.756773
v 5.067206 -0.007839 2.756773
v 5.064909 -0.007839 2.751817
v 5.059353 -0.021051 2.739831
v 5.059353 -0.026513 2.739831
v 5.074986 -0.045017 2.773556
v 5.057124 -0.045017 2.735023
v 5.057124 -0.002546 2.735023
v 5.074986 -0.002546 2.773556
v 5.069363 -0.023782 2.761425
v 5.062747 -0.023782 2.747154
v 5.046745 -0.023782 2.712634
v 5.085364 -0.023782 2.795944
v 5.132806 -0.023782 2.723462
v 5.132801 0.022131 2.723451
v 5.132801 -0.069695 2.723451
v 5.132806 -0.015917 2.723462
v 5.132806 -0.031647 2.723462
v 5.139470 -0.026513 2.737838
v 5.139470 -0.021051 2.737838
v 5.131616 -0.039725 2.720895
v 5.133914 -0.039725 2.725851
v 5.133914 -0.007839 2.725851
v 5.131616 -0.007839 2.720895
v 5.126060 -0.021051 2.708909
v 5.126060 -0.026513 2.708909
v 5.141693 -0.045017 2.742634
v 5.123831 -0.045017 2.704101
v 5.123831 -0.002546 2.704101
v 5.141693 -0.002546 2.742634
v 5.136070 -0.023782 2.730503
v 5.129455 -0.023782 2.716232
v 5.113452 -0.023782 2.681711
v 5.152071 -0.023782 2.765022
v 5.125996 -0.012944 2.796183
v 5.134817 0.060488 2.815213
v 5.103945 0.039484 2.748614
v 5.094829 0.039484 2.728948
v 5.063935 0.060488 2.662304
v 5.099530 -0.205977 2.739090
v 5.103945 -0.087048 2.748614
v 5.072781 -0.034620 2.681385
v 5.063935 -0.108051 2.662304
v 5.022749 -0.023782 2.573455
v 5.099530 0.158413 2.739090
v 5.072781 -0.012944 2.681385
v 5.134817 -0.108051 2.815213
v 5.176000 -0.023782 2.904053
v 5.094829 -0.087048 2.728948
v 5.125996 -0.034620 2.796183
v 6.704470 1.365491 2.890265
v 6.704458 1.414481 2.890266
v 6.704458 1.316501 2.890266
v 6.704470 1.373883 2.890265
v 6.704470 1.357099 2.890265
v 6.721128 1.362577 2.887360
v 6.721128 1.368405 2.887360
v 6.701497 1.348480 2.890783
v 6.707238 1.348480 2.889782
v 6.707238 1.382503 2.889782
v 6.701497 1.382503 2.890783
v 6.687610 1.368405 2.893204
v 6.687610 1.362577 2.893204
v 6.726684 1.342832 2.886391
v 6.682039 1.342832 2.894176
v 6.682039 1.388150 2.894176
v 6.726684 1.388150 2.886391
v 6.712628 1.365491 2.888842
v 6.696094 1.365491 2.891725
v 6.656098 1.365491 2.898698
v 6.752622 1.365491 2.881869
v 6.690995 1.365491 2.812977
v 6.690982 1.414481 2.812980
v 6.690982 1.316501 2.812980
v 6.690995 1.373883 2.812977
v 6.690995 1.357099 2.812977
v 6.707652 1.362577 2.810073
v 6.707652 1.368405 2.810073
v 6.688021 1.348480 2.813496
v 6.693763 1.348480 2.812495
v 6.693763 1.382503 2.812495
v 6.688021 1.382503 2.813496
v 6.674135 1.368405 2.815917
v 6.674135 1.362577 2.815917
v 6.713208 1.342832 2.809104
v 6.668563 1.342832 2.816888
v 6.668563 1.388150 2.816888
v 6.713208 1.388150 2.809104
v 6.699153 1.365491 2.811555
v 6.682618 1.365491 2.814438
v 6.642622 1.365491 2.821411
v 6.739147 1.365491 2.804582
v 6.764074 1.377055 2.840054
v 6.786122 1.455408 2.836210
v 6.708961 1.432997 2.849663
v 6.686176 1.432997 2.853636
v 6.608962 1.455408 2.867098
v 6.697927 1.171086 2.851587
v 6.708961 1.297985 2.849663
v 6.631069 1.353927 2.863244
v 6.608962 1.275575 2.867098
v 6.506021 1.365491 2.885047
v 6.697927 1.559896 2.851587
v 6.631069 1.377055 2.863244
v 6.786122 1.275575 2.836210
v 6.889053 1.365491 2.818263
v 6.686176 1.297985 2.853636
v 6.764074 1.353927 2.840054
v 0.603850 3.353000 1.938113
v 0.603860 3.421546 1.938127
v 0.603860 3.284454 1.938127
v 0.603850 3.364742 1.938113
v 0.603850 3.341258 1.938113
v 0.589712 3.348922 1.919145
v 0.589712 3.357077 1.919145
v 0.606374 3.329198 1.941499
v 0.601500 3.329198 1.934960
v 0.601500 3.376802 1.934960
v 0.606374 3.376802 1.941499
v 0.618161 3.357077 1.957313
v 0.618161 3.348922 1.957313
v 0.584995 3.321296 1.912817
v 0.622890 3.321296 1.963656
v 0.622890 3.384704 1.963656
v 0.584995 3.384704 1.912817
v 0.596925 3.353000 1.928822
v 0.610960 3.353000 1.947652
v 0.644909 3.353000 1.993197
v 0.562979 3.353000 1.883280
v 0.515839 3.353000 2.003714
v 0.515850 3.421546 2.003728
v 0.515850 3.284454 2.003728
v 0.515839 3.364742 2.003714
v 0.515839 3.341258 2.003714
v 0.501701 3.348922 1.984746
v 0.501701 3.357077 1.984746
v 0.518363 3.329198 2.007100
v 0.513490 3.329198 2.000562
v 0.513490 3.376802 2.000562
v 0.518363 3.376802 2.007100
v 0.530151 3.357077 2.022914
v 0.530151 3.348922 2.022914
v 0.496985 3.321296 1.978419
v 0.534879 3.321296 2.029258
v 0.534879 3.384704 2.029258
v 0.496985 3.384704 1.978419
v 0.508914 3.353000 1.994424
v 0.522949 3.353000 2.013253
v 0.556898 3.353000 2.058798
v 0.474968 3.353000 1.948881
v 0.503534 3.369180 1.895367
v 0.484819 3.478810 1.870260
v 0.550314 3.447453 1.958128
v 0.569654 3.447453 1.984073
v 0.635194 3.478810 2.072001
v 0.559680 3.080992 1.970692
v 0.550314 3.258547 1.958128
v 0.616429 3.336820 2.046827
v 0.635194 3.227190 2.072001
v 0.722570 3.353000 2.189225
v 0.559680 3.625008 1.970692
v 0.616429 3.369180 2.046827
v 0.484819 3.227190 1.870260
v 0.397451 3.353000 1.753047
v 0.569654 3.258547 1.984073
v 0.503534 3.336820 1.895367
v -0.026778 9.227312 3.096269
v -0.026773 9.255702 3.096264
v -0.026773 9.198923 3.096264
v -0.026778 9.232176 3.096269
v -0.026778 9.222450 3.096269
v -0.033384 9.225624 3.103505
v -0.033384 9.229002 3.103505
v -0.025599 9.217455 3.094977
v -0.027876 9.217455 3.097471
v -0.027876 9.237171 3.097471
v -0.025599 9.237171 3.094977
v -0.020091 9.229002 3.088944
v -0.020091 9.225624 3.088944
v -0.035587 9.214182 3.105919
v -0.017882 9.214182 3.086524
v -0.017882 9.240444 3.086524
v -0.035587 9.240444 3.105919
v -0.030013 9.227312 3.099813
v -0.023456 9.227312 3.092630
v -0.007594 9.227312 3.075254
v -0.045875 9.227312 3.117188
v 0.006798 9.227312 3.126920
v 0.006803 9.255702 3.126915
v 0.006803 9.198923 3.126915
v 0.006798 9.232176 3.126920
v 0.006798 9.222450 3.126920
v 0.000192 9.225624 3.134157
v 0.000192 9.229002 3.134157
v 0.007978 9.217455 3.125628
v 0.005700 9.217455 3.128123
v 0.005700 9.237171 3.128123
v 0.007978 9.237171 3.125628
v 0.013485 9.229002 3.119596
v 0.013485 9.225624 3.119596
v -0.002011 9.214182 3.136570
v 0.015694 9.214182 3.117175
v 0.015694 9.240444 3.117175
v -0.002011 9.240444 3.136570
v 0.003563 9.227312 3.130465
v 0.010120 9.227312 3.123281
v 0.025982 9.227312 3.105906
v -0.012298 9.227312 3.147839
v -0.036300 9.234015 3.140416
v -0.045045 9.279419 3.149994
v -0.014443 9.266432 3.116472
v -0.005407 9.266432 3.106574
v 0.025216 9.279419 3.073030
v -0.010067 9.114656 3.111679
v -0.014443 9.188193 3.116472
v 0.016449 9.220612 3.082633
v 0.025216 9.175207 3.073030
v 0.066042 9.227312 3.028309
v -0.010067 9.339970 3.111679
v 0.016449 9.234015 3.082633
v -0.045045 9.175207 3.149994
v -0.085866 9.227312 3.194711
v -0.005407 9.188193 3.106574
v -0.036300 9.220612 3.140416
v 4.898044 3.473664 5.698938
v 4.898023 3.594195 5.698916
v 4.898023 3.353133 5.698916
v 4.898044 3.494311 5.698938
v 4.898044 3.453016 5.698938
v 4.927037 3.466494 5.728770
v 4.927037 3.480834 5.728770
v 4.892869 3.431810 5.693613
v 4.902863 3.431810 5.703897
v 4.902863 3.515517 5.703897
v 4.892869 3.515517 5.693613
v 4.868697 3.480834 5.668742
v 4.868697 3.466494 5.668742
v 4.936708 3.417916 5.738721
v 4.859001 3.417916 5.658765
v 4.859001 3.529412 5.658765
v 4.936708 3.529412 5.738721
v 4.912245 3.473664 5.713550
v 4.883464 3.473664 5.683936
v 4.813848 3.473664 5.612306
v 4.981857 3.473664 5.785175
v 5.036461 3.473664 5.564413
v 5.036440 3.594195 5.564391
v 5.036440 3.353133 5.564391
v 5.036461 3.494311 5.564413
v 5.036461 3.453016 5.564413
v 5.065454 3.466494 5.594245
v 5.065454 3.480834 5.594245
v 5.031285 3.431810 5.559088
v 5.041279 3.431810 5.569371
v 5.041279 3.515517 5.569371
v 5.031285 3.515517 5.559088
v 5.007113 3.480834 5.534217
v 5.007113 3.466494 5.534217
v 5.075125 3.417916 5.604196
v 4.997417 3.417916 5.524240
v 4.997417 3.529412 5.524240
v 5.075125 3.529412 5.604196
v 5.050661 3.473664 5.579024
v 5.021881 3.473664 5.549411
v 4.952264 3.473664 5.477781
v 5.120274 3.473664 5.650650
v 5.082726 3.502115 5.750489
v 5.121103 3.694887 5.789977
v 4.986796 3.639749 5.651784
v 4.947137 3.639749 5.610979
v 4.812739 3.694887 5.472692
v 4.967590 2.995366 5.632023
v 4.986796 3.307578 5.651784
v 4.851218 3.445212 5.512284
v 4.812739 3.252441 5.472692
v 4.633561 3.473664 5.288332
v 4.967590 3.951961 5.632023
v 4.851218 3.502115 5.512284
v 5.121103 3.252441 5.789977
v 5.300264 3.473664 5.974320
v 4.947137 3.307578 5.610979
v 5.082726 3.445212 5.750489
v 5.644373 4.137585 4.874053
v 5.644394 4.222717 4.874057
v 5.644394 4.052453 4.874057
v 5.644373 4.152168 4.874053
v 5.644373 4.123001 4.874053
v 5.615344 4.132521 4.869508
v 5.615344 4.142649 4.869508
v 5.649555 4.108023 4.874865
v 5.639548 4.108023 4.873298
v 5.639548 4.167146 4.873298
v 5.649555 4.167146 4.874865
v 5.673756 4.142649 4.878654
v 5.673756 4.132521 4.878654
v 5.605661 4.098209 4.867991
v 5.683464 4.098209 4.880175
v 5.683464 4.176960 4.880175
v 5.605661 4.176960 4.867991
v 5.630155 4.137585 4.871827
v 5.658971 4.137585 4.876339
v 5.728672 4.137585 4.887254
v 5.560458 4.137585 4.860912
v 5.623281 4.137585 5.008743
v 5.623302 4.222717 5.008746
v 5.623302 4.052453 5.008746
v 5.623281 4.152168 5.008743
v 5.623281 4.123001 5.008743
v 5.594252 4.132521 5.004197
v 5.594252 4.142649 5.004197
v 5.628463 4.108023 5.009554
v 5.618456 4.108023 5.007987
v 5.618456 4.167146 5.007987
v 5.628463 4.167146 5.009554
v 5.652664 4.142649 5.013344
v 5.652664 4.132521 5.013344
v 5.584569 4.098209 5.002681
v 5.662372 4.098209 5.014864
v 5.662372 4.176960 5.014864
v 5.584569 4.176960 5.002681
v 5.609063 4.137585 5.006516
v 5.637879 4.137585 5.011029
v 5.707580 4.137585 5.021944
v 5.539366 4.137585 4.995602
v 5.518212 4.157680 4.923293
v 5.479788 4.293837 4.917276
v 5.614259 4.254892 4.938334
v 5.653966 4.254892 4.944551
v 5.788529 4.293837 4.965624
v 5.633488 3.799758 4.941345
v 5.614259 4.020277 4.938334
v 5.750003 4.117489 4.959591
v 5.788529 3.981333 4.965624
v 5.967926 4.137585 4.993717
v 5.633488 4.475411 4.941345
v 5.750003 4.157680 4.959591
v 5.479788 3.981333 4.917276
v 5.300408 4.137585 4.889186
v 5.653966 4.020277 4.944551
v 5.518212 4.117489 4.923293
v 7.018786 7.107863 0.756626
v 7.018803 7.177570 0.756634
v 7.018803 7.038157 0.756634
v 7.018786 7.119804 0.756626
v 7.018786 7.095922 0.756626
v 6.996985 7.103717 0.746453
v 6.996985 7.112010 0.746453
v 7.022678 7.083659 0.758442
v 7.015163 7.083659 0.754935
v 7.015163 7.132069 0.754935
v 7.022678 7.132069 0.758442
v 7.040854 7.112010 0.766924
v 7.040854 7.103717 0.766924
v 6.989713 7.075623 0.743060
v 7.048146 7.075623 0.770326
v 7.048146 7.140104 0.770326
v 6.989713 7.140104 0.743060
v 7.008109 7.107863 0.751643
v 7.029750 7.107863 0.761742
v 7.082098 7.107863 0.786169
v 6.955763 7.107863 0.727218
v 6.971584 7.107863 0.857783
v 6.971600 7.177570 0.857790
v 6.971600 7.038157 0.857790
v 6.971584 7.119804 0.857783
v 6.971584 7.095922 0.857783
v 6.949783 7.103717 0.847610
v 6.949783 7.112010 0.847610
v 6.975476 7.083659 0.859599
v 6.967960 7.083659 0.856092
v 6.967960 7.132069 0.856092
v 6.975476 7.132069 0.859599
v 6.993652 7.112010 0.868080
v 6.993652 7.103717 0.868080
v 6.942511 7.075623 0.844216
v 7.000943 7.075623 0.871482
v 7.000943 7.140104 0.871482
v 6.942511 7.140104 0.844216
v 6.960906 7.107863 0.852800
v 6.982548 7.107863 0.862899
v 7.034896 7.107863 0.887326
v 6.908561 7.107863 0.828374
v 6.908354 7.124318 0.766687
v 6.879497 7.235802 0.753221
v 6.980489 7.203915 0.800347
v 7.010311 7.203915 0.814262
v 7.111372 7.235802 0.861421
v 6.994931 6.831252 0.807086
v 6.980489 7.011812 0.800347
v 7.082438 7.091409 0.847919
v 7.111372 6.979925 0.861421
v 7.246106 7.107863 0.924291
v 6.994931 7.384475 0.807086
v 7.082438 7.124318 0.847919
v 6.879497 6.979925 0.753221
v 6.744776 7.107863 0.690356
v 7.010311 7.011812 0.814262
v 6.908354 7.091409 0.766687
v 2.261333 2.502694 -1.645906
v 2.261343 2.543479 -1.645904
v 2.261343 2.461909 -1.645904
v 2.261333 2.509681 -1.645906
v 2.261333 2.495708 -1.645906
v 2.247478 2.500268 -1.648392
v 2.247478 2.505120 -1.648392
v 2.263806 2.488532 -1.645462
v 2.259031 2.488532 -1.646319
v 2.259031 2.516856 -1.646319
v 2.263806 2.516856 -1.645462
v 2.275357 2.505120 -1.643390
v 2.275357 2.500268 -1.643390
v 2.242857 2.483830 -1.649222
v 2.279991 2.483830 -1.642558
v 2.279991 2.521558 -1.642558
v 2.242857 2.521558 -1.649222
v 2.254547 2.502694 -1.647124
v 2.268301 2.502694 -1.644656
v 2.301569 2.502694 -1.638686
v 2.221282 2.502694 -1.653093
v 2.249797 2.502694 -1.581620
v 2.249807 2.543479 -1.581618
v 2.249807 2.461909 -1.581618
v 2.249797 2.509681 -1.581620
v 2.249797 2.495708 -1.581620
v 2.235942 2.500268 -1.584106
v 2.235942 2.505120 -1.584106
v 2.252270 2.488532 -1.581176
v 2.247495 2.488532 -1.582034
v 2.247495 2.516856 -1.582034
v 2.252270 2.516856 -1.581176
v 2.263822 2.505120 -1.579104
v 2.263822 2.500268 -1.579104
v 2.231321 2.483830 -1.584936
v 2.268455 2.483830 -1.578272
v 2.268455 2.521558 -1.578272
v 2.231321 2.521558 -1.584936
v 2.243011 2.502694 -1.582838
v 2.256765 2.502694 -1.580370
v 2.290033 2.502694 -1.574400
v 2.209746 2.502694 -1.588807
v 2.200384 2.512321 -1.623665
v 2.182044 2.577550 -1.626956
v 2.246226 2.558893 -1.615439
v 2.265178 2.558893 -1.612038
v 2.329403 2.577550 -1.600513
v 2.255404 2.340850 -1.613792
v 2.246226 2.446495 -1.615439
v 2.311015 2.493067 -1.603813
v 2.329403 2.427838 -1.600513
v 2.415027 2.502694 -1.585148
v 2.255404 2.664538 -1.613792
v 2.311015 2.512321 -1.603813
v 2.182044 2.427838 -1.626956
v 2.096428 2.502694 -1.642320
v 2.265178 2.446495 -1.612038
v 2.200384 2.493067 -1.623665
v 2.927312 1.764941 -5.372692
v 2.927290 1.857087 -5.372699
v 2.927290 1.672795 -5.372699
v 2.927312 1.780726 -5.372692
v 2.927312 1.749156 -5.372692
v 2.957577 1.759460 -5.362923
v 2.957577 1.770422 -5.362923
v 2.921909 1.732944 -5.374435
v 2.932342 1.732944 -5.371068
v 2.932342 1.796938 -5.371068
v 2.921909 1.796938 -5.374435
v 2.896677 1.770422 -5.382579
v 2.896677 1.759460 -5.382579
v 2.967673 1.722322 -5.359664
v 2.886554 1.722322 -5.385847
v 2.886554 1.807561 -5.385847
v 2.967673 1.807561 -5.359664
v 2.942136 1.764941 -5.367907
v 2.912092 1.764941 -5.377604
v 2.839420 1.764941 -5.401060
v 3.014803 1.764941 -5.344452
v 2.972638 1.764941 -5.513121
v 2.972616 1.857087 -5.513128
v 2.972616 1.672795 -5.513128
v 2.972638 1.780726 -5.513121
v 2.972638 1.749156 -5.513121
v 3.002903 1.759460 -5.503352
v 3.002903 1.770422 -5.503352
v 2.967235 1.732944 -5.514864
v 2.977668 1.732944 -5.511497
v 2.977668 1.796938 -5.511497
v 2.967235 1.796938 -5.514864
v 2.942003 1.770422 -5.523009
v 2.942003 1.759460 -5.523009
v 3.012999 1.722322 -5.500093
v 2.931880 1.722322 -5.526276
v 2.931880 1.807561 -5.526276
v 3.012999 1.807561 -5.500093
v 2.987462 1.764941 -5.508336
v 2.957418 1.764941 -5.518034
v 2.884746 1.764941 -5.541489
v 3.060129 1.764941 -5.484881
v 3.070516 1.786692 -5.403999
v 3.110578 1.934066 -5.391068
v 2.970376 1.891914 -5.436321
v 2.928977 1.891914 -5.449684
v 2.788680 1.934066 -5.494967
v 2.950328 1.399282 -5.442792
v 2.970376 1.637968 -5.436321
v 2.828847 1.743190 -5.482002
v 2.788680 1.595816 -5.494967
v 2.601638 1.764941 -5.555338
v 2.950328 2.130600 -5.442792
v 2.828847 1.786692 -5.482002
v 3.110578 1.595816 -5.391068
v 3.297602 1.764941 -5.330703
v 2.928977 1.637968 -5.449684
v 3.070516 1.743190 -5.403999
v 5.490130 2.379727 -0.983773
v 5.490114 2.499848 -0.983798
v 5.490114 2.259606 -0.983798
v 5.490130 2.400305 -0.983773
v 5.490130 2.359150 -0.983773
v 5.513427 2.372582 -0.949479
v 5.513427 2.386873 -0.949479
v 5.485972 2.338016 -0.989894
v 5.494002 2.338016 -0.978073
v 5.494002 2.421438 -0.978073
v 5.485972 2.421438 -0.989894
v 5.466550 2.386873 -1.018485
v 5.466550 2.372582 -1.018485
v 5.521198 2.324169 -0.938040
v 5.458758 2.324169 -1.029955
v 5.458758 2.435286 -1.029955
v 5.521198 2.435286 -0.938040
v 5.501541 2.379727 -0.966976
v 5.478415 2.379727 -1.001019
v 5.422477 2.379727 -1.083362
v 5.557476 2.379727 -0.884637
v 5.649250 2.379727 -1.091866
v 5.649233 2.499848 -1.091891
v 5.649233 2.259606 -1.091891
v 5.649250 2.400305 -1.091866
v 5.649250 2.359150 -1.091866
v 5.672546 2.372582 -1.057573
v 5.672546 2.386873 -1.057573
v 5.645092 2.338016 -1.097988
v 5.653122 2.338016 -1.086167
v 5.653122 2.421438 -1.086167
v 5.645092 2.421438 -1.097988
v 5.625669 2.386873 -1.126579
v 5.625669 2.372582 -1.126579
v 5.680317 2.324169 -1.046134
v 5.617877 2.324169 -1.138048
v 5.617877 2.435286 -1.138048
v 5.680317 2.435286 -1.046134
v 5.660660 2.379727 -1.075070
v 5.637534 2.379727 -1.109112
v 5.581596 2.379727 -1.191456
v 5.716595 2.379727 -0.992731
v 5.662476 2.408082 -0.901235
v 5.693312 2.600198 -0.855842
v 5.585394 2.545248 -1.014703
v 5.553527 2.545248 -1.061612
v 5.445536 2.600198 -1.220582
v 5.569962 1.903056 -1.037420
v 5.585394 2.214206 -1.014703
v 5.476454 2.351373 -1.175068
v 5.445536 2.159257 -1.220582
v 5.301563 2.379727 -1.432517
v 5.569962 2.856398 -1.037420
v 5.476454 2.408082 -1.175068
v 5.693312 2.159257 -0.855842
v 5.837272 2.379727 -0.643926
v 5.553527 2.214206 -1.061612
v 5.662476 2.351373 -0.901235
v 1.183102 7.738874 -2.238125
v 1.183125 7.838114 -2.238114
v 1.183125 7.639636 -2.238114
v 1.183102 7.755875 -2.238125
v 1.183102 7.721875 -2.238125
v 1.152048 7.732972 -2.252575
v 1.152048 7.744778 -2.252575
v 1.188645 7.704415 -2.235545
v 1.177941 7.704415 -2.240526
v 1.177941 7.773335 -2.240526
v 1.188645 7.773335 -2.235545
v 1.214535 7.744778 -2.223498
v 1.214535 7.732972 -2.223498
v 1.141690 7.692975 -2.257396
v 1.224920 7.692975 -2.218665
v 1.224920 7.784775 -2.218665
v 1.141690 7.784775 -2.257396
v 1.167892 7.738874 -2.245203
v 1.198718 7.738874 -2.230858
v 1.273282 7.738874 -2.196161
v 1.093333 7.738874 -2.279898
v 1.116053 7.738874 -2.094040
v 1.116076 7.838114 -2.094029
v 1.116076 7.639636 -2.094029
v 1.116053 7.755875 -2.094040
v 1.116053 7.721875 -2.094040
v 1.085000 7.732972 -2.108490
v 1.085000 7.744778 -2.108490
v 1.121596 7.704415 -2.091460
v 1.110892 7.704415 -2.096442
v 1.110892 7.773335 -2.096442
v 1.121596 7.773335 -2.091460
v 1.147486 7.744778 -2.079413
v 1.147486 7.732972 -2.079413
v 1.074642 7.692975 -2.113310
v 1.157872 7.692975 -2.074580
v 1.157872 7.784775 -2.074580
v 1.074642 7.784775 -2.113310
v 1.100844 7.738874 -2.101118
v 1.131670 7.738874 -2.086773
v 1.206233 7.738874 -2.052076
v 1.026285 7.738874 -2.135813
v 1.025898 7.762300 -2.223636
v 0.984794 7.921018 -2.242763
v 1.128645 7.875621 -2.175823
v 1.171122 7.875621 -2.156057
v 1.315072 7.921018 -2.089072
v 1.149216 7.345069 -2.166251
v 1.128645 7.602129 -2.175823
v 1.273858 7.715449 -2.108250
v 1.315072 7.556731 -2.089072
v 1.506982 7.738874 -1.999767
v 1.149216 8.132679 -2.166251
v 1.273858 7.762300 -2.108250
v 0.984794 7.556731 -2.242763
v 0.792901 7.738874 -2.332059
v 1.171122 7.602128 -2.156057
v 1.025898 7.715449 -2.223636
v 0.047728 5.307865 -7.694386
v 0.047733 5.426179 -7.694416
v 0.047733 5.189550 -7.694416
v 0.047728 5.328133 -7.694386
v 0.047728 5.287597 -7.694386
v 0.040742 5.300827 -7.654154
v 0.040742 5.314903 -7.654154
v 0.048975 5.266781 -7.701568
v 0.046567 5.266781 -7.687700
v 0.046567 5.348948 -7.687700
v 0.048975 5.348948 -7.701568
v 0.054800 5.314903 -7.735110
v 0.054800 5.300827 -7.735110
v 0.038411 5.253142 -7.640733
v 0.057137 5.253142 -7.748566
v 0.057137 5.362588 -7.748566
v 0.038411 5.362588 -7.640733
v 0.044306 5.307865 -7.674681
v 0.051242 5.307865 -7.714619
v 0.068017 5.307865 -7.811223
v 0.027532 5.307865 -7.578083
v 0.234404 5.307865 -7.661970
v 0.234409 5.426179 -7.661999
v 0.234409 5.189550 -7.661999
v 0.234404 5.328133 -7.661970
v 0.234404 5.287597 -7.661970
v 0.227417 5.300827 -7.621737
v 0.227417 5.314903 -7.621737
v 0.235651 5.266781 -7.669151
v 0.233243 5.266781 -7.655283
v 0.233243 5.348948 -7.655283
v 0.235651 5.348948 -7.669151
v 0.241476 5.314903 -7.702693
v 0.241476 5.300827 -7.702693
v 0.225087 5.253142 -7.608317
v 0.243812 5.253142 -7.716149
v 0.243812 5.362588 -7.716149
v 0.225087 5.362588 -7.608317
v 0.230982 5.307865 -7.642264
v 0.237917 5.307865 -7.682202
v 0.254693 5.307865 -7.778806
v 0.214207 5.307865 -7.545666
v 0.113240 5.335793 -7.517940
v 0.103992 5.525020 -7.464685
v 0.136357 5.470897 -7.651058
v 0.145913 5.470897 -7.706090
v 0.178300 5.525020 -7.892591
v 0.140985 4.838362 -7.677709
v 0.136357 5.144833 -7.651058
v 0.169027 5.279937 -7.839195
v 0.178300 5.090710 -7.892591
v 0.221477 5.307865 -8.141230
v 0.140985 5.777368 -7.677709
v 0.169027 5.335793 -7.839195
v 0.103992 5.090710 -7.464685
v 0.060819 5.307865 -7.216070
v 0.145913 5.144833 -7.706090
v 0.113240 5.279937 -7.517940
v 4.433538 5.792696 -0.631778
v 4.433536 5.823443 -0.631785
v 4.433536 5.761950 -0.631785
v 4.433538 5.797964 -0.631778
v 4.433538 5.787429 -0.631778
v 4.436300 5.790868 -0.621532
v 4.436300 5.794526 -0.621532
v 4.433045 5.782020 -0.633607
v 4.433997 5.782020 -0.630075
v 4.433997 5.803373 -0.630075
v 4.433045 5.803373 -0.633607
v 4.430742 5.794526 -0.642149
v 4.430742 5.790868 -0.642149
v 4.437222 5.778476 -0.618114
v 4.429818 5.778476 -0.645576
v 4.429818 5.806918 -0.645576
v 4.437222 5.806918 -0.618114
v 4.434891 5.792696 -0.626760
v 4.432149 5.792696 -0.636931
v 4.425516 5.792696 -0.661533
v 4.441524 5.792696 -0.602159
v 4.481079 5.792696 -0.644596
v 4.481077 5.823443 -0.644603
v 4.481077 5.761950 -0.644603
v 4.481079 5.797964 -0.644596
v 4.481079 5.787429 -0.644596
v 4.483841 5.790868 -0.634349
v 4.483841 5.794526 -0.634349
v 4.480586 5.782020 -0.646424
v 4.481538 5.782020 -0.642893
v 4.481538 5.803373 -0.642893
v 4.480586 5.803373 -0.646424
v 4.478282 5.794526 -0.654967
v 4.478282 5.790868 -0.654967
v 4.484763 5.778476 -0.630932
v 4.477359 5.778476 -0.658393
v 4.477359 5.806918 -0.658393
v 4.484763 5.806918 -0.630932
v 4.482432 5.792696 -0.639577
v 4.479690 5.792696 -0.649748
v 4.473056 5.792696 -0.674350
v 4.489065 5.792696 -0.614976
v 4.468311 5.799954 -0.597379
v 4.471967 5.849130 -0.583816
v 4.459170 5.835064 -0.631280
v 4.455392 5.835064 -0.645295
v 4.442586 5.849130 -0.692791
v 4.457341 5.670685 -0.638067
v 4.459170 5.750329 -0.631280
v 4.446253 5.785439 -0.679193
v 4.442586 5.736263 -0.692791
v 4.425514 5.792696 -0.756112
v 4.457341 5.914708 -0.638067
v 4.446253 5.799954 -0.679193
v 4.471967 5.736263 -0.583816
v 4.489038 5.792696 -0.520502
v 4.455392 5.750329 -0.645295
v 4.468311 5.785439 -0.597379
vn -0.8495 -0.0000 -0.5276
vn -0.8495 -0.0000 -0.5277
vn 0.8495 -0.0000 0.5277
vn 0.8495 -0.0000 0.5276
vn 0.3183 -0.1779 0.9311
vn 0.7414 0.6224 0.2509
vn 0.5533 0.6227 0.5533
vn -0.2318 -0.0835 0.9692
vn 0.9759 0.1782 -0.1261
vn 0.3163 -0.9439 0.0953
vn 0.7717 0.0886 -0.6298
vn 0.3163 0.9439 0.0953
vn 0.7414 -0.6224 0.2509
vn 0.2254 0.9439 0.2413
vn 0.9759 -0.1782 -0.1261
vn 0.7717 -0.0886 -0.6298
vn 0.2254 -0.9439 0.2413
vn 0.5533 -0.6227 0.5533
vn 0.3183 0.1779 0.9311
vn -0.2318 0.0835 0.9692
vn -0.7661 0.0835 0.6373
vn -0.9758 0.1779 0.1273
vn -0.7412 -0.6227 -0.2508
vn -0.3162 -0.9439 -0.0951
vn 0.2225 -0.0886 -0.9709
vn -0.3194 -0.1782 -0.9307
vn -0.3162 0.9439 -0.0951
vn -0.5535 -0.6224 -0.5534
vn -0.2256 0.9439 -0.2413
vn 0.2225 0.0886 -0.9709
vn -0.2256 -0.9439 -0.2413
vn -0.3194 0.1782 -0.9307
vn -0.7661 -0.0835 0.6373
vn -0.7412 0.6227 -0.2508
vn -0.5535 0.6224 -0.5534
vn -0.9758 -0.1779 0.1273
vn -0.2127 -0.0000 -0.9771
vn 0.2127 -0.0000 0.9771
vn 0.2127 -0.0001 0.9771
vn -0.4467 -0.1780 0.8768
vn 0.3361 0.6224 0.7069
vn -0.0119 0.6227 0.7824
vn -0.8571 -0.0835 0.5084
vn 0.7700 0.1782 0.6127
vn 0.1519 -0.9439 0.2934
vn 0.9894 0.0886 0.1155
vn 0.1519 0.9439 0.2934
vn 0.3361 -0.6224 0.7069
vn -0.0163 0.9439 0.3298
vn 0.7700 -0.1782 0.6127
vn 0.9894 -0.0886 0.1155
vn -0.0163 -0.9439 0.3298
vn -0.0119 -0.6227 0.7824
vn -0.4467 0.1779 0.8768
vn -0.8571 0.0835 0.5084
vn -0.9908 0.0835 -0.1061
vn -0.7707 0.1779 -0.6118
vn -0.3360 -0.6227 -0.7067
vn -0.1519 -0.9439 -0.2932
vn 0.8518 -0.0886 -0.5163
vn 0.4457 -0.1782 -0.8773
vn -0.1519 0.9439 -0.2932
vn 0.0119 -0.6224 -0.7826
vn 0.0162 0.9439 -0.3299
vn 0.8518 0.0886 -0.5163
vn 0.0162 -0.9439 -0.3300
vn 0.4457 0.1782 -0.8773
vn -0.9908 -0.0835 -0.1061
vn -0.3360 0.6227 -0.7067
vn 0.0119 0.6224 -0.7826
vn -0.7707 -0.1779 -0.6118
vn 0.1151 -0.0000 -0.9934
vn -0.1151 -0.0000 0.9934
vn -0.1151 -0.0001 0.9934
vn -0.7065 -0.1780 0.6850
vn 0.0892 0.6224 0.7776
vn -0.2645 0.6227 0.7364
vn -0.9755 -0.0835 0.2035
vn 0.5302 0.1782 0.8290
vn 0.0487 -0.9439 0.3267
vn 0.8987 0.0886 0.4295
vn 0.0487 0.9439 0.3267
vn 0.0892 -0.6224 0.7776
vn -0.1222 0.9439 0.3067
vn 0.5302 -0.1782 0.8290
vn 0.8987 -0.0886 0.4295
vn -0.1222 -0.9439 0.3068
vn -0.2645 -0.6227 0.7364
vn -0.7065 0.1780 0.6850
vn -0.9755 0.0835 0.2035
vn -0.9031 0.0835 -0.4212
vn -0.5312 0.1779 -0.8284
vn -0.0892 -0.6227 -0.7774
vn -0.0488 -0.9439 -0.3266
vn 0.9731 -0.0886 -0.2127
vn 0.7057 -0.1782 -0.6858
vn -0.0488 0.9439 -0.3266
vn 0.2646 -0.6224 -0.7366
vn 0.1221 0.9439 -0.3069
vn 0.9731 0.0886 -0.2127
vn 0.1221 -0.9439 -0.3069
vn 0.7057 0.1782 -0.6858
vn -0.9031 -0.0835 -0.4212
vn -0.0892 0.6227 -0.7774
vn 0.2646 0.6224 -0.7366
vn -0.5312 -0.1779 -0.8284
vn -0.7322 -0.0000 -0.6810
vn -0.7322 -0.0000 -0.6811
vn -0.7323 -0.0000 -0.6810
vn 0.7322 -0.0000 0.6810
vn 0.7322 -0.0000 0.6811
vn 0.7323 -0.0000 0.6810
vn 0.1335 -0.1779 0.9749
vn 0.6794 0.6224 0.3887
vn 0.4367 0.6227 0.6493
vn -0.4138 -0.0835 0.9066
vn 0.9819 0.1782 0.0637
vn 0.2921 -0.9439 0.1543
vn 0.8784 0.0886 -0.4697
vn 0.2921 0.9439 0.1543
vn 0.6794 -0.6224 0.3887
vn 0.1748 0.9439 0.2801
vn 0.9819 -0.1782 0.0637
vn 0.8784 -0.0886 -0.4697
vn 0.1748 -0.9439 0.2801
vn 0.4367 -0.6227 0.6493
vn 0.1335 0.1779 0.9749
vn -0.4138 0.0835 0.9066
vn -0.8742 0.0835 0.4783
vn -0.9820 0.1779 -0.0626
vn -0.6792 -0.6227 -0.3886
vn -0.2920 -0.9439 -0.1541
vn 0.4049 -0.0886 -0.9100
vn -0.1346 -0.1782 -0.9747
vn -0.2920 0.9439 -0.1541
vn -0.4368 -0.6224 -0.6495
vn -0.1750 0.9439 -0.2802
vn 0.4049 0.0886 -0.9100
vn -0.1750 -0.9439 -0.2802
vn -0.1346 0.1782 -0.9747
vn -0.8742 -0.0835 0.4783
vn -0.6792 0.6227 -0.3886
vn -0.4368 0.6224 -0.6495
vn -0.9820 -0.1779 -0.0626
vn 0.7723 -0.0000 -0.6352
vn 0.7723 -0.0000 -0.6353
vn -0.7723 -0.0000 0.6352
vn -0.9840 -0.1779 0.0027
vn -0.4755 0.6224 0.6217
vn -0.7016 0.6227 0.3465
vn -0.8435 -0.0835 -0.5306
vn -0.1937 0.1782 0.9648
vn -0.1917 -0.9439 0.2690
vn 0.3488 0.0886 0.9330
vn -0.1917 0.9439 0.2690
vn -0.4755 -0.6224 0.6217
vn -0.3008 0.9439 0.1360
vn -0.1937 -0.1782 0.9648
vn 0.3488 -0.0886 0.9330
vn -0.3008 -0.9439 0.1360
vn -0.7016 -0.6227 0.3465
vn -0.9840 0.1779 0.0027
vn -0.8435 0.0835 -0.5306
vn -0.3578 0.0835 -0.9301
vn 0.1926 0.1780 -0.9650
vn 0.4754 -0.6227 -0.6215
vn 0.1915 -0.9439 -0.2689
vn 0.8482 -0.0886 0.5223
vn 0.9840 -0.1782 -0.0039
vn 0.1915 0.9439 -0.2689
vn 0.7018 -0.6224 -0.3466
vn 0.3010 0.9439 -0.1362
vn 0.8482 0.0886 0.5223
vn 0.3010 -0.9439 -0.1362
vn 0.9840 0.1782 -0.0039
vn -0.3578 -0.0835 -0.9301
vn 0.4754 0.6227 -0.6215
vn 0.7018 0.6224 -0.3466
vn 0.1926 -0.1780 -0.9650
vn -0.8932 -0.0000 -0.4497
vn -0.8932 -0.0000 -0.4498
vn -0.8931 -0.0000 -0.4498
vn 0.8931 -0.0000 0.4498
vn 0.8932 -0.0000 0.4497
vn 0.8932 -0.0000 0.4498
vn 0.4002 -0.1779 0.8990
vn 0.7608 0.6224 0.1837
vn 0.6005 0.6227 0.5017
vn -0.1444 -0.0835 0.9860
vn 0.9607 0.1782 -0.2127
vn 0.3236 -0.9439 0.0666
vn 0.7125 0.0886 -0.6961
vn 0.3235 0.9439 0.0666
vn 0.7608 -0.6224 0.1838
vn 0.2460 0.9439 0.2202
vn 0.9607 -0.1782 -0.2127
vn 0.7124 -0.0886 -0.6961
vn 0.2460 -0.9439 0.2202
vn 0.6005 -0.6227 0.5017
vn 0.4002 0.1779 0.8990
vn -0.1444 0.0835 0.9860
vn -0.7061 0.0835 0.7032
vn -0.9605 0.1780 0.2138
vn -0.7606 -0.6227 -0.1837
vn -0.3234 -0.9439 -0.0665
vn 0.1350 -0.0886 -0.9869
vn -0.4012 -0.1782 -0.8985
vn -0.3234 0.9439 -0.0665
vn -0.6007 -0.6224 -0.5018
vn -0.2462 0.9439 -0.2202
vn 0.1350 0.0886 -0.9869
vn -0.2462 -0.9439 -0.2203
vn -0.4012 0.1782 -0.8985
vn -0.7061 -0.0835 0.7031
vn -0.7606 0.6227 -0.1837
vn -0.6007 0.6224 -0.5018
vn -0.9605 -0.1779 0.2138
vn -0.9950 -0.0000 0.0994
vn -0.9950 -0.0000 0.0995
vn -0.9951 -0.0000 0.0993
vn 0.9950 -0.0000 -0.0995
vn 0.9950 -0.0000 -0.0994
vn 0.9950 -0.0000 -0.0996
vn 0.8199 -0.1780 0.5441
vn 0.7407 0.6224 -0.2530
vn 0.7759 0.6227 0.1014
vn 0.4069 -0.0835 0.9096
vn 0.6968 0.1782 -0.6948
vn 0.3088 -0.9439 -0.1173
vn 0.2279 0.0886 -0.9696
vn 0.3088 0.9439 -0.1173
vn 0.7407 -0.6224 -0.2530
vn 0.3257 0.9439 0.0539
vn 0.6968 -0.1782 -0.6948
vn 0.2279 -0.0886 -0.9696
vn 0.3257 -0.9439 0.0539
vn 0.7759 -0.6226 0.1014
vn 0.8199 0.1780 0.5441
vn 0.4069 0.0835 0.9096
vn -0.2188 0.0835 0.9722
vn -0.6960 0.1780 0.6957
vn -0.7405 -0.6226 0.2529
vn -0.3086 -0.9439 0.1173
vn -0.4154 -0.0886 -0.9053
vn -0.8205 -0.1782 -0.5431
vn -0.3086 0.9439 0.1173
vn -0.7761 -0.6224 -0.1014
vn -0.3259 0.9439 -0.0538
vn -0.4154 0.0886 -0.9053
vn -0.3259 -0.9439 -0.0538
vn -0.8205 0.1782 -0.5431
vn -0.2188 -0.0835 0.9722
vn -0.7405 0.6227 0.2529
vn -0.7761 0.6224 -0.1014
vn -0.6960 -0.1780 0.6957
vn 0.5913 -0.0000 -0.8065
vn 0.5912 -0.0000 -0.8065
vn -0.5913 -0.0000 0.8065
vn -0.5912 -0.0000 0.8065
vn -0.5912 -0.0001 0.8065
vn -0.9528 -0.1780 0.2460
vn -0.3070 0.6224 0.7200
vn -0.5941 0.6227 0.5093
vn -0.9485 -0.0835 -0.3055
vn 0.0509 0.1782 0.9827
vn -0.1192 -0.9439 0.3081
vn 0.5687 0.0886 0.8178
vn -0.1192 0.9439 0.3081
vn -0.3070 -0.6224 0.7200
vn -0.2579 0.9439 0.2062
vn 0.0509 -0.1782 0.9827
vn 0.5687 -0.0886 0.8178
vn -0.2579 -0.9439 0.2062
vn -0.5941 -0.6227 0.5093
vn -0.9528 0.1780 0.2460
vn -0.9485 0.0835 -0.3055
vn -0.5767 0.0835 -0.8127
vn -0.0520 0.1780 -0.9827
vn 0.3070 -0.6227 -0.7198
vn 0.1191 -0.9439 -0.3080
vn 0.9510 -0.0886 0.2964
vn 0.9525 -0.1782 -0.2471
vn 0.1191 0.9439 -0.3079
vn 0.5943 -0.6224 -0.5094
vn 0.2579 0.9439 -0.2064
vn 0.9510 0.0886 0.2964
vn 0.2579 -0.9439 -0.2064
vn 0.9525 0.1782 -0.2471
vn -0.5767 -0.0835 -0.8127
vn 0.3070 0.6227 -0.7198
vn 0.5943 0.6224 -0.5094
vn -0.0520 -0.1779 -0.9827
vn 0.5011 -0.0000 -0.8654
vn 0.5012 -0.0000 -0.8654
vn 0.5012 -0.0000 -0.8653
vn -0.5012 -0.0000 0.8654
vn -0.5012 -0.0000 0.8653
vn -0.9208 -0.1779 0.3470
vn -0.2279 0.6224 0.7488
vn -0.5359 0.6227 0.5702
vn -0.9759 -0.0835 -0.2018
vn 0.1562 0.1782 0.9715
vn -0.0854 -0.9439 0.3191
vn 0.6533 0.0886 0.7519
vn -0.0854 0.9439 0.3191
vn -0.2279 -0.6224 0.7488
vn -0.2342 0.9439 0.2327
vn 0.1562 -0.1782 0.9715
vn 0.6533 -0.0886 0.7519
vn -0.2342 -0.9439 0.2327
vn -0.5359 -0.6227 0.5702
vn -0.9208 0.1779 0.3470
vn -0.9759 0.0835 -0.2018
vn -0.6607 0.0835 -0.7460
vn -0.1573 0.1779 -0.9714
vn 0.2278 -0.6227 -0.7486
vn 0.0853 -0.9439 -0.3190
vn 0.9773 -0.0886 0.1924
vn 0.9204 -0.1782 -0.3480
vn 0.0853 0.9439 -0.3190
vn 0.5361 -0.6224 -0.5703
vn 0.2343 0.9439 -0.2329
vn 0.9773 0.0886 0.1924
vn 0.2343 -0.9439 -0.2329
vn 0.9204 0.1782 -0.3480
vn -0.6607 -0.0835 -0.7460
vn 0.2278 0.6227 -0.7486
vn 0.5361 0.6224 -0.5703
vn -0.1573 -0.1779 -0.9714
vn 0.2113 -0.0000 -0.9774
vn 0.2112 -0.0000 -0.9774
vn 0.2113 0.0001 -0.9774
vn 0.2112 0.0001 -0.9774
vn 0.2112 -0.0001 -0.9774
vn -0.2113 -0.0001 0.9774
vn -0.2112 0.0001 0.9774
vn -0.2113 -0.0000 0.9774
vn -0.2113 0.0001 0.9774
vn -0.2112 -0.0001 0.9774
vn -0.2112 -0.0000 0.9774
vn -0.7698 -0.1779 0.6129
vn 0.0131 0.6224 0.7826
vn -0.3350 0.6226 0.7072
vn -0.9907 -0.0835 0.1076
vn 0.4470 0.1782 0.8766
vn 0.0167 -0.9439 0.3299
vn 0.8526 0.0886 0.5150
vn 0.0167 0.9439 0.3299
vn 0.0131 -0.6224 0.7826
vn -0.1514 0.9439 0.2934
vn 0.4470 -0.1782 0.8766
vn 0.8526 -0.0886 0.5150
vn -0.1514 -0.9439 0.2934
vn -0.3350 -0.6226 0.7072
vn -0.7698 0.1779 0.6129
vn -0.9907 0.0835 0.1076
vn -0.8578 0.0835 -0.5071
vn -0.4480 0.1780 -0.8761
vn -0.0131 -0.6227 -0.7824
vn -0.0168 -0.9439 -0.3297
vn 0.9892 -0.0886 -0.1169
vn 0.7691 -0.1782 -0.6138
vn -0.0168 0.9439 -0.3297
vn 0.3351 -0.6224 -0.7074
vn 0.1514 0.9439 -0.2936
vn 0.9892 0.0886 -0.1169
vn 0.1514 -0.9439 -0.2936
vn 0.7691 0.1782 -0.6138
vn -0.8578 -0.0835 -0.5071
vn -0.0131 0.6227 -0.7824
vn 0.3351 0.6224 -0.7074
vn -0.4480 -0.1780 -0.8761
vn 0.9771 -0.0000 0.2128
vn 0.9771 -0.0000 0.2127
vn -0.9771 -0.0000 -0.2127
vn -0.9771 -0.0000 -0.2128
vn -0.6117 -0.1779 -0.7708
vn -0.7826 0.6224 0.0118
vn -0.7066 0.6227 -0.3361
vn -0.1061 -0.0835 -0.9909
vn -0.8773 0.1782 0.4456
vn -0.3300 -0.9439 0.0162
vn -0.5163 0.0886 0.8518
vn -0.3299 0.9439 0.0162
vn -0.7826 -0.6224 0.0118
vn -0.2932 0.9439 -0.1519
vn -0.8773 -0.1782 0.4456
vn -0.5163 -0.0886 0.8518
vn -0.2932 -0.9439 -0.1519
vn -0.7067 -0.6227 -0.3361
vn -0.6117 0.1780 -0.7708
vn -0.1061 0.0835 -0.9909
vn 0.5084 0.0835 -0.8571
vn 0.8768 0.1779 -0.4466
vn 0.7824 -0.6227 -0.0118
vn 0.3298 -0.9439 -0.0162
vn 0.1154 -0.0886 0.9894
vn 0.6126 -0.1782 0.7700
vn 0.3298 0.9439 -0.0162
vn 0.7068 -0.6224 0.3362
vn 0.2933 0.9439 0.1519
vn 0.1154 0.0886 0.9894
vn 0.2934 -0.9439 0.1519
vn 0.6126 0.1782 0.7700
vn 0.5084 -0.0835 -0.8571
vn 0.7824 0.6227 -0.0118
vn 0.7068 0.6224 0.3362
vn 0.8768 -0.1779 -0.4466
vn 0.9886 -0.0000 0.1506
vn -0.9886 -0.0000 -0.1506
vn -0.6592 -0.1779 -0.7306
vn -0.7803 0.6224 0.0613
vn -0.7265 0.6227 -0.2908
vn -0.1684 -0.0835 -0.9822
vn -0.8474 0.1782 0.5001
vn -0.3283 -0.9439 0.0370
vn -0.4615 0.0886 0.8827
vn -0.3283 0.9439 0.0370
vn -0.7803 -0.6224 0.0612
vn -0.3022 0.9439 -0.1331
vn -0.8474 -0.1782 0.5001
vn -0.4615 -0.0886 0.8827
vn -0.3022 -0.9439 -0.1331
vn -0.7265 -0.6227 -0.2908
vn -0.6592 0.1779 -0.7306
vn -0.1684 0.0835 -0.9822
vn 0.4533 0.0835 -0.8875
vn 0.8469 0.1779 -0.5011
vn 0.7801 -0.6227 -0.0612
vn 0.3281 -0.9439 -0.0370
vn 0.1777 -0.0886 0.9801
vn 0.6600 -0.1782 0.7298
vn 0.3281 0.9439 -0.0370
vn 0.7267 -0.6224 0.2908
vn 0.3024 0.9439 0.1330
vn 0.1777 0.0886 0.9801
vn 0.3024 -0.9439 0.1330
vn 0.6600 0.1782 0.7298
vn 0.4533 -0.0835 -0.8875
vn 0.7801 0.6227 -0.0612
vn 0.7267 0.6224 0.2908
vn 0.8469 -0.1779 -0.5011
vn -0.9908 -0.0000 0.1353
vn -0.9908 -0.0000 0.1352
vn 0.9908 -0.0000 -0.1352
vn 0.9908 -0.0000 -0.1353
vn 0.9908 -0.0000 -0.1351
vn 0.8390 -0.1779 0.5142
vn 0.7311 0.6224 -0.2795
vn 0.7791 0.6227 0.0733
vn 0.4395 -0.0835 0.8944
vn 0.6713 0.1782 -0.7195
vn 0.3044 -0.9439 -0.1283
vn 0.1928 0.0886 -0.9772
vn 0.3044 0.9439 -0.1283
vn 0.7311 -0.6224 -0.2795
vn 0.3275 0.9439 0.0421
vn 0.6713 -0.1782 -0.7195
vn 0.1928 -0.0886 -0.9772
vn 0.3275 -0.9439 0.0421
vn 0.7791 -0.6227 0.0733
vn 0.8390 0.1779 0.5142
vn 0.4395 0.0835 0.8944
vn -0.1836 0.0835 0.9794
vn -0.6705 0.1779 0.7203
vn -0.7309 -0.6227 0.2795
vn -0.3042 -0.9439 0.1284
vn -0.4477 -0.0886 -0.8898
vn -0.8396 -0.1782 -0.5132
vn -0.3042 0.9439 0.1284
vn -0.7793 -0.6224 -0.0733
vn -0.3277 0.9439 -0.0421
vn -0.4477 0.0886 -0.8898
vn -0.3277 -0.9439 -0.0420
vn -0.8396 0.1782 -0.5132
vn -0.1836 -0.0835 0.9794
vn -0.7309 0.6227 0.2795
vn -0.7793 0.6224 -0.0733
vn -0.6705 -0.1779 0.7203
vn -0.8468 -0.0000 0.5319
vn -0.8469 -0.0000 0.5318
vn -0.8468 -0.0000 0.5318
vn 0.8469 -0.0000 -0.5318
vn 0.8468 -0.0000 -0.5318
vn 0.9764 -0.1779 0.1225
vn 0.5508 0.6224 -0.5561
vn 0.7400 0.6227 -0.2544
vn 0.7692 -0.0835 0.6336
vn 0.3149 0.1782 -0.9323
vn 0.2244 -0.9439 -0.2424
vn -0.2273 0.0886 -0.9698
vn 0.2244 0.9439 -0.2424
vn 0.5508 -0.6224 -0.5561
vn 0.3157 0.9439 -0.0967
vn 0.3149 -0.1782 -0.9323
vn -0.2273 -0.0886 -0.9698
vn 0.3157 -0.9439 -0.0967
vn 0.7400 -0.6227 -0.2544
vn 0.9764 0.1780 0.1225
vn 0.7692 0.0835 0.6336
vn 0.2366 0.0835 0.9680
vn -0.3138 0.1780 0.9327
vn -0.5506 -0.6227 0.5560
vn -0.2242 -0.9439 0.2424
vn -0.7748 -0.0886 -0.6260
vn -0.9765 -0.1782 -0.1214
vn -0.2242 0.9439 0.2424
vn -0.7402 -0.6224 0.2545
vn -0.3158 0.9439 0.0968
vn -0.7748 0.0886 -0.6260
vn -0.3158 -0.9439 0.0968
vn -0.9765 0.1782 -0.1214
vn 0.2366 -0.0835 0.9680
vn -0.5506 0.6227 0.5560
vn -0.7402 0.6224 0.2545
vn -0.3138 -0.1780 0.9327
vn 0.3633 -0.0000 -0.9317
vn -0.3633 -0.0000 0.9317
vn -0.8571 -0.1779 0.4834
vn -0.1110 0.6224 0.7748
vn -0.4427 0.6227 0.6452
vn -0.9952 -0.0835 -0.0506
vn 0.3026 0.1782 0.9363
vn -0.0358 -0.9439 0.3284
vn 0.7603 0.0886 0.6435
vn -0.0358 0.9439 0.3284
vn -0.1110 -0.6224 0.7748
vn -0.1960 0.9439 0.2657
vn 0.3026 -0.1782 0.9363
vn 0.7603 -0.0886 0.6435
vn -0.1960 -0.9439 0.2657
vn -0.4427 -0.6227 0.6452
vn -0.8571 0.1779 0.4834
vn -0.9952 0.0835 -0.0506
vn -0.7668 0.0835 -0.6365
vn -0.3037 0.1779 -0.9360
vn 0.1110 -0.6227 -0.7746
vn 0.0356 -0.9439 -0.3283
vn 0.9952 -0.0886 0.0411
vn 0.8565 -0.1782 -0.4843
vn 0.0356 0.9439 -0.3282
vn 0.4428 -0.6224 -0.6454
vn 0.1960 0.9439 -0.2659
vn 0.9952 0.0886 0.0411
vn 0.1960 -0.9439 -0.2659
vn 0.8565 0.1782 -0.4843
vn -0.7668 -0.0835 -0.6365
vn 0.1109 0.6227 -0.7746
vn 0.4428 0.6224 -0.6454
vn -0.3037 -0.1779 -0.9360
vn -0.9098 -0.0000 0.4150
vn 0.9098 -0.0000 -0.4150
vn 0.9516 -0.1780 0.2507
vn 0.6195 0.6224 -0.4783
vn 0.7671 0.6227 -0.1542
vn 0.6785 -0.0835 0.7298
vn 0.4355 0.1782 -0.8824
vn 0.2545 -0.9439 -0.2106
vn -0.0969 0.0886 -0.9913
vn 0.2545 0.9439 -0.2106
vn 0.6195 -0.6224 -0.4783
vn 0.3258 0.9439 -0.0540
vn 0.4355 -0.1782 -0.8824
vn -0.0969 -0.0886 -0.9913
vn 0.3257 -0.9439 -0.0540
vn 0.7671 -0.6227 -0.1542
vn 0.9516 0.1780 0.2507
vn 0.6785 0.0835 0.7298
vn 0.1064 0.0835 0.9908
vn -0.4345 0.1780 0.8829
vn -0.6194 -0.6227 0.4782
vn -0.2543 -0.9439 0.2106
vn -0.6851 -0.0886 -0.7230
vn -0.9518 -0.1782 -0.2496
vn -0.2543 0.9439 0.2106
vn -0.7674 -0.6224 0.1543
vn -0.3259 0.9439 0.0541
vn -0.6851 0.0886 -0.7230
vn -0.3259 -0.9439 0.0541
vn -0.9518 0.1782 -0.2496
vn 0.1063 -0.0835 0.9908
vn -0.6194 0.6227 0.4782
vn -0.7674 0.6224 0.1543
vn -0.4345 -0.1780 0.8829
vn -0.3929 -0.0000 0.9196
vn -0.3929 -0.0001 0.9196
vn -0.3928 -0.0000 0.9196
vn -0.3928 0.0001 0.9196
vn -0.3928 -0.0001 0.9196
vn -0.3929 0.0001 0.9196
vn 0.3929 -0.0001 -0.9196
vn 0.3928 -0.0000 -0.9196
vn 0.3929 0.0001 -0.9196
vn 0.3929 -0.0000 -0.9196
vn 0.8721 -0.1780 -0.4558
vn 0.1357 0.6224 -0.7709
vn 0.4631 0.6227 -0.6308
vn 0.9931 -0.0835 0.0823
vn -0.2725 0.1782 -0.9455
vn 0.0462 -0.9439 -0.3271
vn -0.7394 0.0886 -0.6674
vn 0.0462 0.9439 -0.3271
vn 0.1357 -0.6224 -0.7709
vn 0.2043 0.9439 -0.2593
vn -0.2725 -0.1782 -0.9455
vn -0.7394 -0.0886 -0.6674
vn 0.2044 -0.9439 -0.2593
vn 0.4631 -0.6227 -0.6308
vn 0.8721 0.1779 -0.4558
vn 0.9931 0.0835 0.0823
vn 0.7461 0.0835 0.6606
vn 0.2736 0.1779 0.9452
vn -0.1356 -0.6227 0.7707
vn -0.0461 -0.9439 0.3269
vn -0.9934 -0.0886 -0.0728
vn -0.8716 -0.1782 0.4568
vn -0.0461 0.9439 0.3269
vn -0.4632 -0.6224 0.6310
vn -0.2044 0.9439 0.2595
vn -0.9934 0.0886 -0.0729
vn -0.2044 -0.9439 0.2595
vn -0.8716 0.1782 0.4568
vn 0.7461 -0.0835 0.6606
vn -0.1356 0.6227 0.7707
vn -0.4632 0.6224 0.6310
vn 0.2736 -0.1779 0.9452
vn 0.1863 -0.0000 -0.9825
vn 0.1864 0.0001 -0.9825
vn 0.1864 -0.0001 -0.9825
vn -0.1864 -0.0000 0.9825
vn -0.1863 -0.0001 0.9825
vn -0.1863 -0.0000 0.9825
vn -0.7540 -0.1779 0.6323
vn 0.0329 0.6224 0.7820
vn -0.3169 0.6227 0.7155
vn -0.9876 -0.0835 0.1327
vn 0.4691 0.1782 0.8650
vn 0.0250 -0.9439 0.3294
vn 0.8654 0.0886 0.4932
vn 0.0250 0.9439 0.3294
vn 0.0329 -0.6224 0.7820
vn -0.1439 0.9439 0.2972
vn 0.4691 -0.1782 0.8650
vn 0.8654 -0.0886 0.4932
vn -0.1439 -0.9439 0.2972
vn -0.3169 -0.6227 0.7155
vn -0.7540 0.1779 0.6323
vn -0.9876 0.0835 0.1327
vn -0.8704 0.0835 -0.4851
vn -0.4701 0.1779 -0.8645
vn -0.0329 -0.6227 -0.7818
vn -0.0251 -0.9439 -0.3292
vn 0.9859 -0.0886 -0.1420
vn 0.7532 -0.1782 -0.6332
vn -0.0251 0.9439 -0.3292
vn 0.3170 -0.6224 -0.7157
vn 0.1439 0.9439 -0.2973
vn 0.9859 0.0886 -0.1420
vn 0.1439 -0.9439 -0.2973
vn 0.7532 0.1782 -0.6332
vn -0.8704 -0.0835 -0.4851
vn -0.0329 0.6227 -0.7818
vn 0.3170 0.6224 -0.7157
vn -0.4701 -0.1779 -0.8645
vn -0.4895 -0.0000 0.8720
vn -0.4894 -0.0000 0.8720
vn 0.4895 -0.0000 -0.8720
vn 0.9161 -0.1779 -0.3593
vn 0.2178 0.6224 -0.7518
vn 0.5282 0.6227 -0.5773
vn 0.9785 -0.0835 0.1887
vn -0.1693 0.1782 -0.9693
vn 0.0811 -0.9439 -0.3202
vn -0.6634 0.0886 -0.7430
vn 0.0811 0.9439 -0.3202
vn 0.2178 -0.6224 -0.7518
vn 0.2311 0.9439 -0.2359
vn -0.1693 -0.1782 -0.9693
vn -0.6633 -0.0886 -0.7431
vn 0.2311 -0.9439 -0.2359
vn 0.5282 -0.6227 -0.5773
vn 0.9161 0.1779 -0.3593
vn 0.9785 0.0835 0.1887
vn 0.6707 0.0835 0.7370
vn 0.1704 0.1779 0.9692
vn -0.2177 -0.6227 0.7516
vn -0.0810 -0.9439 0.3201
vn -0.9798 -0.0886 -0.1793
vn -0.9156 -0.1782 0.3604
vn -0.0810 0.9439 0.3201
vn -0.5284 -0.6224 0.5775
vn -0.2311 0.9439 0.2360
vn -0.9798 0.0886 -0.1793
vn -0.2311 -0.9439 0.2360
vn -0.9156 0.1782 0.3604
vn 0.6707 -0.0835 0.7370
vn -0.2177 0.6227 0.7516
vn -0.5284 0.6224 0.5775
vn 0.1704 -0.1779 0.9692
vn -0.6543 -0.0000 -0.7562
vn 0.6543 -0.0000 0.7562
vn 0.6543 -0.0000 0.7563
vn 0.0273 -0.1779 0.9837
vn 0.6334 0.6224 0.4599
vn 0.3639 0.6227 0.6927
vn -0.5093 -0.0835 0.8565
vn 0.9693 0.1782 0.1695
vn 0.2737 -0.9439 0.1849
vn 0.9240 0.0886 -0.3720
vn 0.2737 0.9439 0.1849
vn 0.6334 -0.6224 0.4599
vn 0.1435 0.9439 0.2974
vn 0.9693 -0.1782 0.1695
vn 0.9240 -0.0886 -0.3720
vn 0.1435 -0.9439 0.2974
vn 0.3639 -0.6227 0.6927
vn 0.0273 0.1779 0.9837
vn -0.5093 0.0835 0.8565
vn -0.9208 0.0835 0.3809
vn -0.9695 0.1779 -0.1684
vn -0.6332 -0.6227 -0.4597
vn -0.2736 -0.9439 -0.1848
vn 0.5010 -0.0886 -0.8609
vn -0.0285 -0.1782 -0.9836
vn -0.2736 0.9439 -0.1848
vn -0.3641 -0.6224 -0.6929
vn -0.1437 0.9439 -0.2975
vn 0.5010 0.0886 -0.8609
vn -0.1437 -0.9439 -0.2975
vn -0.0285 0.1782 -0.9836
vn -0.9208 -0.0835 0.3809
vn -0.6332 0.6227 -0.4597
vn -0.3640 0.6224 -0.6929
vn -0.9695 -0.1779 -0.1684
vn -0.9742 -0.0000 0.2255
vn -0.9742 -0.0000 0.2256
vn 0.9742 -0.0000 -0.2256
vn 0.9742 -0.0000 -0.2257
vn 0.9742 -0.0000 -0.2255
vn 0.8826 -0.1780 0.4351
vn 0.7024 0.6224 -0.3454
vn 0.7825 0.6227 0.0016
vn 0.5196 -0.0835 0.8503
vn 0.6025 0.1782 -0.7780
vn 0.2913 -0.9439 -0.1557
vn 0.1024 0.0886 -0.9908
vn 0.2913 0.9439 -0.1557
vn 0.7024 -0.6224 -0.3454
vn 0.3300 0.9439 0.0119
vn 0.6025 -0.1782 -0.7780
vn 0.1024 -0.0886 -0.9908
vn 0.3300 -0.9439 0.0119
vn 0.7825 -0.6227 0.0016
vn 0.8826 0.1780 0.4351
vn 0.5196 0.0835 0.8503
vn -0.0930 0.0835 0.9922
vn -0.6016 0.1779 0.7787
vn -0.7022 -0.6227 0.3453
vn -0.2911 -0.9439 0.1557
vn -0.5274 -0.0886 -0.8450
vn -0.8831 -0.1782 -0.4341
vn -0.2911 0.9439 0.1557
vn -0.7827 -0.6224 -0.0016
vn -0.3301 0.9439 -0.0118
vn -0.5274 0.0886 -0.8450
vn -0.3301 -0.9439 -0.0118
vn -0.8831 0.1782 -0.4341
vn -0.0930 -0.0835 0.9922
vn -0.7022 0.6227 0.3453
vn -0.7827 0.6224 -0.0016
vn -0.6016 -0.1779 0.7787
vn -0.9072 -0.0000 0.4206
vn -0.9073 -0.0000 0.4205
vn -0.9073 -0.0000 0.4206
vn 0.9073 -0.0000 -0.4205
vn 0.9073 -0.0000 -0.4206
vn 0.9072 -0.0000 -0.4206
vn 0.9531 -0.1779 0.2448
vn 0.6166 0.6224 -0.4821
vn 0.7662 0.6227 -0.1589
vn 0.6830 -0.0835 0.7257
vn 0.4301 0.1782 -0.8850
vn 0.2532 -0.9439 -0.2122
vn -0.1029 0.0886 -0.9907
vn 0.2532 0.9439 -0.2122
vn 0.6166 -0.6224 -0.4821
vn 0.3254 0.9439 -0.0560
vn 0.4301 -0.1782 -0.8850
vn -0.1030 -0.0886 -0.9907
vn 0.3254 -0.9439 -0.0560
vn 0.7662 -0.6227 -0.1589
vn 0.9531 0.1780 0.2448
vn 0.6830 0.0835 0.7257
vn 0.1124 0.0835 0.9902
vn -0.4291 0.1779 0.8856
vn -0.6164 -0.6227 0.4820
vn -0.2530 -0.9439 0.2121
vn -0.6895 -0.0886 -0.7188
vn -0.9533 -0.1782 -0.2437
vn -0.2530 0.9439 0.2121
vn -0.7664 -0.6224 0.1590
vn -0.3255 0.9439 0.0561
vn -0.6895 0.0886 -0.7188
vn -0.3255 -0.9439 0.0561
vn -0.9533 0.1782 -0.2437
vn 0.1124 -0.0835 0.9902
vn -0.6164 0.6227 0.4820
vn -0.7664 0.6224 0.1590
vn -0.4291 -0.1780 0.8856
vn 0.1718 -0.0000 0.9851
vn 0.1717 -0.0000 0.9851
vn 0.1718 0.0001 0.9851
vn -0.1717 -0.0000 -0.9851
vn -0.1717 -0.0001 -0.9851
vn -0.1718 -0.0000 -0.9851
vn -0.1718 -0.0001 -0.9851
vn 0.4829 -0.1779 -0.8574
vn -0.3063 0.6224 -0.7203
vn 0.0445 0.6227 -0.7812
vn 0.8775 -0.0835 -0.4722
vn -0.7438 0.1782 -0.6442
vn -0.1395 -0.9439 -0.2994
vn -0.9837 0.0886 -0.1566
vn -0.1395 0.9439 -0.2994
vn -0.3063 -0.6224 -0.7203
vn 0.0300 0.9439 -0.3288
vn -0.7438 -0.1782 -0.6442
vn -0.9837 -0.0886 -0.1566
vn 0.0300 -0.9439 -0.3288
vn 0.0445 -0.6227 -0.7812
vn 0.4829 0.1779 -0.8574
vn 0.8775 0.0835 -0.4722
vn 0.9856 0.0835 0.1473
vn 0.7446 0.1779 0.6434
vn 0.3063 -0.6227 0.7201
vn 0.1395 -0.9439 0.2993
vn -0.8726 -0.0886 0.4803
vn -0.4819 -0.1782 0.8579
vn 0.1395 0.9439 0.2993
vn -0.0445 -0.6224 0.7814
vn -0.0299 0.9439 0.3290
vn -0.8726 0.0886 0.4803
vn -0.0299 -0.9439 0.3290
vn -0.4819 0.1782 0.8579
vn 0.9856 -0.0835 0.1474
vn 0.3063 0.6227 0.7201
vn -0.0445 0.6224 0.7814
vn 0.7446 -0.1779 0.6434
vn 0.8018 -0.0000 -0.5976
vn 0.8018 -0.0000 -0.5977
vn -0.8018 -0.0000 0.5976
vn -0.9830 -0.1779 -0.0443
vn -0.5047 0.6224 0.5983
vn -0.7173 0.6227 0.3126
vn -0.8172 -0.0835 -0.5702
vn -0.2395 0.1782 0.9544
vn -0.2043 -0.9439 0.2596
vn 0.3039 0.0886 0.9486
vn -0.2043 0.9439 0.2596
vn -0.5047 -0.6224 0.5983
vn -0.3070 0.9439 0.1215
vn -0.2395 -0.1782 0.9544
vn 0.3039 -0.0886 0.9486
vn -0.3070 -0.9439 0.1215
vn -0.7173 -0.6227 0.3126
vn -0.9830 0.1779 -0.0443
vn -0.8172 0.0835 -0.5702
vn -0.3130 0.0835 -0.9461
vn 0.2384 0.1779 -0.9547
vn 0.5045 -0.6227 -0.5981
vn 0.2042 -0.9439 -0.2595
vn 0.8222 -0.0886 0.5622
vn 0.9831 -0.1782 0.0431
vn 0.2042 0.9439 -0.2595
vn 0.7175 -0.6224 -0.3127
vn 0.3071 0.9439 -0.1217
vn 0.8222 0.0886 0.5622
vn 0.3071 -0.9439 -0.1217
vn 0.9831 0.1782 0.0431
vn -0.3130 -0.0835 -0.9461
vn 0.5045 0.6227 -0.5981
vn 0.7175 0.6224 -0.3127
vn 0.2384 -0.1779 -0.9547
vn -0.7386 -0.0000 -0.6742
vn -0.7387 0.0001 -0.6741
vn -0.7385 -0.0000 -0.6742
vn -0.7385 0.0001 -0.6743
vn -0.7385 -0.0001 -0.6743
vn -0.7386 -0.0001 -0.6742
vn 0.7386 -0.0000 0.6742
vn 0.7387 0.0001 0.6740
vn 0.7385 -0.0000 0.6742
vn 0.7385 -0.0000 0.6743
vn 0.7384 -0.0001 0.6743
vn 0.7385 -0.0001 0.6742
vn 0.7385 0.0001 0.6742
vn 0.1426 -0.1780 0.9737
vn 0.6830 0.6224 0.3823
vn 0.4427 0.6227 0.6452
vn -0.4053 -0.0835 0.9104
vn 0.9825 0.1782 0.0546
vn 0.2936 -0.9438 0.1515
vn 0.8740 0.0886 -0.4779
vn 0.2936 0.9438 0.1516
vn 0.6830 -0.6224 0.3824
vn 0.1774 0.9439 0.2785
vn 0.9825 -0.1782 0.0546
vn 0.8740 -0.0886 -0.4779
vn 0.1774 -0.9439 0.2784
vn 0.4428 -0.6226 0.6452
vn 0.1426 0.1780 0.9737
vn -0.4053 0.0835 0.9104
vn -0.8698 0.0835 0.4864
vn -0.9826 0.1780 -0.0535
vn -0.6828 -0.6226 -0.3822
vn -0.2934 -0.9439 -0.1514
vn 0.3965 -0.0886 -0.9138
vn -0.1437 -0.1782 -0.9735
vn -0.2935 0.9439 -0.1514
vn -0.4429 -0.6224 -0.6454
vn -0.1776 0.9438 -0.2786
vn 0.3965 0.0886 -0.9138
vn -0.1776 -0.9439 -0.2785
vn -0.1437 0.1782 -0.9735
vn -0.8698 -0.0835 0.4864
vn -0.6828 0.6227 -0.3822
vn -0.4428 0.6224 -0.6454
vn -0.9826 -0.1780 -0.0535
vn -0.7171 -0.0000 0.6970
vn -0.7171 -0.0000 0.6969
vn 0.7171 -0.0000 -0.6969
vn 0.7171 -0.0000 -0.6970
vn 0.9804 -0.1779 -0.0841
vn 0.4225 0.6224 -0.6589
vn 0.6705 0.6227 -0.4034
vn 0.8845 -0.0835 0.4590
vn 0.1132 0.1782 -0.9775
vn 0.1688 -0.9439 -0.2840
vn -0.4248 0.0886 -0.9009
vn 0.1688 0.9439 -0.2840
vn 0.4225 -0.6224 -0.6589
vn 0.2886 0.9439 -0.1605
vn 0.1132 -0.1782 -0.9775
vn -0.4248 -0.0886 -0.9009
vn 0.2886 -0.9439 -0.1605
vn 0.6705 -0.6227 -0.4034
vn 0.9804 0.1779 -0.0841
vn 0.8845 0.0835 0.4590
vn 0.4336 0.0835 0.8973
vn -0.1121 0.1780 0.9776
vn -0.4223 -0.6227 0.6587
vn -0.1686 -0.9439 0.2839
vn -0.8885 -0.0886 -0.4503
vn -0.9803 -0.1782 0.0853
vn -0.1686 0.9439 0.2839
vn -0.6707 -0.6224 0.4035
vn -0.2887 0.9439 0.1606
vn -0.8884 0.0886 -0.4504
vn -0.2887 -0.9439 0.1606
vn -0.9803 0.1782 0.0853
vn 0.4336 -0.0835 0.8973
vn -0.4223 0.6227 0.6587
vn -0.6707 0.6224 0.4035
vn -0.1121 -0.1779 0.9776
vn 0.1547 -0.0000 -0.9880
vn 0.1547 -0.0001 -0.9880
vn 0.1547 0.0001 -0.9880
vn -0.1547 -0.0000 0.9880
vn -0.1547 0.0001 0.9880
vn -0.1547 -0.0001 0.9880
vn -0.7333 -0.1779 0.6562
vn 0.0580 0.6224 0.7806
vn -0.2938 0.6227 0.7253
vn -0.9829 -0.0835 0.1644
vn 0.4966 0.1782 0.8495
vn 0.0356 -0.9439 0.3284
vn 0.8808 0.0886 0.4651
vn 0.0356 0.9439 0.3284
vn 0.0580 -0.6224 0.7806
vn -0.1343 0.9439 0.3016
vn 0.4966 -0.1782 0.8495
vn 0.8808 -0.0886 0.4651
vn -0.1343 -0.9439 0.3016
vn -0.2938 -0.6227 0.7253
vn -0.7333 0.1779 0.6562
vn -0.9829 0.0835 0.1644
vn -0.8856 0.0835 -0.4569
vn -0.4976 0.1780 -0.8489
vn -0.0580 -0.6227 -0.7803
vn -0.0357 -0.9439 -0.3282
vn 0.9808 -0.0886 -0.1736
vn 0.7325 -0.1782 -0.6570
vn -0.0357 0.9439 -0.3282
vn 0.2938 -0.6224 -0.7255
vn 0.1343 0.9439 -0.3018
vn 0.9808 0.0886 -0.1736
vn 0.1343 -0.9439 -0.3018
vn 0.7325 0.1782 -0.6570
vn -0.8856 -0.0835 -0.4569
vn -0.0580 0.6227 -0.7803
vn 0.2938 0.6224 -0.7255
vn -0.4976 -0.1780 -0.8489
vn 0.4229 -0.0000 -0.9062
vn 0.4228 -0.0000 -0.9062
vn -0.4228 -0.0000 0.9062
vn -0.4230 -0.0000 0.9062
vn -0.4229 -0.0000 0.9062
vn -0.8866 -0.1779 0.4269
vn -0.1609 0.6224 0.7660
vn -0.4835 0.6227 0.6152
vn -0.9899 -0.0835 -0.1149
vn 0.2413 0.1782 0.9540
vn -0.0569 -0.9439 0.3254
vn 0.7171 0.0886 0.6913
vn -0.0570 0.9439 0.3254
vn -0.1609 -0.6224 0.7660
vn -0.2128 0.9439 0.2525
vn 0.2413 -0.1782 0.9540
vn 0.7171 -0.0886 0.6913
vn -0.2128 -0.9439 0.2525
vn -0.4835 -0.6227 0.6152
vn -0.8866 0.1779 0.4269
vn -0.9899 0.0835 -0.1149
vn -0.7239 0.0835 -0.6848
vn -0.2424 0.1780 -0.9537
vn 0.1609 -0.6227 -0.7658
vn 0.0568 -0.9439 -0.3253
vn 0.9905 -0.0886 0.1055
vn 0.8861 -0.1782 -0.4279
vn 0.0568 0.9439 -0.3253
vn 0.4837 -0.6224 -0.6154
vn 0.2128 0.9439 -0.2527
vn 0.9905 0.0886 0.1055
vn 0.2128 -0.9439 -0.2527
vn 0.8861 0.1782 -0.4279
vn -0.7239 -0.0835 -0.6848
vn 0.1609 0.6227 -0.7658
vn 0.4837 0.6224 -0.6154
vn -0.2424 -0.1779 -0.9537
vn 0.1766 -0.0000 -0.9843
vn -0.1767 -0.0000 0.9843
vn -0.1766 -0.0000 0.9843
vn -0.7477 -0.1779 0.6397
vn 0.0407 0.6224 0.7817
vn -0.3098 0.6227 0.7185
vn -0.9863 -0.0835 0.1425
vn 0.4776 0.1782 0.8603
vn 0.0283 -0.9439 0.3291
vn 0.8702 0.0886 0.4846
vn 0.0283 0.9439 0.3291
vn 0.0407 -0.6224 0.7817
vn -0.1410 0.9439 0.2986
vn 0.4776 -0.1782 0.8603
vn 0.8702 -0.0886 0.4846
vn -0.1410 -0.9439 0.2986
vn -0.3098 -0.6227 0.7186
vn -0.7477 0.1780 0.6397
vn -0.9863 0.0835 0.1425
vn -0.8752 0.0835 -0.4765
vn -0.4786 0.1780 -0.8598
vn -0.0406 -0.6227 -0.7814
vn -0.0284 -0.9439 -0.3290
vn 0.9844 -0.0886 -0.1518
vn 0.7469 -0.1782 -0.6406
vn -0.0284 0.9439 -0.3289
vn 0.3099 -0.6224 -0.7188
vn 0.1410 0.9439 -0.2987
vn 0.9844 0.0886 -0.1518
vn 0.1410 -0.9439 -0.2988
vn 0.7470 0.1782 -0.6406
vn -0.8752 -0.0835 -0.4765
vn -0.0406 0.6227 -0.7814
vn 0.3099 0.6224 -0.7188
vn -0.4786 -0.1780 -0.8598
vn -0.3072 -0.0000 0.9517
vn -0.3072 0.0001 0.9517
vn -0.3072 -0.0001 0.9517
vn 0.3072 -0.0000 -0.9517
vn 0.3072 0.0001 -0.9517
vn 0.3071 -0.0000 -0.9517
vn 0.3072 -0.0001 -0.9517
vn 0.8268 -0.1779 -0.5335
vn 0.0646 0.6224 -0.7800
vn 0.4035 0.6227 -0.6704
vn 0.9965 -0.0835 -0.0088
vn -0.3578 0.1782 -0.9166
vn 0.0161 -0.9439 -0.3300
vn -0.7973 0.0886 -0.5970
vn 0.0161 0.9439 -0.3299
vn 0.0646 -0.6224 -0.7800
vn 0.1798 0.9439 -0.2769
vn -0.3578 -0.1782 -0.9166
vn -0.7973 -0.0886 -0.5970
vn 0.1798 -0.9439 -0.2769
vn 0.4035 -0.6227 -0.6705
vn 0.8268 0.1779 -0.5335
vn 0.9965 0.0835 -0.0088
vn 0.8033 0.0835 0.5897
vn 0.3589 0.1779 0.9163
vn -0.0646 -0.6227 0.7798
vn -0.0160 -0.9439 0.3298
vn -0.9959 -0.0886 0.0182
vn -0.8262 -0.1782 0.5345
vn -0.0160 0.9439 0.3298
vn -0.4036 -0.6224 0.6706
vn -0.1798 0.9439 0.2771
vn -0.9959 0.0886 0.0182
vn -0.1798 -0.9439 0.2771
vn -0.8262 0.1782 0.5345
vn 0.8033 -0.0835 0.5897
vn -0.0646 0.6227 0.7798
vn -0.4036 0.6224 0.6706
vn 0.3589 -0.1779 0.9163
vn -0.8272 -0.0000 0.5619
vn -0.8272 -0.0000 0.5620
vn 0.8272 -0.0000 -0.5619
vn 0.8272 -0.0000 -0.5620
vn 0.9802 -0.1779 0.0873
vn 0.5304 0.6224 -0.5756
vn 0.7303 0.6227 -0.2809
vn 0.7915 -0.0835 0.6055
vn 0.2811 0.1782 -0.9430
vn 0.2155 -0.9439 -0.2504
vn -0.2620 0.0886 -0.9610
vn 0.2155 0.9439 -0.2504
vn 0.5304 -0.6224 -0.5756
vn 0.3120 0.9439 -0.1080
vn 0.2811 -0.1782 -0.9430
vn -0.2620 -0.0886 -0.9610
vn 0.3120 -0.9439 -0.1080
vn 0.7303 -0.6227 -0.2809
vn 0.9802 0.1779 0.0873
vn 0.7915 0.0835 0.6055
vn 0.2713 0.0835 0.9589
vn -0.2800 0.1780 0.9434
vn -0.5303 -0.6227 0.5754
vn -0.2153 -0.9439 0.2503
vn -0.7968 -0.0886 -0.5977
vn -0.9802 -0.1782 -0.0861
vn -0.2153 0.9439 0.2503
vn -0.7305 -0.6224 0.2810
vn -0.3121 0.9439 0.1081
vn -0.7968 0.0886 -0.5977
vn -0.3122 -0.9439 0.1081
vn -0.9802 0.1782 -0.0861
vn 0.2713 -0.0835 0.9589
vn -0.5303 0.6227 0.5754
vn -0.7305 0.6224 0.2810
vn -0.2800 -0.1779 0.9434
vn 0.4219 -0.0000 -0.9067
vn 0.4219 -0.0000 -0.9066
vn -0.4219 -0.0000 0.9066
vn -0.4219 -0.0000 0.9067
vn -0.8862 -0.1780 0.4278
vn -0.1601 0.6224 0.7662
vn -0.4829 0.6227 0.6157
vn -0.9900 -0.0835 -0.1139
vn 0.2423 0.1782 0.9537
vn -0.0566 -0.9439 0.3255
vn 0.7178 0.0886 0.6906
vn -0.0566 0.9439 0.3255
vn -0.1601 -0.6224 0.7662
vn -0.2125 0.9439 0.2527
vn 0.2423 -0.1782 0.9537
vn 0.7178 -0.0886 0.6906
vn -0.2125 -0.9439 0.2527
vn -0.4829 -0.6227 0.6157
vn -0.8862 0.1780 0.4278
vn -0.9900 0.0835 -0.1139
vn -0.7247 0.0835 -0.6840
vn -0.2434 0.1779 -0.9535
vn 0.1601 -0.6227 -0.7660
vn 0.0565 -0.9439 -0.3253
vn 0.9906 -0.0886 0.1044
vn 0.8857 -0.1782 -0.4288
vn 0.0565 0.9439 -0.3253
vn 0.4830 -0.6224 -0.6159
vn 0.2125 0.9439 -0.2529
vn 0.9906 0.0886 0.1044
vn 0.2125 -0.9439 -0.2529
vn 0.8857 0.1782 -0.4288
vn -0.7247 -0.0835 -0.6840
vn 0.1601 0.6227 -0.7660
vn 0.4830 0.6224 -0.6159
vn -0.2434 -0.1779 -0.9535
vn -0.9853 -0.0000 -0.1711
vn 0.9853 -0.0000 0.1711
vn 0.6439 -0.1779 0.7441
vn 0.7814 0.6224 -0.0450
vn 0.7203 0.6227 0.3058
vn 0.1480 -0.0835 0.9855
vn 0.8576 0.1782 -0.4824
vn 0.3290 -0.9439 -0.0301
vn 0.4797 0.0886 -0.8730
vn 0.3290 0.9439 -0.0301
vn 0.7814 -0.6224 -0.0450
vn 0.2993 0.9439 0.1393
vn 0.8576 -0.1782 -0.4824
vn 0.4797 -0.0886 -0.8730
vn 0.2994 -0.9439 0.1393
vn 0.7203 -0.6227 0.3058
vn 0.6439 0.1779 0.7441
vn 0.1480 0.0835 0.9855
vn -0.4716 0.0835 0.8779
vn -0.8571 0.1780 0.4835
vn -0.7812 -0.6227 0.0450
vn -0.3288 -0.9439 0.0302
vn -0.1573 -0.0886 -0.9836
vn -0.6448 -0.1782 -0.7433
vn -0.3288 0.9439 0.0302
vn -0.7205 -0.6224 -0.3059
vn -0.2995 0.9439 -0.1393
vn -0.1573 0.0886 -0.9836
vn -0.2995 -0.9439 -0.1393
vn -0.6448 0.1782 -0.7433
vn -0.4716 -0.0835 0.8779
vn -0.7812 0.6227 0.0450
vn -0.7205 0.6224 -0.3059
vn -0.8571 -0.1780 0.4835
vn -0.9656 -0.0000 0.2602
vn -0.9655 0.0001 0.2602
vn -0.9655 -0.0000 0.2604
vn -0.9656 -0.0000 0.2601
vn -0.9655 -0.0000 0.2603
vn -0.9656 -0.0001 0.2601
vn -0.9655 -0.0000 0.2602
vn 0.9655 -0.0000 -0.2603
vn 0.9655 -0.0001 -0.2602
vn 0.9656 -0.0000 -0.2601
vn 0.9655 -0.0000 -0.2604
vn 0.9655 0.0001 -0.2602
vn 0.9655 -0.0000 -0.2605
vn 0.9655 -0.0000 -0.2602
vn 0.8976 -0.1779 0.4032
vn 0.6895 0.6224 -0.3704
vn 0.7820 0.6227 -0.0265
vn 0.5498 -0.0835 0.8311
vn 0.5742 0.1782 -0.7991
vn 0.2856 -0.9439 -0.1661
vn 0.0669 0.0886 -0.9938
vn 0.2856 0.9439 -0.1661
vn 0.6895 -0.6224 -0.3704
vn 0.3302 0.9439 0.0001
vn 0.5742 -0.1782 -0.7991
vn 0.0669 -0.0886 -0.9938
vn 0.3302 -0.9439 0.0001
vn 0.7821 -0.6227 -0.0265
vn 0.8976 0.1780 0.4032
vn 0.5498 0.0835 0.8311
vn -0.0574 0.0835 0.9949
vn -0.5733 0.1779 0.7998
vn -0.6894 -0.6227 0.3703
vn -0.2854 -0.9439 0.1661
vn -0.5574 -0.0886 -0.8255
vn -0.8981 -0.1782 -0.4022
vn -0.2854 0.9439 0.1661
vn -0.7823 -0.6224 0.0265
vn -0.3304 0.9438 -0.0000
vn -0.5574 0.0886 -0.8255
vn -0.3303 -0.9439 -0.0000
vn -0.8981 0.1782 -0.4022
vn -0.0574 -0.0835 0.9949
vn -0.6893 0.6227 0.3703
vn -0.7823 0.6224 0.0265
vn -0.5733 -0.1779 0.7998
vt 0.500000 0.358579
vt 0.569838 0.428416
vt 0.928416 0.069838
vt 0.858579 0.000000
vt 0.141421 0.000000
vt 0.070711 0.070711
vt 0.429289 0.429289
vt 0.358579 0.500000
vt 0.428416 0.569838
vt 0.499127 0.499127
vt 0.000000 0.858579
vt 0.069838 0.928416
vt 0.500000 0.641421
vt 0.570711 0.570711
vt 0.641421 0.500000
vt 1.000000 0.141421
vt 0.141421 1.000000
vt 0.858579 1.000000
vt 0.929289 0.929289
vt 0.000000 0.141421
vt 1.000000 0.858579
vt 0.000000 0.858579
vt 0.500000 0.641421
vt 0.641421 0.500000
vt 1.000000 0.858579
vt 0.929289 0.929289
vt 0.070711 0.070711
s 0
usemtl 
f 14/1/1 5/2/1 3/3/1 9/4/1
f 6/5/2 21/6/2 18/7/2 14/1/2
f 18/7/2 17/8/2 4/9/2 1/10/2
f 10/11/2 2/12/2 4/9/2 17/8/2
f 1/10/1 4/9/1 16/13/1 19/14/1
f 5/2/1 15/15/1 8/16/1 3/3/1
f 2/12/1 11/17/1 16/13/1 4/9/1
f 19/14/1 16/13/1 12/18/1 20/19/1
f 21/6/1 7/20/1 17/8/1 18/7/1
f 15/15/2 19/14/2 20/19/2 13/21/2
f 5/2/1 1/10/1 19/14/1 15/15/1
f 14/1/2 18/7/2 1/10/2 5/2/2
f 35/1/3 30/4/3 24/3/3 26/2/3
f 27/5/3 35/1/3 39/7/3 42/6/3
f 39/7/3 22/10/3 25/9/3 38/8/3
f 31/11/3 38/8/3 25/9/3 23/12/3
f 22/10/4 40/14/4 37/13/4 25/9/4
f 26/2/4 24/3/4 29/16/4 36/15/4
f 23/12/4 25/9/4 37/13/4 32/17/4
f 40/14/4 41/19/4 33/18/4 37/13/4
f 42/6/4 39/7/4 38/8/4 28/20/4
f 36/15/3 34/21/3 41/19/3 40/14/3
f 26/2/4 36/15/4 40/14/4 22/10/4
f 35/1/3 26/2/3 22/10/3 39/7/3
f 44/8/5 43/20/5 28/20/5 38/8/5
f 45/22/6 44/8/6 38/8/6 31/11/6
f 47/23/7 46/17/7 32/17/7 37/13/7
f 49/4/8 48/3/8 24/3/8 30/4/8
f 51/24/9 50/25/9 34/21/9 36/15/9
f 50/25/10 52/26/10 41/19/10 34/21/10
f 46/17/11 53/12/11 23/12/11 32/17/11
f 52/26/12 54/18/12 33/18/12 41/19/12
f 55/1/13 49/4/13 30/4/13 35/1/13
f 43/20/14 56/27/14 42/6/14 28/20/14
f 54/18/15 47/23/15 37/13/15 33/18/15
f 48/3/16 57/16/16 29/16/16 24/3/16
f 56/27/17 58/5/17 27/5/17 42/6/17
f 57/16/18 51/24/18 36/15/18 29/16/18
f 58/5/19 55/1/19 35/1/19 27/5/19
f 53/12/20 45/22/20 31/11/20 23/12/20
f 2/12/21 10/11/21 45/22/21 53/12/21
f 6/5/22 14/1/22 55/1/22 58/5/22
f 8/16/23 15/15/23 51/24/23 57/16/23
f 21/6/24 6/5/24 58/5/24 56/27/24
f 3/3/25 8/16/25 57/16/25 48/3/25
f 12/18/26 16/13/26 47/23/26 54/18/26
f 7/20/27 21/6/27 56/27/27 43/20/27
f 14/1/28 9/4/28 49/4/28 55/1/28
f 20/19/29 12/18/29 54/18/29 52/26/29
f 11/17/30 2/12/30 53/12/30 46/17/30
f 13/21/31 20/19/31 52/26/31 50/25/31
f 15/15/32 13/21/32 50/25/32 51/24/32
f 9/4/33 3/3/33 48/3/33 49/4/33
f 16/13/34 11/17/34 46/17/34 47/23/34
f 10/11/35 17/8/35 44/8/35 45/22/35
f 17/8/36 7/20/36 43/20/36 44/8/36
f 72/1/37 63/2/37 61/3/37 67/4/37
f 64/5/37 79/6/37 76/7/37 72/1/37
f 76/7/37 75/8/37 62/9/37 59/10/37
f 68/11/37 60/12/37 62/9/37 75/8/37
f 59/10/37 62/9/37 74/13/37 77/14/37
f 63/2/37 73/15/37 66/16/37 61/3/37
f 60/12/37 69/17/37 74/13/37 62/9/37
f 77/14/37 74/13/37 70/18/37 78/19/37
f 79/6/37 65/20/37 75/8/37 76/7/37
f 73/15/37 77/14/37 78/19/37 71/21/37
f 63/2/37 59/10/37 77/14/37 73/15/37
f 72/1/37 76/7/37 59/10/37 63/2/37
f 93/1/38 88/4/38 82/3/38 84/2/38
f 85/5/39 93/1/39 97/7/39 100/6/39
f 97/7/38 80/10/38 83/9/38 96/8/38
f 89/11/38 96/8/38 83/9/38 81/12/38
f 80/10/38 98/14/38 95/13/38 83/9/38
f 84/2/38 82/3/38 87/16/38 94/15/38
f 81/12/38 83/9/38 95/13/38 90/17/38
f 98/14/38 99/19/38 91/18/38 95/13/38
f 100/6/38 97/7/38 96/8/38 86/20/38
f 94/15/38 92/21/38 99/19/38 98/14/38
f 84/2/38 94/15/38 98/14/38 80/10/38
f 93/1/38 84/2/38 80/10/38 97/7/38
f 102/8/40 101/20/40 86/20/40 96/8/40
f 103/22/41 102/8/41 96/8/41 89/11/41
f 105/23/42 104/17/42 90/17/42 95/13/42
f 107/4/43 106/3/43 82/3/43 88/4/43
f 109/24/44 108/25/44 92/21/44 94/15/44
f 108/25/45 110/26/45 99/19/45 92/21/45
f 104/17/46 111/12/46 81/12/46 90/17/46
f 110/26/47 112/18/47 91/18/47 99/19/47
f 113/1/48 107/4/48 88/4/48 93/1/48
f 101/20/49 114/27/49 100/6/49 86/20/49
f 112/18/50 105/23/50 95/13/50 91/18/50
f 106/3/51 115/16/51 87/16/51 82/3/51
f 114/27/52 116/5/52 85/5/52 100/6/52
f 115/16/53 109/24/53 94/15/53 87/16/53
f 116/5/54 113/1/54 93/1/54 85/5/54
f 111/12/55 103/22/55 89/11/55 81/12/55
f 60/12/56 68/11/56 103/22/56 111/12/56
f 64/5/57 72/1/57 113/1/57 116/5/57
f 66/16/58 73/15/58 109/24/58 115/16/58
f 79/6/59 64/5/59 116/5/59 114/27/59
f 61/3/60 66/16/60 115/16/60 106/3/60
f 70/18/61 74/13/61 105/23/61 112/18/61
f 65/20/62 79/6/62 114/27/62 101/20/62
f 72/1/63 67/4/63 107/4/63 113/1/63
f 78/19/64 70/18/64 112/18/64 110/26/64
f 69/17/65 60/12/65 111/12/65 104/17/65
f 71/21/66 78/19/66 110/26/66 108/25/66
f 73/15/67 71/21/67 108/25/67 109/24/67
f 67/4/68 61/3/68 106/3/68 107/4/68
f 74/13/69 69/17/69 104/17/69 105/23/69
f 68/11/70 75/8/70 102/8/70 103/22/70
f 75/8/71 65/20/71 101/20/71 102/8/71
f 130/1/72 121/2/72 119/3/72 125/4/72
f 122/5/72 137/6/72 134/7/72 130/1/72
f 134/7/72 133/8/72 120/9/72 117/10/72
f 126/11/72 118/12/72 120/9/72 133/8/72
f 117/10/72 120/9/72 132/13/72 135/14/72
f 121/2/72 131/15/72 124/16/72 119/3/72
f 118/12/72 127/17/72 132/13/72 120/9/72
f 135/14/72 132/13/72 128/18/72 136/19/72
f 137/6/72 123/20/72 133/8/72 134/7/72
f 131/15/72 135/14/72 136/19/72 129/21/72
f 121/2/72 117/10/72 135/14/72 131/15/72
f 130/1/72 134/7/72 117/10/72 121/2/72
f 151/1/73 146/4/73 140/3/73 142/2/73
f 143/5/74 151/1/74 155/7/74 158/6/74
f 155/7/73 138/10/73 141/9/73 154/8/73
f 147/11/73 154/8/73 141/9/73 139/12/73
f 138/10/73 156/14/73 153/13/73 141/9/73
f 142/2/73 140/3/73 145/16/73 152/15/73
f 139/12/73 141/9/73 153/13/73 148/17/73
f 156/14/73 157/19/73 149/18/73 153/13/73
f 158/6/73 155/7/73 154/8/73 144/20/73
f 152/15/73 150/21/73 157/19/73 156/14/73
f 142/2/73 152/15/73 156/14/73 138/10/73
f 151/1/73 142/2/73 138/10/73 155/7/73
f 160/8/75 159/20/75 144/20/75 154/8/75
f 161/22/76 160/8/76 154/8/76 147/11/76
f 163/23/77 162/17/77 148/17/77 153/13/77
f 165/4/78 164/3/78 140/3/78 146/4/78
f 167/24/79 166/25/79 150/21/79 152/15/79
f 166/25/80 168/26/80 157/19/80 150/21/80
f 162/17/81 169/12/81 139/12/81 148/17/81
f 168/26/82 170/18/82 149/18/82 157/19/82
f 171/1/83 165/4/83 146/4/83 151/1/83
f 159/20/84 172/27/84 158/6/84 144/20/84
f 170/18/85 163/23/85 153/13/85 149/18/85
f 164/3/86 173/16/86 145/16/86 140/3/86
f 172/27/87 174/5/87 143/5/87 158/6/87
f 173/16/88 167/24/88 152/15/88 145/16/88
f 174/5/89 171/1/89 151/1/89 143/5/89
f 169/12/90 161/22/90 147/11/90 139/12/90
f 118/12/91 126/11/91 161/22/91 169/12/91
f 122/5/92 130/1/92 171/1/92 174/5/92
f 124/16/93 131/15/93 167/24/93 173/16/93
f 137/6/94 122/5/94 174/5/94 172/27/94
f 119/3/95 124/16/95 173/16/95 164/3/95
f 128/18/96 132/13/96 163/23/96 170/18/96
f 123/20/97 137/6/97 172/27/97 159/20/97
f 130/1/98 125/4/98 165/4/98 171/1/98
f 136/19/99 128/18/99 170/18/99 168/26/99
f 127/17/100 118/12/100 169/12/100 162/17/100
f 129/21/101 136/19/101 168/26/101 166/25/101
f 131/15/102 129/21/102 166/25/102 167/24/102
f 125/4/103 119/3/103 164/3/103 165/4/103
f 132/13/104 127/17/104 162/17/104 163/23/104
f 126/11/105 133/8/105 160/8/105 161/22/105
f 133/8/106 123/20/106 159/20/106 160/8/106
f 188/1/107 179/2/107 177/3/107 183/4/107
f 180/5/108 195/6/108 192/7/108 188/1/108
f 192/7/109 191/8/109 178/9/109 175/10/109
f 184/11/109 176/12/109 178/9/109 191/8/109
f 175/10/107 178/9/107 190/13/107 193/14/107
f 179/2/107 189/15/107 182/16/107 177/3/107
f 176/12/108 185/17/108 190/13/108 178/9/108
f 193/14/107 190/13/107 186/18/107 194/19/107
f 195/6/108 181/20/108 191/8/108 192/7/108
f 189/15/107 193/14/107 194/19/107 187/21/107
f 179/2/107 175/10/107 193/14/107 189/15/107
f 188/1/109 192/7/109 175/10/109 179/2/109
f 209/1/110 204/4/110 198/3/110 200/2/110
f 201/5/110 209/1/110 213/7/110 216/6/110
f 213/7/110 196/10/110 199/9/110 212/8/110
f 205/11/111 212/8/111 199/9/111 197/12/111
f 196/10/111 214/14/111 211/13/111 199/9/111
f 200/2/112 198/3/112 203/16/112 210/15/112
f 197/12/112 199/9/112 211/13/112 206/17/112
f 214/14/110 215/19/110 207/18/110 211/13/110
f 216/6/112 213/7/112 212/8/112 202/20/112
f 210/15/110 208/21/110 215/19/110 214/14/110
f 200/2/110 210/15/110 214/14/110 196/10/110
f 209/1/110 200/2/110 196/10/110 213/7/110
f 218/8/113 217/20/113 202/20/113 212/8/113
f 219/22/114 218/8/114 212/8/114 205/11/114
f 221/23/115 220/17/115 206/17/115 211/13/115
f 223/4/116 222/3/116 198/3/116 204/4/116
f 225/24/117 224/25/117 208/21/117 210/15/117
f 224/25/118 226/26/118 215/19/118 208/21/118
f 220/17/119 227/12/119 197/12/119 206/17/119
f 226/26/120 228/18/120 207/18/120 215/19/120
f 229/1/121 223/4/121 204/4/121 209/1/121
f 217/20/122 230/27/122 216/6/122 202/20/122
f 228/18/123 221/23/123 211/13/123 207/18/123
f 222/3/124 231/16/124 203/16/124 198/3/124
f 230/27/125 232/5/125 201/5/125 216/6/125
f 231/16/126 225/24/126 210/15/126 203/16/126
f 232/5/127 229/1/127 209/1/127 201/5/127
f 227/12/128 219/22/128 205/11/128 197/12/128
f 176/12/129 184/11/129 219/22/129 227/12/129
f 180/5/130 188/1/130 229/1/130 232/5/130
f 182/16/131 189/15/131 225/24/131 231/16/131
f 195/6/132 180/5/132 232/5/132 230/27/132
f 177/3/133 182/16/133 231/16/133 222/3/133
f 186/18/134 190/13/134 221/23/134 228/18/134
f 181/20/135 195/6/135 230/27/135 217/20/135
f 188/1/136 183/4/136 223/4/136 229/1/136
f 194/19/137 186/18/137 228/18/137 226/26/137
f 185/17/138 176/12/138 227/12/138 220/17/138
f 187/21/139 194/19/139 226/26/139 224/25/139
f 189/15/140 187/21/140 224/25/140 225/24/140
f 183/4/141 177/3/141 222/3/141 223/4/141
f 190/13/142 185/17/142 220/17/142 221/23/142
f 184/11/143 191/8/143 218/8/143 219/22/143
f 191/8/144 181/20/144 217/20/144 218/8/144
f 246/1/145 237/2/145 235/3/145 241/4/145
f 238/5/145 253/6/145 250/7/145 246/1/145
f 250/7/145 249/8/145 236/9/145 233/10/145
f 242/11/145 234/12/145 236/9/145 249/8/145
f 233/10/145 236/9/145 248/13/145 251/14/145
f 237/2/146 247/15/146 240/16/146 235/3/146
f 234/12/145 243/17/145 248/13/145 236/9/145
f 251/14/145 248/13/145 244/18/145 252/19/145
f 253/6/145 239/20/145 249/8/145 250/7/145
f 247/15/145 251/14/145 252/19/145 245/21/145
f 237/2/145 233/10/145 251/14/145 247/15/145
f 246/1/145 250/7/145 233/10/145 237/2/145
f 267/1/147 262/4/147 256/3/147 258/2/147
f 259/5/147 267/1/147 271/7/147 274/6/147
f 271/7/147 254/10/147 257/9/147 270/8/147
f 263/11/147 270/8/147 257/9/147 255/12/147
f 254/10/147 272/14/147 269/13/147 257/9/147
f 258/2/147 256/3/147 261/16/147 268/15/147
f 255/12/147 257/9/147 269/13/147 264/17/147
f 272/14/147 273/19/147 265/18/147 269/13/147
f 274/6/147 271/7/147 270/8/147 260/20/147
f 268/15/147 266/21/147 273/19/147 272/14/147
f 258/2/147 268/15/147 272/14/147 254/10/147
f 267/1/147 258/2/147 254/10/147 271/7/147
f 276/8/148 275/20/148 260/20/148 270/8/148
f 277/22/149 276/8/149 270/8/149 263/11/149
f 279/23/150 278/17/150 264/17/150 269/13/150
f 281/4/151 280/3/151 256/3/151 262/4/151
f 283/24/152 282/25/152 266/21/152 268/15/152
f 282/25/153 284/26/153 273/19/153 266/21/153
f 278/17/154 285/12/154 255/12/154 264/17/154
f 284/26/155 286/18/155 265/18/155 273/19/155
f 287/1/156 281/4/156 262/4/156 267/1/156
f 275/20/157 288/27/157 274/6/157 260/20/157
f 286/18/158 279/23/158 269/13/158 265/18/158
f 280/3/159 289/16/159 261/16/159 256/3/159
f 288/27/160 290/5/160 259/5/160 274/6/160
f 289/16/161 283/24/161 268/15/161 261/16/161
f 290/5/162 287/1/162 267/1/162 259/5/162
f 285/12/163 277/22/163 263/11/163 255/12/163
f 234/12/164 242/11/164 277/22/164 285/12/164
f 238/5/165 246/1/165 287/1/165 290/5/165
f 240/16/166 247/15/166 283/24/166 289/16/166
f 253/6/167 238/5/167 290/5/167 288/27/167
f 235/3/168 240/16/168 289/16/168 280/3/168
f 244/18/169 248/13/169 279/23/169 286/18/169
f 239/20/170 253/6/170 288/27/170 275/20/170
f 246/1/171 241/4/171 281/4/171 287/1/171
f 252/19/172 244/18/172 286/18/172 284/26/172
f 243/17/173 234/12/173 285/12/173 278/17/173
f 245/21/174 252/19/174 284/26/174 282/25/174
f 247/15/175 245/21/175 282/25/175 283/24/175
f 241/4/176 235/3/176 280/3/176 281/4/176
f 248/13/177 243/17/177 278/17/177 279/23/177
f 242/11/178 249/8/178 276/8/178 277/22/178
f 249/8/179 239/20/179 275/20/179 276/8/179
f 304/1/180 295/2/180 293/3/180 299/4/180
f 296/5/181 311/6/181 308/7/181 304/1/181
f 308/7/180 307/8/180 294/9/180 291/10/180
f 300/11/181 292/12/181 294/9/181 307/8/181
f 291/10/181 294/9/181 306/13/181 309/14/181
f 295/2/182 305/15/182 298/16/182 293/3/182
f 292/12/181 301/17/181 306/13/181 294/9/181
f 309/14/180 306/13/180 302/18/180 310/19/180
f 311/6/182 297/20/182 307/8/182 308/7/182
f 305/15/180 309/14/180 310/19/180 303/21/180
f 295/2/182 291/10/182 309/14/182 305/15/182
f 304/1/180 308/7/180 291/10/180 295/2/180
f 325/1/183 320/4/183 314/3/183 316/2/183
f 317/5/184 325/1/184 329/7/184 332/6/184
f 329/7/183 312/10/183 315/9/183 328/8/183
f 321/11/183 328/8/183 315/9/183 313/12/183
f 312/10/184 330/14/184 327/13/184 315/9/184
f 316/2/184 314/3/184 319/16/184 326/15/184
f 313/12/184 315/9/184 327/13/184 322/17/184
f 330/14/183 331/19/183 323/18/183 327/13/183
f 332/6/184 329/7/184 328/8/184 318/20/184
f 326/15/184 324/21/184 331/19/184 330/14/184
f 316/2/185 326/15/185 330/14/185 312/10/185
f 325/1/183 316/2/183 312/10/183 329/7/183
f 334/8/186 333/20/186 318/20/186 328/8/186
f 335/22/187 334/8/187 328/8/187 321/11/187
f 337/23/188 336/17/188 322/17/188 327/13/188
f 339/4/189 338/3/189 314/3/189 320/4/189
f 341/24/190 340/25/190 324/21/190 326/15/190
f 340/25/191 342/26/191 331/19/191 324/21/191
f 336/17/192 343/12/192 313/12/192 322/17/192
f 342/26/193 344/18/193 323/18/193 331/19/193
f 345/1/194 339/4/194 320/4/194 325/1/194
f 333/20/195 346/27/195 332/6/195 318/20/195
f 344/18/196 337/23/196 327/13/196 323/18/196
f 338/3/197 347/16/197 319/16/197 314/3/197
f 346/27/198 348/5/198 317/5/198 332/6/198
f 347/16/199 341/24/199 326/15/199 319/16/199
f 348/5/200 345/1/200 325/1/200 317/5/200
f 343/12/201 335/22/201 321/11/201 313/12/201
f 292/12/202 300/11/202 335/22/202 343/12/202
f 296/5/203 304/1/203 345/1/203 348/5/203
f 298/16/204 305/15/204 341/24/204 347/16/204
f 311/6/205 296/5/205 348/5/205 346/27/205
f 293/3/206 298/16/206 347/16/206 338/3/206
f 302/18/207 306/13/207 337/23/207 344/18/207
f 297/20/208 311/6/208 346/27/208 333/20/208
f 304/1/209 299/4/209 339/4/209 345/1/209
f 310/19/210 302/18/210 344/18/210 342/26/210
f 301/17/211 292/12/211 343/12/211 336/17/211
f 303/21/212 310/19/212 342/26/212 340/25/212
f 305/15/213 303/21/213 340/25/213 341/24/213
f 299/4/214 293/3/214 338/3/214 339/4/214
f 306/13/215 301/17/215 336/17/215 337/23/215
f 300/11/216 307/8/216 334/8/216 335/22/216
f 307/8/217 297/20/217 333/20/217 334/8/217
f 362/1/218 353/2/218 351/3/218 357/4/218
f 354/5/219 369/6/219 366/7/219 362/1/219
f 366/7/219 365/8/219 352/9/219 349/10/219
f 358/11/219 350/12/219 352/9/219 365/8/219
f 349/10/219 352/9/219 364/13/219 367/14/219
f 353/2/220 363/15/220 356/16/220 351/3/220
f 350/12/220 359/17/220 364/13/220 352/9/220
f 367/14/219 364/13/219 360/18/219 368/19/219
f 369/6/219 355/20/219 365/8/219 366/7/219
f 363/15/219 367/14/219 368/19/219 361/21/219
f 353/2/219 349/10/219 367/14/219 363/15/219
f 362/1/219 366/7/219 349/10/219 353/2/219
f 383/1/221 378/4/221 372/3/221 374/2/221
f 375/5/221 383/1/221 387/7/221 390/6/221
f 387/7/221 370/10/221 373/9/221 386/8/221
f 379/11/222 386/8/222 373/9/222 371/12/222
f 370/10/221 388/14/221 385/13/221 373/9/221
f 374/2/221 372/3/221 377/16/221 384/15/221
f 371/12/223 373/9/223 385/13/223 380/17/223
f 388/14/221 389/19/221 381/18/221 385/13/221
f 390/6/221 387/7/221 386/8/221 376/20/221
f 384/15/221 382/21/221 389/19/221 388/14/221
f 374/2/221 384/15/221 388/14/221 370/10/221
f 383/1/221 374/2/221 370/10/221 387/7/221
f 392/8/224 391/20/224 376/20/224 386/8/224
f 393/22/225 392/8/225 386/8/225 379/11/225
f 395/23/226 394/17/226 380/17/226 385/13/226
f 397/4/227 396/3/227 372/3/227 378/4/227
f 399/24/228 398/25/228 382/21/228 384/15/228
f 398/25/229 400/26/229 389/19/229 382/21/229
f 394/17/230 401/12/230 371/12/230 380/17/230
f 400/26/231 402/18/231 381/18/231 389/19/231
f 403/1/232 397/4/232 378/4/232 383/1/232
f 391/20/233 404/27/233 390/6/233 376/20/233
f 402/18/234 395/23/234 385/13/234 381/18/234
f 396/3/235 405/16/235 377/16/235 372/3/235
f 404/27/236 406/5/236 375/5/236 390/6/236
f 405/16/237 399/24/237 384/15/237 377/16/237
f 406/5/238 403/1/238 383/1/238 375/5/238
f 401/12/239 393/22/239 379/11/239 371/12/239
f 350/12/240 358/11/240 393/22/240 401/12/240
f 354/5/241 362/1/241 403/1/241 406/5/241
f 356/16/242 363/15/242 399/24/242 405/16/242
f 369/6/243 354/5/243 406/5/243 404/27/243
f 351/3/244 356/16/244 405/16/244 396/3/244
f 360/18/245 364/13/245 395/23/245 402/18/245
f 355/20/246 369/6/246 404/27/246 391/20/246
f 362/1/247 357/4/247 397/4/247 403/1/247
f 368/19/248 360/18/248 402/18/248 400/26/248
f 359/17/249 350/12/249 401/12/249 394/17/249
f 361/21/250 368/19/250 400/26/250 398/25/250
f 363/15/251 361/21/251 398/25/251 399/24/251
f 357/4/252 351/3/252 396/3/252 397/4/252
f 364/13/253 359/17/253 394/17/253 395/23/253
f 358/11/254 365/8/254 392/8/254 393/22/254
f 365/8/255 355/20/255 391/20/255 392/8/255
f 420/1/256 411/2/256 409/3/256 415/4/256
f 412/5/256 427/6/256 424/7/256 420/1/256
f 424/7/256 423/8/256 410/9/256 407/10/256
f 416/11/256 408/12/256 410/9/256 423/8/256
f 407/10/256 410/9/256 422/13/256 425/14/256
f 411/2/256 421/15/256 414/16/256 409/3/256
f 408/12/256 417/17/256 422/13/256 410/9/256
f 425/14/256 422/13/256 418/18/256 426/19/256
f 427/6/257 413/20/257 423/8/257 424/7/257
f 421/15/256 425/14/256 426/19/256 419/21/256
f 411/2/256 407/10/256 425/14/256 421/15/256
f 420/1/256 424/7/256 407/10/256 411/2/256
f 441/1/258 436/4/258 430/3/258 432/2/258
f 433/5/258 441/1/258 445/7/258 448/6/258
f 445/7/258 428/10/258 431/9/258 444/8/258
f 437/11/259 444/8/259 431/9/259 429/12/259
f 428/10/258 446/14/258 443/13/258 431/9/258
f 432/2/258 430/3/258 435/16/258 442/15/258
f 429/12/258 431/9/258 443/13/258 438/17/258
f 446/14/258 447/19/258 439/18/258 443/13/258
f 448/6/260 445/7/260 444/8/260 434/20/260
f 442/15/258 440/21/258 447/19/258 446/14/258
f 432/2/258 442/15/258 446/14/258 428/10/258
f 441/1/258 432/2/258 428/10/258 445/7/258
f 450/8/261 449/20/261 434/20/261 444/8/261
f 451/22/262 450/8/262 444/8/262 437/11/262
f 453/23/263 452/17/263 438/17/263 443/13/263
f 455/4/264 454/3/264 430/3/264 436/4/264
f 457/24/265 456/25/265 440/21/265 442/15/265
f 456/25/266 458/26/266 447/19/266 440/21/266
f 452/17/267 459/12/267 429/12/267 438/17/267
f 458/26/268 460/18/268 439/18/268 447/19/268
f 461/1/269 455/4/269 436/4/269 441/1/269
f 449/20/270 462/27/270 448/6/270 434/20/270
f 460/18/271 453/23/271 443/13/271 439/18/271
f 454/3/272 463/16/272 435/16/272 430/3/272
f 462/27/273 464/5/273 433/5/273 448/6/273
f 463/16/274 457/24/274 442/15/274 435/16/274
f 464/5/275 461/1/275 441/1/275 433/5/275
f 459/12/276 451/22/276 437/11/276 429/12/276
f 408/12/277 416/11/277 451/22/277 459/12/277
f 412/5/278 420/1/278 461/1/278 464/5/278
f 414/16/279 421/15/279 457/24/279 463/16/279
f 427/6/280 412/5/280 464/5/280 462/27/280
f 409/3/281 414/16/281 463/16/281 454/3/281
f 418/18/282 422/13/282 453/23/282 460/18/282
f 413/20/283 427/6/283 462/27/283 449/20/283
f 420/1/284 415/4/284 455/4/284 461/1/284
f 426/19/285 418/18/285 460/18/285 458/26/285
f 417/17/286 408/12/286 459/12/286 452/17/286
f 419/21/287 426/19/287 458/26/287 456/25/287
f 421/15/288 419/21/288 456/25/288 457/24/288
f 415/4/289 409/3/289 454/3/289 455/4/289
f 422/13/290 417/17/290 452/17/290 453/23/290
f 416/11/291 423/8/291 450/8/291 451/22/291
f 423/8/292 413/20/292 449/20/292 450/8/292
f 478/1/293 469/2/293 467/3/293 473/4/293
f 470/5/294 485/6/294 482/7/294 478/1/294
f 482/7/294 481/8/294 468/9/294 465/10/294
f 474/11/293 466/12/293 468/9/293 481/8/293
f 465/10/294 468/9/294 480/13/294 483/14/294
f 469/2/294 479/15/294 472/16/294 467/3/294
f 466/12/294 475/17/294 480/13/294 468/9/294
f 483/14/295 480/13/295 476/18/295 484/19/295
f 485/6/294 471/20/294 481/8/294 482/7/294
f 479/15/295 483/14/295 484/19/295 477/21/295
f 469/2/294 465/10/294 483/14/294 479/15/294
f 478/1/294 482/7/294 465/10/294 469/2/294
f 499/1/296 494/4/296 488/3/296 490/2/296
f 491/5/296 499/1/296 503/7/296 506/6/296
f 503/7/297 486/10/297 489/9/297 502/8/297
f 495/11/296 502/8/296 489/9/296 487/12/296
f 486/10/296 504/14/296 501/13/296 489/9/296
f 490/2/297 488/3/297 493/16/297 500/15/297
f 487/12/297 489/9/297 501/13/297 496/17/297
f 504/14/297 505/19/297 497/18/297 501/13/297
f 506/6/296 503/7/296 502/8/296 492/20/296
f 500/15/297 498/21/297 505/19/297 504/14/297
f 490/2/296 500/15/296 504/14/296 486/10/296
f 499/1/296 490/2/296 486/10/296 503/7/296
f 508/8/298 507/20/298 492/20/298 502/8/298
f 509/22/299 508/8/299 502/8/299 495/11/299
f 511/23/300 510/17/300 496/17/300 501/13/300
f 513/4/301 512/3/301 488/3/301 494/4/301
f 515/24/302 514/25/302 498/21/302 500/15/302
f 514/25/303 516/26/303 505/19/303 498/21/303
f 510/17/304 517/12/304 487/12/304 496/17/304
f 516/26/305 518/18/305 497/18/305 505/19/305
f 519/1/306 513/4/306 494/4/306 499/1/306
f 507/20/307 520/27/307 506/6/307 492/20/307
f 518/18/308 511/23/308 501/13/308 497/18/308
f 512/3/309 521/16/309 493/16/309 488/3/309
f 520/27/310 522/5/310 491/5/310 506/6/310
f 521/16/311 515/24/311 500/15/311 493/16/311
f 522/5/312 519/1/312 499/1/312 491/5/312
f 517/12/313 509/22/313 495/11/313 487/12/313
f 466/12/314 474/11/314 509/22/314 517/12/314
f 470/5/315 478/1/315 519/1/315 522/5/315
f 472/16/316 479/15/316 515/24/316 521/16/316
f 485/6/317 470/5/317 522/5/317 520/27/317
f 467/3/318 472/16/318 521/16/318 512/3/318
f 476/18/319 480/13/319 511/23/319 518/18/319
f 471/20/320 485/6/320 520/27/320 507/20/320
f 478/1/321 473/4/321 513/4/321 519/1/321
f 484/19/322 476/18/322 518/18/322 516/26/322
f 475/17/323 466/12/323 517/12/323 510/17/323
f 477/21/324 484/19/324 516/26/324 514/25/324
f 479/15/325 477/21/325 514/25/325 515/24/325
f 473/4/326 467/3/326 512/3/326 513/4/326
f 480/13/327 475/17/327 510/17/327 511/23/327
f 474/11/328 481/8/328 508/8/328 509/22/328
f 481/8/329 471/20/329 507/20/329 508/8/329
f 536/1/330 527/2/330 525/3/330 531/4/330
f 528/5/331 543/6/331 540/7/331 536/1/331
f 540/7/330 539/8/330 526/9/330 523/10/330
f 532/11/332 524/12/332 526/9/332 539/8/332
f 523/10/331 526/9/331 538/13/331 541/14/331
f 527/2/331 537/15/331 530/16/331 525/3/331
f 524/12/331 533/17/331 538/13/331 526/9/331
f 541/14/333 538/13/333 534/18/333 542/19/333
f 543/6/331 529/20/331 539/8/331 540/7/331
f 537/15/334 541/14/334 542/19/334 535/21/334
f 527/2/331 523/10/331 541/14/331 537/15/331
f 536/1/331 540/7/331 523/10/331 527/2/331
f 557/1/335 552/4/335 546/3/335 548/2/335
f 549/5/336 557/1/336 561/7/336 564/6/336
f 561/7/337 544/10/337 547/9/337 560/8/337
f 553/11/338 560/8/338 547/9/338 545/12/338
f 544/10/339 562/14/339 559/13/339 547/9/339
f 548/2/340 546/3/340 551/16/340 558/15/340
f 545/12/336 547/9/336 559/13/336 554/17/336
f 562/14/336 563/19/336 555/18/336 559/13/336
f 564/6/339 561/7/339 560/8/339 550/20/339
f 558/15/339 556/21/339 563/19/339 562/14/339
f 548/2/340 558/15/340 562/14/340 544/10/340
f 557/1/337 548/2/337 544/10/337 561/7/337
f 566/8/341 565/20/341 550/20/341 560/8/341
f 567/22/342 566/8/342 560/8/342 553/11/342
f 569/23/343 568/17/343 554/17/343 559/13/343
f 571/4/344 570/3/344 546/3/344 552/4/344
f 573/24/345 572/25/345 556/21/345 558/15/345
f 572/25/346 574/26/346 563/19/346 556/21/346
f 568/17/347 575/12/347 545/12/347 554/17/347
f 574/26/348 576/18/348 555/18/348 563/19/348
f 577/1/349 571/4/349 552/4/349 557/1/349
f 565/20/350 578/27/350 564/6/350 550/20/350
f 576/18/351 569/23/351 559/13/351 555/18/351
f 570/3/352 579/16/352 551/16/352 546/3/352
f 578/27/353 580/5/353 549/5/353 564/6/353
f 579/16/354 573/24/354 558/15/354 551/16/354
f 580/5/355 577/1/355 557/1/355 549/5/355
f 575/12/356 567/22/356 553/11/356 545/12/356
f 524/12/357 532/11/357 567/22/357 575/12/357
f 528/5/358 536/1/358 577/1/358 580/5/358
f 530/16/359 537/15/359 573/24/359 579/16/359
f 543/6/360 528/5/360 580/5/360 578/27/360
f 525/3/361 530/16/361 579/16/361 570/3/361
f 534/18/362 538/13/362 569/23/362 576/18/362
f 529/20/363 543/6/363 578/27/363 565/20/363
f 536/1/364 531/4/364 571/4/364 577/1/364
f 542/19/365 534/18/365 576/18/365 574/26/365
f 533/17/366 524/12/366 575/12/366 568/17/366
f 535/21/367 542/19/367 574/26/367 572/25/367
f 537/15/368 535/21/368 572/25/368 573/24/368
f 531/4/369 525/3/369 570/3/369 571/4/369
f 538/13/370 533/17/370 568/17/370 569/23/370
f 532/11/371 539/8/371 566/8/371 567/22/371
f 539/8/372 529/20/372 565/20/372 566/8/372
f 594/1/373 585/2/373 583/3/373 589/4/373
f 586/5/373 601/6/373 598/7/373 594/1/373
f 598/7/374 597/8/374 584/9/374 581/10/374
f 590/11/373 582/12/373 584/9/373 597/8/373
f 581/10/373 584/9/373 596/13/373 599/14/373
f 585/2/374 595/15/374 588/16/374 583/3/374
f 582/12/374 591/17/374 596/13/374 584/9/374
f 599/14/373 596/13/373 592/18/373 600/19/373
f 601/6/373 587/20/373 597/8/373 598/7/373
f 595/15/373 599/14/373 600/19/373 593/21/373
f 585/2/373 581/10/373 599/14/373 595/15/373
f 594/1/374 598/7/374 581/10/374 585/2/374
f 615/1/375 610/4/375 604/3/375 606/2/375
f 607/5/376 615/1/376 619/7/376 622/6/376
f 619/7/376 602/10/376 605/9/376 618/8/376
f 611/11/375 618/8/375 605/9/375 603/12/375
f 602/10/376 620/14/376 617/13/376 605/9/376
f 606/2/376 604/3/376 609/16/376 616/15/376
f 603/12/376 605/9/376 617/13/376 612/17/376
f 620/14/376 621/19/376 613/18/376 617/13/376
f 622/6/376 619/7/376 618/8/376 608/20/376
f 616/15/376 614/21/376 621/19/376 620/14/376
f 606/2/375 616/15/375 620/14/375 602/10/375
f 615/1/376 606/2/376 602/10/376 619/7/376
f 624/8/377 623/20/377 608/20/377 618/8/377
f 625/22/378 624/8/378 618/8/378 611/11/378
f 627/23/379 626/17/379 612/17/379 617/13/379
f 629/4/380 628/3/380 604/3/380 610/4/380
f 631/24/381 630/25/381 614/21/381 616/15/381
f 630/25/382 632/26/382 621/19/382 614/21/382
f 626/17/383 633/12/383 603/12/383 612/17/383
f 632/26/384 634/18/384 613/18/384 621/19/384
f 635/1/385 629/4/385 610/4/385 615/1/385
f 623/20/386 636/27/386 622/6/386 608/20/386
f 634/18/387 627/23/387 617/13/387 613/18/387
f 628/3/388 637/16/388 609/16/388 604/3/388
f 636/27/389 638/5/389 607/5/389 622/6/389
f 637/16/390 631/24/390 616/15/390 609/16/390
f 638/5/391 635/1/391 615/1/391 607/5/391
f 633/12/392 625/22/392 611/11/392 603/12/392
f 582/12/393 590/11/393 625/22/393 633/12/393
f 586/5/394 594/1/394 635/1/394 638/5/394
f 588/16/395 595/15/395 631/24/395 637/16/395
f 601/6/396 586/5/396 638/5/396 636/27/396
f 583/3/397 588/16/397 637/16/397 628/3/397
f 592/18/398 596/13/398 627/23/398 634/18/398
f 587/20/399 601/6/399 636/27/399 623/20/399
f 594/1/400 589/4/400 629/4/400 635/1/400
f 600/19/401 592/18/401 634/18/401 632/26/401
f 591/17/402 582/12/402 633/12/402 626/17/402
f 593/21/403 600/19/403 632/26/403 630/25/403
f 595/15/404 593/21/404 630/25/404 631/24/404
f 589/4/405 583/3/405 628/3/405 629/4/405
f 596/13/406 591/17/406 626/17/406 627/23/406
f 590/11/407 597/8/407 624/8/407 625/22/407
f 597/8/408 587/20/408 623/20/408 624/8/408
f 652/1/409 643/2/409 641/3/409 647/4/409
f 644/5/409 659/6/409 656/7/409 652/1/409
f 656/7/409 655/8/409 642/9/409 639/10/409
f 648/11/409 640/12/409 642/9/409 655/8/409
f 639/10/409 642/9/409 654/13/409 657/14/409
f 643/2/409 653/15/409 646/16/409 641/3/409
f 640/12/409 649/17/409 654/13/409 642/9/409
f 657/14/409 654/13/409 650/18/409 658/19/409
f 659/6/409 645/20/409 655/8/409 656/7/409
f 653/15/409 657/14/409 658/19/409 651/21/409
f 643/2/409 639/10/409 657/14/409 653/15/409
f 652/1/409 656/7/409 639/10/409 643/2/409
f 673/1/410 668/4/410 662/3/410 664/2/410
f 665/5/410 673/1/410 677/7/410 680/6/410
f 677/7/410 660/10/410 663/9/410 676/8/410
f 669/11/410 676/8/410 663/9/410 661/12/410
f 660/10/410 678/14/410 675/13/410 663/9/410
f 664/2/410 662/3/410 667/16/410 674/15/410
f 661/12/410 663/9/410 675/13/410 670/17/410
f 678/14/410 679/19/410 671/18/410 675/13/410
f 680/6/410 677/7/410 676/8/410 666/20/410
f 674/15/410 672/21/410 679/19/410 678/14/410
f 664/2/410 674/15/410 678/14/410 660/10/410
f 673/1/410 664/2/410 660/10/410 677/7/410
f 682/8/411 681/20/411 666/20/411 676/8/411
f 683/22/412 682/8/412 676/8/412 669/11/412
f 685/23/413 684/17/413 670/17/413 675/13/413
f 687/4/414 686/3/414 662/3/414 668/4/414
f 689/24/415 688/25/415 672/21/415 674/15/415
f 688/25/416 690/26/416 679/19/416 672/21/416
f 684/17/417 691/12/417 661/12/417 670/17/417
f 690/26/418 692/18/418 671/18/418 679/19/418
f 693/1/419 687/4/419 668/4/419 673/1/419
f 681/20/420 694/27/420 680/6/420 666/20/420
f 692/18/421 685/23/421 675/13/421 671/18/421
f 686/3/422 695/16/422 667/16/422 662/3/422
f 694/27/423 696/5/423 665/5/423 680/6/423
f 695/16/424 689/24/424 674/15/424 667/16/424
f 696/5/425 693/1/425 673/1/425 665/5/425
f 691/12/426 683/22/426 669/11/426 661/12/426
f 640/12/427 648/11/427 683/22/427 691/12/427
f 644/5/428 652/1/428 693/1/428 696/5/428
f 646/16/429 653/15/429 689/24/429 695/16/429
f 659/6/430 644/5/430 696/5/430 694/27/430
f 641/3/431 646/16/431 695/16/431 686/3/431
f 650/18/432 654/13/432 685/23/432 692/18/432
f 645/20/433 659/6/433 694/27/433 681/20/433
f 652/1/434 647/4/434 687/4/434 693/1/434
f 658/19/435 650/18/435 692/18/435 690/26/435
f 649/17/436 640/12/436 691/12/436 684/17/436
f 651/21/437 658/19/437 690/26/437 688/25/437
f 653/15/438 651/21/438 688/25/438 689/24/438
f 647/4/439 641/3/439 686/3/439 687/4/439
f 654/13/440 649/17/440 684/17/440 685/23/440
f 648/11/441 655/8/441 682/8/441 683/22/441
f 655/8/442 645/20/442 681/20/442 682/8/442
f 710/1/443 701/2/443 699/3/443 705/4/443
f 702/5/443 717/6/443 714/7/443 710/1/443
f 714/7/443 713/8/443 700/9/443 697/10/443
f 706/11/443 698/12/443 700/9/443 713/8/443
f 697/10/443 700/9/443 712/13/443 715/14/443
f 701/2/443 711/15/443 704/16/443 699/3/443
f 698/12/443 707/17/443 712/13/443 700/9/443
f 715/14/444 712/13/444 708/18/444 716/19/444
f 717/6/443 703/20/443 713/8/443 714/7/443
f 711/15/444 715/14/444 716/19/444 709/21/444
f 701/2/443 697/10/443 715/14/443 711/15/443
f 710/1/443 714/7/443 697/10/443 701/2/443
f 731/1/445 726/4/445 720/3/445 722/2/445
f 723/5/445 731/1/445 735/7/445 738/6/445
f 735/7/446 718/10/446 721/9/446 734/8/446
f 727/11/446 734/8/446 721/9/446 719/12/446
f 718/10/446 736/14/446 733/13/446 721/9/446
f 722/2/447 720/3/447 725/16/447 732/15/447
f 719/12/445 721/9/445 733/13/445 728/17/445
f 736/14/446 737/19/446 729/18/446 733/13/446
f 738/6/446 735/7/446 734/8/446 724/20/446
f 732/15/446 730/21/446 737/19/446 736/14/446
f 722/2/446 732/15/446 736/14/446 718/10/446
f 731/1/446 722/2/446 718/10/446 735/7/446
f 740/8/448 739/20/448 724/20/448 734/8/448
f 741/22/449 740/8/449 734/8/449 727/11/449
f 743/23/450 742/17/450 728/17/450 733/13/450
f 745/4/451 744/3/451 720/3/451 726/4/451
f 747/24/452 746/25/452 730/21/452 732/15/452
f 746/25/453 748/26/453 737/19/453 730/21/453
f 742/17/454 749/12/454 719/12/454 728/17/454
f 748/26/455 750/18/455 729/18/455 737/19/455
f 751/1/456 745/4/456 726/4/456 731/1/456
f 739/20/457 752/27/457 738/6/457 724/20/457
f 750/18/458 743/23/458 733/13/458 729/18/458
f 744/3/459 753/16/459 725/16/459 720/3/459
f 752/27/460 754/5/460 723/5/460 738/6/460
f 753/16/461 747/24/461 732/15/461 725/16/461
f 754/5/462 751/1/462 731/1/462 723/5/462
f 749/12/463 741/22/463 727/11/463 719/12/463
f 698/12/464 706/11/464 741/22/464 749/12/464
f 702/5/465 710/1/465 751/1/465 754/5/465
f 704/16/466 711/15/466 747/24/466 753/16/466
f 717/6/467 702/5/467 754/5/467 752/27/467
f 699/3/468 704/16/468 753/16/468 744/3/468
f 708/18/469 712/13/469 743/23/469 750/18/469
f 703/20/470 717/6/470 752/27/470 739/20/470
f 710/1/471 705/4/471 745/4/471 751/1/471
f 716/19/472 708/18/472 750/18/472 748/26/472
f 707/17/473 698/12/473 749/12/473 742/17/473
f 709/21/474 716/19/474 748/26/474 746/25/474
f 711/15/475 709/21/475 746/25/475 747/24/475
f 705/4/476 699/3/476 744/3/476 745/4/476
f 712/13/477 707/17/477 742/17/477 743/23/477
f 706/11/478 713/8/478 740/8/478 741/22/478
f 713/8/479 703/20/479 739/20/479 740/8/479
f 768/1/480 759/2/480 757/3/480 763/4/480
f 760/5/481 775/6/481 772/7/481 768/1/481
f 772/7/481 771/8/481 758/9/481 755/10/481
f 764/11/482 756/12/482 758/9/482 771/8/482
f 755/10/481 758/9/481 770/13/481 773/14/481
f 759/2/481 769/15/481 762/16/481 757/3/481
f 756/12/481 765/17/481 770/13/481 758/9/481
f 773/14/481 770/13/481 766/18/481 774/19/481
f 775/6/481 761/20/481 771/8/481 772/7/481
f 769/15/481 773/14/481 774/19/481 767/21/481
f 759/2/481 755/10/481 773/14/481 769/15/481
f 768/1/481 772/7/481 755/10/481 759/2/481
f 789/1/483 784/4/483 778/3/483 780/2/483
f 781/5/483 789/1/483 793/7/483 796/6/483
f 793/7/483 776/10/483 779/9/483 792/8/483
f 785/11/483 792/8/483 779/9/483 777/12/483
f 776/10/483 794/14/483 791/13/483 779/9/483
f 780/2/483 778/3/483 783/16/483 790/15/483
f 777/12/483 779/9/483 791/13/483 786/17/483
f 794/14/484 795/19/484 787/18/484 791/13/484
f 796/6/483 793/7/483 792/8/483 782/20/483
f 790/15/483 788/21/483 795/19/483 794/14/483
f 780/2/483 790/15/483 794/14/483 776/10/483
f 789/1/483 780/2/483 776/10/483 793/7/483
f 798/8/485 797/20/485 782/20/485 792/8/485
f 799/22/486 798/8/486 792/8/486 785/11/486
f 801/23/487 800/17/487 786/17/487 791/13/487
f 803/4/488 802/3/488 778/3/488 784/4/488
f 805/24/489 804/25/489 788/21/489 790/15/489
f 804/25/490 806/26/490 795/19/490 788/21/490
f 800/17/491 807/12/491 777/12/491 786/17/491
f 806/26/492 808/18/492 787/18/492 795/19/492
f 809/1/493 803/4/493 784/4/493 789/1/493
f 797/20/494 810/27/494 796/6/494 782/20/494
f 808/18/495 801/23/495 791/13/495 787/18/495
f 802/3/496 811/16/496 783/16/496 778/3/496
f 810/27/497 812/5/497 781/5/497 796/6/497
f 811/16/498 805/24/498 790/15/498 783/16/498
f 812/5/499 809/1/499 789/1/499 781/5/499
f 807/12/500 799/22/500 785/11/500 777/12/500
f 756/12/501 764/11/501 799/22/501 807/12/501
f 760/5/502 768/1/502 809/1/502 812/5/502
f 762/16/503 769/15/503 805/24/503 811/16/503
f 775/6/504 760/5/504 812/5/504 810/27/504
f 757/3/505 762/16/505 811/16/505 802/3/505
f 766/18/506 770/13/506 801/23/506 808/18/506
f 761/20/507 775/6/507 810/27/507 797/20/507
f 768/1/508 763/4/508 803/4/508 809/1/508
f 774/19/509 766/18/509 808/18/509 806/26/509
f 765/17/510 756/12/510 807/12/510 800/17/510
f 767/21/511 774/19/511 806/26/511 804/25/511
f 769/15/512 767/21/512 804/25/512 805/24/512
f 763/4/513 757/3/513 802/3/513 803/4/513
f 770/13/514 765/17/514 800/17/514 801/23/514
f 764/11/515 771/8/515 798/8/515 799/22/515
f 771/8/516 761/20/516 797/20/516 798/8/516
f 826/1/517 817/2/517 815/3/517 821/4/517
f 818/5/517 833/6/517 830/7/517 826/1/517
f 830/7/517 829/8/517 816/9/517 813/10/517
f 822/11/517 814/12/517 816/9/517 829/8/517
f 813/10/517 816/9/517 828/13/517 831/14/517
f 817/2/517 827/15/517 820/16/517 815/3/517
f 814/12/517 823/17/517 828/13/517 816/9/517
f 831/14/517 828/13/517 824/18/517 832/19/517
f 833/6/517 819/20/517 829/8/517 830/7/517
f 827/15/517 831/14/517 832/19/517 825/21/517
f 817/2/517 813/10/517 831/14/517 827/15/517
f 826/1/517 830/7/517 813/10/517 817/2/517
f 847/1/518 842/4/518 836/3/518 838/2/518
f 839/5/518 847/1/518 851/7/518 854/6/518
f 851/7/518 834/10/518 837/9/518 850/8/518
f 843/11/518 850/8/518 837/9/518 835/12/518
f 834/10/518 852/14/518 849/13/518 837/9/518
f 838/2/518 836/3/518 841/16/518 848/15/518
f 835/12/518 837/9/518 849/13/518 844/17/518
f 852/14/518 853/19/518 845/18/518 849/13/518
f 854/6/518 851/7/518 850/8/518 840/20/518
f 848/15/518 846/21/518 853/19/518 852/14/518
f 838/2/518 848/15/518 852/14/518 834/10/518
f 847/1/518 838/2/518 834/10/518 851/7/518
f 856/8/519 855/20/519 840/20/519 850/8/519
f 857/22/520 856/8/520 850/8/520 843/11/520
f 859/23/521 858/17/521 844/17/521 849/13/521
f 861/4/522 860/3/522 836/3/522 842/4/522
f 863/24/523 862/25/523 846/21/523 848/15/523
f 862/25/524 864/26/524 853/19/524 846/21/524
f 858/17/525 865/12/525 835/12/525 844/17/525
f 864/26/526 866/18/526 845/18/526 853/19/526
f 867/1/527 861/4/527 842/4/527 847/1/527
f 855/20/528 868/27/528 854/6/528 840/20/528
f 866/18/529 859/23/529 849/13/529 845/18/529
f 860/3/530 869/16/530 841/16/530 836/3/530
f 868/27/531 870/5/531 839/5/531 854/6/531
f 869/16/532 863/24/532 848/15/532 841/16/532
f 870/5/533 867/1/533 847/1/533 839/5/533
f 865/12/534 857/22/534 843/11/534 835/12/534
f 814/12/535 822/11/535 857/22/535 865/12/535
f 818/5/536 826/1/536 867/1/536 870/5/536
f 820/16/537 827/15/537 863/24/537 869/16/537
f 833/6/538 818/5/538 870/5/538 868/27/538
f 815/3/539 820/16/539 869/16/539 860/3/539
f 824/18/540 828/13/540 859/23/540 866/18/540
f 819/20/541 833/6/541 868/27/541 855/20/541
f 826/1/542 821/4/542 861/4/542 867/1/542
f 832/19/543 824/18/543 866/18/543 864/26/543
f 823/17/544 814/12/544 865/12/544 858/17/544
f 825/21/545 832/19/545 864/26/545 862/25/545
f 827/15/546 825/21/546 862/25/546 863/24/546
f 821/4/547 815/3/547 860/3/547 861/4/547
f 828/13/548 823/17/548 858/17/548 859/23/548
f 822/11/549 829/8/549 856/8/549 857/22/549
f 829/8/550 819/20/550 855/20/550 856/8/550
f 884/1/551 875/2/551 873/3/551 879/4/551
f 876/5/551 891/6/551 888/7/551 884/1/551
f 888/7/551 887/8/551 874/9/551 871/10/551
f 880/11/551 872/12/551 874/9/551 887/8/551
f 871/10/551 874/9/551 886/13/551 889/14/551
f 875/2/551 885/15/551 878/16/551 873/3/551
f 872/12/551 881/17/551 886/13/551 874/9/551
f 889/14/551 886/13/551 882/18/551 890/19/551
f 891/6/551 877/20/551 887/8/551 888/7/551
f 885/15/551 889/14/551 890/19/551 883/21/551
f 875/2/551 871/10/551 889/14/551 885/15/551
f 884/1/551 888/7/551 871/10/551 875/2/551
f 905/1/552 900/4/552 894/3/552 896/2/552
f 897/5/552 905/1/552 909/7/552 912/6/552
f 909/7/552 892/10/552 895/9/552 908/8/552
f 901/11/552 908/8/552 895/9/552 893/12/552
f 892/10/552 910/14/552 907/13/552 895/9/552
f 896/2/552 894/3/552 899/16/552 906/15/552
f 893/12/552 895/9/552 907/13/552 902/17/552
f 910/14/552 911/19/552 903/18/552 907/13/552
f 912/6/552 909/7/552 908/8/552 898/20/552
f 906/15/552 904/21/552 911/19/552 910/14/552
f 896/2/552 906/15/552 910/14/552 892/10/552
f 905/1/552 896/2/552 892/10/552 909/7/552
f 914/8/553 913/20/553 898/20/553 908/8/553
f 915/22/554 914/8/554 908/8/554 901/11/554
f 917/23/555 916/17/555 902/17/555 907/13/555
f 919/4/556 918/3/556 894/3/556 900/4/556
f 921/24/557 920/25/557 904/21/557 906/15/557
f 920/25/558 922/26/558 911/19/558 904/21/558
f 916/17/559 923/12/559 893/12/559 902/17/559
f 922/26/560 924/18/560 903/18/560 911/19/560
f 925/1/561 919/4/561 900/4/561 905/1/561
f 913/20/562 926/27/562 912/6/562 898/20/562
f 924/18/563 917/23/563 907/13/563 903/18/563
f 918/3/564 927/16/564 899/16/564 894/3/564
f 926/27/565 928/5/565 897/5/565 912/6/565
f 927/16/566 921/24/566 906/15/566 899/16/566
f 928/5/567 925/1/567 905/1/567 897/5/567
f 923/12/568 915/22/568 901/11/568 893/12/568
f 872/12/569 880/11/569 915/22/569 923/12/569
f 876/5/570 884/1/570 925/1/570 928/5/570
f 878/16/571 885/15/571 921/24/571 927/16/571
f 891/6/572 876/5/572 928/5/572 926/27/572
f 873/3/573 878/16/573 927/16/573 918/3/573
f 882/18/574 886/13/574 917/23/574 924/18/574
f 877/20/575 891/6/575 926/27/575 913/20/575
f 884/1/576 879/4/576 919/4/576 925/1/576
f 890/19/577 882/18/577 924/18/577 922/26/577
f 881/17/578 872/12/578 923/12/578 916/17/578
f 883/21/579 890/19/579 922/26/579 920/25/579
f 885/15/580 883/21/580 920/25/580 921/24/580
f 879/4/581 873/3/581 918/3/581 919/4/581
f 886/13/582 881/17/582 916/17/582 917/23/582
f 880/11/583 887/8/583 914/8/583 915/22/583
f 887/8/584 877/20/584 913/20/584 914/8/584
f 942/1/585 933/2/585 931/3/585 937/4/585
f 934/5/586 949/6/586 946/7/586 942/1/586
f 946/7/587 945/8/587 932/9/587 929/10/587
f 938/11/585 930/12/585 932/9/585 945/8/585
f 929/10/587 932/9/587 944/13/587 947/14/587
f 933/2/588 943/15/588 936/16/588 931/3/588
f 930/12/589 939/17/589 944/13/589 932/9/589
f 947/14/587 944/13/587 940/18/587 948/19/587
f 949/6/590 935/20/590 945/8/590 946/7/590
f 943/15/587 947/14/587 948/19/587 941/21/587
f 933/2/587 929/10/587 947/14/587 943/15/587
f 942/1/587 946/7/587 929/10/587 933/2/587
f 963/1/591 958/4/591 952/3/591 954/2/591
f 955/5/592 963/1/592 967/7/592 970/6/592
f 967/7/591 950/10/591 953/9/591 966/8/591
f 959/11/593 966/8/593 953/9/593 951/12/593
f 950/10/592 968/14/592 965/13/592 953/9/592
f 954/2/592 952/3/592 957/16/592 964/15/592
f 951/12/592 953/9/592 965/13/592 960/17/592
f 968/14/591 969/19/591 961/18/591 965/13/591
f 970/6/592 967/7/592 966/8/592 956/20/592
f 964/15/594 962/21/594 969/19/594 968/14/594
f 954/2/592 964/15/592 968/14/592 950/10/592
f 963/1/593 954/2/593 950/10/593 967/7/593
f 972/8/595 971/20/595 956/20/595 966/8/595
f 973/22/596 972/8/596 966/8/596 959/11/596
f 975/23/597 974/17/597 960/17/597 965/13/597
f 977/4/598 976/3/598 952/3/598 958/4/598
f 979/24/599 978/25/599 962/21/599 964/15/599
f 978/25/600 980/26/600 969/19/600 962/21/600
f 974/17/601 981/12/601 951/12/601 960/17/601
f 980/26/602 982/18/602 961/18/602 969/19/602
f 983/1/603 977/4/603 958/4/603 963/1/603
f 971/20/604 984/27/604 970/6/604 956/20/604
f 982/18/605 975/23/605 965/13/605 961/18/605
f 976/3/606 985/16/606 957/16/606 952/3/606
f 984/27/607 986/5/607 955/5/607 970/6/607
f 985/16/608 979/24/608 964/15/608 957/16/608
f 986/5/609 983/1/609 963/1/609 955/5/609
f 981/12/610 973/22/610 959/11/610 951/12/610
f 930/12/611 938/11/611 973/22/611 981/12/611
f 934/5/612 942/1/612 983/1/612 986/5/612
f 936/16/613 943/15/613 979/24/613 985/16/613
f 949/6/614 934/5/614 986/5/614 984/27/614
f 931/3/615 936/16/615 985/16/615 976/3/615
f 940/18/616 944/13/616 975/23/616 982/18/616
f 935/20/617 949/6/617 984/27/617 971/20/617
f 942/1/618 937/4/618 977/4/618 983/1/618
f 948/19/619 940/18/619 982/18/619 980/26/619
f 939/17/620 930/12/620 981/12/620 974/17/620
f 941/21/621 948/19/621 980/26/621 978/25/621
f 943/15/622 941/21/622 978/25/622 979/24/622
f 937/4/623 931/3/623 976/3/623 977/4/623
f 944/13/624 939/17/624 974/17/624 975/23/624
f 938/11/625 945/8/625 972/8/625 973/22/625
f 945/8/626 935/20/626 971/20/626 972/8/626
f 1000/1/627 991/2/627 989/3/627 995/4/627
f 992/5/627 1007/6/627 1004/7/627 1000/1/627
f 1004/7/627 1003/8/627 990/9/627 987/10/627
f 996/11/627 988/12/627 990/9/627 1003/8/627
f 987/10/627 990/9/627 1002/13/627 1005/14/627
f 991/2/627 1001/15/627 994/16/627 989/3/627
f 988/12/627 997/17/627 1002/13/627 990/9/627
f 1005/14/628 1002/13/628 998/18/628 1006/19/628
f 1007/6/627 993/20/627 1003/8/627 1004/7/627
f 1001/15/629 1005/14/629 1006/19/629 999/21/629
f 991/2/627 987/10/627 1005/14/627 1001/15/627
f 1000/1/627 1004/7/627 987/10/627 991/2/627
f 1021/1/630 1016/4/630 1010/3/630 1012/2/630
f 1013/5/631 1021/1/631 1025/7/631 1028/6/631
f 1025/7/632 1008/10/632 1011/9/632 1024/8/632
f 1017/11/630 1024/8/630 1011/9/630 1009/12/630
f 1008/10/632 1026/14/632 1023/13/632 1011/9/632
f 1012/2/632 1010/3/632 1015/16/632 1022/15/632
f 1009/12/632 1011/9/632 1023/13/632 1018/17/632
f 1026/14/632 1027/19/632 1019/18/632 1023/13/632
f 1028/6/632 1025/7/632 1024/8/632 1014/20/632
f 1022/15/632 1020/21/632 1027/19/632 1026/14/632
f 1012/2/632 1022/15/632 1026/14/632 1008/10/632
f 1021/1/632 1012/2/632 1008/10/632 1025/7/632
f 1030/8/633 1029/20/633 1014/20/633 1024/8/633
f 1031/22/634 1030/8/634 1024/8/634 1017/11/634
f 1033/23/635 1032/17/635 1018/17/635 1023/13/635
f 1035/4/636 1034/3/636 1010/3/636 1016/4/636
f 1037/24/637 1036/25/637 1020/21/637 1022/15/637
f 1036/25/638 1038/26/638 1027/19/638 1020/21/638
f 1032/17/639 1039/12/639 1009/12/639 1018/17/639
f 1038/26/640 1040/18/640 1019/18/640 1027/19/640
f 1041/1/641 1035/4/641 1016/4/641 1021/1/641
f 1029/20/642 1042/27/642 1028/6/642 1014/20/642
f 1040/18/643 1033/23/643 1023/13/643 1019/18/643
f 1034/3/644 1043/16/644 1015/16/644 1010/3/644
f 1042/27/645 1044/5/645 1013/5/645 1028/6/645
f 1043/16/646 1037/24/646 1022/15/646 1015/16/646
f 1044/5/647 1041/1/647 1021/1/647 1013/5/647
f 1039/12/648 1031/22/648 1017/11/648 1009/12/648
f 988/12/649 996/11/649 1031/22/649 1039/12/649
f 992/5/650 1000/1/650 1041/1/650 1044/5/650
f 994/16/651 1001/15/651 1037/24/651 1043/16/651
f 1007/6/652 992/5/652 1044/5/652 1042/27/652
f 989/3/653 994/16/653 1043/16/653 1034/3/653
f 998/18/654 1002/13/654 1033/23/654 1040/18/654
f 993/20/655 1007/6/655 1042/27/655 1029/20/655
f 1000/1/656 995/4/656 1035/4/656 1041/1/656
f 1006/19/657 998/18/657 1040/18/657 1038/26/657
f 997/17/658 988/12/658 1039/12/658 1032/17/658
f 999/21/659 1006/19/659 1038/26/659 1036/25/659
f 1001/15/660 999/21/660 1036/25/660 1037/24/660
f 995/4/661 989/3/661 1034/3/661 1035/4/661
f 1002/13/662 997/17/662 1032/17/662 1033/23/662
f 996/11/663 1003/8/663 1030/8/663 1031/22/663
f 1003/8/664 993/20/664 1029/20/664 1030/8/664
f 1058/1/665 1049/2/665 1047/3/665 1053/4/665
f 1050/5/666 1065/6/666 1062/7/666 1058/1/666
f 1062/7/665 1061/8/665 1048/9/665 1045/10/665
f 1054/11/665 1046/12/665 1048/9/665 1061/8/665
f 1045/10/665 1048/9/665 1060/13/665 1063/14/665
f 1049/2/665 1059/15/665 1052/16/665 1047/3/665
f 1046/12/665 1055/17/665 1060/13/665 1048/9/665
f 1063/14/665 1060/13/665 1056/18/665 1064/19/665
f 1065/6/666 1051/20/666 1061/8/666 1062/7/666
f 1059/15/665 1063/14/665 1064/19/665 1057/21/665
f 1049/2/665 1045/10/665 1063/14/665 1059/15/665
f 1058/1/665 1062/7/665 1045/10/665 1049/2/665
f 1079/1/667 1074/4/667 1068/3/667 1070/2/667
f 1071/5/667 1079/1/667 1083/7/667 1086/6/667
f 1083/7/667 1066/10/667 1069/9/667 1082/8/667
f 1075/11/667 1082/8/667 1069/9/667 1067/12/667
f 1066/10/667 1084/14/667 1081/13/667 1069/9/667
f 1070/2/667 1068/3/667 1073/16/667 1080/15/667
f 1067/12/667 1069/9/667 1081/13/667 1076/17/667
f 1084/14/667 1085/19/667 1077/18/667 1081/13/667
f 1086/6/667 1083/7/667 1082/8/667 1072/20/667
f 1080/15/667 1078/21/667 1085/19/667 1084/14/667
f 1070/2/667 1080/15/667 1084/14/667 1066/10/667
f 1079/1/667 1070/2/667 1066/10/667 1083/7/667
f 1088/8/668 1087/20/668 1072/20/668 1082/8/668
f 1089/22/669 1088/8/669 1082/8/669 1075/11/669
f 1091/23/670 1090/17/670 1076/17/670 1081/13/670
f 1093/4/671 1092/3/671 1068/3/671 1074/4/671
f 1095/24/672 1094/25/672 1078/21/672 1080/15/672
f 1094/25/673 1096/26/673 1085/19/673 1078/21/673
f 1090/17/674 1097/12/674 1067/12/674 1076/17/674
f 1096/26/675 1098/18/675 1077/18/675 1085/19/675
f 1099/1/676 1093/4/676 1074/4/676 1079/1/676
f 1087/20/677 1100/27/677 1086/6/677 1072/20/677
f 1098/18/678 1091/23/678 1081/13/678 1077/18/678
f 1092/3/679 1101/16/679 1073/16/679 1068/3/679
f 1100/27/680 1102/5/680 1071/5/680 1086/6/680
f 1101/16/681 1095/24/681 1080/15/681 1073/16/681
f 1102/5/682 1099/1/682 1079/1/682 1071/5/682
f 1097/12/683 1089/22/683 1075/11/683 1067/12/683
f 1046/12/684 1054/11/684 1089/22/684 1097/12/684
f 1050/5/685 1058/1/685 1099/1/685 1102/5/685
f 1052/16/686 1059/15/686 1095/24/686 1101/16/686
f 1065/6/687 1050/5/687 1102/5/687 1100/27/687
f 1047/3/688 1052/16/688 1101/16/688 1092/3/688
f 1056/18/689 1060/13/689 1091/23/689 1098/18/689
f 1051/20/690 1065/6/690 1100/27/690 1087/20/690
f 1058/1/691 1053/4/691 1093/4/691 1099/1/691
f 1064/19/692 1056/18/692 1098/18/692 1096/26/692
f 1055/17/693 1046/12/693 1097/12/693 1090/17/693
f 1057/21/694 1064/19/694 1096/26/694 1094/25/694
f 1059/15/695 1057/21/695 1094/25/695 1095/24/695
f 1053/4/696 1047/3/696 1092/3/696 1093/4/696
f 1060/13/697 1055/17/697 1090/17/697 1091/23/697
f 1054/11/698 1061/8/698 1088/8/698 1089/22/698
f 1061/8/699 1051/20/699 1087/20/699 1088/8/699
f 1116/1/700 1107/2/700 1105/3/700 1111/4/700
f 1108/5/700 1123/6/700 1120/7/700 1116/1/700
f 1120/7/700 1119/8/700 1106/9/700 1103/10/700
f 1112/11/700 1104/12/700 1106/9/700 1119/8/700
f 1103/10/700 1106/9/700 1118/13/700 1121/14/700
f 1107/2/700 1117/15/700 1110/16/700 1105/3/700
f 1104/12/700 1113/17/700 1118/13/700 1106/9/700
f 1121/14/700 1118/13/700 1114/18/700 1122/19/700
f 1123/6/700 1109/20/700 1119/8/700 1120/7/700
f 1117/15/700 1121/14/700 1122/19/700 1115/21/700
f 1107/2/700 1103/10/700 1121/14/700 1117/15/700
f 1116/1/700 1120/7/700 1103/10/700 1107/2/700
f 1137/1/701 1132/4/701 1126/3/701 1128/2/701
f 1129/5/701 1137/1/701 1141/7/701 1144/6/701
f 1141/7/701 1124/10/701 1127/9/701 1140/8/701
f 1133/11/701 1140/8/701 1127/9/701 1125/12/701
f 1124/10/701 1142/14/701 1139/13/701 1127/9/701
f 1128/2/702 1126/3/702 1131/16/702 1138/15/702
f 1125/12/701 1127/9/701 1139/13/701 1134/17/701
f 1142/14/701 1143/19/701 1135/18/701 1139/13/701
f 1144/6/701 1141/7/701 1140/8/701 1130/20/701
f 1138/15/701 1136/21/701 1143/19/701 1142/14/701
f 1128/2/701 1138/15/701 1142/14/701 1124/10/701
f 1137/1/701 1128/2/701 1124/10/701 1141/7/701
f 1146/8/703 1145/20/703 1130/20/703 1140/8/703
f 1147/22/704 1146/8/704 1140/8/704 1133/11/704
f 1149/23/705 1148/17/705 1134/17/705 1139/13/705
f 1151/4/706 1150/3/706 1126/3/706 1132/4/706
f 1153/24/707 1152/25/707 1136/21/707 1138/15/707
f 1152/25/708 1154/26/708 1143/19/708 1136/21/708
f 1148/17/709 1155/12/709 1125/12/709 1134/17/709
f 1154/26/710 1156/18/710 1135/18/710 1143/19/710
f 1157/1/711 1151/4/711 1132/4/711 1137/1/711
f 1145/20/712 1158/27/712 1144/6/712 1130/20/712
f 1156/18/713 1149/23/713 1139/13/713 1135/18/713
f 1150/3/714 1159/16/714 1131/16/714 1126/3/714
f 1158/27/715 1160/5/715 1129/5/715 1144/6/715
f 1159/16/716 1153/24/716 1138/15/716 1131/16/716
f 1160/5/717 1157/1/717 1137/1/717 1129/5/717
f 1155/12/718 1147/22/718 1133/11/718 1125/12/718
f 1104/12/719 1112/11/719 1147/22/719 1155/12/719
f 1108/5/720 1116/1/720 1157/1/720 1160/5/720
f 1110/16/721 1117/15/721 1153/24/721 1159/16/721
f 1123/6/722 1108/5/722 1160/5/722 1158/27/722
f 1105/3/723 1110/16/723 1159/16/723 1150/3/723
f 1114/18/724 1118/13/724 1149/23/724 1156/18/724
f 1109/20/725 1123/6/725 1158/27/725 1145/20/725
f 1116/1/726 1111/4/726 1151/4/726 1157/1/726
f 1122/19/727 1114/18/727 1156/18/727 1154/26/727
f 1113/17/728 1104/12/728 1155/12/728 1148/17/728
f 1115/21/729 1122/19/729 1154/26/729 1152/25/729
f 1117/15/730 1115/21/730 1152/25/730 1153/24/730
f 1111/4/731 1105/3/731 1150/3/731 1151/4/731
f 1118/13/732 1113/17/732 1148/17/732 1149/23/732
f 1112/11/733 1119/8/733 1146/8/733 1147/22/733
f 1119/8/734 1109/20/734 1145/20/734 1146/8/734
f 1174/1/735 1165/2/735 1163/3/735 1169/4/735
f 1166/5/735 1181/6/735 1178/7/735 1174/1/735
f 1178/7/736 1177/8/736 1164/9/736 1161/10/736
f 1170/11/735 1162/12/735 1164/9/735 1177/8/735
f 1161/10/736 1164/9/736 1176/13/736 1179/14/736
f 1165/2/736 1175/15/736 1168/16/736 1163/3/736
f 1162/12/736 1171/17/736 1176/13/736 1164/9/736
f 1179/14/736 1176/13/736 1172/18/736 1180/19/736
f 1181/6/736 1167/20/736 1177/8/736 1178/7/736
f 1175/15/736 1179/14/736 1180/19/736 1173/21/736
f 1165/2/735 1161/10/735 1179/14/735 1175/15/735
f 1174/1/736 1178/7/736 1161/10/736 1165/2/736
f 1195/1/737 1190/4/737 1184/3/737 1186/2/737
f 1187/5/737 1195/1/737 1199/7/737 1202/6/737
f 1199/7/737 1182/10/737 1185/9/737 1198/8/737
f 1191/11/738 1198/8/738 1185/9/738 1183/12/738
f 1182/10/737 1200/14/737 1197/13/737 1185/9/737
f 1186/2/737 1184/3/737 1189/16/737 1196/15/737
f 1183/12/739 1185/9/739 1197/13/739 1192/17/739
f 1200/14/737 1201/19/737 1193/18/737 1197/13/737
f 1202/6/737 1199/7/737 1198/8/737 1188/20/737
f 1196/15/737 1194/21/737 1201/19/737 1200/14/737
f 1186/2/739 1196/15/739 1200/14/739 1182/10/739
f 1195/1/737 1186/2/737 1182/10/737 1199/7/737
f 1204/8/740 1203/20/740 1188/20/740 1198/8/740
f 1205/22/741 1204/8/741 1198/8/741 1191/11/741
f 1207/23/742 1206/17/742 1192/17/742 1197/13/742
f 1209/4/743 1208/3/743 1184/3/743 1190/4/743
f 1211/24/744 1210/25/744 1194/21/744 1196/15/744
f 1210/25/745 1212/26/745 1201/19/745 1194/21/745
f 1206/17/746 1213/12/746 1183/12/746 1192/17/746
f 1212/26/747 1214/18/747 1193/18/747 1201/19/747
f 1215/1/748 1209/4/748 1190/4/748 1195/1/748
f 1203/20/749 1216/27/749 1202/6/749 1188/20/749
f 1214/18/750 1207/23/750 1197/13/750 1193/18/750
f 1208/3/751 1217/16/751 1189/16/751 1184/3/751
f 1216/27/752 1218/5/752 1187/5/752 1202/6/752
f 1217/16/753 1211/24/753 1196/15/753 1189/16/753
f 1218/5/754 1215/1/754 1195/1/754 1187/5/754
f 1213/12/755 1205/22/755 1191/11/755 1183/12/755
f 1162/12/756 1170/11/756 1205/22/756 1213/12/756
f 1166/5/757 1174/1/757 1215/1/757 1218/5/757
f 1168/16/758 1175/15/758 1211/24/758 1217/16/758
f 1181/6/759 1166/5/759 1218/5/759 1216/27/759
f 1163/3/760 1168/16/760 1217/16/760 1208/3/760
f 1172/18/761 1176/13/761 1207/23/761 1214/18/761
f 1167/20/762 1181/6/762 1216/27/762 1203/20/762
f 1174/1/763 1169/4/763 1209/4/763 1215/1/763
f 1180/19/764 1172/18/764 1214/18/764 1212/26/764
f 1171/17/765 1162/12/765 1213/12/765 1206/17/765
f 1173/21/766 1180/19/766 1212/26/766 1210/25/766
f 1175/15/767 1173/21/767 1210/25/767 1211/24/767
f 1169/4/768 1163/3/768 1208/3/768 1209/4/768
f 1176/13/769 1171/17/769 1206/17/769 1207/23/769
f 1170/11/770 1177/8/770 1204/8/770 1205/22/770
f 1177/8/771 1167/20/771 1203/20/771 1204/8/771
f 1232/1/772 1223/2/772 1221/3/772 1227/4/772
f 1224/5/773 1239/6/773 1236/7/773 1232/1/773
f 1236/7/772 1235/8/772 1222/9/772 1219/10/772
f 1228/11/774 1220/12/774 1222/9/774 1235/8/774
f 1219/10/774 1222/9/774 1234/13/774 1237/14/774
f 1223/2/772 1233/15/772 1226/16/772 1221/3/772
f 1220/12/774 1229/17/774 1234/13/774 1222/9/774
f 1237/14/774 1234/13/774 1230/18/774 1238/19/774
f 1239/6/774 1225/20/774 1235/8/774 1236/7/774
f 1233/15/774 1237/14/774 1238/19/774 1231/21/774
f 1223/2/774 1219/10/774 1237/14/774 1233/15/774
f 1232/1/772 1236/7/772 1219/10/772 1223/2/772
f 1253/1/775 1248/4/775 1242/3/775 1244/2/775
f 1245/5/776 1253/1/776 1257/7/776 1260/6/776
f 1257/7/776 1240/10/776 1243/9/776 1256/8/776
f 1249/11/775 1256/8/775 1243/9/775 1241/12/775
f 1240/10/776 1258/14/776 1255/13/776 1243/9/776
f 1244/2/775 1242/3/775 1247/16/775 1254/15/775
f 1241/12/775 1243/9/775 1255/13/775 1250/17/775
f 1258/14/776 1259/19/776 1251/18/776 1255/13/776
f 1260/6/776 1257/7/776 1256/8/776 1246/20/776
f 1254/15/777 1252/21/777 1259/19/777 1258/14/777
f 1244/2/776 1254/15/776 1258/14/776 1240/10/776
f 1253/1/776 1244/2/776 1240/10/776 1257/7/776
f 1262/8/778 1261/20/778 1246/20/778 1256/8/778
f 1263/22/779 1262/8/779 1256/8/779 1249/11/779
f 1265/23/780 1264/17/780 1250/17/780 1255/13/780
f 1267/4/781 1266/3/781 1242/3/781 1248/4/781
f 1269/24/782 1268/25/782 1252/21/782 1254/15/782
f 1268/25/783 1270/26/783 1259/19/783 1252/21/783
f 1264/17/784 1271/12/784 1241/12/784 1250/17/784
f 1270/26/785 1272/18/785 1251/18/785 1259/19/785
f 1273/1/786 1267/4/786 1248/4/786 1253/1/786
f 1261/20/787 1274/27/787 1260/6/787 1246/20/787
f 1272/18/788 1265/23/788 1255/13/788 1251/18/788
f 1266/3/789 1275/16/789 1247/16/789 1242/3/789
f 1274/27/790 1276/5/790 1245/5/790 1260/6/790
f 1275/16/791 1269/24/791 1254/15/791 1247/16/791
f 1276/5/792 1273/1/792 1253/1/792 1245/5/792
f 1271/12/793 1263/22/793 1249/11/793 1241/12/793
f 1220/12/794 1228/11/794 1263/22/794 1271/12/794
f 1224/5/795 1232/1/795 1273/1/795 1276/5/795
f 1226/16/796 1233/15/796 1269/24/796 1275/16/796
f 1239/6/797 1224/5/797 1276/5/797 1274/27/797
f 1221/3/798 1226/16/798 1275/16/798 1266/3/798
f 1230/18/799 1234/13/799 1265/23/799 1272/18/799
f 1225/20/800 1239/6/800 1274/27/800 1261/20/800
f 1232/1/801 1227/4/801 1267/4/801 1273/1/801
f 1238/19/802 1230/18/802 1272/18/802 1270/26/802
f 1229/17/803 1220/12/803 1271/12/803 1264/17/803
f 1231/21/804 1238/19/804 1270/26/804 1268/25/804
f 1233/15/805 1231/21/805 1268/25/805 1269/24/805
f 1227/4/806 1221/3/806 1266/3/806 1267/4/806
f 1234/13/807 1229/17/807 1264/17/807 1265/23/807
f 1228/11/808 1235/8/808 1262/8/808 1263/22/808
f 1235/8/809 1225/20/809 1261/20/809 1262/8/809
f 1290/1/810 1281/2/810 1279/3/810 1285/4/810
f 1282/5/811 1297/6/811 1294/7/811 1290/1/811
f 1294/7/810 1293/8/810 1280/9/810 1277/10/810
f 1286/11/810 1278/12/810 1280/9/810 1293/8/810
f 1277/10/810 1280/9/810 1292/13/810 1295/14/810
f 1281/2/811 1291/15/811 1284/16/811 1279/3/811
f 1278/12/810 1287/17/810 1292/13/810 1280/9/810
f 1295/14/812 1292/13/812 1288/18/812 1296/19/812
f 1297/6/810 1283/20/810 1293/8/810 1294/7/810
f 1291/15/810 1295/14/810 1296/19/810 1289/21/810
f 1281/2/810 1277/10/810 1295/14/810 1291/15/810
f 1290/1/810 1294/7/810 1277/10/810 1281/2/810
f 1311/1/813 1306/4/813 1300/3/813 1302/2/813
f 1303/5/814 1311/1/814 1315/7/814 1318/6/814
f 1315/7/815 1298/10/815 1301/9/815 1314/8/815
f 1307/11/815 1314/8/815 1301/9/815 1299/12/815
f 1298/10/815 1316/14/815 1313/13/815 1301/9/815
f 1302/2/815 1300/3/815 1305/16/815 1312/15/815
f 1299/12/815 1301/9/815 1313/13/815 1308/17/815
f 1316/14/815 1317/19/815 1309/18/815 1313/13/815
f 1318/6/813 1315/7/813 1314/8/813 1304/20/813
f 1312/15/816 1310/21/816 1317/19/816 1316/14/816
f 1302/2/815 1312/15/815 1316/14/815 1298/10/815
f 1311/1/815 1302/2/815 1298/10/815 1315/7/815
f 1320/8/817 1319/20/817 1304/20/817 1314/8/817
f 1321/22/818 1320/8/818 1314/8/818 1307/11/818
f 1323/23/819 1322/17/819 1308/17/819 1313/13/819
f 1325/4/820 1324/3/820 1300/3/820 1306/4/820
f 1327/24/821 1326/25/821 1310/21/821 1312/15/821
f 1326/25/822 1328/26/822 1317/19/822 1310/21/822
f 1322/17/823 1329/12/823 1299/12/823 1308/17/823
f 1328/26/824 1330/18/824 1309/18/824 1317/19/824
f 1331/1/825 1325/4/825 1306/4/825 1311/1/825
f 1319/20/826 1332/27/826 1318/6/826 1304/20/826
f 1330/18/827 1323/23/827 1313/13/827 1309/18/827
f 1324/3/828 1333/16/828 1305/16/828 1300/3/828
f 1332/27/829 1334/5/829 1303/5/829 1318/6/829
f 1333/16/830 1327/24/830 1312/15/830 1305/16/830
f 1334/5/831 1331/1/831 1311/1/831 1303/5/831
f 1329/12/832 1321/22/832 1307/11/832 1299/12/832
f 1278/12/833 1286/11/833 1321/22/833 1329/12/833
f 1282/5/834 1290/1/834 1331/1/834 1334/5/834
f 1284/16/835 1291/15/835 1327/24/835 1333/16/835
f 1297/6/836 1282/5/836 1334/5/836 1332/27/836
f 1279/3/837 1284/16/837 1333/16/837 1324/3/837
f 1288/18/838 1292/13/838 1323/23/838 1330/18/838
f 1283/20/839 1297/6/839 1332/27/839 1319/20/839
f 1290/1/840 1285/4/840 1325/4/840 1331/1/840
f 1296/19/841 1288/18/841 1330/18/841 1328/26/841
f 1287/17/842 1278/12/842 1329/12/842 1322/17/842
f 1289/21/843 1296/19/843 1328/26/843 1326/25/843
f 1291/15/844 1289/21/844 1326/25/844 1327/24/844
f 1285/4/845 1279/3/845 1324/3/845 1325/4/845
f 1292/13/846 1287/17/846 1322/17/846 1323/23/846
f 1286/11/847 1293/8/847 1320/8/847 1321/22/847
f 1293/8/848 1283/20/848 1319/20/848 1320/8/848
f 1348/1/849 1339/2/849 1337/3/849 1343/4/849
f 1340/5/849 1355/6/849 1352/7/849 1348/1/849
f 1352/7/849 1351/8/849 1338/9/849 1335/10/849
f 1344/11/849 1336/12/849 1338/9/849 1351/8/849
f 1335/10/849 1338/9/849 1350/13/849 1353/14/849
f 1339/2/849 1349/15/849 1342/16/849 1337/3/849
f 1336/12/850 1345/17/850 1350/13/850 1338/9/850
f 1353/14/849 1350/13/849 1346/18/849 1354/19/849
f 1355/6/849 1341/20/849 1351/8/849 1352/7/849
f 1349/15/849 1353/14/849 1354/19/849 1347/21/849
f 1339/2/849 1335/10/849 1353/14/849 1349/15/849
f 1348/1/849 1352/7/849 1335/10/849 1339/2/849
f 1369/1/851 1364/4/851 1358/3/851 1360/2/851
f 1361/5/851 1369/1/851 1373/7/851 1376/6/851
f 1373/7/851 1356/10/851 1359/9/851 1372/8/851
f 1365/11/851 1372/8/851 1359/9/851 1357/12/851
f 1356/10/851 1374/14/851 1371/13/851 1359/9/851
f 1360/2/851 1358/3/851 1363/16/851 1370/15/851
f 1357/12/851 1359/9/851 1371/13/851 1366/17/851
f 1374/14/851 1375/19/851 1367/18/851 1371/13/851
f 1376/6/851 1373/7/851 1372/8/851 1362/20/851
f 1370/15/851 1368/21/851 1375/19/851 1374/14/851
f 1360/2/851 1370/15/851 1374/14/851 1356/10/851
f 1369/1/851 1360/2/851 1356/10/851 1373/7/851
f 1378/8/852 1377/20/852 1362/20/852 1372/8/852
f 1379/22/853 1378/8/853 1372/8/853 1365/11/853
f 1381/23/854 1380/17/854 1366/17/854 1371/13/854
f 1383/4/855 1382/3/855 1358/3/855 1364/4/855
f 1385/24/856 1384/25/856 1368/21/856 1370/15/856
f 1384/25/857 1386/26/857 1375/19/857 1368/21/857
f 1380/17/858 1387/12/858 1357/12/858 1366/17/858
f 1386/26/859 1388/18/859 1367/18/859 1375/19/859
f 1389/1/860 1383/4/860 1364/4/860 1369/1/860
f 1377/20/861 1390/27/861 1376/6/861 1362/20/861
f 1388/18/862 1381/23/862 1371/13/862 1367/18/862
f 1382/3/863 1391/16/863 1363/16/863 1358/3/863
f 1390/27/864 1392/5/864 1361/5/864 1376/6/864
f 1391/16/865 1385/24/865 1370/15/865 1363/16/865
f 1392/5/866 1389/1/866 1369/1/866 1361/5/866
f 1387/12/867 1379/22/867 1365/11/867 1357/12/867
f 1336/12/868 1344/11/868 1379/22/868 1387/12/868
f 1340/5/869 1348/1/869 1389/1/869 1392/5/869
f 1342/16/870 1349/15/870 1385/24/870 1391/16/870
f 1355/6/871 1340/5/871 1392/5/871 1390/27/871
f 1337/3/872 1342/16/872 1391/16/872 1382/3/872
f 1346/18/873 1350/13/873 1381/23/873 1388/18/873
f 1341/20/874 1355/6/874 1390/27/874 1377/20/874
f 1348/1/875 1343/4/875 1383/4/875 1389/1/875
f 1354/19/876 1346/18/876 1388/18/876 1386/26/876
f 1345/17/877 1336/12/877 1387/12/877 1380/17/877
f 1347/21/878 1354/19/878 1386/26/878 1384/25/878
f 1349/15/879 1347/21/879 1384/25/879 1385/24/879
f 1343/4/880 1337/3/880 1382/3/880 1383/4/880
f 1350/13/881 1345/17/881 1380/17/881 1381/23/881
f 1344/11/882 1351/8/882 1378/8/882 1379/22/882
f 1351/8/883 1341/20/883 1377/20/883 1378/8/883
f 1406/1/884 1397/2/884 1395/3/884 1401/4/884
f 1398/5/885 1413/6/885 1410/7/885 1406/1/885
f 1410/7/886 1409/8/886 1396/9/886 1393/10/886
f 1402/11/886 1394/12/886 1396/9/886 1409/8/886
f 1393/10/887 1396/9/887 1408/13/887 1411/14/887
f 1397/2/887 1407/15/887 1400/16/887 1395/3/887
f 1394/12/884 1403/17/884 1408/13/884 1396/9/884
f 1411/14/886 1408/13/886 1404/18/886 1412/19/886
f 1413/6/888 1399/20/888 1409/8/888 1410/7/888
f 1407/15/885 1411/14/885 1412/19/885 1405/21/885
f 1397/2/889 1393/10/889 1411/14/889 1407/15/889
f 1406/1/886 1410/7/886 1393/10/886 1397/2/886
f 1427/1/890 1422/4/890 1416/3/890 1418/2/890
f 1419/5/891 1427/1/891 1431/7/891 1434/6/891
f 1431/7/892 1414/10/892 1417/9/892 1430/8/892
f 1423/11/892 1430/8/892 1417/9/892 1415/12/892
f 1414/10/890 1432/14/890 1429/13/890 1417/9/890
f 1418/2/893 1416/3/893 1421/16/893 1428/15/893
f 1415/12/890 1417/9/890 1429/13/890 1424/17/890
f 1432/14/894 1433/19/894 1425/18/894 1429/13/894
f 1434/6/895 1431/7/895 1430/8/895 1420/20/895
f 1428/15/896 1426/21/896 1433/19/896 1432/14/896
f 1418/2/890 1428/15/890 1432/14/890 1414/10/890
f 1427/1/892 1418/2/892 1414/10/892 1431/7/892
f 1436/8/897 1435/20/897 1420/20/897 1430/8/897
f 1437/22/898 1436/8/898 1430/8/898 1423/11/898
f 1439/23/899 1438/17/899 1424/17/899 1429/13/899
f 1441/4/900 1440/3/900 1416/3/900 1422/4/900
f 1443/24/901 1442/25/901 1426/21/901 1428/15/901
f 1442/25/902 1444/26/902 1433/19/902 1426/21/902
f 1438/17/903 1445/12/903 1415/12/903 1424/17/903
f 1444/26/904 1446/18/904 1425/18/904 1433/19/904
f 1447/1/905 1441/4/905 1422/4/905 1427/1/905
f 1435/20/906 1448/27/906 1434/6/906 1420/20/906
f 1446/18/907 1439/23/907 1429/13/907 1425/18/907
f 1440/3/908 1449/16/908 1421/16/908 1416/3/908
f 1448/27/909 1450/5/909 1419/5/909 1434/6/909
f 1449/16/910 1443/24/910 1428/15/910 1421/16/910
f 1450/5/911 1447/1/911 1427/1/911 1419/5/911
f 1445/12/912 1437/22/912 1423/11/912 1415/12/912
f 1394/12/913 1402/11/913 1437/22/913 1445/12/913
f 1398/5/914 1406/1/914 1447/1/914 1450/5/914
f 1400/16/915 1407/15/915 1443/24/915 1449/16/915
f 1413/6/916 1398/5/916 1450/5/916 1448/27/916
f 1395/3/917 1400/16/917 1449/16/917 1440/3/917
f 1404/18/918 1408/13/918 1439/23/918 1446/18/918
f 1399/20/919 1413/6/919 1448/27/919 1435/20/919
f 1406/1/920 1401/4/920 1441/4/920 1447/1/920
f 1412/19/921 1404/18/921 1446/18/921 1444/26/921
f 1403/17/922 1394/12/922 1445/12/922 1438/17/922
f 1405/21/923 1412/19/923 1444/26/923 1442/25/923
f 1407/15/924 1405/21/924 1442/25/924 1443/24/924
f 1401/4/925 1395/3/925 1440/3/925 1441/4/925
f 1408/13/926 1403/17/926 1438/17/926 1439/23/926
f 1402/11/927 1409/8/927 1436/8/927 1437/22/927
f 1409/8/928 1399/20/928 1435/20/928 1436/8/928
f 1464/1/929 1455/2/929 1453/3/929 1459/4/929
f 1456/5/930 1471/6/930 1468/7/930 1464/1/930
f 1468/7/929 1467/8/929 1454/9/929 1451/10/929
f 1460/11/929 1452/12/929 1454/9/929 1467/8/929
f 1451/10/930 1454/9/930 1466/13/930 1469/14/930
f 1455/2/930 1465/15/930 1458/16/930 1453/3/930
f 1452/12/930 1461/17/930 1466/13/930 1454/9/930
f 1469/14/929 1466/13/929 1462/18/929 1470/19/929
f 1471/6/930 1457/20/930 1467/8/930 1468/7/930
f 1465/15/929 1469/14/929 1470/19/929 1463/21/929
f 1455/2/930 1451/10/930 1469/14/930 1465/15/930
f 1464/1/929 1468/7/929 1451/10/929 1455/2/929
f 1485/1/931 1480/4/931 1474/3/931 1476/2/931
f 1477/5/932 1485/1/932 1489/7/932 1492/6/932
f 1489/7/931 1472/10/931 1475/9/931 1488/8/931
f 1481/11/931 1488/8/931 1475/9/931 1473/12/931
f 1472/10/932 1490/14/932 1487/13/932 1475/9/932
f 1476/2/931 1474/3/931 1479/16/931 1486/15/931
f 1473/12/932 1475/9/932 1487/13/932 1482/17/932
f 1490/14/932 1491/19/932 1483/18/932 1487/13/932
f 1492/6/932 1489/7/932 1488/8/932 1478/20/932
f 1486/15/932 1484/21/932 1491/19/932 1490/14/932
f 1476/2/932 1486/15/932 1490/14/932 1472/10/932
f 1485/1/931 1476/2/931 1472/10/931 1489/7/931
f 1494/8/933 1493/20/933 1478/20/933 1488/8/933
f 1495/22/934 1494/8/934 1488/8/934 1481/11/934
f 1497/23/935 1496/17/935 1482/17/935 1487/13/935
f 1499/4/936 1498/3/936 1474/3/936 1480/4/936
f 1501/24/937 1500/25/937 1484/21/937 1486/15/937
f 1500/25/938 1502/26/938 1491/19/938 1484/21/938
f 1496/17/939 1503/12/939 1473/12/939 1482/17/939
f 1502/26/940 1504/18/940 1483/18/940 1491/19/940
f 1505/1/941 1499/4/941 1480/4/941 1485/1/941
f 1493/20/942 1506/27/942 1492/6/942 1478/20/942
f 1504/18/943 1497/23/943 1487/13/943 1483/18/943
f 1498/3/944 1507/16/944 1479/16/944 1474/3/944
f 1506/27/945 1508/5/945 1477/5/945 1492/6/945
f 1507/16/946 1501/24/946 1486/15/946 1479/16/946
f 1508/5/947 1505/1/947 1485/1/947 1477/5/947
f 1503/12/948 1495/22/948 1481/11/948 1473/12/948
f 1452/12/949 1460/11/949 1495/22/949 1503/12/949
f 1456/5/950 1464/1/950 1505/1/950 1508/5/950
f 1458/16/951 1465/15/951 1501/24/951 1507/16/951
f 1471/6/952 1456/5/952 1508/5/952 1506/27/952
f 1453/3/953 1458/16/953 1507/16/953 1498/3/953
f 1462/18/954 1466/13/954 1497/23/954 1504/18/954
f 1457/20/955 1471/6/955 1506/27/955 1493/20/955
f 1464/1/956 1459/4/956 1499/4/956 1505/1/956
f 1470/19/957 1462/18/957 1504/18/957 1502/26/957
f 1461/17/958 1452/12/958 1503/12/958 1496/17/958
f 1463/21/959 1470/19/959 1502/26/959 1500/25/959
f 1465/15/960 1463/21/960 1500/25/960 1501/24/960
f 1459/4/961 1453/3/961 1498/3/961 1499/4/961
f 1466/13/962 1461/17/962 1496/17/962 1497/23/962
f 1460/11/963 1467/8/963 1494/8/963 1495/22/963
f 1467/8/964 1457/20/964 1493/20/964 1494/8/964
f 1522/1/965 1513/2/965 1511/3/965 1517/4/965
f 1514/5/966 1529/6/966 1526/7/966 1522/1/966
f 1526/7/965 1525/8/965 1512/9/965 1509/10/965
f 1518/11/965 1510/12/965 1512/9/965 1525/8/965
f 1509/10/965 1512/9/965 1524/13/965 1527/14/965
f 1513/2/965 1523/15/965 1516/16/965 1511/3/965
f 1510/12/965 1519/17/965 1524/13/965 1512/9/965
f 1527/14/965 1524/13/965 1520/18/965 1528/19/965
f 1529/6/967 1515/20/967 1525/8/967 1526/7/967
f 1523/15/966 1527/14/966 1528/19/966 1521/21/966
f 1513/2/965 1509/10/965 1527/14/965 1523/15/965
f 1522/1/965 1526/7/965 1509/10/965 1513/2/965
f 1543/1/968 1538/4/968 1532/3/968 1534/2/968
f 1535/5/969 1543/1/969 1547/7/969 1550/6/969
f 1547/7/968 1530/10/968 1533/9/968 1546/8/968
f 1539/11/968 1546/8/968 1533/9/968 1531/12/968
f 1530/10/970 1548/14/970 1545/13/970 1533/9/970
f 1534/2/968 1532/3/968 1537/16/968 1544/15/968
f 1531/12/968 1533/9/968 1545/13/968 1540/17/968
f 1548/14/968 1549/19/968 1541/18/968 1545/13/968
f 1550/6/968 1547/7/968 1546/8/968 1536/20/968
f 1544/15/968 1542/21/968 1549/19/968 1548/14/968
f 1534/2/968 1544/15/968 1548/14/968 1530/10/968
f 1543/1/968 1534/2/968 1530/10/968 1547/7/968
f 1552/8/971 1551/20/971 1536/20/971 1546/8/971
f 1553/22/972 1552/8/972 1546/8/972 1539/11/972
f 1555/23/973 1554/17/973 1540/17/973 1545/13/973
f 1557/4/974 1556/3/974 1532/3/974 1538/4/974
f 1559/24/975 1558/25/975 1542/21/975 1544/15/975
f 1558/25/976 1560/26/976 1549/19/976 1542/21/976
f 1554/17/977 1561/12/977 1531/12/977 1540/17/977
f 1560/26/978 1562/18/978 1541/18/978 1549/19/978
f 1563/1/979 1557/4/979 1538/4/979 1543/1/979
f 1551/20/980 1564/27/980 1550/6/980 1536/20/980
f 1562/18/981 1555/23/981 1545/13/981 1541/18/981
f 1556/3/982 1565/16/982 1537/16/982 1532/3/982
f 1564/27/983 1566/5/983 1535/5/983 1550/6/983
f 1565/16/984 1559/24/984 1544/15/984 1537/16/984
f 1566/5/985 1563/1/985 1543/1/985 1535/5/985
f 1561/12/986 1553/22/986 1539/11/986 1531/12/986
f 1510/12/987 1518/11/987 1553/22/987 1561/12/987
f 1514/5/988 1522/1/988 1563/1/988 1566/5/988
f 1516/16/989 1523/15/989 1559/24/989 1565/16/989
f 1529/6/990 1514/5/990 1566/5/990 1564/27/990
f 1511/3/991 1516/16/991 1565/16/991 1556/3/991
f 1520/18/992 1524/13/992 1555/23/992 1562/18/992
f 1515/20/993 1529/6/993 1564/27/993 1551/20/993
f 1522/1/994 1517/4/994 1557/4/994 1563/1/994
f 1528/19/995 1520/18/995 1562/18/995 1560/26/995
f 1519/17/996 1510/12/996 1561/12/996 1554/17/996
f 1521/21/997 1528/19/997 1560/26/997 1558/25/997
f 1523/15/998 1521/21/998 1558/25/998 1559/24/998
f 1517/4/999 1511/3/999 1556/3/999 1557/4/999
f 1524/13/1000 1519/17/1000 1554/17/1000 1555/23/1000
f 1518/11/1001 1525/8/1001 1552/8/1001 1553/22/1001
f 1525/8/1002 1515/20/1002 1551/20/1002 1552/8/1002
f 1580/1/1003 1571/2/1003 1569/3/1003 1575/4/1003
f 1572/5/1003 1587/6/1003 1584/7/1003 1580/1/1003
f 1584/7/1003 1583/8/1003 1570/9/1003 1567/10/1003
f 1576/11/1003 1568/12/1003 1570/9/1003 1583/8/1003
f 1567/10/1003 1570/9/1003 1582/13/1003 1585/14/1003
f 1571/2/1004 1581/15/1004 1574/16/1004 1569/3/1004
f 1568/12/1004 1577/17/1004 1582/13/1004 1570/9/1004
f 1585/14/1004 1582/13/1004 1578/18/1004 1586/19/1004
f 1587/6/1004 1573/20/1004 1583/8/1004 1584/7/1004
f 1581/15/1003 1585/14/1003 1586/19/1003 1579/21/1003
f 1571/2/1003 1567/10/1003 1585/14/1003 1581/15/1003
f 1580/1/1003 1584/7/1003 1567/10/1003 1571/2/1003
f 1601/1/1005 1596/4/1005 1590/3/1005 1592/2/1005
f 1593/5/1006 1601/1/1006 1605/7/1006 1608/6/1006
f 1605/7/1005 1588/10/1005 1591/9/1005 1604/8/1005
f 1597/11/1007 1604/8/1007 1591/9/1007 1589/12/1007
f 1588/10/1007 1606/14/1007 1603/13/1007 1591/9/1007
f 1592/2/1007 1590/3/1007 1595/16/1007 1602/15/1007
f 1589/12/1007 1591/9/1007 1603/13/1007 1598/17/1007
f 1606/14/1007 1607/19/1007 1599/18/1007 1603/13/1007
f 1608/6/1007 1605/7/1007 1604/8/1007 1594/20/1007
f 1602/15/1007 1600/21/1007 1607/19/1007 1606/14/1007
f 1592/2/1007 1602/15/1007 1606/14/1007 1588/10/1007
f 1601/1/1007 1592/2/1007 1588/10/1007 1605/7/1007
f 1610/8/1008 1609/20/1008 1594/20/1008 1604/8/1008
f 1611/22/1009 1610/8/1009 1604/8/1009 1597/11/1009
f 1613/23/1010 1612/17/1010 1598/17/1010 1603/13/1010
f 1615/4/1011 1614/3/1011 1590/3/1011 1596/4/1011
f 1617/24/1012 1616/25/1012 1600/21/1012 1602/15/1012
f 1616/25/1013 1618/26/1013 1607/19/1013 1600/21/1013
f 1612/17/1014 1619/12/1014 1589/12/1014 1598/17/1014
f 1618/26/1015 1620/18/1015 1599/18/1015 1607/19/1015
f 1621/1/1016 1615/4/1016 1596/4/1016 1601/1/1016
f 1609/20/1017 1622/27/1017 1608/6/1017 1594/20/1017
f 1620/18/1018 1613/23/1018 1603/13/1018 1599/18/1018
f 1614/3/1019 1623/16/1019 1595/16/1019 1590/3/1019
f 1622/27/1020 1624/5/1020 1593/5/1020 1608/6/1020
f 1623/16/1021 1617/24/1021 1602/15/1021 1595/16/1021
f 1624/5/1022 1621/1/1022 1601/1/1022 1593/5/1022
f 1619/12/1023 1611/22/1023 1597/11/1023 1589/12/1023
f 1568/12/1024 1576/11/1024 1611/22/1024 1619/12/1024
f 1572/5/1025 1580/1/1025 1621/1/1025 1624/5/1025
f 1574/16/1026 1581/15/1026 1617/24/1026 1623/16/1026
f 1587/6/1027 1572/5/1027 1624/5/1027 1622/27/1027
f 1569/3/1028 1574/16/1028 1623/16/1028 1614/3/1028
f 1578/18/1029 1582/13/1029 1613/23/1029 1620/18/1029
f 1573/20/1030 1587/6/1030 1622/27/1030 1609/20/1030
f 1580/1/1031 1575/4/1031 1615/4/1031 1621/1/1031
f 1586/19/1032 1578/18/1032 1620/18/1032 1618/26/1032
f 1577/17/1033 1568/12/1033 1619/12/1033 1612/17/1033
f 1579/21/1034 1586/19/1034 1618/26/1034 1616/25/1034
f 1581/15/1035 1579/21/1035 1616/25/1035 1617/24/1035
f 1575/4/1036 1569/3/1036 1614/3/1036 1615/4/1036
f 1582/13/1037 1577/17/1037 1612/17/1037 1613/23/1037
f 1576/11/1038 1583/8/1038 1610/8/1038 1611/22/1038
f 1583/8/1039 1573/20/1039 1609/20/1039 1610/8/1039
f 1638/1/1040 1629/2/1040 1627/3/1040 1633/4/1040
f 1630/5/1040 1645/6/1040 1642/7/1040 1638/1/1040
f 1642/7/1040 1641/8/1040 1628/9/1040 1625/10/1040
f 1634/11/1040 1626/12/1040 1628/9/1040 1641/8/1040
f 1625/10/1040 1628/9/1040 1640/13/1040 1643/14/1040
f 1629/2/1040 1639/15/1040 1632/16/1040 1627/3/1040
f 1626/12/1040 1635/17/1040 1640/13/1040 1628/9/1040
f 1643/14/1040 1640/13/1040 1636/18/1040 1644/19/1040
f 1645/6/1040 1631/20/1040 1641/8/1040 1642/7/1040
f 1639/15/1040 1643/14/1040 1644/19/1040 1637/21/1040
f 1629/2/1040 1625/10/1040 1643/14/1040 1639/15/1040
f 1638/1/1040 1642/7/1040 1625/10/1040 1629/2/1040
f 1659/1/1041 1654/4/1041 1648/3/1041 1650/2/1041
f 1651/5/1042 1659/1/1042 1663/7/1042 1666/6/1042
f 1663/7/1042 1646/10/1042 1649/9/1042 1662/8/1042
f 1655/11/1042 1662/8/1042 1649/9/1042 1647/12/1042
f 1646/10/1042 1664/14/1042 1661/13/1042 1649/9/1042
f 1650/2/1042 1648/3/1042 1653/16/1042 1660/15/1042
f 1647/12/1042 1649/9/1042 1661/13/1042 1656/17/1042
f 1664/14/1042 1665/19/1042 1657/18/1042 1661/13/1042
f 1666/6/1042 1663/7/1042 1662/8/1042 1652/20/1042
f 1660/15/1042 1658/21/1042 1665/19/1042 1664/14/1042
f 1650/2/1042 1660/15/1042 1664/14/1042 1646/10/1042
f 1659/1/1042 1650/2/1042 1646/10/1042 1663/7/1042
f 1668/8/1043 1667/20/1043 1652/20/1043 1662/8/1043
f 1669/22/1044 1668/8/1044 1662/8/1044 1655/11/1044
f 1671/23/1045 1670/17/1045 1656/17/1045 1661/13/1045
f 1673/4/1046 1672/3/1046 1648/3/1046 1654/4/1046
f 1675/24/1047 1674/25/1047 1658/21/1047 1660/15/1047
f 1674/25/1048 1676/26/1048 1665/19/1048 1658/21/1048
f 1670/17/1049 1677/12/1049 1647/12/1049 1656/17/1049
f 1676/26/1050 1678/18/1050 1657/18/1050 1665/19/1050
f 1679/1/1051 1673/4/1051 1654/4/1051 1659/1/1051
f 1667/20/1052 1680/27/1052 1666/6/1052 1652/20/1052
f 1678/18/1053 1671/23/1053 1661/13/1053 1657/18/1053
f 1672/3/1054 1681/16/1054 1653/16/1054 1648/3/1054
f 1680/27/1055 1682/5/1055 1651/5/1055 1666/6/1055
f 1681/16/1056 1675/24/1056 1660/15/1056 1653/16/1056
f 1682/5/1057 1679/1/1057 1659/1/1057 1651/5/1057
f 1677/12/1058 1669/22/1058 1655/11/1058 1647/12/1058
f 1626/12/1059 1634/11/1059 1669/22/1059 1677/12/1059
f 1630/5/1060 1638/1/1060 1679/1/1060 1682/5/1060
f 1632/16/1061 1639/15/1061 1675/24/1061 1681/16/1061
f 1645/6/1062 1630/5/1062 1682/5/1062 1680/27/1062
f 1627/3/1063 1632/16/1063 1681/16/1063 1672/3/1063
f 1636/18/1064 1640/13/1064 1671/23/1064 1678/18/1064
f 1631/20/1065 1645/6/1065 1680/27/1065 1667/20/1065
f 1638/1/1066 1633/4/1066 1673/4/1066 1679/1/1066
f 1644/19/1067 1636/18/1067 1678/18/1067 1676/26/1067
f 1635/17/1068 1626/12/1068 1677/12/1068 1670/17/1068
f 1637/21/1069 1644/19/1069 1676/26/1069 1674/25/1069
f 1639/15/1070 1637/21/1070 1674/25/1070 1675/24/1070
f 1633/4/1071 1627/3/1071 1672/3/1071 1673/4/1071
f 1640/13/1072 1635/17/1072 1670/17/1072 1671/23/1072
f 1634/11/1073 1641/8/1073 1668/8/1073 1669/22/1073
f 1641/8/1074 1631/20/1074 1667/20/1074 1668/8/1074
f 1696/1/1075 1687/2/1075 1685/3/1075 1691/4/1075
f 1688/5/1075 1703/6/1075 1700/7/1075 1696/1/1075
f 1700/7/1075 1699/8/1075 1686/9/1075 1683/10/1075
f 1692/11/1075 1684/12/1075 1686/9/1075 1699/8/1075
f 1683/10/1075 1686/9/1075 1698/13/1075 1701/14/1075
f 1687/2/1075 1697/15/1075 1690/16/1075 1685/3/1075
f 1684/12/1075 1693/17/1075 1698/13/1075 1686/9/1075
f 1701/14/1076 1698/13/1076 1694/18/1076 1702/19/1076
f 1703/6/1075 1689/20/1075 1699/8/1075 1700/7/1075
f 1697/15/1077 1701/14/1077 1702/19/1077 1695/21/1077
f 1687/2/1075 1683/10/1075 1701/14/1075 1697/15/1075
f 1696/1/1075 1700/7/1075 1683/10/1075 1687/2/1075
f 1717/1/1078 1712/4/1078 1706/3/1078 1708/2/1078
f 1709/5/1079 1717/1/1079 1721/7/1079 1724/6/1079
f 1721/7/1078 1704/10/1078 1707/9/1078 1720/8/1078
f 1713/11/1078 1720/8/1078 1707/9/1078 1705/12/1078
f 1704/10/1078 1722/14/1078 1719/13/1078 1707/9/1078
f 1708/2/1078 1706/3/1078 1711/16/1078 1718/15/1078
f 1705/12/1080 1707/9/1080 1719/13/1080 1714/17/1080
f 1722/14/1078 1723/19/1078 1715/18/1078 1719/13/1078
f 1724/6/1078 1721/7/1078 1720/8/1078 1710/20/1078
f 1718/15/1081 1716/21/1081 1723/19/1081 1722/14/1081
f 1708/2/1078 1718/15/1078 1722/14/1078 1704/10/1078
f 1717/1/1078 1708/2/1078 1704/10/1078 1721/7/1078
f 1726/8/1082 1725/20/1082 1710/20/1082 1720/8/1082
f 1727/22/1083 1726/8/1083 1720/8/1083 1713/11/1083
f 1729/23/1084 1728/17/1084 1714/17/1084 1719/13/1084
f 1731/4/1085 1730/3/1085 1706/3/1085 1712/4/1085
f 1733/24/1086 1732/25/1086 1716/21/1086 1718/15/1086
f 1732/25/1087 1734/26/1087 1723/19/1087 1716/21/1087
f 1728/17/1088 1735/12/1088 1705/12/1088 1714/17/1088
f 1734/26/1089 1736/18/1089 1715/18/1089 1723/19/1089
f 1737/1/1090 1731/4/1090 1712/4/1090 1717/1/1090
f 1725/20/1091 1738/27/1091 1724/6/1091 1710/20/1091
f 1736/18/1092 1729/23/1092 1719/13/1092 1715/18/1092
f 1730/3/1093 1739/16/1093 1711/16/1093 1706/3/1093
f 1738/27/1094 1740/5/1094 1709/5/1094 1724/6/1094
f 1739/16/1095 1733/24/1095 1718/15/1095 1711/16/1095
f 1740/5/1096 1737/1/1096 1717/1/1096 1709/5/1096
f 1735/12/1097 1727/22/1097 1713/11/1097 1705/12/1097
f 1684/12/1098 1692/11/1098 1727/22/1098 1735/12/1098
f 1688/5/1099 1696/1/1099 1737/1/1099 1740/5/1099
f 1690/16/1100 1697/15/1100 1733/24/1100 1739/16/1100
f 1703/6/1101 1688/5/1101 1740/5/1101 1738/27/1101
f 1685/3/1102 1690/16/1102 1739/16/1102 1730/3/1102
f 1694/18/1103 1698/13/1103 1729/23/1103 1736/18/1103
f 1689/20/1104 1703/6/1104 1738/27/1104 1725/20/1104
f 1696/1/1105 1691/4/1105 1731/4/1105 1737/1/1105
f 1702/19/1106 1694/18/1106 1736/18/1106 1734/26/1106
f 1693/17/1107 1684/12/1107 1735/12/1107 1728/17/1107
f 1695/21/1108 1702/19/1108 1734/26/1108 1732/25/1108
f 1697/15/1109 1695/21/1109 1732/25/1109 1733/24/1109
f 1691/4/1110 1685/3/1110 1730/3/1110 1731/4/1110
f 1698/13/1111 1693/17/1111 1728/17/1111 1729/23/1111
f 1692/11/1112 1699/8/1112 1726/8/1112 1727/22/1112
f 1699/8/1113 1689/20/1113 1725/20/1113 1726/8/1113
f 1754/1/1114 1745/2/1114 1743/3/1114 1749/4/1114
f 1746/5/1114 1761/6/1114 1758/7/1114 1754/1/1114
f 1758/7/1114 1757/8/1114 1744/9/1114 1741/10/1114
f 1750/11/1114 1742/12/1114 1744/9/1114 1757/8/1114
f 1741/10/1114 1744/9/1114 1756/13/1114 1759/14/1114
f 1745/2/1114 1755/15/1114 1748/16/1114 1743/3/1114
f 1742/12/1114 1751/17/1114 1756/13/1114 1744/9/1114
f 1759/14/1114 1756/13/1114 1752/18/1114 1760/19/1114
f 1761/6/1115 1747/20/1115 1757/8/1115 1758/7/1115
f 1755/15/1114 1759/14/1114 1760/19/1114 1753/21/1114
f 1745/2/1114 1741/10/1114 1759/14/1114 1755/15/1114
f 1754/1/1114 1758/7/1114 1741/10/1114 1745/2/1114
f 1775/1/1116 1770/4/1116 1764/3/1116 1766/2/1116
f 1767/5/1116 1775/1/1116 1779/7/1116 1782/6/1116
f 1779/7/1116 1762/10/1116 1765/9/1116 1778/8/1116
f 1771/11/1116 1778/8/1116 1765/9/1116 1763/12/1116
f 1762/10/1116 1780/14/1116 1777/13/1116 1765/9/1116
f 1766/2/1116 1764/3/1116 1769/16/1116 1776/15/1116
f 1763/12/1116 1765/9/1116 1777/13/1116 1772/17/1116
f 1780/14/1116 1781/19/1116 1773/18/1116 1777/13/1116
f 1782/6/1117 1779/7/1117 1778/8/1117 1768/20/1117
f 1776/15/1116 1774/21/1116 1781/19/1116 1780/14/1116
f 1766/2/1116 1776/15/1116 1780/14/1116 1762/10/1116
f 1775/1/1116 1766/2/1116 1762/10/1116 1779/7/1116
f 1784/8/1118 1783/20/1118 1768/20/1118 1778/8/1118
f 1785/22/1119 1784/8/1119 1778/8/1119 1771/11/1119
f 1787/23/1120 1786/17/1120 1772/17/1120 1777/13/1120
f 1789/4/1121 1788/3/1121 1764/3/1121 1770/4/1121
f 1791/24/1122 1790/25/1122 1774/21/1122 1776/15/1122
f 1790/25/1123 1792/26/1123 1781/19/1123 1774/21/1123
f 1786/17/1124 1793/12/1124 1763/12/1124 1772/17/1124
f 1792/26/1125 1794/18/1125 1773/18/1125 1781/19/1125
f 1795/1/1126 1789/4/1126 1770/4/1126 1775/1/1126
f 1783/20/1127 1796/27/1127 1782/6/1127 1768/20/1127
f 1794/18/1128 1787/23/1128 1777/13/1128 1773/18/1128
f 1788/3/1129 1797/16/1129 1769/16/1129 1764/3/1129
f 1796/27/1130 1798/5/1130 1767/5/1130 1782/6/1130
f 1797/16/1131 1791/24/1131 1776/15/1131 1769/16/1131
f 1798/5/1132 1795/1/1132 1775/1/1132 1767/5/1132
f 1793/12/1133 1785/22/1133 1771/11/1133 1763/12/1133
f 1742/12/1134 1750/11/1134 1785/22/1134 1793/12/1134
f 1746/5/1135 1754/1/1135 1795/1/1135 1798/5/1135
f 1748/16/1136 1755/15/1136 1791/24/1136 1797/16/1136
f 1761/6/1137 1746/5/1137 1798/5/1137 1796/27/1137
f 1743/3/1138 1748/16/1138 1797/16/1138 1788/3/1138
f 1752/18/1139 1756/13/1139 1787/23/1139 1794/18/1139
f 1747/20/1140 1761/6/1140 1796/27/1140 1783/20/1140
f 1754/1/1141 1749/4/1141 1789/4/1141 1795/1/1141
f 1760/19/1142 1752/18/1142 1794/18/1142 1792/26/1142
f 1751/17/1143 1742/12/1143 1793/12/1143 1786/17/1143
f 1753/21/1144 1760/19/1144 1792/26/1144 1790/25/1144
f 1755/15/1145 1753/21/1145 1790/25/1145 1791/24/1145
f 1749/4/1146 1743/3/1146 1788/3/1146 1789/4/1146
f 1756/13/1147 1751/17/1147 1786/17/1147 1787/23/1147
f 1750/11/1148 1757/8/1148 1784/8/1148 1785/22/1148
f 1757/8/1149 1747/20/1149 1783/20/1149 1784/8/1149
f 1812/1/1150 1803/2/1150 1801/3/1150 1807/4/1150
f 1804/5/1151 1819/6/1151 1816/7/1151 1812/1/1151
f 1816/7/1151 1815/8/1151 1802/9/1151 1799/10/1151
f 1808/11/1151 1800/12/1151 1802/9/1151 1815/8/1151
f 1799/10/1151 1802/9/1151 1814/13/1151 1817/14/1151
f 1803/2/1151 1813/15/1151 1806/16/1151 1801/3/1151
f 1800/12/1151 1809/17/1151 1814/13/1151 1802/9/1151
f 1817/14/1151 1814/13/1151 1810/18/1151 1818/19/1151
f 1819/6/1150 1805/20/1150 1815/8/1150 1816/7/1150
f 1813/15/1151 1817/14/1151 1818/19/1151 1811/21/1151
f 1803/2/1151 1799/10/1151 1817/14/1151 1813/15/1151
f 1812/1/1151 1816/7/1151 1799/10/1151 1803/2/1151
f 1833/1/1152 1828/4/1152 1822/3/1152 1824/2/1152
f 1825/5/1152 1833/1/1152 1837/7/1152 1840/6/1152
f 1837/7/1152 1820/10/1152 1823/9/1152 1836/8/1152
f 1829/11/1152 1836/8/1152 1823/9/1152 1821/12/1152
f 1820/10/1152 1838/14/1152 1835/13/1152 1823/9/1152
f 1824/2/1152 1822/3/1152 1827/16/1152 1834/15/1152
f 1821/12/1152 1823/9/1152 1835/13/1152 1830/17/1152
f 1838/14/1152 1839/19/1152 1831/18/1152 1835/13/1152
f 1840/6/1153 1837/7/1153 1836/8/1153 1826/20/1153
f 1834/15/1152 1832/21/1152 1839/19/1152 1838/14/1152
f 1824/2/1152 1834/15/1152 1838/14/1152 1820/10/1152
f 1833/1/1152 1824/2/1152 1820/10/1152 1837/7/1152
f 1842/8/1154 1841/20/1154 1826/20/1154 1836/8/1154
f 1843/22/1155 1842/8/1155 1836/8/1155 1829/11/1155
f 1845/23/1156 1844/17/1156 1830/17/1156 1835/13/1156
f 1847/4/1157 1846/3/1157 1822/3/1157 1828/4/1157
f 1849/24/1158 1848/25/1158 1832/21/1158 1834/15/1158
f 1848/25/1159 1850/26/1159 1839/19/1159 1832/21/1159
f 1844/17/1160 1851/12/1160 1821/12/1160 1830/17/1160
f 1850/26/1161 1852/18/1161 1831/18/1161 1839/19/1161
f 1853/1/1162 1847/4/1162 1828/4/1162 1833/1/1162
f 1841/20/1163 1854/27/1163 1840/6/1163 1826/20/1163
f 1852/18/1164 1845/23/1164 1835/13/1164 1831/18/1164
f 1846/3/1165 1855/16/1165 1827/16/1165 1822/3/1165
f 1854/27/1166 1856/5/1166 1825/5/1166 1840/6/1166
f 1855/16/1167 1849/24/1167 1834/15/1167 1827/16/1167
f 1856/5/1168 1853/1/1168 1833/1/1168 1825/5/1168
f 1851/12/1169 1843/22/1169 1829/11/1169 1821/12/1169
f 1800/12/1170 1808/11/1170 1843/22/1170 1851/12/1170
f 1804/5/1171 1812/1/1171 1853/1/1171 1856/5/1171
f 1806/16/1172 1813/15/1172 1849/24/1172 1855/16/1172
f 1819/6/1173 1804/5/1173 1856/5/1173 1854/27/1173
f 1801/3/1174 1806/16/1174 1855/16/1174 1846/3/1174
f 1810/18/1175 1814/13/1175 1845/23/1175 1852/18/1175
f 1805/20/1176 1819/6/1176 1854/27/1176 1841/20/1176
f 1812/1/1177 1807/4/1177 1847/4/1177 1853/1/1177
f 1818/19/1178 1810/18/1178 1852/18/1178 1850/26/1178
f 1809/17/1179 1800/12/1179 1851/12/1179 1844/17/1179
f 1811/21/1180 1818/19/1180 1850/26/1180 1848/25/1180
f 1813/15/1181 1811/21/1181 1848/25/1181 1849/24/1181
f 1807/4/1182 1801/3/1182 1846/3/1182 1847/4/1182
f 1814/13/1183 1809/17/1183 1844/17/1183 1845/23/1183
f 1808/11/1184 1815/8/1184 1842/8/1184 1843/22/1184
f 1815/8/1185 1805/20/1185 1841/20/1185 1842/8/1185
f 1870/1/1186 1861/2/1186 1859/3/1186 1865/4/1186
f 1862/5/1186 1877/6/1186 1874/7/1186 1870/1/1186
f 1874/7/1186 1873/8/1186 1860/9/1186 1857/10/1186
f 1866/11/1186 1858/12/1186 1860/9/1186 1873/8/1186
f 1857/10/1186 1860/9/1186 1872/13/1186 1875/14/1186
f 1861/2/1186 1871/15/1186 1864/16/1186 1859/3/1186
f 1858/12/1186 1867/17/1186 1872/13/1186 1860/9/1186
f 1875/14/1186 1872/13/1186 1868/18/1186 1876/19/1186
f 1877/6/1186 1863/20/1186 1873/8/1186 1874/7/1186
f 1871/15/1186 1875/14/1186 1876/19/1186 1869/21/1186
f 1861/2/1186 1857/10/1186 1875/14/1186 1871/15/1186
f 1870/1/1186 1874/7/1186 1857/10/1186 1861/2/1186
f 1891/1/1187 1886/4/1187 1880/3/1187 1882/2/1187
f 1883/5/1187 1891/1/1187 1895/7/1187 1898/6/1187
f 1895/7/1187 1878/10/1187 1881/9/1187 1894/8/1187
f 1887/11/1187 1894/8/1187 1881/9/1187 1879/12/1187
f 1878/10/1187 1896/14/1187 1893/13/1187 1881/9/1187
f 1882/2/1187 1880/3/1187 1885/16/1187 1892/15/1187
f 1879/12/1187 1881/9/1187 1893/13/1187 1888/17/1187
f 1896/14/1187 1897/19/1187 1889/18/1187 1893/13/1187
f 1898/6/1187 1895/7/1187 1894/8/1187 1884/20/1187
f 1892/15/1187 1890/21/1187 1897/19/1187 1896/14/1187
f 1882/2/1187 1892/15/1187 1896/14/1187 1878/10/1187
f 1891/1/1187 1882/2/1187 1878/10/1187 1895/7/1187
f 1900/8/1188 1899/20/1188 1884/20/1188 1894/8/1188
f 1901/22/1189 1900/8/1189 1894/8/1189 1887/11/1189
f 1903/23/1190 1902/17/1190 1888/17/1190 1893/13/1190
f 1905/4/1191 1904/3/1191 1880/3/1191 1886/4/1191
f 1907/24/1192 1906/25/1192 1890/21/1192 1892/15/1192
f 1906/25/1193 1908/26/1193 1897/19/1193 1890/21/1193
f 1902/17/1194 1909/12/1194 1879/12/1194 1888/17/1194
f 1908/26/1195 1910/18/1195 1889/18/1195 1897/19/1195
f 1911/1/1196 1905/4/1196 1886/4/1196 1891/1/1196
f 1899/20/1197 1912/27/1197 1898/6/1197 1884/20/1197
f 1910/18/1198 1903/23/1198 1893/13/1198 1889/18/1198
f 1904/3/1199 1913/16/1199 1885/16/1199 1880/3/1199
f 1912/27/1200 1914/5/1200 1883/5/1200 1898/6/1200
f 1913/16/1201 1907/24/1201 1892/15/1201 1885/16/1201
f 1914/5/1202 1911/1/1202 1891/1/1202 1883/5/1202
f 1909/12/1203 1901/22/1203 1887/11/1203 1879/12/1203
f 1858/12/1204 1866/11/1204 1901/22/1204 1909/12/1204
f 1862/5/1205 1870/1/1205 1911/1/1205 1914/5/1205
f 1864/16/1206 1871/15/1206 1907/24/1206 1913/16/1206
f 1877/6/1207 1862/5/1207 1914/5/1207 1912/27/1207
f 1859/3/1208 1864/16/1208 1913/16/1208 1904/3/1208
f 1868/18/1209 1872/13/1209 1903/23/1209 1910/18/1209
f 1863/20/1210 1877/6/1210 1912/27/1210 1899/20/1210
f 1870/1/1211 1865/4/1211 1905/4/1211 1911/1/1211
f 1876/19/1212 1868/18/1212 1910/18/1212 1908/26/1212
f 1867/17/1213 1858/12/1213 1909/12/1213 1902/17/1213
f 1869/21/1214 1876/19/1214 1908/26/1214 1906/25/1214
f 1871/15/1215 1869/21/1215 1906/25/1215 1907/24/1215
f 1865/4/1216 1859/3/1216 1904/3/1216 1905/4/1216
f 1872/13/1217 1867/17/1217 1902/17/1217 1903/23/1217
f 1866/11/1218 1873/8/1218 1900/8/1218 1901/22/1218
f 1873/8/1219 1863/20/1219 1899/20/1219 1900/8/1219
f 1928/1/1220 1919/2/1220 1917/3/1220 1923/4/1220
f 1920/5/1221 1935/6/1221 1932/7/1221 1928/1/1221
f 1932/7/1222 1931/8/1222 1918/9/1222 1915/10/1222
f 1924/11/1223 1916/12/1223 1918/9/1223 1931/8/1223
f 1915/10/1222 1918/9/1222 1930/13/1222 1933/14/1222
f 1919/2/1222 1929/15/1222 1922/16/1222 1917/3/1222
f 1916/12/1224 1925/17/1224 1930/13/1224 1918/9/1224
f 1933/14/1222 1930/13/1222 1926/18/1222 1934/19/1222
f 1935/6/1225 1921/20/1225 1931/8/1225 1932/7/1225
f 1929/15/1222 1933/14/1222 1934/19/1222 1927/21/1222
f 1919/2/1226 1915/10/1226 1933/14/1226 1929/15/1226
f 1928/1/1224 1932/7/1224 1915/10/1224 1919/2/1224
f 1949/1/1227 1944/4/1227 1938/3/1227 1940/2/1227
f 1941/5/1228 1949/1/1228 1953/7/1228 1956/6/1228
f 1953/7/1227 1936/10/1227 1939/9/1227 1952/8/1227
f 1945/11/1229 1952/8/1229 1939/9/1229 1937/12/1229
f 1936/10/1227 1954/14/1227 1951/13/1227 1939/9/1227
f 1940/2/1227 1938/3/1227 1943/16/1227 1950/15/1227
f 1937/12/1230 1939/9/1230 1951/13/1230 1946/17/1230
f 1954/14/1230 1955/19/1230 1947/18/1230 1951/13/1230
f 1956/6/1231 1953/7/1231 1952/8/1231 1942/20/1231
f 1950/15/1232 1948/21/1232 1955/19/1232 1954/14/1232
f 1940/2/1233 1950/15/1233 1954/14/1233 1936/10/1233
f 1949/1/1227 1940/2/1227 1936/10/1227 1953/7/1227
f 1958/8/1234 1957/20/1234 1942/20/1234 1952/8/1234
f 1959/22/1235 1958/8/1235 1952/8/1235 1945/11/1235
f 1961/23/1236 1960/17/1236 1946/17/1236 1951/13/1236
f 1963/4/1237 1962/3/1237 1938/3/1237 1944/4/1237
f 1965/24/1238 1964/25/1238 1948/21/1238 1950/15/1238
f 1964/25/1239 1966/26/1239 1955/19/1239 1948/21/1239
f 1960/17/1240 1967/12/1240 1937/12/1240 1946/17/1240
f 1966/26/1241 1968/18/1241 1947/18/1241 1955/19/1241
f 1969/1/1242 1963/4/1242 1944/4/1242 1949/1/1242
f 1957/20/1243 1970/27/1243 1956/6/1243 1942/20/1243
f 1968/18/1244 1961/23/1244 1951/13/1244 1947/18/1244
f 1962/3/1245 1971/16/1245 1943/16/1245 1938/3/1245
f 1970/27/1246 1972/5/1246 1941/5/1246 1956/6/1246
f 1971/16/1247 1965/24/1247 1950/15/1247 1943/16/1247
f 1972/5/1248 1969/1/1248 1949/1/1248 1941/5/1248
f 1967/12/1249 1959/22/1249 1945/11/1249 1937/12/1249
f 1916/12/1250 1924/11/1250 1959/22/1250 1967/12/1250
f 1920/5/1251 1928/1/1251 1969/1/1251 1972/5/1251
f 1922/16/1252 1929/15/1252 1965/24/1252 1971/16/1252
f 1935/6/1253 1920/5/1253 1972/5/1253 1970/27/1253
f 1917/3/1254 1922/16/1254 1971/16/1254 1962/3/1254
f 1926/18/1255 1930/13/1255 1961/23/1255 1968/18/1255
f 1921/20/1256 1935/6/1256 1970/27/1256 1957/20/1256
f 1928/1/1257 1923/4/1257 1963/4/1257 1969/1/1257
f 1934/19/1258 1926/18/1258 1968/18/1258 1966/26/1258
f 1925/17/1259 1916/12/1259 1967/12/1259 1960/17/1259
f 1927/21/1260 1934/19/1260 1966/26/1260 1964/25/1260
f 1929/15/1261 1927/21/1261 1964/25/1261 1965/24/1261
f 1923/4/1262 1917/3/1262 1962/3/1262 1963/4/1262
f 1930/13/1263 1925/17/1263 1960/17/1263 1961/23/1263
f 1924/11/1264 1931/8/1264 1958/8/1264 1959/22/1264
f 1931/8/1265 1921/20/1265 1957/20/1265 1958/8/1265
